position;colour
[-54,47,-9];[2,2,2]
[-52,47,-9];[2,2,2]
[-52,50,-10];[69,63,47]
[-54,50,-10];[67,62,59]
[-18,24,6];[1,1,0]
[-55,25,-6];[29,24,5]
[-54,25,-6];[220,196,86]
[84,33,5];[65,67,66]
[-49,47,-9];[2,2,0]
[-50,47,-9];[2,2,2]
[-49,33,12];[60,64,63]
[-29,47,-9];[10,10,8]
[-18,26,0];[34,34,34]
[-45,47,-9];[80,73,47]
[-36,33,12];[64,64,64]
[-33,50,-10];[252,208,41]
[19,39,-14];[36,48,84]
[-37,50,-10];[76,66,41]
[16,36,16];[61,61,61]
[-18,41,16];[93,92,97]
[-18,39,16];[50,47,54]
[15,36,16];[67,67,69]
[17,36,16];[63,62,67]
[15,35,16];[64,62,63]
[13,34,16];[70,68,71]
[-9,32,16];[69,70,75]
[-11,47,16];[72,70,73]
[13,47,16];[69,66,57]
[15,46,16];[68,70,69]
[14,46,16];[66,67,62]
[-18,45,16];[68,68,68]
[-18,44,16];[84,84,84]
[-18,36,16];[67,66,71]
[-10,33,16];[88,89,94]
[-11,33,16];[72,73,78]
[7,31,16];[84,84,84]
[-9,49,15];[70,70,72]
[12,49,16];[67,69,68]
[-9,48,16];[59,63,66]
[12,48,16];[65,67,66]
[12,47,16];[96,96,96]
[-15,47,16];[89,90,92]
[31,45,16];[45,47,44]
[32,45,16];[32,32,32]
[30,45,16];[46,47,49]
[28,44,16];[40,40,38]
[33,44,16];[33,33,31]
[33,43,16];[48,48,48]
[28,43,16];[39,39,39]
[26,43,16];[36,36,34]
[34,42,16];[43,44,46]
[34,41,16];[50,51,53]
[25,41,16];[40,40,40]
[25,40,16];[47,48,50]
[33,38,16];[35,35,35]
[32,38,16];[42,44,43]
[32,37,16];[32,32,32]
[31,37,16];[33,33,33]
[-18,35,16];[77,76,81]
[-12,34,16];[92,92,94]
[-18,34,15];[90,90,92]
[10,32,16];[76,78,77]
[14,47,16];[109,110,112]
[16,47,16];[111,114,119]
[-17,46,16];[2,2,2]
[-12,46,16];[59,61,60]
[-12,45,16];[70,71,73]
[26,44,16];[32,31,29]
[30,43,16];[44,46,43]
[29,43,16];[28,28,26]
[33,42,16];[20,20,22]
[30,42,16];[23,21,22]
[27,42,16];[35,35,35]
[41,42,15];[84,83,81]
[31,42,16];[33,35,34]
[33,41,16];[45,45,43]
[32,41,16];[52,53,55]
[27,41,16];[62,63,65]
[-11,41,16];[66,68,67]
[33,40,16];[42,44,43]
[31,40,16];[33,35,34]
[28,40,16];[45,46,48]
[33,39,16];[45,46,48]
[32,39,16];[24,24,24]
[26,39,16];[42,42,42]
[34,39,16];[42,44,43]
[28,38,16];[37,37,37]
[29,38,16];[62,62,64]
[26,38,16];[33,34,29]
[30,38,16];[50,50,52]
[-11,38,16];[66,70,73]
[-12,38,16];[83,83,85]
[30,37,16];[34,34,34]
[-17,36,16];[6,6,8]
[-17,35,16];[18,16,17]
[-12,33,16];[56,55,53]
[-6,32,16];[55,55,53]
[17,47,16];[5,5,5]
[-10,47,16];[36,41,44]
[-11,46,16];[54,53,58]
[16,45,16];[85,87,84]
[-11,45,16];[71,70,75]
[-11,44,16];[68,69,71]
[-12,44,16];[76,80,81]
[28,44,15];[43,43,43]
[-17,43,16];[1,1,1]
[29,44,15];[40,42,41]
[30,43,15];[43,45,44]
[31,43,15];[57,59,58]
[32,43,15];[30,30,30]
[27,43,15];[39,40,35]
[26,42,15];[39,41,40]
[-11,42,16];[77,81,84]
[-11,42,15];[4,4,4]
[33,42,15];[18,18,18]
[27,42,15];[53,54,56]
[-11,41,15];[6,7,11]
[27,41,15];[48,50,49]
[26,41,15];[51,51,51]
[33,40,15];[29,30,32]
[32,40,15];[48,48,48]
[-12,40,16];[68,72,75]
[27,40,15];[45,45,45]
[26,40,15];[27,29,28]
[26,39,15];[42,42,40]
[-11,40,15];[43,44,46]
[33,39,15];[41,43,42]
[32,39,15];[40,42,41]
[-11,39,15];[7,10,15]
[31,38,15];[31,33,32]
[-11,38,15];[16,19,26]
[17,37,16];[55,54,52]
[30,37,15];[44,44,44]
[-11,35,16];[83,83,83]
[-10,34,16];[59,60,62]
[11,33,16];[109,111,108]
[10,33,16];[63,62,60]
[0,31,16];[107,108,112]
[-4,31,16];[104,105,107]
[27,47,15];[70,71,75]
[18,47,15];[80,81,85]
[32,47,15];[79,79,81]
[31,47,15];[80,80,80]
[20,47,15];[75,78,85]
[17,45,16];[41,43,42]
[-11,44,15];[37,38,42]
[-12,43,16];[93,99,99]
[29,42,15];[23,23,23]
[28,41,15];[17,21,22]
[31,41,15];[35,39,38]
[30,40,15];[2,2,2]
[29,40,15];[9,10,12]
[27,38,15];[43,45,44]
[28,39,15];[42,42,40]
[-17,38,16];[2,2,2]
[29,38,15];[22,22,22]
[18,36,16];[76,75,73]
[12,34,16];[97,97,97]
[-9,33,16];[86,87,91]
[4,31,16];[132,130,131]
[-9,31,16];[49,44,38]
[-3,30,16];[98,102,105]
[19,47,15];[67,68,70]
[15,47,15];[32,31,29]
[-19,43,16];[80,80,78]
[-19,42,16];[77,77,77]
[-19,41,16];[71,72,74]
[-12,42,15];[6,8,7]
[26,38,15];[38,38,36]
[-17,37,16];[37,37,37]
[41,37,15];[67,69,68]
[27,37,15];[35,35,33]
[28,35,15];[62,63,65]
[26,36,15];[25,25,23]
[39,35,15];[63,63,65]
[35,35,15];[68,68,66]
[23,35,15];[62,65,70]
[19,35,15];[61,64,71]
[-11,36,15];[16,17,21]
[26,35,15];[64,65,69]
[15,34,16];[102,102,104]
[12,34,15];[35,34,30]
[-9,33,15];[14,14,14]
[-18,33,15];[61,62,64]
[-5,31,16];[131,129,130]
[6,31,16];[70,70,70]
[1,31,16];[97,98,100]
[-1,31,16];[110,111,115]
[10,31,15];[53,47,35]
[9,30,16];[81,81,79]
[8,30,16];[87,86,82]
[5,30,16];[84,85,89]
[1,30,16];[67,68,72]
[-5,30,16];[105,107,106]
[-6,30,16];[86,84,85]
[-7,30,16];[100,95,89]
[11,49,15];[62,63,65]
[-7,50,15];[68,63,67]
[39,47,15];[80,81,85]
[35,47,15];[107,105,108]
[34,47,15];[85,84,89]
[27,48,15];[60,60,58]
[24,47,15];[84,86,85]
[23,47,15];[68,72,73]
[-10,47,15];[32,33,35]
[-11,46,15];[41,45,44]
[30,46,15];[16,16,14]
[29,45,15];[32,32,32]
[-10,46,15];[19,23,26]
[33,46,15];[51,51,53]
[37,46,15];[62,62,62]
[35,46,15];[29,29,29]
[24,45,15];[52,52,50]
[20,45,15];[54,55,57]
[16,45,15];[52,54,53]
[26,45,15];[36,36,34]
[41,45,15];[67,68,70]
[12,45,15];[70,73,78]
[35,45,15];[66,67,69]
[15,45,14];[61,61,59]
[37,45,15];[61,63,62]
[39,46,15];[54,54,52]
[38,44,15];[66,66,66]
[12,44,15];[72,77,80]
[40,43,15];[114,113,109]
[12,43,15];[45,53,56]
[42,43,15];[41,41,41]
[37,44,15];[64,64,66]
[36,44,15];[63,64,66]
[36,43,15];[62,64,63]
[35,44,15];[63,63,63]
[35,43,15];[59,59,59]
[36,42,15];[62,63,65]
[13,43,15];[47,47,47]
[42,42,15];[31,31,31]
[35,42,15];[56,57,59]
[38,42,15];[64,64,64]
[40,41,15];[162,166,167]
[35,41,15];[59,60,62]
[36,41,15];[60,61,63]
[37,41,15];[60,61,65]
[42,40,15];[25,25,25]
[39,41,15];[65,65,65]
[40,40,15];[70,70,70]
[38,40,15];[60,61,63]
[12,40,15];[50,55,59]
[42,39,15];[50,50,50]
[34,39,15];[18,20,19]
[41,39,15];[50,52,51]
[39,39,15];[71,72,74]
[40,39,15];[60,60,60]
[41,38,15];[54,54,54]
[12,39,15];[71,72,74]
[-12,38,15];[7,7,7]
[40,38,15];[59,59,59]
[12,38,15];[79,80,75]
[34,38,15];[9,9,9]
[16,37,15];[18,18,18]
[13,37,15];[26,28,27]
[40,37,15];[45,45,45]
[35,38,15];[61,63,62]
[35,37,15];[58,60,59]
[34,37,15];[59,59,59]
[18,37,15];[8,8,10]
[25,36,15];[38,34,33]
[39,36,15];[86,84,87]
[37,35,15];[81,81,83]
[38,36,15];[81,79,80]
[37,36,15];[41,41,41]
[36,35,15];[74,74,76]
[35,36,15];[100,98,101]
[34,35,15];[69,69,67]
[33,36,15];[41,43,42]
[32,36,15];[35,33,36]
[31,36,15];[33,33,33]
[24,36,15];[45,44,40]
[22,36,15];[50,47,42]
[20,36,15];[50,45,41]
[18,36,15];[65,67,66]
[34,34,15];[77,77,77]
[30,34,15];[105,103,108]
[29,34,15];[81,79,82]
[11,34,15];[34,33,31]
[-13,33,15];[55,54,52]
[-3,31,15];[23,23,23]
[-1,30,15];[3,3,3]
[-4,30,16];[95,96,98]
[-8,51,15];[74,76,73]
[3,50,15];[30,34,43]
[-11,48,15];[103,102,100]
[-14,48,14];[59,59,57]
[10,49,15];[83,83,83]
[35,48,15];[64,63,61]
[34,48,15];[62,62,62]
[31,48,15];[57,57,57]
[29,48,15];[65,65,65]
[22,48,15];[60,56,57]
[17,48,15];[58,58,56]
[15,48,15];[44,44,42]
[39,48,15];[66,64,65]
[-19,47,15];[76,76,78]
[11,48,15];[79,79,79]
[-16,47,15];[84,89,92]
[-12,46,15];[15,15,15]
[23,46,15];[52,51,49]
[22,46,15];[47,47,45]
[-12,45,15];[12,14,13]
[25,45,15];[53,55,54]
[25,45,14];[53,55,54]
[25,44,15];[27,27,27]
[-12,44,15];[6,8,7]
[-12,44,14];[10,11,13]
[43,43,15];[79,79,81]
[-17,43,15];[1,1,1]
[-16,41,14];[50,50,52]
[-17,41,15];[30,30,30]
[-19,41,15];[23,19,16]
[-33,41,14];[64,58,36]
[-47,41,14];[48,48,48]
[-31,41,14];[236,200,18]
[-45,41,14];[236,203,38]
[14,39,15];[27,27,29]
[-20,41,14];[45,45,45]
[-17,40,15];[27,27,25]
[-19,40,15];[20,19,17]
[-13,40,15];[28,28,30]
[-47,40,14];[51,48,39]
[-48,40,14];[49,49,49]
[-32,40,14];[233,196,29]
[-42,40,14];[249,214,36]
[-46,40,14];[230,206,80]
[-10,39,15];[52,59,67]
[-22,40,14];[53,53,53]
[-28,40,14];[249,222,83]
[-29,40,14];[242,205,28]
[-41,40,14];[91,76,19]
[-50,40,14];[65,63,51]
[-55,40,14];[53,53,53]
[-58,40,14];[52,52,50]
[-17,40,14];[21,27,27]
[-20,40,14];[48,48,48]
[-26,40,14];[64,62,49]
[-27,40,14];[66,63,48]
[-35,40,14];[58,58,48]
[-43,40,14];[245,206,23]
[-54,40,14];[50,52,49]
[25,39,15];[33,33,33]
[-44,40,14];[246,207,18]
[-45,40,14];[247,208,27]
[-16,39,14];[50,52,51]
[-19,39,15];[20,20,20]
[-57,39,14];[56,56,56]
[-17,39,15];[23,23,23]
[-17,39,14];[12,16,15]
[-26,39,14];[59,59,51]
[-31,39,14];[243,203,20]
[-36,39,14];[58,58,48]
[-37,39,14];[60,57,50]
[-54,39,14];[68,65,50]
[-58,39,14];[54,56,55]
[-15,39,14];[54,54,54]
[-21,39,14];[51,51,49]
[-28,39,14];[68,63,44]
[-39,39,14];[55,55,47]
[-40,39,14];[58,55,48]
[-45,39,14];[247,206,28]
[-51,39,14];[67,64,47]
[-56,39,14];[54,54,54]
[18,38,15];[80,81,83]
[-17,38,15];[23,22,20]
[-19,39,14];[22,24,23]
[-32,39,14];[237,199,28]
[-34,39,14];[65,58,39]
[-48,39,14];[49,49,47]
[-50,39,14];[56,56,48]
[-52,39,14];[67,64,49]
[-25,39,14];[60,59,54]
[-38,39,14];[57,57,49]
[-43,39,14];[247,207,31]
[-44,39,14];[246,205,27]
[-27,38,14];[59,59,49]
[-28,38,14];[67,64,49]
[-47,38,14];[247,206,40]
[-54,38,14];[68,66,51]
[-17,37,15];[15,17,16]
[-24,38,14];[54,54,54]
[-25,38,14];[51,51,49]
[-30,38,14];[252,211,35]
[-33,38,14];[238,199,42]
[-37,38,14];[60,60,52]
[-42,38,14];[70,64,42]
[-49,38,14];[50,50,50]
[24,37,14];[58,58,60]
[22,37,14];[56,56,56]
[18,37,14];[24,24,24]
[19,36,15];[30,26,23]
[-12,37,15];[11,11,11]
[-13,37,15];[3,3,3]
[-12,35,15];[45,44,52]
[15,34,15];[87,86,91]
[-14,34,15];[58,53,50]
[-15,34,15];[67,62,59]
[11,33,15];[38,37,33]
[-15,33,15];[62,62,62]
[-11,32,15];[46,45,41]
[7,31,15];[37,33,34]
[1,31,15];[26,26,26]
[-5,31,15];[32,32,34]
[-5,32,15];[38,38,40]
[8,50,15];[49,52,57]
[7,50,15];[42,47,53]
[6,50,15];[38,41,46]
[2,50,15];[35,42,48]
[1,50,15];[30,35,39]
[-4,50,15];[53,58,64]
[-9,50,15];[92,90,91]
[10,48,15];[31,31,33]
[13,48,15];[52,53,55]
[23,48,15];[60,58,61]
[-9,48,15];[38,39,43]
[12,47,15];[75,75,73]
[11,47,15];[31,31,31]
[-13,47,15];[68,69,73]
[-17,46,15];[243,204,75]
[-17,45,15];[0,0,0]
[4,31,15];[26,25,23]
[-10,45,15];[119,115,114]
[22,45,14];[55,55,55]
[20,45,14];[54,55,57]
[23,45,14];[56,56,54]
[21,45,14];[55,57,56]
[19,45,14];[54,56,55]
[-10,44,15];[124,122,123]
[-17,44,15];[1,1,1]
[14,43,15];[8,9,11]
[-15,41,14];[54,56,55]
[-17,42,14];[20,21,25]
[-10,42,15];[116,114,115]
[-21,41,14];[46,48,47]
[-23,41,14];[50,52,51]
[-26,41,14];[66,63,46]
[-28,41,14];[251,212,33]
[-36,41,14];[65,65,55]
[-38,41,14];[56,55,50]
[-41,41,14];[250,214,38]
[-46,41,14];[58,53,49]
[-48,42,14];[55,55,47]
[-50,41,14];[68,65,50]
[-53,41,14];[55,54,49]
[-54,41,14];[51,51,51]
[-55,41,14];[51,51,51]
[-57,41,14];[57,58,52]
[-10,40,15];[135,131,132]
[-9,39,15];[13,20,39]
[-9,38,15];[56,67,85]
[-55,38,14];[59,58,53]
[-56,38,14];[55,55,55]
[-32,38,14];[244,204,28]
[-57,38,14];[56,56,56]
[-58,38,14];[57,57,57]
[41,36,15];[110,110,110]
[-10,36,14];[58,60,72]
[-19,36,15];[23,23,23]
[13,33,16];[48,44,35]
[-14,33,15];[60,60,60]
[6,32,15];[35,31,32]
[1,32,15];[28,28,28]
[0,32,15];[27,27,29]
[-1,31,15];[24,24,24]
[-10,32,15];[57,57,49]
[-8,30,15];[43,39,30]
[8,30,15];[133,133,131]
[4,30,16];[75,76,80]
[4,30,15];[3,3,3]
[0,30,15];[4,4,4]
[-2,30,15];[3,3,3]
[-5,30,15];[3,2,0]
[8,51,15];[65,65,65]
[-4,51,15];[63,65,64]
[11,50,15];[86,86,86]
[-10,49,15];[67,63,62]
[-12,48,14];[56,56,54]
[-15,48,14];[59,59,59]
[-16,48,15];[59,58,56]
[-8,48,15];[36,38,37]
[-10,46,14];[84,83,79]
[-17,43,14];[3,4,6]
[-14,43,14];[55,57,56]
[-20,42,14];[45,45,45]
[-23,42,14];[49,49,47]
[-26,42,14];[65,62,47]
[-27,42,14];[253,214,35]
[-28,42,14];[243,204,23]
[-30,42,14];[242,205,26]
[-32,42,14];[120,105,50]
[-33,42,14];[61,59,47]
[-35,42,14];[58,58,50]
[-38,42,14];[55,56,50]
[-40,42,14];[211,185,101]
[-44,42,14];[243,207,31]
[-49,42,14];[63,64,48]
[-55,42,14];[51,53,52]
[-57,42,14];[64,63,58]
[43,42,15];[82,82,84]
[25,40,15];[36,36,36]
[43,39,15];[95,94,99]
[17,38,15];[71,75,76]
[42,38,15];[84,82,83]
[42,38,14];[55,55,55]
[-14,38,14];[56,56,56]
[-16,38,14];[50,50,48]
[-55,37,14];[55,55,55]
[41,35,15];[71,71,71]
[-17,35,15];[0,0,0]
[-19,35,15];[23,23,25]
[38,34,15];[115,117,114]
[37,34,15];[36,38,37]
[35,34,15];[80,80,82]
[28,34,15];[69,69,69]
[23,34,15];[72,73,75]
[17,34,15];[42,41,39]
[-17,34,15];[10,10,10]
[-19,34,15];[96,97,101]
[30,39,16];[53,55,54]
[-19,33,15];[89,90,94]
[13,33,15];[70,68,69]
[3,30,15];[2,2,0]
[-4,30,15];[2,2,0]
[1,51,15];[73,75,70]
[-3,51,15];[68,68,66]
[-14,47,14];[18,18,18]
[12,47,14];[66,70,73]
[12,41,15];[56,64,67]
[-15,47,14];[11,13,12]
[-14,46,14];[31,31,29]
[-13,46,14];[22,22,20]
[-14,45,14];[65,66,70]
[-15,44,14];[54,56,53]
[-21,43,14];[47,49,48]
[-22,43,14];[51,51,51]
[-26,43,14];[248,212,72]
[-31,43,14];[233,211,89]
[-34,43,14];[59,56,49]
[-36,43,14];[56,57,49]
[-37,43,14];[55,56,50]
[-38,43,14];[55,56,48]
[-39,43,14];[180,148,73]
[-40,43,14];[252,213,24]
[-44,43,14];[229,200,62]
[-45,43,14];[54,52,39]
[-48,43,14];[65,63,48]
[-50,43,14];[64,62,47]
[-52,43,14];[55,55,47]
[-55,43,14];[50,52,51]
[-56,43,14];[63,63,55]
[-58,43,14];[241,201,41]
[12,44,14];[53,58,62]
[12,43,14];[36,44,47]
[12,42,14];[41,50,57]
[12,41,14];[56,64,67]
[39,37,15];[60,61,63]
[12,40,14];[67,72,75]
[12,38,14];[214,196,122]
[12,37,14];[19,20,25]
[-14,37,14];[50,51,53]
[-21,37,14];[53,53,53]
[-17,36,15];[0,0,0]
[-19,36,14];[47,48,50]
[-54,36,14];[58,58,58]
[-12,35,14];[33,32,38]
[-12,34,14];[3,3,3]
[-19,47,16];[79,79,81]
[31,34,15];[71,71,71]
[-13,34,14];[13,13,11]
[14,34,14];[35,31,30]
[8,32,15];[60,58,59]
[-14,32,14];[47,47,45]
[-10,32,14];[54,48,22]
[-15,32,14];[50,50,50]
[-16,32,14];[50,52,51]
[-16,31,14];[142,144,139]
[0,30,14];[42,43,45]
[-6,30,15];[85,87,86]
[-5,16,14];[232,210,91]
[-6,15,14];[79,78,84]
[7,51,15];[71,72,74]
[2,51,15];[68,73,69]
[-7,51,15];[55,57,54]
[5,50,14];[29,30,34]
[-16,46,14];[44,44,42]
[-17,46,14];[8,8,8]
[-15,45,14];[13,13,13]
[-17,44,14];[15,15,15]
[25,41,15];[41,41,41]
[-41,37,14];[76,76,74]
[-27,37,14];[52,52,54]
[-30,37,14];[92,52,1]
[-44,37,14];[114,99,60]
[-47,37,14];[95,85,58]
[-48,37,14];[59,54,58]
[-14,36,14];[45,47,46]
[-15,36,14];[44,46,45]
[-17,36,14];[1,1,1]
[-20,36,14];[49,49,49]
[-21,36,14];[52,52,50]
[-13,35,14];[3,3,3]
[-17,35,14];[17,18,20]
[27,34,15];[111,111,113]
[18,34,15];[64,62,65]
[9,30,15];[19,16,7]
[-5,30,14];[37,38,40]
[-8,50,14];[23,23,23]
[-14,49,14];[59,59,59]
[-16,50,14];[115,117,112]
[-16,49,14];[60,60,62]
[34,48,14];[56,56,56]
[31,48,14];[55,55,55]
[-51,42,14];[65,63,48]
[27,48,14];[58,58,56]
[26,48,14];[57,57,55]
[20,48,14];[59,58,56]
[18,49,14];[112,113,118]
[-9,47,14];[59,58,56]
[-9,46,14];[49,47,50]
[11,46,14];[74,77,84]
[12,45,14];[49,54,58]
[-8,45,14];[32,67,149]
[-19,44,14];[35,32,27]
[-20,45,14];[43,43,41]
[-20,44,14];[43,43,43]
[-23,44,14];[65,63,50]
[-28,44,14];[244,205,12]
[-31,44,14];[59,53,39]
[-35,44,14];[57,56,51]
[-36,44,14];[56,56,48]
[-37,44,14];[57,57,49]
[-46,44,14];[47,48,50]
[-48,44,14];[68,65,48]
[-49,45,14];[67,64,47]
[-49,44,14];[65,64,46]
[-54,44,14];[49,50,52]
[-55,44,14];[53,53,51]
[-56,44,14];[54,52,53]
[-58,44,14];[238,199,34]
[11,44,14];[50,67,119]
[11,43,14];[62,74,122]
[11,42,14];[83,101,139]
[-59,40,14];[101,100,98]
[-59,40,13];[56,55,60]
[-59,39,14];[96,97,92]
[-59,39,13];[53,52,57]
[11,39,14];[75,88,141]
[11,38,14];[68,86,122]
[-59,38,14];[103,105,104]
[-9,37,14];[90,98,121]
[41,37,14];[60,58,59]
[-34,37,14];[54,54,56]
[-26,37,14];[40,45,51]
[-31,37,14];[140,102,27]
[-53,37,14];[61,60,58]
[-24,37,14];[58,57,62]
[-33,37,14];[102,81,16]
[-50,37,14];[46,46,46]
[-23,37,14];[66,65,61]
[-25,37,14];[79,79,81]
[-29,37,14];[74,52,28]
[-36,37,14];[50,51,55]
[-38,37,14];[58,62,71]
[-38,37,13];[29,38,51]
[-39,37,14];[57,57,65]
[-45,37,14];[78,75,58]
[-49,37,14];[49,49,47]
[-49,37,13];[32,37,41]
[-50,37,13];[23,38,45]
[-25,36,14];[93,189,214]
[-26,37,13];[36,67,88]
[-32,37,14];[134,102,19]
[-42,37,14];[75,74,69]
[-26,36,14];[73,154,181]
[-35,36,14];[72,163,184]
[-33,36,14];[65,144,161]
[-8,36,14];[23,69,165]
[12,35,14];[15,15,15]
[-53,35,14];[56,55,53]
[40,35,14];[102,102,104]
[-57,36,14];[55,57,56]
[-58,36,14];[58,58,58]
[-20,35,14];[49,49,49]
[-21,35,14];[54,54,52]
[-59,35,14];[89,93,94]
[-14,35,14];[9,10,15]
[-15,35,14];[13,14,18]
[-16,35,14];[2,2,0]
[20,34,14];[59,59,59]
[19,34,15];[71,71,71]
[-14,34,14];[11,13,10]
[-15,34,14];[7,9,6]
[-16,34,14];[5,5,5]
[29,34,14];[61,61,61]
[-17,34,14];[5,5,7]
[-7,33,14];[24,28,31]
[12,32,15];[9,8,4]
[-8,33,16];[10,11,13]
[6,32,14];[77,77,85]
[-15,31,13];[150,149,145]
[7,30,15];[80,75,71]
[8,16,14];[63,65,54]
[-7,15,14];[106,106,104]
[-7,14,14];[187,162,62]
[1,14,13];[55,55,55]
[13,14,13];[54,55,57]
[0,14,13];[56,56,54]
[6,14,13];[166,146,77]
[5,14,13];[53,53,51]
[-9,14,13];[72,63,32]
[-13,14,13];[58,58,58]
[-3,14,13];[56,56,56]
[-5,14,13];[232,206,93]
[2,13,13];[55,55,53]
[-1,13,13];[55,55,53]
[-2,13,13];[56,56,56]
[-13,13,13];[58,60,59]
[13,13,13];[55,57,56]
[10,13,13];[104,99,69]
[9,13,13];[247,208,27]
[3,13,13];[54,54,52]
[1,13,13];[55,55,55]
[0,13,13];[55,55,55]
[-3,13,13];[55,57,56]
[-9,13,13];[178,161,73]
[-12,13,13];[56,56,56]
[-6,13,13];[247,214,37]
[8,51,14];[63,63,65]
[7,51,14];[62,62,64]
[-1,51,15];[63,65,64]
[-2,51,15];[62,64,63]
[-8,51,14];[22,22,22]
[-15,50,14];[107,106,101]
[7,50,14];[53,53,53]
[0,50,14];[28,29,31]
[-5,50,14];[21,22,26]
[37,48,14];[59,59,59]
[31,49,14];[54,54,56]
[29,48,14];[57,57,55]
[14,48,14];[53,52,50]
[14,48,13];[51,51,49]
[13,48,14];[47,46,44]
[16,48,14];[68,68,68]
[11,47,14];[78,78,80]
[-9,46,13];[38,72,144]
[-39,44,14];[255,212,19]
[-45,45,14];[46,48,47]
[18,44,14];[60,56,55]
[25,44,14];[25,26,30]
[-59,43,14];[107,104,85]
[25,43,14];[8,8,10]
[-59,42,14];[119,115,106]
[11,41,14];[89,108,150]
[-9,41,14];[93,97,109]
[14,39,14];[8,8,10]
[18,38,14];[111,113,112]
[43,38,14];[82,82,82]
[-9,38,14];[85,90,96]
[-59,38,13];[58,62,65]
[-59,36,14];[83,84,86]
[-23,36,13];[59,63,66]
[-41,36,13];[76,78,77]
[-48,36,13];[87,160,177]
[-53,36,13];[25,41,54]
[11,36,14];[87,118,182]
[-9,35,13];[50,60,83]
[-9,35,14];[16,30,65]
[18,34,14];[33,33,31]
[17,34,14];[37,37,37]
[-9,34,13];[50,58,68]
[-20,35,13];[48,48,48]
[-54,35,14];[56,56,56]
[-55,35,13];[57,57,55]
[37,34,14];[54,56,55]
[16,34,14];[43,41,44]
[-57,35,14];[56,58,57]
[-58,35,13];[59,59,59]
[11,34,13];[79,79,77]
[10,33,14];[25,25,27]
[-19,34,14];[29,29,29]
[13,33,14];[36,29,19]
[3,32,14];[78,77,82]
[12,32,14];[36,32,20]
[-10,31,14];[48,43,11]
[-11,32,14];[44,43,39]
[-9,31,14];[48,44,17]
[-12,31,14];[47,47,45]
[-14,30,14];[68,69,64]
[6,30,14];[30,30,28]
[1,30,14];[36,38,37]
[-15,30,14];[123,123,121]
[7,16,14];[62,68,80]
[-6,16,14];[67,70,75]
[6,16,14];[113,97,72]
[6,15,13];[54,55,50]
[-5,15,13];[64,53,21]
[11,14,13];[55,57,56]
[5,15,13];[52,52,52]
[2,15,13];[55,55,55]
[-2,15,13];[55,55,55]
[-3,15,13];[55,55,55]
[-4,15,13];[56,58,57]
[-8,15,13];[255,215,40]
[-11,15,13];[55,57,56]
[8,15,14];[61,65,68]
[-14,15,13];[62,62,62]
[8,15,13];[242,207,55]
[7,14,13];[243,209,58]
[8,14,13];[246,214,45]
[8,13,13];[247,209,24]
[-7,13,13];[242,206,22]
[7,12,13];[253,217,33]
[13,12,13];[54,56,55]
[11,12,13];[55,57,56]
[5,12,13];[55,55,55]
[3,12,13];[55,55,55]
[2,12,13];[55,55,53]
[1,12,13];[55,55,55]
[-9,12,13];[79,70,41]
[-10,12,13];[56,56,56]
[-6,12,13];[243,210,33]
[9,12,13];[244,203,27]
[-1,12,13];[55,55,55]
[-3,12,13];[55,57,56]
[-8,12,13];[250,215,25]
[-11,12,13];[56,58,57]
[14,11,13];[54,56,55]
[13,11,13];[54,56,55]
[2,51,14];[64,64,62]
[-3,51,14];[63,63,63]
[1,50,14];[25,24,29]
[-12,49,13];[56,56,56]
[-13,49,14];[57,57,57]
[-19,49,14];[40,42,39]
[35,48,14];[56,56,56]
[30,48,14];[55,55,53]
[24,48,14];[56,56,54]
[-7,49,14];[5,7,6]
[41,47,13];[63,63,63]
[-22,36,14];[55,55,55]
[-23,45,13];[65,64,44]
[-24,45,13];[64,61,42]
[-28,45,13];[241,203,18]
[-32,45,13];[63,61,49]
[-33,45,13];[62,60,48]
[-34,45,13];[55,55,47]
[-39,45,13];[249,210,21]
[-45,45,13];[51,52,47]
[-46,45,13];[54,54,46]
[-47,45,13];[66,63,46]
[-50,45,13];[67,66,48]
[-52,45,13];[54,53,48]
[-55,45,13];[60,55,49]
[-58,45,13];[237,200,24]
[21,44,14];[70,65,61]
[14,43,14];[3,3,3]
[25,42,14];[12,14,13]
[14,42,14];[8,8,10]
[11,40,14];[79,92,134]
[14,40,14];[8,8,10]
[25,39,14];[16,16,16]
[24,38,14];[138,137,135]
[21,38,14];[139,139,137]
[14,38,14];[102,100,101]
[42,38,13];[54,54,52]
[-59,37,13];[55,59,62]
[-28,36,13];[104,209,228]
[-33,36,13];[23,62,79]
[-35,36,13];[77,176,199]
[-37,36,13];[51,55,54]
[-42,36,13];[97,188,217]
[-45,36,13];[40,73,88]
[-24,36,13];[57,84,91]
[-25,36,13];[91,187,212]
[-39,36,13];[145,228,242]
[-43,36,13];[98,187,217]
[19,34,14];[50,50,50]
[35,34,14];[98,102,103]
[36,34,14];[97,101,102]
[33,34,14];[71,71,71]
[32,34,14];[137,137,135]
[31,34,14];[158,157,153]
[23,34,14];[71,71,73]
[22,34,14];[72,72,74]
[21,34,14];[62,63,65]
[9,32,14];[22,22,22]
[-7,32,14];[25,30,36]
[7,32,14];[85,85,93]
[-18,31,14];[58,59,61]
[-15,30,13];[133,135,134]
[5,16,13];[53,55,54]
[4,16,13];[55,55,55]
[3,16,13];[55,55,55]
[-1,16,13];[56,56,56]
[-2,16,13];[55,55,55]
[-6,16,13];[180,160,71]
[-7,16,14];[71,76,80]
[-9,16,13];[196,180,84]
[11,11,13];[54,56,55]
[12,11,13];[55,56,58]
[2,11,13];[56,56,56]
[-4,14,13];[56,58,57]
[-4,11,13];[57,57,59]
[-5,11,13];[240,208,45]
[-6,11,13];[248,213,33]
[-10,11,13];[58,58,56]
[1,11,13];[55,55,55]
[0,11,13];[55,55,55]
[-1,11,13];[55,55,55]
[9,49,14];[20,19,17]
[-11,37,16];[73,77,80]
[-8,48,13];[185,176,169]
[10,47,13];[42,56,85]
[-25,45,13];[251,211,35]
[-26,45,13];[243,202,22]
[-29,45,13];[237,200,33]
[-30,45,13];[82,72,37]
[-36,45,13];[58,55,48]
[-42,45,13];[248,210,25]
[-51,45,13];[56,56,48]
[-57,45,13];[241,204,27]
[-59,44,14];[99,99,87]
[-8,44,14];[62,83,146]
[25,44,13];[53,49,46]
[25,41,14];[9,10,12]
[25,40,14];[3,3,3]
[-23,35,13];[46,46,46]
[-26,35,13];[52,56,57]
[-32,35,13];[67,62,58]
[-34,35,13];[68,63,59]
[-36,35,13];[52,52,52]
[-42,35,13];[87,84,79]
[-43,35,13];[70,66,63]
[-44,35,13];[56,55,53]
[-46,35,13];[57,56,54]
[-49,35,13];[50,46,43]
[-50,35,13];[94,94,92]
[-51,35,13];[64,61,56]
[-53,35,13];[79,89,90]
[-22,34,13];[58,58,56]
[-32,34,13];[62,62,64]
[-27,34,13];[65,68,73]
[-42,34,13];[62,63,67]
[-49,34,13];[111,112,114]
[-49,33,13];[59,61,60]
[34,42,15];[35,36,38]
[-50,33,13];[61,62,64]
[-55,34,13];[59,59,59]
[-56,34,13];[60,62,61]
[-29,34,13];[60,61,65]
[-30,34,13];[61,60,65]
[-36,34,13];[65,65,67]
[-37,34,13];[67,65,66]
[-39,34,13];[66,66,68]
[10,11,13];[57,58,62]
[-38,34,13];[65,65,67]
[15,33,13];[63,63,63]
[-6,32,14];[14,15,19]
[13,16,13];[55,57,56]
[-4,16,13];[56,56,58]
[-8,16,13];[248,209,26]
[8,16,13];[219,191,58]
[7,16,13];[246,204,42]
[-7,16,13];[86,71,14]
[8,10,13];[248,211,17]
[-2,10,13];[55,57,56]
[-4,10,13];[58,58,58]
[-8,10,13];[248,215,26]
[-10,10,13];[57,57,57]
[-14,10,13];[68,68,70]
[14,10,13];[55,56,58]
[12,10,13];[54,55,57]
[11,10,13];[55,57,56]
[3,10,13];[56,56,56]
[41,44,15];[46,46,46]
[2,10,13];[56,56,56]
[-3,10,13];[57,57,57]
[3,51,14];[68,68,66]
[1,51,14];[66,66,64]
[-7,51,14];[70,68,69]
[10,51,14];[50,50,50]
[11,50,14];[42,42,40]
[-15,50,13];[70,68,69]
[-17,50,13];[63,64,66]
[-4,50,14];[25,26,28]
[23,49,13];[57,57,57]
[8,49,13];[37,35,36]
[-7,49,13];[128,128,128]
[39,48,14];[90,88,93]
[40,47,14];[80,78,81]
[-7,47,13];[27,65,148]
[-19,46,13];[1,1,0]
[-29,46,13];[237,209,86]
[-35,46,13];[59,56,49]
[-48,46,13];[65,64,46]
[-54,46,13];[62,59,54]
[25,38,13];[34,34,34]
[-59,36,13];[28,28,28]
[-7,36,13];[33,81,166]
[41,35,14];[89,89,91]
[10,34,13];[94,97,104]
[-7,34,13];[20,68,178]
[-19,34,13];[23,24,26]
[-21,34,13];[53,53,51]
[-45,34,13];[62,62,64]
[-34,34,13];[57,57,59]
[-34,33,13];[60,62,61]
[-36,33,13];[63,63,63]
[-40,34,13];[140,137,132]
[-57,34,13];[57,59,58]
[15,37,15];[21,21,23]
[-58,34,13];[59,59,59]
[-39,33,13];[62,63,65]
[-38,33,13];[64,64,64]
[-47,33,13];[61,62,64]
[-48,33,13];[61,61,61]
[14,33,13];[61,61,59]
[-8,30,14];[46,44,21]
[8,30,14];[34,34,34]
[-1,30,13];[53,53,53]
[-40,40,14];[57,57,49]
[-2,30,14];[36,36,36]
[-2,30,13];[47,49,48]
[14,17,13];[55,55,55]
[12,17,13];[56,56,56]
[11,17,13];[56,56,54]
[9,17,13];[245,204,26]
[8,17,13];[247,209,20]
[6,17,13];[227,205,96]
[1,17,13];[56,56,56]
[0,17,13];[55,57,56]
[-1,17,13];[55,55,55]
[-3,17,13];[56,58,57]
[-6,17,13];[242,206,24]
[-10,17,13];[57,58,53]
[-12,17,13];[54,58,57]
[-8,17,13];[250,212,25]
[-7,17,13];[245,204,14]
[15,14,13];[58,59,61]
[15,13,13];[61,63,62]
[-7,10,13];[236,197,18]
[-1,10,13];[56,56,56]
[-5,10,13];[192,170,84]
[0,10,13];[57,57,57]
[-13,9,13];[58,58,58]
[-13,8,13];[58,58,58]
[5,51,14];[67,67,67]
[-1,51,14];[64,64,64]
[0,51,14];[63,63,63]
[15,49,14];[66,66,68]
[31,49,13];[61,61,61]
[29,49,13];[54,54,54]
[28,49,13];[55,55,55]
[29,50,13];[56,56,56]
[21,49,13];[57,57,55]
[19,49,13];[142,143,147]
[-6,50,13];[140,139,135]
[-20,46,13];[43,43,41]
[-21,47,13];[54,54,42]
[-22,46,13];[58,58,46]
[-22,47,13];[60,58,45]
[-24,47,13];[251,212,31]
[-27,46,13];[244,206,21]
[-28,46,13];[233,196,27]
[-31,46,13];[60,58,43]
[-36,47,13];[88,74,47]
[-40,46,13];[248,209,20]
[-43,47,13];[48,49,44]
[-45,47,13];[60,58,45]
[11,31,15];[15,12,5]
[-46,47,13];[65,64,46]
[-49,47,13];[63,59,47]
[10,12,13];[111,105,73]
[-50,46,13];[59,59,47]
[-52,46,13];[54,55,49]
[-57,47,13];[242,202,29]
[-55,46,13];[222,195,82]
[-56,46,13];[242,205,29]
[10,46,13];[57,94,165]
[43,45,14];[69,68,66]
[-9,44,13];[24,62,143]
[22,44,13];[61,58,77]
[21,44,13];[46,44,47]
[21,43,13];[67,94,175]
[20,44,13];[51,49,52]
[22,43,13];[56,108,220]
[23,43,13];[53,107,229]
[43,43,14];[25,25,27]
[43,42,14];[17,17,17]
[25,43,12];[20,23,32]
[11,42,13];[34,65,132]
[43,41,13];[26,26,28]
[25,43,13];[1,2,4]
[25,42,13];[1,2,6]
[23,42,12];[56,120,252]
[25,41,13];[2,2,2]
[-9,39,14];[23,31,50]
[24,38,13];[28,28,30]
[22,38,13];[33,37,40]
[19,38,13];[37,40,45]
[17,38,13];[38,43,49]
[16,38,13];[45,48,53]
[16,39,13];[17,28,73]
[15,38,13];[49,54,57]
[14,38,13];[50,51,56]
[-9,37,13];[56,120,192]
[-59,35,13];[57,59,58]
[-7,35,13];[16,60,155]
[33,34,13];[69,69,69]
[23,34,13];[67,68,70]
[16,34,13];[18,18,20]
[-7,33,13];[90,100,101]
[-26,33,13];[60,61,63]
[-57,33,13];[58,60,59]
[-58,33,12];[58,58,58]
[-23,33,13];[59,61,60]
[-34,33,12];[62,64,63]
[-52,33,13];[60,61,63]
[-53,33,13];[60,60,60]
[-12,39,15];[12,12,12]
[9,32,13];[8,8,8]
[0,32,14];[79,80,84]
[13,32,13];[86,86,86]
[-13,31,13];[47,47,45]
[-11,31,14];[43,44,39]
[-12,31,13];[46,46,44]
[4,30,13];[46,46,44]
[-3,30,13];[51,51,49]
[-12,16,13];[56,58,57]
[-17,29,13];[94,95,97]
[14,18,13];[53,54,56]
[-2,17,13];[55,55,55]
[-12,18,13];[57,57,57]
[-13,18,12];[56,58,57]
[5,13,13];[53,53,53]
[-15,16,13];[56,56,56]
[-15,15,13];[48,48,48]
[8,9,13];[251,213,16]
[5,9,13];[55,55,55]
[0,9,13];[57,57,57]
[-1,9,13];[58,58,58]
[-5,8,13];[234,208,85]
[-7,9,13];[243,207,25]
[10,9,13];[67,63,51]
[9,8,13];[245,208,31]
[12,9,13];[55,57,56]
[11,9,13];[57,57,57]
[11,8,13];[56,58,57]
[3,9,13];[56,56,56]
[2,9,13];[57,57,57]
[4,51,13];[67,66,64]
[3,51,13];[66,62,61]
[2,51,13];[64,64,62]
[-12,50,13];[56,56,56]
[-17,42,16];[2,2,2]
[36,49,13];[55,57,56]
[35,49,13];[56,56,54]
[32,49,13];[57,57,57]
[30,49,13];[54,56,55]
[26,49,13];[55,55,55]
[19,50,13];[95,90,94]
[12,49,13];[47,47,47]
[12,49,12];[54,54,52]
[8,50,13];[33,34,38]
[6,50,13];[33,36,43]
[3,50,13];[37,45,66]
[2,50,13];[36,42,56]
[1,50,13];[36,40,49]
[-1,50,13];[31,36,42]
[14,45,16];[78,82,81]
[-2,50,13];[0,1,0]
[-4,50,13];[26,31,37]
[-5,50,13];[34,37,42]
[8,50,12];[201,190,184]
[-6,48,13];[9,49,134]
[-25,47,13];[245,206,25]
[-26,47,13];[248,209,20]
[-29,47,13];[84,75,44]
[-39,46,13];[245,205,19]
[-40,47,13];[245,206,25]
[-41,47,13];[235,201,50]
[-42,46,13];[239,208,56]
[-14,14,13];[61,61,61]
[-59,47,13];[219,202,124]
[-59,45,13];[123,118,80]
[-59,45,12];[42,44,41]
[-60,44,13];[36,36,36]
[17,44,13];[60,51,56]
[14,44,13];[8,7,5]
[18,44,13];[59,53,65]
[21,43,12];[58,118,248]
[14,43,13];[56,58,57]
[16,43,12];[57,111,243]
[15,43,12];[59,116,247]
[43,42,13];[28,28,28]
[18,43,12];[58,115,248]
[17,43,12];[57,114,247]
[20,43,12];[57,114,243]
[18,42,12];[59,119,249]
[21,42,12];[58,123,253]
[22,42,12];[62,125,254]
[-60,41,13];[51,49,52]
[20,42,12];[62,122,252]
[19,42,12];[62,122,254]
[17,42,12];[62,121,251]
[14,41,13];[8,8,10]
[14,42,12];[37,36,52]
[16,42,12];[61,121,251]
[23,41,12];[55,118,249]
[15,41,12];[61,120,250]
[14,41,12];[31,46,101]
[18,41,12];[58,121,252]
[22,41,12];[58,121,250]
[18,40,12];[57,120,249]
[25,40,12];[12,18,50]
[22,40,12];[57,122,252]
[20,40,12];[56,118,251]
[15,40,12];[62,121,251]
[25,39,13];[3,3,3]
[25,39,12];[11,14,21]
[14,39,13];[84,84,86]
[22,39,13];[16,32,68]
[22,39,12];[59,122,253]
[20,39,13];[15,30,69]
[21,39,12];[60,123,252]
[20,39,12];[59,118,254]
[19,39,13];[23,27,36]
[19,39,12];[62,121,247]
[18,39,13];[24,29,33]
[-60,36,13];[64,68,71]
[-59,34,13];[91,92,94]
[30,34,13];[66,67,69]
[29,34,13];[67,68,70]
[25,34,13];[67,68,70]
[22,34,13];[66,67,69]
[21,34,13];[66,67,69]
[18,34,13];[64,62,63]
[-59,33,13];[92,93,95]
[-19,33,13];[34,32,33]
[-9,17,13];[151,138,70]
[8,33,13];[15,72,162]
[-19,33,12];[38,40,39]
[-20,33,13];[47,47,47]
[-21,33,13];[55,55,55]
[-22,33,13];[58,58,58]
[-55,33,13];[61,61,61]
[-33,33,12];[62,64,63]
[-54,33,13];[60,62,61]
[-56,33,13];[59,61,60]
[-24,33,12];[61,62,64]
[16,33,13];[46,47,49]
[-29,41,14];[243,204,23]
[4,32,13];[67,67,65]
[3,32,13];[75,75,75]
[1,32,13];[88,87,92]
[0,32,13];[89,89,91]
[-1,32,13];[77,75,76]
[-2,32,13];[46,45,43]
[-5,32,13];[42,42,42]
[12,32,13];[33,30,25]
[-19,32,13];[18,18,18]
[15,32,13];[62,63,58]
[11,31,13];[36,32,21]
[-8,30,13];[169,135,12]
[-9,31,13];[176,137,16]
[6,30,13];[43,43,43]
[5,30,13];[45,45,43]
[3,30,13];[45,45,43]
[2,30,13];[51,51,49]
[1,30,13];[48,48,46]
[-4,30,13];[50,52,51]
[-6,30,13];[47,49,48]
[11,18,12];[57,57,57]
[10,18,12];[56,55,51]
[9,18,13];[243,204,23]
[8,18,13];[247,207,23]
[7,18,13];[248,208,33]
[6,18,13];[233,204,74]
[5,18,13];[52,54,53]
[3,18,12];[54,56,55]
[2,18,13];[55,55,55]
[0,18,13];[55,57,56]
[-2,18,12];[55,55,55]
[-3,18,13];[54,56,55]
[-3,18,12];[54,56,55]
[-17,45,16];[7,7,7]
[-6,18,13];[245,206,25]
[-10,18,13];[56,56,54]
[-11,18,12];[55,57,56]
[-14,18,12];[64,64,66]
[-15,18,13];[43,43,43]
[15,17,13];[41,41,41]
[16,12,13];[62,63,65]
[-15,11,13];[61,60,65]
[15,10,13];[53,55,54]
[15,9,13];[67,67,69]
[13,9,13];[55,56,58]
[13,8,13];[56,57,59]
[-2,9,13];[56,56,56]
[-2,8,13];[56,56,56]
[-3,9,13];[56,56,56]
[-8,9,13];[247,213,30]
[-52,47,13];[52,53,48]
[-9,9,13];[106,94,52]
[-10,9,13];[58,60,57]
[-12,9,13];[58,60,59]
[6,8,13];[235,205,55]
[-11,8,13];[58,58,58]
[9,51,14];[83,78,82]
[-17,51,13];[162,166,165]
[-11,50,13];[56,56,56]
[-18,50,13];[60,60,62]
[23,50,13];[57,57,57]
[20,50,13];[58,58,56]
[20,49,13];[56,56,54]
[14,49,12];[57,57,57]
[0,50,12];[133,122,126]
[-1,50,12];[51,49,62]
[-2,50,12];[95,100,120]
[5,50,12];[61,64,83]
[-19,47,12];[3,3,3]
[-53,47,13];[55,55,47]
[-12,36,16];[62,60,61]
[-54,47,12];[201,185,152]
[-57,47,12];[242,203,46]
[-59,46,13];[158,155,124]
[-60,42,13];[57,57,59]
[-8,36,13];[15,63,163]
[10,36,13];[18,68,167]
[9,34,13];[15,71,168]
[17,34,13];[56,56,56]
[-22,33,12];[58,60,59]
[-21,33,12];[56,56,56]
[-26,33,12];[62,64,63]
[-39,33,12];[64,64,64]
[-40,33,12];[62,63,65]
[-45,33,12];[62,64,63]
[-51,33,12];[62,64,63]
[-54,33,12];[62,62,62]
[6,32,12];[72,92,119]
[28,38,15];[34,32,33]
[5,32,12];[106,107,111]
[16,37,16];[41,41,41]
[4,32,12];[105,105,113]
[3,32,12];[106,112,124]
[1,32,12];[104,104,114]
[0,32,12];[86,93,112]
[-2,32,12];[113,117,126]
[10,30,13];[33,30,23]
[-9,30,13];[228,180,18]
[-10,31,13];[51,45,21]
[-14,30,13];[62,63,58]
[9,30,13];[33,32,28]
[-12,30,13];[45,45,43]
[-15,29,13];[29,30,25]
[12,19,12];[54,56,55]
[15,17,12];[52,54,53]
[16,15,13];[68,68,68]
[-15,14,13];[45,45,45]
[-15,9,13];[56,56,56]
[5,8,12];[57,57,57]
[4,8,12];[58,58,58]
[-12,8,12];[58,60,59]
[-13,8,12];[58,59,61]
[-3,8,12];[54,58,57]
[5,51,13];[62,62,60]
[1,51,13];[66,65,63]
[-2,51,13];[67,67,67]
[-16,44,14];[51,51,49]
[-3,51,13];[66,66,66]
[-6,51,13];[63,63,63]
[10,51,13];[48,48,46]
[34,49,13];[56,56,56]
[13,49,13];[56,55,53]
[-19,48,13];[41,35,23]
[-22,47,12];[67,64,45]
[-23,47,12];[152,132,59]
[-24,47,12];[245,206,27]
[-28,47,12];[229,197,50]
[-43,47,12];[47,47,47]
[-46,47,12];[76,75,81]
[40,47,13];[67,67,67]
[-6,47,13];[36,75,144]
[43,44,13];[104,102,105]
[11,43,13];[32,62,134]
[43,43,13];[29,29,29]
[-9,41,13];[28,70,142]
[43,39,13];[56,54,55]
[-60,39,13];[48,47,52]
[-60,38,13];[50,51,55]
[-60,37,13];[62,65,70]
[42,37,13];[53,53,53]
[41,37,13];[53,53,53]
[41,35,13];[42,42,42]
[7,17,13];[245,207,34]
[26,34,13];[66,67,69]
[6,19,12];[231,208,104]
[5,19,12];[52,53,55]
[14,44,14];[3,2,0]
[1,19,12];[55,55,55]
[0,19,12];[56,56,56]
[-3,19,12];[55,55,57]
[-15,16,12];[68,69,73]
[15,9,12];[77,77,77]
[9,8,12];[246,209,33]
[8,8,12];[249,210,19]
[-9,8,12];[102,92,43]
[-10,8,12];[62,63,57]
[-11,8,12];[58,60,59]
[14,8,12];[56,58,57]
[7,8,12];[251,217,34]
[3,8,12];[57,57,55]
[2,8,12];[58,58,58]
[8,51,13];[55,55,55]
[-20,47,12];[53,50,41]
[-25,47,12];[241,202,19]
[-29,47,12];[55,51,40]
[-31,47,12];[55,55,45]
[-37,47,12];[252,213,22]
[-38,47,12];[245,205,19]
[-41,47,12];[229,196,55]
[-42,47,12];[48,47,45]
[-49,47,12];[55,53,41]
[-52,47,12];[51,51,49]
[-53,47,12];[61,58,49]
[-58,47,12];[230,192,33]
[8,47,12];[15,52,141]
[-60,40,13];[59,57,62]
[10,36,12];[16,55,156]
[9,35,12];[10,54,143]
[-19,31,13];[46,46,46]
[13,31,12];[62,62,60]
[8,30,12];[51,51,49]
[2,30,12];[52,53,48]
[-15,30,12];[131,131,129]
[-1,30,12];[50,50,48]
[-47,36,14];[78,177,209]
[-9,30,12];[50,46,35]
[-14,30,12];[44,44,44]
[10,19,12];[55,54,52]
[7,19,12];[251,212,31]
[4,19,12];[53,53,53]
[-54,45,14];[49,51,50]
[3,19,12];[53,55,54]
[-1,19,12];[55,57,56]
[-6,19,12];[244,208,26]
[-9,19,12];[65,61,23]
[-13,19,12];[56,58,57]
[8,19,12];[243,205,16]
[-7,19,12];[244,206,19]
[11,8,12];[59,59,59]
[10,8,12];[71,68,61]
[24,50,12];[57,57,57]
[-4,49,12];[64,58,92]
[-26,47,12];[241,203,18]
[-45,47,12];[65,64,46]
[-51,43,14];[67,64,49]
[-43,48,12];[47,47,45]
[-49,48,12];[57,55,43]
[-52,48,12];[51,51,43]
[-6,48,12];[13,49,123]
[9,46,12];[1,43,141]
[10,46,12];[3,45,147]
[-9,38,13];[54,124,193]
[11,36,12];[16,55,156]
[11,37,13];[21,59,142]
[41,36,13];[30,30,30]
[18,34,12];[44,46,45]
[22,34,12];[51,51,49]
[8,34,12];[11,66,159]
[-6,34,12];[6,38,121]
[26,34,12];[52,52,52]
[24,34,12];[51,51,51]
[23,34,12];[51,51,51]
[25,34,12];[52,52,52]
[16,33,12];[47,47,47]
[22,33,12];[58,59,63]
[-31,32,12];[63,65,64]
[-36,32,12];[63,63,63]
[-43,32,12];[62,62,62]
[-49,32,12];[62,62,62]
[-52,32,12];[61,63,62]
[-20,32,12];[46,46,46]
[-29,32,12];[63,63,63]
[-34,32,12];[63,65,64]
[-48,32,12];[62,64,63]
[14,31,12];[61,61,61]
[11,31,12];[70,70,68]
[6,30,12];[49,50,45]
[1,30,12];[47,48,43]
[-12,30,12];[46,46,44]
[-13,30,12];[47,47,47]
[-58,29,12];[61,62,66]
[-57,28,12];[65,66,68]
[-15,17,12];[65,66,70]
[14,37,16];[27,27,27]
[15,8,12];[60,60,60]
[8,7,12];[248,210,21]
[-6,7,12];[237,203,33]
[-7,7,12];[240,202,29]
[4,7,12];[59,59,59]
[3,7,12];[59,59,57]
[1,7,12];[59,59,59]
[0,7,12];[58,60,59]
[-1,7,12];[58,60,59]
[-2,7,12];[59,61,60]
[-10,7,12];[64,64,56]
[-8,51,12];[55,54,50]
[9,51,12];[66,62,63]
[8,51,12];[58,56,57]
[4,51,12];[58,58,58]
[3,51,12];[58,58,56]
[2,51,12];[58,56,57]
[0,51,12];[62,60,61]
[-6,51,12];[64,62,63]
[-7,51,12];[53,53,53]
[-11,51,12];[55,55,53]
[-18,51,12];[60,60,60]
[34,51,12];[57,57,55]
[29,50,12];[56,56,56]
[28,50,12];[56,56,56]
[27,50,12];[57,57,57]
[25,50,12];[58,56,57]
[23,50,12];[57,57,57]
[21,50,12];[57,57,57]
[18,50,12];[90,90,90]
[12,50,12];[59,59,57]
[11,50,12];[51,51,49]
[4,49,12];[80,71,102]
[0,49,12];[73,91,157]
[-2,49,12];[60,77,133]
[-2,50,15];[36,44,46]
[-19,48,11];[31,27,15]
[-20,48,12];[52,50,38]
[-22,48,12];[63,62,44]
[-24,48,12];[236,200,18]
[-25,48,12];[10,10,12]
[-26,48,12];[236,199,20]
[-27,48,12];[227,193,34]
[-29,48,12];[58,55,46]
[-31,48,11];[60,57,48]
[-37,48,12];[251,211,18]
[-40,48,12];[234,201,38]
[-41,48,12];[100,90,52]
[-42,48,12];[48,48,46]
[-50,48,12];[50,49,45]
[7,48,12];[2,41,132]
[-59,47,12];[186,179,137]
[42,46,12];[59,59,59]
[-7,45,12];[7,40,117]
[-9,41,12];[18,55,136]
[11,40,13];[32,64,139]
[11,40,12];[20,50,120]
[-9,40,12];[20,71,150]
[-60,38,12];[9,9,9]
[35,34,12];[51,51,49]
[30,34,12];[53,53,51]
[21,34,12];[51,51,51]
[20,34,12];[52,52,50]
[19,34,12];[49,49,47]
[17,34,12];[44,45,47]
[37,34,12];[26,26,26]
[31,34,12];[52,52,52]
[25,33,12];[60,61,63]
[-59,33,12];[105,105,107]
[17,33,12];[53,53,53]
[24,33,12];[57,58,60]
[23,33,12];[56,57,61]
[38,33,12];[44,44,46]
[-24,32,12];[59,61,60]
[-25,31,12];[62,64,63]
[-33,32,12];[64,64,64]
[-5,13,13];[232,205,88]
[-39,31,12];[63,65,64]
[-41,32,12];[61,63,62]
[-44,32,12];[63,63,63]
[-50,32,12];[61,61,61]
[-50,31,12];[62,62,62]
[-53,32,12];[64,64,64]
[-54,32,12];[63,63,63]
[-53,31,12];[62,64,63]
[-56,32,12];[60,62,61]
[-58,32,12];[58,60,59]
[-19,31,12];[21,21,21]
[-19,30,12];[26,26,26]
[15,31,12];[60,60,60]
[0,29,12];[51,51,49]
[-3,29,12];[53,53,51]
[28,40,15];[33,38,41]
[-6,30,12];[65,59,25]
[-57,29,12];[70,71,75]
[-15,29,12];[60,60,58]
[-18,29,12];[29,29,29]
[-16,29,11];[37,37,35]
[-17,29,11];[43,43,43]
[-58,28,12];[73,77,80]
[-56,28,12];[62,63,65]
[-56,27,12];[59,60,64]
[-57,27,12];[65,66,68]
[-58,27,12];[67,68,70]
[7,20,12];[247,208,29]
[5,20,12];[51,51,51]
[4,20,12];[52,52,52]
[3,20,12];[54,52,53]
[3,20,11];[53,53,53]
[2,20,12];[54,54,52]
[1,20,12];[55,55,55]
[-1,20,12];[55,55,55]
[-2,20,12];[54,54,54]
[-3,20,11];[54,54,54]
[-6,20,11];[240,204,22]
[-6,20,12];[243,204,23]
[-7,20,12];[208,167,0]
[-9,20,11];[122,114,52]
[-10,20,12];[54,54,52]
[-11,20,12];[53,55,54]
[-11,20,11];[53,54,56]
[-13,20,12];[55,56,58]
[-16,14,12];[63,64,66]
[16,10,12];[62,62,64]
[-15,9,12];[66,66,68]
[-30,36,14];[69,166,182]
[14,7,12];[57,58,60]
[12,7,12];[56,58,57]
[11,6,12];[58,60,59]
[10,7,12];[71,65,53]
[4,6,12];[58,60,59]
[-2,6,12];[59,59,59]
[-5,6,12];[213,191,90]
[-11,7,12];[58,60,59]
[5,7,12];[58,58,58]
[-8,7,12];[247,211,37]
[13,6,12];[56,60,61]
[6,6,12];[216,193,87]
[1,6,12];[61,61,61]
[-6,6,12];[238,204,34]
[5,51,11];[60,60,60]
[-36,48,-9];[45,46,40]
[-3,51,12];[59,57,58]
[-8,51,11];[57,57,57]
[-10,51,12];[57,57,57]
[-9,51,12];[56,56,56]
[-12,51,12];[56,56,54]
[-12,51,11];[57,57,55]
[-13,51,12];[56,56,56]
[-13,51,11];[57,57,55]
[-15,51,12];[61,60,58]
[-59,37,14];[104,105,107]
[33,50,12];[58,58,60]
[31,50,12];[61,61,61]
[28,51,12];[56,56,56]
[11,51,12];[57,57,57]
[-21,48,11];[58,57,39]
[1,51,12];[56,56,56]
[-28,48,11];[74,66,43]
[-34,48,12];[55,53,40]
[-39,48,11];[243,206,27]
[-46,48,12];[63,62,44]
[-45,48,11];[66,63,44]
[-46,48,11];[64,61,42]
[-47,48,11];[69,64,44]
[-48,48,11];[59,56,41]
[-49,48,11];[56,53,46]
[-29,44,14];[236,199,20]
[-51,48,12];[49,50,45]
[-51,48,11];[51,50,46]
[-19,45,15];[65,65,65]
[-37,47,13];[251,213,28]
[-52,48,11];[63,59,47]
[-53,48,12];[69,61,40]
[-53,48,11];[243,214,50]
[38,32,12];[69,69,69]
[-59,48,12];[123,124,93]
[-60,46,12];[51,51,49]
[11,41,12];[19,47,112]
[-60,40,12];[7,7,9]
[-41,40,11];[33,33,31]
[-45,40,11];[55,55,55]
[-44,40,11];[80,80,80]
[2,32,13];[78,76,77]
[-59,40,11];[16,18,17]
[-32,40,11];[31,31,29]
[-48,40,11];[56,56,54]
[-60,40,11];[16,18,17]
[-60,39,12];[11,11,11]
[-43,40,11];[33,33,31]
[11,38,12];[18,53,135]
[9,34,12];[10,65,158]
[40,35,11];[42,42,42]
[34,34,11];[50,50,50]
[21,34,11];[53,55,54]
[19,34,11];[48,50,49]
[17,34,11];[45,47,46]
[4,33,12];[13,84,188]
[3,33,12];[16,90,197]
[21,33,11];[60,61,63]
[17,33,11];[59,59,59]
[27,49,13];[56,56,56]
[-26,31,12];[59,61,60]
[-13,17,13];[58,58,58]
[-29,31,12];[62,64,63]
[-30,31,12];[63,63,63]
[-32,31,12];[64,66,65]
[-33,31,12];[64,66,63]
[-37,31,12];[62,63,65]
[-44,31,12];[61,63,60]
[-52,31,12];[62,62,62]
[-56,31,12];[62,62,62]
[-23,31,12];[56,56,56]
[-34,31,12];[62,64,63]
[-42,31,12];[63,63,61]
[-43,31,12];[62,62,60]
[-49,31,12];[62,62,62]
[12,30,11];[62,62,60]
[-57,29,11];[72,73,77]
[13,30,12];[62,62,60]
[10,30,12];[70,70,70]
[-1,51,13];[62,62,62]
[-2,29,12];[52,52,50]
[9,29,12];[69,68,64]
[5,50,13];[25,26,31]
[6,29,12];[52,52,50]
[5,29,12];[51,51,49]
[4,30,12];[48,49,44]
[4,29,12];[47,48,43]
[-6,49,14];[5,5,5]
[-6,29,12];[201,166,48]
[-8,29,12];[251,217,57]
[-7,29,12];[250,209,19]
[-10,29,12];[41,41,39]
[-19,28,11];[63,63,63]
[-17,28,11];[45,45,45]
[-57,27,11];[65,67,66]
[11,20,12];[56,56,56]
[-7,20,11];[235,198,19]
[15,20,12];[39,40,42]
[16,18,12];[52,52,54]
[16,17,12];[64,65,67]
[16,16,12];[70,72,71]
[16,15,12];[72,73,75]
[-16,11,12];[66,67,69]
[16,9,12];[63,64,66]
[-9,40,13];[31,84,154]
[-15,7,12];[69,68,73]
[-14,6,12];[65,64,69]
[8,6,12];[247,209,20]
[12,51,11];[92,92,92]
[7,51,11];[58,58,56]
[3,51,11];[58,58,58]
[-14,51,11];[57,57,55]
[-15,51,11];[67,67,67]
[19,50,12];[106,105,103]
[18,51,12];[58,57,55]
[38,50,12];[111,110,115]
[37,49,13];[55,57,56]
[-24,48,11];[240,202,15]
[-29,48,11];[56,56,46]
[-34,48,11];[57,55,42]
[-35,48,11];[210,190,121]
[-36,48,11];[251,210,22]
[-41,48,11];[44,44,42]
[-42,48,11];[47,47,47]
[-58,48,11];[222,193,55]
[-1,49,12];[83,81,120]
[-5,48,12];[9,43,117]
[43,45,12];[62,62,62]
[43,45,11];[89,89,89]
[11,45,12];[4,48,134]
[11,44,12];[20,55,137]
[-60,44,12];[46,47,49]
[-9,42,12];[16,54,135]
[-34,41,11];[76,77,72]
[-38,40,11];[51,51,51]
[-36,41,11];[53,53,53]
[-37,41,11];[53,53,53]
[-38,41,11];[51,51,51]
[-42,40,11];[33,33,31]
[-40,41,11];[42,42,40]
[-42,41,11];[33,33,31]
[-45,41,11];[58,60,59]
[-46,41,11];[58,60,59]
[43,38,13];[51,51,49]
[-47,40,11];[51,51,51]
[3,8,13];[56,56,56]
[-48,41,11];[56,56,54]
[-49,41,11];[56,56,54]
[-51,40,11];[3,3,3]
[-52,41,11];[51,53,52]
[-53,41,11];[94,85,42]
[-55,41,11];[3,3,3]
[-56,40,11];[4,4,4]
[-16,17,12];[51,51,51]
[-57,40,11];[6,8,7]
[-56,41,11];[47,48,43]
[-58,41,11];[8,7,5]
[-30,41,11];[26,26,24]
[-30,40,11];[119,123,122]
[-22,41,11];[43,43,41]
[-26,41,11];[67,69,66]
[-22,40,11];[71,73,70]
[-25,40,11];[59,59,59]
[-26,40,11];[75,77,74]
[-29,40,11];[125,130,126]
[25,48,14];[58,57,55]
[-29,39,11];[200,166,30]
[-36,39,11];[53,53,53]
[-54,39,11];[3,3,3]
[-55,39,11];[3,3,3]
[-58,39,11];[7,7,7]
[43,38,12];[52,52,50]
[1,39,11];[89,117,164]
[0,39,11];[85,116,162]
[-1,39,11];[86,114,161]
[-25,39,11];[60,60,60]
[-26,39,11];[75,77,74]
[-4,30,14];[45,46,48]
[-35,39,11];[53,55,54]
[7,39,11];[84,114,164]
[-38,39,11];[51,51,51]
[-39,39,11];[51,51,51]
[-43,39,11];[80,82,79]
[-46,39,11];[80,82,79]
[33,43,15];[44,44,44]
[-50,39,11];[3,3,3]
[-57,39,11];[8,8,8]
[-60,39,11];[11,11,11]
[4,38,11];[88,119,163]
[-53,38,11];[6,5,3]
[11,37,12];[23,56,137]
[11,36,11];[12,58,156]
[0,15,13];[55,55,55]
[-60,36,12];[22,22,22]
[-60,34,12];[70,71,75]
[36,34,11];[176,181,185]
[-4,33,12];[19,70,177]
[16,32,11];[36,36,36]
[-59,32,12];[99,103,106]
[11,30,11];[64,64,62]
[15,30,11];[60,60,62]
[14,30,12];[59,63,62]
[11,30,12];[70,70,68]
[8,29,12];[32,27,21]
[7,30,12];[49,49,47]
[-12,29,11];[45,45,45]
[-13,29,12];[46,46,46]
[-9,29,12];[49,43,27]
[-19,27,11];[67,68,70]
[-18,27,11];[61,61,59]
[-16,18,12];[63,64,66]
[-16,15,12];[69,70,72]
[17,12,12];[66,67,71]
[16,8,12];[60,61,63]
[6,6,11];[130,110,21]
[-3,6,11];[61,61,61]
[-4,51,11];[58,58,58]
[-17,51,11];[58,56,57]
[-18,51,11];[57,57,57]
[-47,43,14];[53,53,45]
[-19,49,12];[37,34,19]
[-56,48,11];[202,178,80]
[-57,48,11];[228,193,49]
[-59,47,11];[28,28,28]
[41,46,12];[62,62,62]
[11,43,12];[22,54,127]
[11,42,12];[24,54,126]
[-33,42,11];[210,176,52]
[-34,42,11];[210,176,50]
[-35,41,11];[54,56,55]
[14,40,12];[47,45,58]
[-39,42,11];[42,42,42]
[-41,42,11];[34,35,30]
[-42,42,11];[33,33,31]
[-44,42,11];[33,33,31]
[-6,8,13];[241,207,35]
[-46,42,11];[73,97,167]
[-50,42,11];[78,91,123]
[-53,42,11];[3,4,6]
[3,42,11];[85,114,156]
[-21,42,11];[50,50,48]
[-22,42,11];[50,50,48]
[-23,41,11];[59,59,59]
[-23,42,11];[47,38,5]
[-25,42,11];[75,77,74]
[-29,41,11];[125,130,126]
[-30,42,11];[56,58,57]
[8,42,11];[85,116,162]
[11,41,11];[28,57,115]
[8,41,11];[85,116,163]
[-22,35,14];[57,57,57]
[7,41,11];[84,116,165]
[4,41,11];[84,113,157]
[0,41,11];[90,118,165]
[21,37,14];[53,55,54]
[-1,41,11];[94,118,166]
[3,40,11];[84,114,164]
[2,40,11];[85,117,166]
[0,40,11];[90,117,168]
[8,40,11];[84,116,167]
[-1,40,11];[91,118,169]
[5,39,11];[75,106,160]
[9,39,11];[81,113,162]
[10,39,11];[68,100,151]
[-4,39,11];[72,105,156]
[-6,39,11];[80,112,163]
[-9,38,12];[44,112,187]
[11,38,11];[9,47,130]
[3,38,11];[90,119,163]
[-36,38,11];[53,53,53]
[-39,38,11];[50,50,48]
[-49,38,11];[59,59,57]
[-50,38,11];[3,3,3]
[-55,38,11];[3,3,3]
[-59,38,11];[11,11,11]
[-33,38,11];[54,54,46]
[-37,38,11];[53,53,53]
[-41,38,11];[50,50,48]
[-45,38,11];[80,82,79]
[-13,41,14];[11,9,12]
[-36,42,14];[58,58,48]
[-46,38,11];[80,82,79]
[-47,38,11];[56,56,54]
[-56,38,11];[5,5,5]
[-57,38,11];[4,4,4]
[-60,38,11];[12,12,12]
[-20,38,11];[62,64,61]
[-23,38,11];[57,59,58]
[-24,38,11];[48,50,49]
[-31,38,11];[195,165,51]
[-42,38,11];[50,50,48]
[-43,38,11];[50,50,48]
[0,38,11];[92,120,167]
[-34,38,11];[59,61,60]
[4,50,14];[24,25,29]
[-8,36,12];[25,75,160]
[-7,36,11];[14,59,142]
[31,34,11];[51,51,49]
[30,34,11];[50,50,50]
[8,34,11];[10,58,158]
[28,33,11];[61,61,63]
[24,33,11];[52,53,57]
[-59,32,11];[34,34,34]
[18,32,11];[60,61,63]
[-19,31,11];[18,18,16]
[-20,31,11];[19,21,20]
[-35,31,11];[65,65,65]
[-53,31,11];[60,60,58]
[-55,31,11];[52,52,50]
[-57,30,11];[36,36,36]
[27,38,16];[37,37,37]
[14,21,11];[54,56,55]
[12,6,11];[59,61,58]
[10,6,11];[76,69,50]
[9,6,11];[246,206,30]
[7,6,11];[250,215,37]
[2,6,11];[62,62,62]
[3,6,11];[62,62,62]
[-4,6,11];[63,63,63]
[-5,6,11];[231,207,85]
[-12,6,11];[62,62,62]
[9,51,11];[57,57,57]
[38,49,12];[66,66,68]
[-3,49,11];[5,46,128]
[-31,42,11];[27,27,25]
[-32,42,11];[204,176,69]
[-37,42,11];[51,51,51]
[-51,42,11];[57,58,60]
[16,40,12];[61,121,251]
[2,42,11];[89,118,162]
[-29,42,11];[72,74,71]
[0,42,11];[88,114,162]
[-1,42,11];[89,117,164]
[-5,42,11];[81,113,164]
[-23,48,11];[248,208,22]
[10,41,11];[81,112,158]
[11,42,11];[14,43,111]
[7,42,11];[85,117,166]
[-6,41,11];[85,115,165]
[-7,41,11];[84,112,160]
[7,40,11];[85,115,167]
[-4,40,11];[79,109,159]
[-5,40,11];[87,114,165]
[6,40,11];[17,52,120]
[-7,39,11];[50,81,136]
[-8,39,11];[79,110,164]
[-4,38,11];[75,109,157]
[-6,38,11];[78,110,159]
[7,38,11];[82,114,161]
[-5,38,11];[80,112,161]
[11,37,11];[10,55,158]
[9,38,11];[84,115,161]
[8,38,11];[84,115,161]
[-28,38,11];[199,166,37]
[-40,37,11];[50,50,48]
[-43,37,11];[50,50,48]
[2,37,11];[90,119,163]
[-49,39,11];[56,56,54]
[-23,37,11];[21,20,16]
[-39,37,11];[50,50,48]
[-50,37,11];[3,3,3]
[-55,37,11];[5,5,5]
[-57,37,11];[4,4,4]
[-27,37,11];[58,58,56]
[-34,47,13];[57,57,45]
[-29,37,11];[189,165,69]
[-30,37,11];[60,59,39]
[-37,37,11];[53,53,53]
[-42,37,11];[50,50,48]
[-45,37,11];[80,82,79]
[-47,37,11];[56,58,57]
[-48,37,11];[56,58,57]
[-49,37,11];[57,59,58]
[-56,37,11];[5,5,5]
[-40,35,13];[60,56,55]
[-58,37,11];[4,4,4]
[-1,33,12];[6,70,170]
[-3,33,11];[3,33,131]
[-2,33,11];[2,60,157]
[37,33,11];[46,46,44]
[-25,31,11];[56,56,56]
[-41,31,11];[60,60,58]
[-45,31,11];[61,61,59]
[-48,31,11];[62,62,62]
[-5,19,12];[222,194,84]
[-51,31,11];[61,63,62]
[-52,31,11];[61,61,61]
[-22,31,11];[39,39,39]
[-43,31,11];[60,60,58]
[-43,30,11];[57,56,51]
[-47,31,11];[60,61,56]
[-58,30,11];[36,36,36]
[6,29,11];[33,30,23]
[4,29,11];[55,55,53]
[-9,29,11];[42,42,30]
[5,29,11];[34,33,29]
[3,29,11];[52,54,51]
[2,29,11];[53,53,51]
[-3,28,11];[39,38,36]
[-6,29,11];[120,93,22]
[-8,29,11];[248,208,48]
[-21,28,11];[19,19,19]
[-22,26,11];[45,45,45]
[12,21,11];[54,54,54]
[10,21,11];[54,52,53]
[7,21,11];[243,204,21]
[3,21,11];[51,51,51]
[3,22,11];[48,48,48]
[0,21,11];[52,52,52]
[-1,21,11];[53,53,51]
[-3,21,11];[53,53,53]
[-10,21,11];[53,54,48]
[-13,21,11];[53,54,56]
[16,11,11];[60,60,62]
[-7,6,11];[236,200,26]
[-6,6,11];[237,203,35]
[6,52,11];[57,57,57]
[15,12,13];[55,57,56]
[3,52,10];[56,58,57]
[2,51,11];[57,59,58]
[-16,45,14];[5,7,6]
[-5,51,11];[56,56,56]
[-9,51,11];[55,55,55]
[-10,51,11];[56,56,56]
[-13,52,11];[56,56,56]
[-13,52,10];[56,56,56]
[10,52,11];[69,71,70]
[33,51,11];[59,59,59]
[31,51,11];[58,58,58]
[28,51,11];[56,56,58]
[22,51,11];[57,57,57]
[20,51,11];[57,57,55]
[19,52,11];[57,57,57]
[19,51,11];[56,56,54]
[18,51,11];[55,57,54]
[15,51,11];[56,56,54]
[-20,49,11];[60,55,35]
[-21,49,11];[66,63,44]
[-23,49,11];[242,202,16]
[-13,6,12];[61,61,61]
[-30,49,11];[55,55,47]
[-30,49,10];[56,56,46]
[-38,49,11];[243,205,20]
[-37,49,11];[244,205,14]
[-38,49,10];[241,203,30]
[-39,49,10];[219,192,61]
[-45,49,11];[65,62,43]
[43,44,14];[74,69,73]
[-45,49,10];[66,63,44]
[31,43,16];[29,31,28]
[-46,49,11];[66,63,44]
[-47,49,11];[70,68,43]
[-53,49,11];[246,207,18]
[-55,49,11];[248,208,24]
[-57,49,11];[228,196,49]
[-11,10,13];[57,59,58]
[-2,49,11];[10,49,128]
[-59,48,11];[93,94,96]
[-59,48,10];[58,58,58]
[40,47,12];[59,59,59]
[-7,47,11];[19,74,157]
[-20,43,11];[197,169,59]
[-35,43,11];[53,55,54]
[-46,43,11];[47,70,138]
[-48,43,11];[2,4,16]
[-53,43,11];[3,4,6]
[-54,43,11];[4,4,4]
[-58,43,11];[7,7,7]
[-59,43,11];[7,8,10]
[4,43,11];[87,114,159]
[3,43,11];[88,117,161]
[3,43,10];[88,117,161]
[1,43,11];[89,117,164]
[-25,43,11];[42,44,39]
[-24,43,11];[13,15,12]
[11,43,10];[4,36,111]
[10,43,11];[46,88,160]
[6,51,13];[64,62,63]
[7,43,11];[86,118,167]
[5,43,11];[75,111,169]
[-4,43,11];[74,105,162]
[10,42,11];[71,110,169]
[-6,43,11];[80,114,160]
[-2,43,11];[87,115,162]
[-27,43,11];[67,69,68]
[-71,42,11];[43,43,43]
[6,41,11];[60,98,161]
[-27,42,11];[67,69,68]
[-2,42,10];[86,116,166]
[-9,42,11];[27,68,147]
[-8,42,11];[88,116,164]
[-28,41,11];[131,133,119]
[-72,41,11];[50,50,50]
[-73,41,11];[44,44,44]
[43,41,12];[25,25,25]
[-4,50,12];[81,88,107]
[-68,41,11];[51,51,51]
[-8,41,11];[90,116,164]
[-71,41,11];[53,53,53]
[-68,40,11];[51,53,52]
[43,40,12];[24,24,24]
[-3,41,10];[63,104,166]
[-8,40,11];[78,108,158]
[-8,40,10];[79,109,159]
[-70,40,11];[28,29,31]
[-71,40,11];[46,46,46]
[-72,40,11];[55,55,55]
[-27,40,11];[67,69,68]
[-5,51,12];[63,61,62]
[-72,39,10];[51,51,51]
[-72,40,10];[56,56,56]
[-68,39,11];[49,51,50]
[-3,39,11];[44,85,151]
[-3,38,11];[44,85,151]
[-27,38,11];[195,170,67]
[-73,38,11];[50,50,48]
[42,37,12];[54,54,52]
[6,38,10];[62,94,167]
[6,38,11];[68,100,173]
[-8,37,11];[51,108,187]
[-68,38,11];[51,51,51]
[-69,38,11];[48,49,51]
[6,37,11];[70,102,159]
[5,37,10];[65,103,165]
[-6,37,11];[75,108,159]
[5,37,11];[81,113,162]
[4,36,11];[89,117,164]
[-22,37,11];[50,52,49]
[10,37,11];[0,24,88]
[9,37,10];[34,74,125]
[-28,37,11];[45,39,15]
[-35,37,11];[59,61,60]
[8,37,10];[83,114,158]
[2,36,11];[94,122,162]
[-70,37,11];[47,48,52]
[-70,36,11];[50,55,59]
[-71,36,11];[48,52,55]
[1,36,11];[94,121,164]
[-32,36,11];[53,53,53]
[-41,36,11];[50,50,48]
[0,33,11];[4,59,160]
[33,33,11];[100,99,104]
[32,33,11];[158,160,157]
[36,33,11];[187,194,204]
[31,33,11];[200,202,201]
[35,33,11];[197,204,214]
[29,32,11];[63,63,63]
[23,32,11];[61,62,66]
[22,32,11];[59,59,59]
[21,31,11];[45,45,43]
[-59,31,11];[88,89,93]
[16,31,11];[17,17,17]
[-27,31,11];[59,61,60]
[-27,30,11];[51,51,49]
[-29,31,11];[61,61,61]
[-30,31,11];[63,63,63]
[-37,31,11];[64,64,64]
[-38,31,11];[62,62,60]
[-44,30,11];[58,57,52]
[1,33,12];[19,83,191]
[-46,31,11];[61,61,59]
[-30,43,11];[54,58,57]
[-47,30,11];[60,57,52]
[-54,30,11];[47,47,45]
[-13,15,13];[57,57,57]
[-24,30,11];[39,39,39]
[-34,30,11];[63,60,51]
[-48,30,11];[58,55,48]
[13,29,11];[59,61,60]
[12,29,11];[59,59,59]
[3,28,11];[43,42,40]
[2,28,11];[44,43,41]
[9,28,11];[243,205,34]
[8,28,11];[245,209,25]
[3,39,11];[90,119,163]
[-2,28,11];[39,39,37]
[-11,29,11];[42,42,42]
[8,51,11];[58,57,55]
[-13,28,11];[43,43,43]
[-16,28,11];[8,6,7]
[-18,26,11];[37,37,37]
[-20,26,11];[73,74,76]
[7,22,11];[242,207,19]
[2,22,11];[49,49,47]
[-31,36,13];[0,59,81]
[-6,47,12];[11,48,119]
[4,22,11];[46,48,47]
[-2,22,11];[49,49,49]
[-37,39,11];[54,54,54]
[-12,22,11];[51,51,51]
[-13,22,11];[50,50,50]
[9,21,11];[239,200,9]
[9,22,11];[239,199,15]
[-7,22,11];[203,165,4]
[10,20,12];[59,58,56]
[15,21,11];[41,42,44]
[-15,21,11];[32,34,33]
[-15,19,11];[62,63,65]
[-16,19,11];[45,45,47]
[-16,13,11];[69,70,72]
[13,5,11];[60,62,61]
[-6,5,11];[233,200,37]
[8,5,11];[247,209,20]
[5,5,11];[60,62,61]
[-14,9,13];[62,63,65]
[-12,5,11];[64,64,64]
[10,5,11];[72,69,64]
[-1,5,11];[63,65,64]
[13,52,11];[71,71,71]
[1,51,11];[56,58,57]
[-2,52,11];[56,56,56]
[-3,52,11];[56,56,56]
[-3,52,10];[56,56,56]
[27,51,11];[57,57,57]
[26,51,11];[56,56,56]
[21,51,11];[56,56,54]
[15,52,11];[57,57,55]
[-56,42,14];[52,54,53]
[-22,49,11];[252,214,27]
[-23,49,10];[240,202,15]
[-28,49,10];[56,56,46]
[-32,49,11];[54,54,44]
[-33,49,11];[61,59,44]
[-41,49,11];[48,48,46]
[-41,49,10];[45,45,43]
[38,49,13];[105,106,110]
[-42,49,11];[45,45,45]
[-42,49,10];[49,50,45]
[-43,49,10];[66,63,46]
[-47,49,10];[62,61,41]
[24,44,13];[49,44,38]
[-49,49,11];[51,50,45]
[-49,49,10];[53,53,45]
[-51,49,11];[54,51,46]
[-54,49,11];[243,203,19]
[6,49,11];[40,73,152]
[7,49,11];[13,57,146]
[39,48,12];[67,67,67]
[11,44,11];[15,44,118]
[-8,44,12];[4,56,142]
[-19,44,11];[112,107,85]
[0,43,10];[88,116,164]
[-9,44,11];[12,54,140]
[-23,44,11];[117,104,51]
[-24,44,11];[42,44,39]
[-29,44,11];[61,63,62]
[-31,43,11];[56,57,59]
[-32,44,11];[24,25,27]
[-35,44,11];[54,54,54]
[-36,44,11];[53,53,53]
[-36,43,11];[53,53,53]
[-37,44,11];[55,55,55]
[-38,44,11];[34,34,34]
[11,39,12];[21,54,125]
[-39,44,11];[43,43,43]
[-40,43,11];[54,48,34]
[5,32,13];[64,62,65]
[-42,44,11];[198,173,70]
[-41,44,11];[35,34,30]
[-42,43,11];[33,33,31]
[-43,43,11];[33,33,31]
[-44,43,11];[33,33,31]
[-43,44,11];[63,58,28]
[-46,44,11];[54,54,54]
[-49,44,11];[5,5,5]
[-55,44,11];[4,4,2]
[-43,41,14];[246,209,17]
[-56,44,11];[5,5,5]
[19,37,14];[44,44,44]
[-57,43,11];[4,4,4]
[-58,44,11];[8,8,8]
[-60,43,11];[20,18,19]
[-59,44,11];[8,8,8]
[43,43,12];[28,28,28]
[-1,43,10];[88,116,164]
[10,43,10];[68,103,161]
[8,43,10];[87,115,163]
[-5,43,11];[82,114,163]
[5,43,10];[65,106,168]
[-7,43,10];[87,115,162]
[-4,42,11];[80,113,166]
[-3,42,11];[54,92,157]
[-46,46,13];[65,62,47]
[-19,41,11];[50,50,48]
[-27,41,11];[67,69,68]
[-9,45,14];[91,97,121]
[43,41,11];[20,20,20]
[43,39,12];[58,58,58]
[-27,39,10];[52,54,53]
[-71,38,11];[20,18,19]
[-70,38,10];[46,47,49]
[-71,38,10];[48,48,48]
[-72,38,10];[56,56,56]
[-3,38,10];[78,110,167]
[-71,37,10];[51,51,51]
[-28,38,10];[54,54,52]
[-4,18,12];[57,57,57]
[41,37,12];[54,54,52]
[-8,37,10];[19,39,72]
[-8,36,11];[23,70,158]
[-69,37,10];[43,43,45]
[10,36,10];[30,84,192]
[-6,37,10];[65,100,154]
[-37,36,11];[53,53,53]
[-47,36,11];[52,54,53]
[-49,36,11];[53,55,54]
[0,36,10];[94,121,164]
[-34,36,11];[5,5,5]
[-43,36,11];[50,50,48]
[-53,36,11];[16,6,0]
[-70,36,10];[44,48,49]
[-71,36,10];[51,52,54]
[9,35,11];[14,60,158]
[-27,36,11];[39,40,35]
[-29,36,11];[19,19,17]
[-39,36,11];[53,53,53]
[-44,36,11];[51,53,52]
[-48,36,11];[53,55,54]
[-51,36,11];[3,3,3]
[-52,36,10];[3,3,3]
[-54,36,11];[5,5,5]
[-58,36,11];[4,4,4]
[-60,36,11];[21,21,23]
[-60,35,11];[23,23,25]
[-60,34,11];[24,24,24]
[40,33,11];[29,29,29]
[5,33,11];[4,67,172]
[4,33,11];[5,60,161]
[-19,47,13];[36,32,21]
[37,32,10];[37,33,30]
[28,32,11];[59,59,59]
[25,32,11];[15,15,13]
[17,32,11];[27,27,27]
[20,31,11];[42,42,42]
[37,32,11];[84,80,79]
[-21,30,11];[16,18,17]
[-31,30,11];[55,52,45]
[-32,30,11];[53,50,43]
[-42,30,11];[60,59,55]
[-50,30,11];[53,53,45]
[-51,30,11];[50,49,45]
[-56,30,11];[14,14,14]
[-36,30,11];[60,57,48]
[-39,30,11];[57,57,49]
[30,44,15];[33,33,33]
[-40,30,11];[57,56,51]
[-47,48,12];[64,61,42]
[16,30,11];[2,2,2]
[-58,29,11];[59,63,66]
[-15,28,11];[45,45,45]
[-21,25,10];[70,71,73]
[14,22,11];[52,54,53]
[12,22,11];[51,51,51]
[1,22,11];[49,49,49]
[-1,22,11];[49,49,47]
[-5,22,11];[227,196,71]
[-9,22,11];[64,59,29]
[-11,22,11];[48,50,49]
[16,20,11];[60,60,60]
[-16,18,11];[82,82,84]
[-17,15,11];[32,33,35]
[-17,14,11];[40,40,40]
[-17,13,11];[46,46,46]
[16,9,10];[53,54,56]
[16,8,11];[62,63,65]
[10,38,11];[87,117,169]
[16,7,11];[55,56,58]
[-15,5,11];[52,50,53]
[-7,5,11];[219,177,31]
[4,9,13];[56,56,56]
[-14,5,11];[70,71,75]
[13,5,10];[63,63,63]
[4,5,11];[60,62,61]
[3,5,11];[63,63,63]
[21,41,12];[59,122,253]
[1,5,11];[64,64,64]
[1,5,10];[66,68,67]
[-2,5,10];[64,66,65]
[-5,5,11];[221,198,94]
[-10,5,10];[77,75,63]
[11,31,14];[38,34,22]
[5,52,10];[57,57,57]
[4,52,11];[56,56,56]
[5,52,11];[56,56,56]
[-1,52,11];[57,57,57]
[-8,52,11];[56,58,57]
[-8,52,10];[55,57,56]
[-11,52,10];[56,56,56]
[-12,52,10];[56,56,54]
[-16,52,11];[56,56,56]
[36,51,11];[56,56,56]
[24,51,11];[57,57,57]
[-19,50,11];[41,32,14]
[-24,49,10];[242,203,10]
[-27,49,11];[224,202,119]
[-48,49,10];[61,58,43]
[-50,49,10];[53,53,45]
[-53,49,10];[240,202,17]
[-52,49,10];[245,215,39]
[38,49,11];[61,61,61]
[3,49,11];[11,55,142]
[0,49,11];[11,47,131]
[7,48,11];[25,66,156]
[41,47,11];[57,57,57]
[10,46,11];[9,45,121]
[9,46,11];[9,44,125]
[-60,45,11];[9,9,9]
[10,45,11];[12,46,120]
[-7,46,12];[6,38,111]
[-7,46,11];[16,73,162]
[-20,44,11];[197,169,59]
[-22,44,10];[195,173,87]
[-29,44,10];[61,63,62]
[-32,44,10];[24,26,25]
[-36,44,10];[50,50,50]
[-44,44,10];[55,57,56]
[-46,44,10];[54,56,55]
[-47,44,10];[73,97,167]
[-48,44,11];[2,5,14]
[-49,44,10];[5,5,5]
[-50,44,10];[5,5,5]
[-52,44,11];[3,4,6]
[-14,13,13];[61,63,62]
[-54,44,11];[4,4,4]
[-57,44,10];[8,8,8]
[-59,44,10];[8,8,8]
[-60,44,10];[29,29,29]
[-8,45,11];[6,35,111]
[-8,44,11];[12,52,137]
[-2,43,10];[91,119,166]
[-8,43,10];[15,44,102]
[-28,43,11];[66,68,67]
[-3,42,10];[65,105,166]
[-70,43,10];[58,59,63]
[-71,43,10];[23,23,23]
[13,36,15];[30,30,28]
[-71,42,10];[50,50,50]
[-72,42,10];[48,48,48]
[-28,41,10];[117,119,114]
[-27,41,10];[117,120,113]
[-73,41,10];[36,37,39]
[-73,40,10];[11,11,11]
[-19,40,11];[50,50,48]
[-73,39,10];[11,11,11]
[-19,38,11];[52,54,51]
[-27,38,10];[47,49,46]
[-19,37,11];[61,63,60]
[6,37,10];[61,90,164]
[41,36,11];[52,52,52]
[8,36,10];[97,126,170]
[4,36,10];[84,115,161]
[3,36,10];[90,119,161]
[-5,36,10];[69,102,155]
[-22,36,11];[186,165,76]
[10,35,10];[6,50,159]
[7,36,10];[69,108,167]
[-33,36,11];[53,53,53]
[-20,36,11];[62,79,123]
[2,33,11];[6,47,152]
[-60,33,11];[49,50,54]
[37,31,11];[49,49,49]
[38,31,11];[88,90,89]
[-55,30,11];[39,39,37]
[-46,30,11];[56,55,50]
[-52,30,11];[50,49,45]
[15,29,11];[59,60,62]
[10,29,11];[60,57,50]
[0,28,11];[43,42,40]
[-1,28,11];[46,45,43]
[-5,28,11];[72,60,20]
[-8,28,11];[249,206,39]
[-9,28,11];[43,43,31]
[-10,28,11];[40,39,37]
[-11,28,11];[40,40,38]
[-56,28,11];[40,41,46]
[25,28,10];[48,49,53]
[-17,52,11];[56,56,54]
[24,28,10];[60,60,60]
[-17,26,11];[1,1,1]
[-57,25,11];[69,69,67]
[13,22,11];[50,52,51]
[15,21,10];[53,55,54]
[-16,15,11];[37,39,38]
[17,14,11];[63,63,65]
[-16,10,11];[72,74,73]
[17,10,11];[54,56,55]
[2,5,10];[65,67,66]
[-1,5,10];[64,66,65]
[-7,5,10];[237,202,36]
[-12,5,10];[66,66,66]
[7,5,10];[248,212,38]
[9,47,12];[0,41,146]
[5,5,10];[64,64,64]
[-3,5,10];[65,67,66]
[-4,5,10];[66,66,66]
[-14,5,10];[67,68,72]
[8,52,10];[56,56,56]
[-1,52,10];[56,56,56]
[-7,52,10];[56,56,56]
[-10,52,11];[56,56,56]
[-14,52,10];[57,57,55]
[35,51,11];[55,55,55]
[-5,48,11];[2,28,103]
[40,47,11];[58,58,58]
[8,48,11];[3,43,131]
[-33,44,10];[24,26,25]
[-34,44,10];[24,26,25]
[-43,44,10];[56,56,56]
[29,42,16];[40,41,43]
[-45,44,10];[55,57,56]
[-51,44,10];[4,4,4]
[-53,44,10];[4,4,6]
[-54,44,10];[5,5,5]
[-56,44,10];[5,5,5]
[11,45,10];[9,38,106]
[-21,44,10];[193,168,68]
[10,44,10];[0,33,113]
[9,44,10];[81,114,159]
[-5,44,10];[82,114,163]
[-2,44,10];[86,114,162]
[-3,43,10];[62,100,163]
[-28,42,10];[59,63,62]
[43,40,9];[15,15,15]
[-19,39,11];[50,50,48]
[-21,38,10];[61,61,51]
[42,38,10];[52,52,52]
[5,36,10];[72,104,155]
[-4,36,10];[39,75,127]
[-7,36,10];[9,46,127]
[-59,31,10];[50,50,50]
[-8,42,10];[80,112,161]
[-20,30,11];[13,15,14]
[-20,29,11];[6,6,6]
[26,28,10];[99,100,104]
[-20,28,11];[65,65,65]
[-3,28,10];[35,35,33]
[-8,28,10];[245,204,36]
[-12,28,11];[43,43,43]
[26,27,10];[65,68,73]
[-16,27,11];[9,8,6]
[-17,27,11];[4,3,1]
[-56,26,11];[45,45,47]
[11,22,10];[46,48,45]
[10,22,10];[68,61,35]
[4,22,10];[41,43,42]
[-2,22,10];[46,46,48]
[16,19,10];[83,84,86]
[-16,17,11];[90,91,93]
[17,16,11];[82,83,85]
[9,51,15];[64,64,64]
[17,15,11];[81,81,83]
[-16,11,11];[62,63,65]
[9,5,10];[242,204,33]
[-9,5,10];[182,165,87]
[1,52,10];[56,56,56]
[0,52,10];[55,57,56]
[-9,52,10];[55,57,56]
[-16,52,10];[55,57,56]
[-17,52,10];[56,56,56]
[-28,50,10];[55,55,45]
[-60,47,11];[53,52,47]
[-60,46,11];[59,58,56]
[-25,44,10];[43,44,38]
[8,44,10];[85,116,162]
[38,38,15];[65,66,68]
[7,44,10];[86,116,166]
[82,14,3];[90,90,90]
[-4,44,10];[83,115,174]
[-51,40,14];[66,64,49]
[43,44,11];[131,129,130]
[-8,44,10];[21,57,141]
[-27,42,10];[67,69,68]
[-21,41,10];[52,54,51]
[-75,41,10];[65,65,65]
[-22,40,10];[56,58,55]
[14,6,12];[56,57,59]
[-24,40,10];[32,32,30]
[-25,40,10];[55,57,56]
[-68,41,10];[48,48,48]
[-26,40,10];[70,72,69]
[-1,33,11];[2,60,157]
[-64,40,10];[25,25,25]
[-74,40,10];[4,4,4]
[-23,39,10];[35,31,28]
[-68,38,10];[44,44,44]
[-74,39,10];[3,3,3]
[-21,37,10];[64,61,42]
[-73,37,10];[47,46,44]
[6,36,10];[34,66,139]
[9,11,13];[244,204,31]
[-11,31,13];[43,43,41]
[-69,36,10];[48,48,48]
[9,35,10];[10,66,187]
[-6,35,10];[0,22,73]
[-21,35,10];[47,46,41]
[-11,11,13];[58,58,58]
[-23,35,10];[201,167,43]
[-30,35,10];[30,30,28]
[-32,35,10];[73,68,48]
[-42,35,10];[50,50,48]
[-51,35,10];[16,16,16]
[-55,35,10];[4,4,4]
[-59,35,10];[13,13,13]
[-60,35,10];[8,8,8]
[-35,35,10];[5,5,5]
[-39,35,10];[53,53,53]
[-53,35,10];[4,4,4]
[-10,29,11];[43,44,39]
[-54,35,10];[4,4,4]
[-58,35,10];[13,13,13]
[9,22,10];[235,196,7]
[7,33,11];[3,55,164]
[39,33,11];[29,29,31]
[25,29,10];[110,112,111]
[-24,30,10];[30,30,30]
[-24,29,10];[26,26,26]
[-37,30,10];[51,48,39]
[-48,30,10];[49,46,37]
[-27,30,10];[38,38,36]
[-34,30,10];[45,45,35]
[-36,30,10];[49,46,37]
[-41,30,10];[47,46,41]
[-43,30,10];[50,47,40]
[-52,30,10];[40,39,34]
[-56,30,10];[19,19,19]
[-42,27,10];[57,58,60]
[15,28,10];[50,50,50]
[14,52,10];[54,54,54]
[6,28,10];[41,37,25]
[3,28,10];[37,38,33]
[-5,28,10];[74,60,15]
[-30,27,10];[56,58,57]
[-41,27,10];[56,58,57]
[-19,25,10];[40,42,41]
[-20,24,10];[56,56,58]
[8,22,10];[238,200,3]
[5,22,10];[42,42,42]
[12,5,11];[60,62,61]
[-1,22,10];[47,47,47]
[-3,22,10];[45,45,43]
[-5,22,10];[225,193,58]
[-9,22,10];[62,55,13]
[-3,49,12];[65,72,124]
[-11,22,10];[44,44,44]
[-14,22,10];[49,49,49]
[-16,10,10];[41,42,46]
[1,53,10];[54,56,55]
[10,53,10];[58,58,58]
[33,52,10];[58,58,60]
[23,52,10];[57,59,58]
[21,52,10];[58,58,58]
[8,30,13];[42,42,40]
[19,52,10];[57,57,55]
[-27,50,9];[57,57,47]
[-35,50,10];[252,212,16]
[-59,49,11];[59,59,59]
[39,48,11];[69,69,69]
[40,48,10];[58,58,58]
[-26,45,10];[52,52,50]
[-31,45,10];[57,59,58]
[-33,45,10];[116,116,116]
[-38,45,10];[12,12,10]
[32,37,15];[32,32,32]
[-39,45,10];[12,12,10]
[-45,45,10];[55,57,56]
[-46,45,10];[55,57,56]
[-48,45,10];[4,5,9]
[-49,45,10];[5,5,5]
[-54,45,10];[5,5,5]
[-58,45,10];[8,8,8]
[-59,45,10];[7,7,5]
[-60,45,10];[13,13,13]
[10,45,10];[7,40,109]
[9,45,10];[14,56,140]
[-8,45,9];[0,25,100]
[-8,45,10];[13,49,125]
[-3,44,10];[56,95,164]
[-75,42,10];[56,57,59]
[-63,42,10];[58,57,62]
[-66,42,10];[46,48,47]
[0,37,11];[92,119,162]
[-25,41,9];[70,72,69]
[-26,41,10];[67,69,68]
[-65,42,10];[49,50,52]
[-23,41,10];[40,41,35]
[-24,41,9];[55,57,56]
[-24,41,10];[55,57,56]
[-74,41,10];[4,4,4]
[9,20,12];[240,202,15]
[-66,40,10];[48,52,51]
[-19,40,10];[50,50,48]
[-62,39,10];[9,10,12]
[-67,40,9];[19,17,18]
[-20,39,10];[57,57,57]
[-26,39,10];[55,57,56]
[-20,38,10];[58,59,54]
[-24,38,10];[33,32,28]
[-26,38,10];[56,58,57]
[-22,38,9];[23,22,18]
[-26,38,9];[60,60,58]
[-23,37,10];[2,1,0]
[-24,37,9];[69,63,39]
[-26,37,10];[60,60,58]
[-25,37,10];[2,1,0]
[-63,37,10];[61,61,63]
[-65,37,10];[53,54,56]
[-66,37,10];[50,51,53]
[-25,36,10];[188,161,56]
[-75,36,10];[58,62,65]
[-24,36,10];[2,1,0]
[-68,36,10];[52,52,54]
[-27,36,10];[5,5,5]
[-73,36,10];[56,55,53]
[27,35,15];[57,61,64]
[-71,35,10];[52,52,52]
[7,35,10];[50,96,156]
[-70,34,10];[48,49,51]
[1,35,10];[94,119,160]
[0,34,10];[0,28,101]
[-1,32,15];[26,26,28]
[-1,35,10];[103,126,176]
[-33,35,10];[73,71,50]
[-34,35,10];[5,5,5]
[-38,35,10];[53,53,53]
[-44,35,10];[51,53,52]
[-47,35,10];[66,66,66]
[-52,35,10];[15,15,15]
[21,32,11];[51,53,52]
[-56,35,10];[5,5,5]
[9,34,10];[7,55,177]
[8,34,10];[9,57,181]
[18,38,13];[30,34,37]
[2,35,10];[92,119,162]
[1,34,10];[2,32,104]
[-41,35,10];[50,50,48]
[27,30,10];[64,63,61]
[16,30,10];[54,54,54]
[-23,30,10];[27,27,27]
[-25,29,10];[28,28,28]
[7,9,13];[250,214,29]
[-26,29,10];[28,30,29]
[-28,30,10];[39,38,34]
[-28,29,10];[37,37,37]
[-29,30,10];[40,39,35]
[-29,29,10];[38,38,36]
[-30,30,10];[42,41,36]
[-31,30,10];[45,45,37]
[-44,30,10];[51,48,41]
[-50,30,10];[45,42,37]
[-51,29,10];[32,32,32]
[-53,29,10];[26,26,26]
[-54,30,10];[34,33,31]
[-21,29,10];[6,6,6]
[-35,29,10];[38,37,32]
[-36,29,10];[41,40,35]
[-5,50,15];[62,66,69]
[-37,29,10];[38,37,32]
[-38,29,10];[40,39,35]
[-41,29,10];[36,35,31]
[12,16,13];[54,56,55]
[-43,29,10];[40,37,30]
[-48,29,10];[42,39,32]
[-49,29,10];[37,36,32]
[-50,29,10];[41,40,38]
[-54,29,10];[26,24,27]
[-55,29,10];[17,17,17]
[-25,28,10];[45,47,46]
[-27,28,10];[51,53,52]
[-28,28,9];[47,49,48]
[-31,28,10];[53,55,54]
[-32,28,10];[53,55,54]
[-33,28,10];[52,54,53]
[-34,29,9];[34,34,34]
[-34,28,10];[51,53,50]
[-35,29,9];[59,59,61]
[-36,28,10];[53,53,51]
[-37,29,9];[62,62,70]
[-38,29,9];[60,61,66]
[-38,28,10];[53,55,54]
[-40,28,10];[53,54,56]
[-39,29,9];[54,55,59]
[-40,29,9];[57,60,67]
[-41,29,9];[42,45,50]
[-42,29,9];[54,59,65]
[-43,28,10];[53,55,54]
[-45,28,10];[51,52,54]
[-46,28,10];[51,52,54]
[-32,36,13];[54,133,148]
[-47,29,9];[43,44,46]
[-47,28,9];[51,53,52]
[-49,29,9];[44,44,44]
[-20,27,11];[66,66,66]
[-50,28,10];[51,53,52]
[-50,29,9];[39,39,39]
[-52,29,9];[35,33,34]
[-53,28,10];[48,48,48]
[-53,29,9];[19,19,21]
[-55,28,10];[40,40,40]
[-56,28,10];[13,13,13]
[-56,29,10];[1,1,1]
[-25,38,11];[50,52,51]
[15,27,10];[43,43,43]
[13,28,10];[49,51,50]
[-9,44,14];[45,58,100]
[-10,28,10];[39,38,33]
[5,28,10];[41,40,36]
[4,28,10];[37,36,34]
[-9,27,10];[37,37,27]
[-33,27,10];[54,56,55]
[-25,27,10];[56,58,57]
[-34,27,10];[54,57,50]
[-40,27,10];[55,57,56]
[-43,27,10];[55,57,56]
[-46,27,10];[56,58,57]
[-49,27,10];[59,59,59]
[-52,27,10];[57,57,57]
[-53,27,10];[56,56,56]
[-27,27,10];[56,57,59]
[-28,27,10];[55,57,56]
[-32,27,10];[55,57,56]
[-31,27,10];[57,59,58]
[-44,27,10];[57,59,58]
[-50,27,10];[56,56,56]
[-51,27,10];[56,58,57]
[-54,27,10];[58,58,58]
[-46,27,9];[56,58,57]
[-58,25,10];[107,109,108]
[13,22,10];[48,48,48]
[-13,23,10];[37,37,37]
[-7,23,10];[178,139,0]
[16,22,10];[27,29,28]
[16,21,10];[51,53,52]
[-15,21,10];[59,59,61]
[-16,21,10];[25,25,27]
[-16,19,10];[80,80,82]
[-17,16,10];[24,24,24]
[-17,10,10];[42,43,45]
[-9,28,10];[42,42,30]
[15,5,10];[61,63,62]
[1,4,10];[69,69,69]
[13,53,10];[117,117,117]
[-13,53,10];[57,57,55]
[-18,52,10];[55,57,56]
[36,52,10];[56,56,56]
[31,52,10];[62,62,60]
[18,52,10];[57,57,57]
[-21,31,11];[31,31,31]
[17,52,10];[58,58,56]
[-19,50,10];[42,28,2]
[-20,50,10];[69,64,34]
[-22,50,10];[235,199,15]
[-24,50,10];[243,204,11]
[-26,50,10];[197,178,101]
[-25,50,9];[214,185,55]
[14,38,15];[38,38,40]
[-29,50,9];[57,57,47]
[-33,50,10];[80,67,33]
[-49,50,10];[54,51,42]
[-53,50,10];[237,198,15]
[-60,48,10];[72,73,68]
[10,46,10];[8,40,117]
[-22,45,10];[57,59,58]
[33,34,11];[51,51,51]
[-24,45,10];[43,44,38]
[-28,46,10];[52,52,52]
[-34,46,10];[33,54,119]
[-35,45,10];[34,57,124]
[33,34,12];[52,52,52]
[-37,45,10];[12,12,10]
[-40,45,10];[12,12,10]
[-41,45,10];[55,57,56]
[-42,45,10];[55,57,56]
[-43,46,10];[55,57,54]
[1,21,11];[53,53,53]
[-44,46,10];[55,57,54]
[-49,46,10];[5,5,5]
[-52,46,10];[5,5,5]
[-52,45,10];[5,5,5]
[-56,45,10];[5,5,5]
[-57,45,10];[8,8,8]
[0,45,10];[86,117,164]
[-1,45,10];[85,116,163]
[-28,39,10];[124,118,86]
[0,45,9];[85,116,163]
[-4,45,10];[70,104,165]
[-5,45,10];[82,114,165]
[-6,45,10];[82,114,161]
[-7,45,10];[4,41,112]
[-68,44,10];[49,49,49]
[-69,44,9];[51,52,54]
[-70,44,10];[57,59,58]
[-71,44,10];[46,46,46]
[-72,44,10];[51,53,52]
[-27,44,10];[80,81,75]
[-73,44,10];[53,53,53]
[-21,43,10];[52,54,51]
[-74,43,10];[6,6,6]
[-75,43,10];[58,59,61]
[-19,42,10];[107,107,97]
[-19,43,10];[107,107,97]
[-29,43,10];[69,71,70]
[-74,42,9];[28,28,30]
[-20,42,10];[52,54,51]
[-20,42,9];[107,107,99]
[12,42,15];[43,50,56]
[-26,42,10];[67,69,68]
[-22,41,9];[53,53,51]
[-14,17,13];[68,69,71]
[-66,42,9];[39,40,42]
[-67,42,10];[7,8,10]
[-77,41,10];[136,138,137]
[-67,39,9];[23,24,26]
[-19,38,9];[55,57,54]
[-29,38,10];[53,53,51]
[-67,38,10];[2,2,2]
[-67,38,9];[1,1,1]
[-20,37,10];[62,79,123]
[-66,37,9];[1,1,1]
[-65,37,9];[52,53,57]
[-63,37,9];[53,52,57]
[-74,37,10];[11,11,13]
[-75,37,10];[58,62,65]
[-29,36,10];[6,6,6]
[-24,36,9];[2,1,0]
[-26,36,9];[2,2,0]
[-67,36,10];[17,17,19]
[-20,36,10];[52,78,153]
[-74,36,10];[10,10,10]
[-3,35,10];[17,48,102]
[14,40,13];[7,8,10]
[-21,36,10];[52,78,152]
[-27,35,10];[134,116,42]
[-69,35,9];[47,49,48]
[-29,27,10];[56,57,59]
[-4,49,11];[49,75,136]
[-73,35,10];[54,54,54]
[-28,35,9];[5,5,5]
[-1,34,10];[0,24,94]
[-4,35,10];[49,88,145]
[-5,35,10];[27,73,132]
[-20,34,10];[89,80,47]
[-31,34,10];[27,27,25]
[-43,34,10];[48,50,49]
[-22,34,10];[106,95,50]
[-47,34,10];[54,56,55]
[-46,34,10];[54,56,55]
[34,45,15];[62,62,62]
[-70,34,9];[50,51,53]
[-71,34,10];[50,52,51]
[-5,33,10];[0,27,104]
[23,32,10];[48,50,49]
[17,32,10];[55,55,55]
[35,32,10];[54,51,46]
[32,32,10];[91,86,90]
[30,32,10];[85,85,85]
[29,32,10];[98,100,99]
[39,31,10];[25,25,27]
[35,32,9];[31,30,28]
[34,32,10];[135,136,138]
[8,31,16];[97,98,100]
[34,32,9];[58,53,49]
[33,32,9];[60,55,52]
[31,32,9];[45,43,44]
[27,32,9];[6,5,3]
[36,47,15];[106,106,106]
[24,31,10];[45,45,45]
[36,31,10];[18,18,20]
[33,37,15];[51,51,51]
[9,5,11];[243,204,39]
[27,31,10];[25,27,26]
[23,31,10];[26,26,24]
[25,30,10];[81,79,82]
[28,52,11];[58,58,58]
[23,29,10];[50,50,50]
[-22,29,10];[9,9,9]
[-25,29,9];[30,30,32]
[-27,29,9];[35,35,37]
[-28,29,9];[43,40,33]
[-30,28,10];[52,54,53]
[-56,29,9];[8,8,10]
[28,29,10];[67,68,63]
[27,28,10];[158,162,165]
[-24,28,10];[44,44,44]
[23,28,10];[39,39,39]
[-17,38,14];[17,18,20]
[27,27,10];[106,110,111]
[14,28,10];[47,47,47]
[13,27,10];[37,37,35]
[11,28,10];[47,47,45]
[-4,28,10];[37,36,31]
[-16,27,10];[40,40,42]
[-21,27,10];[7,9,8]
[-29,27,9];[57,59,58]
[13,46,15];[32,32,32]
[4,11,13];[56,56,56]
[-33,27,9];[58,60,59]
[-38,27,9];[59,61,60]
[-40,27,9];[57,58,60]
[-41,27,9];[53,57,58]
[-44,27,9];[56,58,57]
[-45,27,9];[59,60,62]
[-56,27,10];[14,14,14]
[-8,37,13];[54,111,188]
[26,26,10];[66,68,67]
[-39,27,9];[56,58,57]
[-50,27,9];[57,58,60]
[-56,27,9];[32,32,32]
[25,26,10];[88,88,88]
[-48,27,9];[59,59,57]
[-55,27,9];[53,53,53]
[-58,26,10];[64,65,67]
[-56,25,10];[94,96,95]
[10,23,10];[46,45,41]
[9,23,10];[226,191,1]
[8,23,10];[232,194,5]
[6,23,10];[226,200,89]
[1,23,10];[36,36,36]
[0,23,10];[37,37,37]
[-1,23,10];[37,37,35]
[-2,23,10];[38,38,38]
[-3,23,10];[36,36,36]
[-4,23,10];[35,35,33]
[-8,23,10];[224,187,8]
[-10,23,10];[35,34,30]
[-22,23,10];[50,50,52]
[17,20,10];[61,61,63]
[-17,19,10];[34,34,34]
[-17,17,10];[29,29,29]
[17,15,10];[40,40,42]
[6,5,11];[229,203,82]
[-17,14,10];[45,45,45]
[17,13,10];[40,40,40]
[17,11,10];[42,42,42]
[-17,11,10];[44,42,43]
[-16,7,10];[51,51,51]
[14,4,10];[65,66,68]
[13,4,10];[65,67,66]
[4,4,10];[66,67,69]
[3,4,10];[67,69,68]
[-1,4,10];[68,68,68]
[-3,4,10];[68,68,68]
[-4,4,10];[68,68,68]
[12,4,10];[66,66,66]
[11,4,10];[66,66,66]
[8,4,10];[249,210,27]
[7,4,10];[249,213,37]
[6,4,10];[219,195,85]
[-48,41,14];[54,53,49]
[5,4,10];[66,68,67]
[5,4,9];[71,71,69]
[1,4,9];[72,72,72]
[-12,4,10];[69,71,70]
[-12,4,9];[72,72,74]
[-13,4,10];[67,69,68]
[-2,37,11];[90,116,164]
[11,53,10];[88,90,89]
[12,53,10];[105,106,108]
[4,53,10];[56,56,56]
[2,53,10];[55,55,55]
[-57,43,14];[191,166,65]
[-3,53,10];[56,56,56]
[-4,53,10];[57,57,57]
[-56,41,14];[53,53,53]
[-7,53,10];[56,58,57]
[-9,53,10];[57,57,57]
[-10,53,10];[55,57,56]
[-17,53,10];[57,57,57]
[-18,53,10];[58,60,59]
[34,52,10];[57,57,57]
[30,52,10];[57,57,57]
[15,52,10];[57,57,57]
[17,11,11];[43,43,45]
[-19,52,10];[79,66,57]
[-19,51,11];[84,84,84]
[-20,50,9];[134,113,24]
[-24,50,9];[236,199,22]
[-26,50,9];[62,58,49]
[-2,18,13];[55,55,55]
[-30,50,9];[55,55,45]
[11,16,13];[56,56,56]
[-32,50,10];[69,64,45]
[-34,50,10];[239,201,16]
[-39,32,12];[63,63,63]
[-38,50,10];[238,203,39]
[24,41,12];[58,123,253]
[-41,50,10];[46,46,44]
[-42,50,10];[52,52,44]
[-42,50,9];[67,64,47]
[-44,50,10];[66,63,44]
[-44,50,9];[66,63,44]
[-45,50,9];[78,75,44]
[-46,50,9];[79,75,48]
[-47,50,10];[63,60,41]
[-50,50,10];[55,52,45]
[-51,50,10];[195,164,73]
[-51,50,9];[246,210,28]
[-52,50,10];[246,207,18]
[6,22,10];[229,200,82]
[-53,50,9];[235,196,17]
[-54,50,9];[227,192,28]
[-56,50,10];[227,194,39]
[-56,50,9];[175,162,110]
[-57,50,9];[49,48,46]
[7,48,10];[31,53,126]
[-6,47,11];[16,63,143]
[-7,47,10];[1,28,97]
[-60,46,10];[24,24,24]
[10,46,9];[2,38,114]
[-21,46,10];[46,48,47]
[-25,46,10];[69,71,70]
[-30,46,10];[57,59,56]
[-33,46,10];[74,76,75]
[0,51,15];[68,73,69]
[-35,46,10];[34,55,120]
[-38,46,10];[11,11,9]
[-40,46,10];[12,12,10]
[-42,46,10];[55,57,54]
[-45,46,10];[55,57,54]
[-47,46,10];[88,114,188]
[-50,46,10];[5,5,5]
[-53,46,10];[5,5,5]
[-25,49,11];[242,203,12]
[-54,46,10];[5,5,5]
[-57,46,10];[8,8,8]
[-59,46,10];[8,8,8]
[15,45,15];[65,65,65]
[38,50,11];[65,65,67]
[9,45,9];[3,48,141]
[-4,45,9];[31,69,144]
[-6,45,9];[78,112,160]
[6,44,10];[68,106,168]
[-70,45,9];[44,45,47]
[-71,45,9];[54,54,54]
[-22,42,9];[52,54,53]
[-67,41,9];[4,4,4]
[-29,41,10];[52,51,46]
[-76,41,10];[132,133,137]
[-75,40,10];[62,63,67]
[-75,38,10];[53,57,60]
[-76,38,10];[122,122,120]
[-62,38,10];[10,10,12]
[-58,50,9];[49,48,46]
[-29,37,10];[53,53,51]
[-20,37,9];[52,78,152]
[-64,37,9];[27,29,28]
[-75,36,9];[59,63,66]
[-19,35,10];[52,78,152]
[40,35,10];[47,47,45]
[-27,35,9];[5,5,5]
[-31,39,11];[193,165,56]
[6,35,9];[36,76,148]
[-2,35,10];[89,115,163]
[-2,34,10];[0,25,91]
[7,28,10];[239,202,23]
[-23,34,10];[199,167,44]
[-29,34,10];[72,67,48]
[-30,34,10];[27,28,23]
[-38,34,10];[53,53,53]
[-40,34,10];[53,53,53]
[-38,34,9];[97,99,98]
[-53,34,10];[3,3,3]
[-52,34,10];[15,15,15]
[-56,34,10];[8,8,8]
[-57,34,10];[8,8,8]
[-58,34,10];[4,4,4]
[8,34,9];[6,49,161]
[-26,34,10];[186,158,59]
[-28,34,10];[46,47,49]
[-48,34,10];[55,57,54]
[-49,34,10];[35,35,33]
[-5,16,13];[199,177,78]
[-32,34,10];[73,71,50]
[-33,34,10];[72,71,53]
[-31,34,9];[22,23,18]
[-36,34,9];[57,59,56]
[-43,34,9];[50,48,51]
[-44,34,9];[52,52,52]
[-45,34,9];[56,56,54]
[35,40,15];[55,57,56]
[-46,34,9];[55,55,53]
[-47,34,9];[60,62,59]
[-52,34,9];[2,4,3]
[7,33,10];[1,51,162]
[6,33,10];[1,43,141]
[5,33,10];[2,41,134]
[3,33,10];[3,34,124]
[2,33,10];[3,32,123]
[-2,33,10];[3,52,155]
[0,51,13];[63,61,62]
[-3,33,10];[0,24,110]
[39,33,10];[28,28,28]
[23,32,9];[30,30,30]
[-60,32,10];[75,76,81]
[30,32,9];[32,30,31]
[29,32,9];[30,28,29]
[17,32,9];[30,30,30]
[28,32,9];[33,33,33]
[18,31,10];[36,36,36]
[21,31,10];[52,52,50]
[23,30,10];[52,52,50]
[17,50,12];[121,119,120]
[37,30,10];[90,90,92]
[-16,51,13];[108,107,105]
[29,29,10];[52,53,55]
[-23,28,9];[39,37,38]
[28,28,10];[50,50,48]
[28,27,10];[63,63,63]
[11,27,10];[37,37,37]
[9,28,10];[237,196,26]
[8,28,10];[240,201,20]
[1,28,10];[36,36,36]
[-2,27,10];[27,27,25]
[-6,27,10];[236,197,32]
[-12,27,10];[31,31,31]
[-13,27,10];[29,29,29]
[-14,28,10];[49,47,48]
[10,27,10];[38,35,20]
[7,27,10];[241,205,20]
[5,27,10];[31,30,26]
[0,27,10];[27,27,27]
[-1,28,10];[35,35,33]
[-1,27,10];[27,27,27]
[-4,27,10];[30,29,24]
[-22,27,9];[40,42,41]
[-31,27,9];[58,60,59]
[23,26,10];[56,58,57]
[-17,39,16];[22,22,22]
[-22,26,10];[43,43,43]
[-57,25,10];[71,71,69]
[-58,24,10];[79,79,77]
[11,23,10];[43,43,43]
[7,23,10];[236,201,9]
[5,23,10];[30,30,32]
[4,23,10];[35,35,35]
[-5,23,10];[220,184,36]
[-16,20,10];[81,81,81]
[17,18,10];[65,66,68]
[-60,42,11];[9,11,10]
[-45,30,10];[53,50,43]
[17,17,10];[75,75,77]
[-17,13,10];[43,43,43]
[17,9,10];[25,26,28]
[-16,8,10];[55,57,56]
[-16,6,10];[54,54,56]
[16,5,10];[67,68,70]
[-15,5,9];[99,101,100]
[15,4,10];[76,78,77]
[-7,4,9];[223,189,40]
[14,4,9];[69,71,70]
[10,4,10];[86,79,61]
[9,4,9];[242,203,37]
[11,7,12];[59,61,60]
[0,4,9];[72,72,72]
[-1,4,9];[72,72,72]
[-2,4,10];[67,69,68]
[-3,4,9];[72,70,73]
[-6,4,10];[228,194,42]
[-8,4,10];[245,210,46]
[-9,4,9];[159,144,75]
[-11,4,10];[80,78,66]
[-11,4,9];[88,85,70]
[-15,53,10];[57,57,57]
[-16,53,10];[56,56,56]
[23,53,10];[58,58,58]
[37,51,10];[67,67,67]
[-22,50,9];[235,199,17]
[-31,50,9];[62,59,44]
[-36,50,10];[244,207,15]
[-21,39,11];[62,64,61]
[-39,50,9];[49,48,46]
[-40,50,10];[47,47,45]
[-41,50,9];[47,47,45]
[-59,50,10];[131,134,143]
[-59,49,9];[55,54,60]
[4,49,10];[37,62,129]
[3,49,10];[40,63,130]
[0,49,10];[65,83,133]
[-1,49,10];[57,77,130]
[8,48,10];[6,45,136]
[12,13,13];[55,57,56]
[-6,47,10];[0,27,98]
[-7,47,9];[10,51,131]
[-7,46,9];[0,20,90]
[5,45,9];[24,70,148]
[-2,45,9];[80,111,166]
[-73,44,9];[57,57,59]
[-76,43,9];[67,67,69]
[-65,43,9];[49,50,52]
[-23,42,9];[52,54,51]
[43,43,10];[18,18,18]
[-67,42,9];[10,10,10]
[-29,40,9];[54,51,42]
[-31,40,9];[50,52,51]
[-33,40,9];[57,57,57]
[-34,40,9];[56,56,54]
[-62,40,10];[5,5,7]
[-75,39,10];[62,66,67]
[-33,39,9];[20,21,16]
[-34,39,9];[19,20,15]
[-48,39,9];[133,109,19]
[-49,39,9];[196,165,48]
[-50,39,9];[34,34,32]
[-54,39,9];[6,6,6]
[-55,39,9];[4,4,4]
[-29,39,9];[68,66,54]
[-31,39,9];[58,58,58]
[-27,47,12];[234,198,26]
[-29,38,9];[51,52,47]
[-31,38,9];[68,68,60]
[-32,38,9];[75,72,55]
[27,34,14];[66,66,66]
[42,37,10];[53,53,53]
[-67,37,9];[25,26,28]
[41,36,10];[59,57,58]
[-19,36,9];[52,78,152]
[-20,36,9];[52,78,152]
[-64,36,9];[27,28,30]
[41,35,10];[50,50,50]
[-73,35,9];[32,32,32]
[40,34,10];[37,37,35]
[-3,35,9];[56,91,147]
[-21,35,9];[52,78,152]
[4,34,9];[1,31,95]
[1,34,9];[0,30,94]
[-35,34,9];[45,45,45]
[-42,34,10];[50,50,48]
[-53,34,9];[3,3,3]
[-57,34,9];[8,8,8]
[-59,34,9];[4,4,4]
[-7,37,10];[10,34,82]
[4,33,10];[3,38,128]
[-4,33,10];[5,52,142]
[-9,47,15];[67,69,68]
[19,31,10];[44,44,44]
[25,31,9];[47,49,48]
[-60,31,10];[63,63,63]
[25,30,9];[128,127,125]
[24,30,9];[52,52,50]
[17,30,10];[47,49,48]
[26,29,9];[88,86,87]
[24,29,9];[121,121,121]
[-20,39,14];[49,49,49]
[16,29,9];[37,39,38]
[23,28,9];[89,87,88]
[29,27,10];[83,82,80]
[28,27,9];[30,30,28]
[-7,27,10];[246,207,26]
[-10,27,10];[37,36,31]
[-14,27,10];[35,35,35]
[-15,27,10];[36,36,36]
[-17,27,10];[1,1,1]
[29,26,10];[85,84,82]
[25,25,10];[61,61,61]
[25,24,10];[113,111,114]
[-47,28,10];[51,52,54]
[-57,24,10];[72,72,70]
[9,23,9];[221,185,1]
[1,23,9];[25,25,25]
[-1,23,9];[27,27,25]
[9,33,13];[12,13,15]
[8,23,9];[218,184,14]
[-21,23,9];[54,55,57]
[-17,18,10];[34,34,34]
[17,8,10];[48,49,51]
[12,4,9];[70,70,70]
[3,4,9];[70,72,71]
[2,4,9];[70,72,71]
[-10,4,9];[89,86,69]
[-13,4,9];[70,72,71]
[-14,4,9];[74,74,76]
[8,53,10];[55,55,53]
[-72,34,9];[55,56,58]
[7,53,10];[56,56,58]
[6,53,10];[57,57,57]
[2,53,9];[55,55,55]
[0,53,10];[55,57,56]
[-6,53,9];[56,56,56]
[-9,53,9];[55,55,55]
[-10,53,9];[55,55,55]
[-11,53,9];[56,56,56]
[-16,53,9];[57,57,57]
[-17,53,9];[58,58,58]
[11,53,9];[58,53,59]
[24,53,9];[56,58,57]
[-23,46,9];[56,58,55]
[-24,46,9];[57,57,57]
[-39,46,9];[36,36,36]
[-53,46,9];[4,4,4]
[41,46,10];[60,62,61]
[-21,45,9];[59,59,59]
[35,34,13];[66,66,68]
[-32,47,12];[66,64,51]
[-69,45,9];[45,47,46]
[-27,45,9];[80,81,76]
[43,45,10];[62,62,62]
[43,44,10];[123,123,125]
[-23,43,9];[107,112,118]
[-24,43,9];[79,84,88]
[-20,43,9];[121,126,122]
[-30,41,9];[57,57,45]
[-31,41,9];[63,64,59]
[-51,39,11];[3,3,3]
[-33,41,9];[66,53,8]
[15,37,16];[28,28,28]
[-34,41,9];[202,172,52]
[-38,40,9];[34,34,32]
[-39,40,9];[34,33,28]
[-43,40,9];[35,36,31]
[-44,40,9];[63,66,59]
[-42,41,9];[34,35,29]
[-45,40,9];[64,65,60]
[-48,40,9];[86,73,20]
[-49,40,9];[123,109,48]
[-50,40,9];[64,68,69]
[-51,40,9];[34,34,32]
[-53,40,9];[49,49,47]
[-54,40,9];[5,5,3]
[-55,40,9];[3,3,3]
[-36,40,9];[35,34,29]
[-62,40,9];[1,1,1]
[-39,39,9];[11,11,11]
[-41,39,9];[13,13,13]
[-42,39,9];[13,13,11]
[15,16,13];[62,63,65]
[-43,39,9];[64,65,60]
[-44,39,9];[64,65,60]
[-45,39,9];[64,65,60]
[-47,39,9];[128,109,32]
[-61,39,9];[14,14,14]
[-40,39,9];[11,11,11]
[-62,39,9];[2,2,4]
[-42,38,9];[13,13,13]
[-52,38,9];[33,35,34]
[-39,38,9];[11,11,11]
[-40,38,9];[11,11,11]
[-45,38,9];[29,29,27]
[-46,38,9];[29,29,27]
[-48,38,9];[196,165,49]
[-54,38,9];[6,6,6]
[-43,38,9];[27,29,28]
[5,34,9];[2,25,92]
[-5,33,9];[3,35,122]
[-4,34,9];[7,52,117]
[4,33,9];[0,21,75]
[2,33,9];[0,27,108]
[-1,33,9];[5,46,136]
[36,30,9];[10,10,10]
[28,30,10];[40,40,40]
[26,30,9];[56,56,54]
[27,30,9];[58,54,51]
[-59,30,9];[45,44,42]
[-8,33,13];[100,108,108]
[15,27,9];[36,34,35]
[-43,43,14];[246,207,24]
[8,27,9];[240,203,11]
[3,27,9];[25,25,23]
[2,27,9];[25,25,25]
[-4,27,9];[23,22,18]
[-17,27,9];[86,86,88]
[12,27,9];[28,28,28]
[11,27,9];[21,20,18]
[-2,27,9];[22,22,22]
[-6,27,9];[233,196,30]
[-9,27,9];[31,32,26]
[-38,37,11];[53,53,53]
[-12,27,9];[25,25,25]
[9,48,13];[164,153,159]
[-13,27,9];[26,26,26]
[-23,27,9];[54,56,55]
[26,26,9];[87,87,87]
[28,25,10];[27,27,29]
[23,25,10];[55,56,58]
[13,23,9];[27,27,27]
[10,23,9];[68,52,0]
[12,23,9];[23,23,23]
[5,23,9];[23,23,23]
[3,23,9];[26,26,26]
[2,23,9];[26,26,26]
[-3,23,9];[29,29,27]
[-9,23,9];[140,125,44]
[-7,23,9];[218,181,14]
[-19,23,9];[2,2,2]
[-22,23,9];[41,41,43]
[-17,14,9];[17,19,18]
[-17,12,9];[3,3,3]
[15,4,9];[68,70,69]
[8,54,9];[55,55,55]
[5,53,9];[55,55,53]
[5,54,9];[58,57,55]
[4,54,9];[55,55,55]
[2,54,9];[54,54,54]
[0,22,10];[46,46,44]
[-1,53,9];[55,55,55]
[0,53,9];[55,55,55]
[1,54,9];[53,53,53]
[1,53,9];[54,54,54]
[-3,53,9];[55,57,56]
[-5,53,9];[56,56,56]
[-6,54,9];[57,55,56]
[-7,54,9];[55,55,55]
[-7,53,9];[57,55,56]
[-8,53,9];[55,57,56]
[-12,53,9];[56,56,56]
[-13,53,9];[57,57,55]
[-14,53,9];[56,56,56]
[-15,53,9];[56,56,56]
[12,35,15];[33,34,29]
[-17,54,9];[59,61,60]
[10,53,9];[55,55,55]
[34,53,9];[56,56,56]
[26,53,9];[57,58,60]
[23,53,9];[57,59,58]
[-33,51,9];[240,199,19]
[7,49,10];[31,54,124]
[6,49,10];[29,53,123]
[-60,46,9];[32,32,32]
[-20,46,9];[73,75,74]
[-22,46,9];[55,57,56]
[11,49,13];[48,48,48]
[-35,46,9];[34,55,120]
[-37,46,9];[35,55,116]
[-38,46,9];[36,36,36]
[-41,46,9];[55,57,54]
[-44,46,9];[55,57,54]
[-43,46,9];[55,57,54]
[-47,46,9];[87,114,191]
[-48,46,9];[0,4,40]
[-50,46,9];[5,5,5]
[-54,46,9];[4,4,4]
[-56,46,9];[7,7,5]
[-59,46,9];[6,6,6]
[-28,46,9];[52,52,52]
[-28,45,9];[52,52,52]
[-24,45,9];[52,53,57]
[-75,44,9];[58,58,58]
[-66,44,9];[51,51,53]
[-68,44,9];[42,42,42]
[-22,44,9];[53,53,53]
[-22,43,9];[53,53,53]
[-23,44,9];[47,49,48]
[-24,44,9];[79,84,88]
[-25,43,9];[58,58,56]
[-26,44,9];[80,81,76]
[-67,43,9];[3,3,3]
[-38,41,9];[35,34,29]
[-12,15,13];[57,57,57]
[-39,42,9];[35,34,29]
[-39,41,9];[35,34,29]
[-40,42,9];[35,34,29]
[-40,41,9];[34,33,28]
[-43,41,9];[34,35,29]
[-43,42,9];[34,35,29]
[-44,42,9];[27,26,22]
[-44,41,9];[32,32,24]
[-49,42,9];[56,56,46]
[-51,41,9];[45,45,43]
[-53,42,9];[3,3,3]
[-54,42,9];[3,3,3]
[-54,41,9];[4,4,4]
[-55,41,9];[4,4,4]
[-58,41,9];[6,6,6]
[-59,40,9];[2,2,2]
[-59,41,9];[2,2,2]
[-60,40,9];[6,8,7]
[-61,40,9];[13,13,13]
[-60,41,9];[6,8,7]
[-80,39,9];[1,1,1]
[-36,38,9];[12,12,12]
[-37,39,9];[16,16,16]
[-59,39,9];[1,1,0]
[-60,39,9];[5,5,7]
[-78,38,9];[23,23,25]
[-81,39,9];[114,116,115]
[-38,38,9];[11,11,11]
[-59,38,9];[1,1,0]
[-62,38,9];[3,3,5]
[-44,38,9];[64,64,62]
[-51,38,9];[33,35,34]
[-42,37,9];[27,29,28]
[-39,37,9];[11,11,11]
[-40,37,9];[13,13,13]
[-44,37,9];[23,23,23]
[-47,37,9];[198,169,51]
[-80,37,9];[65,65,67]
[-46,37,9];[29,29,27]
[-47,37,8];[198,168,52]
[-49,37,9];[191,163,54]
[41,37,10];[52,52,52]
[-31,37,9];[59,60,54]
[-79,37,9];[64,65,67]
[-31,36,9];[29,29,21]
[-26,49,10];[219,191,55]
[-33,37,9];[108,99,58]
[-35,37,9];[45,45,45]
[-2,39,11];[84,112,159]
[-77,37,9];[63,63,63]
[-63,36,9];[54,53,58]
[-67,36,9];[2,2,2]
[-77,35,9];[66,66,68]
[12,22,10];[49,49,49]
[-19,35,9];[52,78,152]
[-32,46,9];[53,57,56]
[-22,35,9];[66,68,67]
[-20,35,9];[52,78,152]
[85,38,4];[66,68,67]
[-23,35,9];[66,68,67]
[-25,35,9];[2,1,0]
[-66,35,9];[54,55,59]
[-68,35,9];[4,4,4]
[-65,35,9];[53,54,56]
[-28,34,9];[5,5,5]
[-6,8,12];[238,204,32]
[-52,33,9];[2,2,2]
[-56,33,9];[4,4,4]
[-57,33,9];[5,5,5]
[-58,46,13];[236,195,25]
[23,31,9];[2,2,2]
[19,31,9];[17,16,14]
[-19,40,14];[4,4,4]
[32,31,9];[35,33,34]
[22,30,10];[43,45,44]
[9,27,9];[243,204,23]
[7,27,9];[241,204,12]
[0,27,9];[23,23,23]
[-1,27,9];[24,24,24]
[-34,29,10];[38,37,32]
[4,26,9];[20,20,18]
[1,26,9];[19,19,19]
[-9,26,9];[25,26,18]
[-11,27,9];[25,25,23]
[-16,26,9];[56,56,58]
[23,26,9];[30,30,30]
[22,26,10];[45,49,48]
[27,26,9];[10,10,12]
[-18,26,10];[1,1,1]
[24,26,9];[114,115,117]
[-30,39,14];[245,204,26]
[-38,26,9];[62,63,65]
[-49,26,9];[60,60,60]
[-9,50,14];[27,27,25]
[-65,36,9];[53,54,56]
[-26,26,9];[50,52,51]
[-33,26,9];[61,63,62]
[-34,26,9];[63,65,64]
[-35,26,9];[61,63,62]
[-36,26,9];[62,64,63]
[-42,26,9];[65,66,68]
[-41,26,9];[61,62,64]
[-43,26,9];[67,69,68]
[-47,26,9];[61,63,62]
[-50,26,9];[62,63,65]
[-54,26,9];[61,61,63]
[-55,26,9];[57,57,55]
[25,25,9];[11,13,12]
[27,24,10];[61,61,61]
[24,24,10];[129,129,129]
[14,23,9];[27,27,27]
[10,24,9];[19,16,1]
[7,23,9];[232,198,13]
[6,23,9];[222,194,71]
[-4,23,9];[28,27,25]
[-5,23,9];[210,177,48]
[-14,23,9];[19,19,19]
[-23,24,9];[57,59,58]
[-23,23,9];[49,49,49]
[-16,20,9];[45,45,45]
[-17,16,9];[1,1,3]
[-17,15,9];[2,2,4]
[17,14,9];[15,15,15]
[3,3,9];[74,74,74]
[7,3,9];[245,208,42]
[-3,54,9];[54,54,54]
[-13,54,9];[59,59,59]
[-18,53,9];[61,61,63]
[-1,29,12];[53,53,51]
[18,53,9];[56,56,56]
[15,53,9];[56,56,56]
[13,53,9];[77,80,87]
[13,54,9];[85,85,87]
[-28,51,9];[57,57,47]
[-35,51,9];[244,207,15]
[-36,51,9];[241,204,27]
[-38,51,9];[50,48,49]
[-41,51,9];[53,53,45]
[-39,51,9];[47,47,47]
[-70,35,9];[48,49,51]
[-40,51,9];[47,47,47]
[-50,51,9];[245,214,36]
[-55,51,9];[218,194,58]
[-59,50,9];[102,105,114]
[38,50,10];[60,60,60]
[-4,48,10];[63,81,129]
[-4,49,9];[51,69,119]
[41,47,10];[56,56,56]
[-45,47,9];[54,56,53]
[8,47,9];[7,47,135]
[7,46,9];[80,112,153]
[0,46,9];[62,95,148]
[-6,47,9];[11,55,141]
[-57,47,9];[7,7,5]
[-6,46,9];[1,26,93]
[-71,46,9];[49,51,50]
[6,46,8];[20,68,153]
[-26,46,9];[72,73,68]
[-27,46,9];[52,52,52]
[-68,46,9];[45,45,45]
[-75,45,9];[53,53,55]
[-73,45,9];[52,53,55]
[-66,45,9];[46,46,46]
[-35,39,14];[60,57,48]
[-68,45,8];[1,1,1]
[-26,45,9];[43,44,38]
[-20,44,9];[53,53,53]
[-19,44,8];[69,71,70]
[-78,43,8];[63,63,63]
[-29,43,9];[62,64,63]
[-33,42,9];[203,171,50]
[-34,42,9];[202,172,52]
[-77,43,9];[67,67,67]
[-78,43,9];[64,64,64]
[-79,43,9];[64,64,64]
[-78,42,9];[64,64,64]
[-39,42,8];[35,34,29]
[-40,42,8];[35,34,29]
[-42,42,9];[35,34,29]
[-65,45,9];[51,51,51]
[-46,42,9];[32,32,24]
[-52,42,8];[3,3,1]
[-36,41,9];[65,67,66]
[-81,40,9];[108,108,106]
[-75,40,9];[1,1,1]
[-56,39,9];[5,5,5]
[-58,39,9];[7,7,5]
[-58,39,8];[8,8,8]
[-76,39,9];[1,1,1]
[-58,38,8];[6,6,4]
[-37,38,9];[16,16,16]
[-37,37,9];[16,16,16]
[-36,37,8];[16,16,16]
[-62,37,9];[6,6,8]
[15,49,13];[67,67,69]
[-41,37,8];[13,13,13]
[-43,37,9];[27,29,28]
[-45,37,9];[29,29,27]
[-55,37,9];[3,3,3]
[-45,37,8];[29,29,27]
[-50,37,8];[25,25,25]
[-54,37,8];[1,1,1]
[-34,36,9];[19,19,17]
[-40,37,8];[13,13,13]
[-44,37,8];[23,23,23]
[-49,37,8];[186,163,70]
[-29,36,8];[33,37,38]
[-30,36,9];[25,26,20]
[-29,36,9];[6,6,6]
[-34,36,8];[22,24,23]
[-77,36,9];[61,65,64]
[-19,35,8];[52,78,152]
[-74,35,8];[2,2,2]
[-76,35,9];[66,67,71]
[-63,35,9];[59,58,63]
[-64,35,9];[25,26,28]
[-65,34,9];[54,56,55]
[-3,34,9];[0,33,97]
[-70,33,9];[48,48,48]
[5,33,9];[5,36,118]
[5,33,8];[0,20,85]
[-4,33,9];[5,47,131]
[-69,33,9];[46,47,49]
[-29,33,9];[48,49,43]
[-20,33,9];[52,78,152]
[-22,33,9];[45,47,46]
[-24,33,9];[47,47,45]
[-26,33,9];[61,63,60]
[-28,33,9];[38,40,39]
[-38,33,9];[65,67,66]
[-53,33,9];[2,4,3]
[-55,33,9];[2,4,3]
[21,31,9];[34,34,32]
[20,31,9];[40,40,38]
[17,31,9];[19,19,19]
[34,31,9];[35,34,32]
[17,31,8];[32,34,33]
[33,31,9];[42,42,42]
[31,31,9];[22,20,21]
[28,30,9];[16,16,16]
[35,30,9];[15,15,15]
[17,29,9];[40,41,43]
[35,29,9];[1,1,1]
[-58,28,9];[62,62,64]
[-59,28,9];[63,63,63]
[16,28,8];[48,50,45]
[-58,27,9];[60,61,63]
[9,26,9];[238,197,9]
[8,26,9];[232,191,3]
[7,26,9];[238,195,3]
[6,26,9];[24,23,21]
[5,26,9];[21,20,18]
[-2,26,9];[18,18,18]
[-3,26,9];[16,18,17]
[-4,26,9];[20,19,17]
[-7,26,9];[237,198,9]
[-10,26,9];[22,21,17]
[-11,26,9];[19,19,19]
[-24,26,9];[42,42,42]
[-27,26,9];[53,53,53]
[-29,26,9];[54,56,55]
[-32,26,9];[62,62,62]
[-46,25,9];[59,49,24]
[-52,26,9];[57,58,62]
[-25,25,9];[17,17,17]
[-31,25,9];[45,41,38]
[-33,25,9];[61,60,56]
[-34,25,9];[31,30,26]
[-37,25,9];[56,56,56]
[-41,25,9];[49,45,34]
[-8,37,12];[52,113,193]
[-45,25,9];[63,57,35]
[-48,25,9];[52,46,32]
[-20,25,10];[67,68,72]
[-51,25,9];[64,54,27]
[-23,25,10];[49,49,49]
[28,25,9];[14,14,14]
[-56,25,9];[24,24,24]
[-23,25,9];[3,3,3]
[27,25,9];[36,36,34]
[27,24,9];[20,20,20]
[7,24,9];[217,182,2]
[4,24,9];[15,15,15]
[-34,40,14];[60,57,48]
[1,24,9];[17,17,17]
[0,24,9];[18,18,18]
[-1,24,9];[18,18,18]
[-12,24,9];[15,15,15]
[-15,23,9];[8,8,8]
[-16,22,9];[9,11,10]
[-21,22,9];[46,46,46]
[17,19,9];[32,32,32]
[17,18,9];[33,33,33]
[-55,37,8];[3,3,3]
[16,15,9];[16,18,17]
[-26,38,11];[75,72,55]
[41,36,12];[36,36,36]
[16,15,8];[17,19,16]
[-16,15,9];[36,38,37]
[16,14,9];[29,31,30]
[17,13,9];[31,31,31]
[-16,13,9];[38,40,39]
[-16,11,9];[39,39,39]
[17,11,9];[39,39,39]
[-16,7,9];[46,46,46]
[-17,7,9];[45,45,45]
[-16,6,9];[48,47,52]
[-9,39,12];[33,95,168]
[16,4,9];[57,59,58]
[12,3,9];[74,74,72]
[10,3,9];[108,98,71]
[8,3,9];[248,208,32]
[0,3,9];[74,76,75]
[-14,3,9];[79,80,82]
[-2,54,9];[54,54,54]
[-18,54,9];[59,61,60]
[35,53,9];[57,57,55]
[33,53,9];[57,57,57]
[22,53,9];[56,58,57]
[21,53,9];[57,57,57]
[19,53,9];[55,55,55]
[14,54,9];[53,52,48]
[11,54,9];[33,31,34]
[-19,52,9];[17,13,4]
[37,52,9];[66,66,66]
[-37,48,11];[245,206,15]
[-20,51,9];[240,200,17]
[-21,51,9];[242,202,19]
[-24,51,9];[231,194,27]
[-31,51,9];[74,70,45]
[-46,51,9];[61,62,64]
[15,10,12];[50,50,50]
[-48,51,9];[63,60,43]
[-49,51,9];[66,56,29]
[-51,51,9];[245,203,21]
[-53,51,9];[228,192,16]
[39,49,9];[58,58,58]
[6,49,9];[35,58,126]
[4,49,9];[40,59,125]
[2,49,10];[43,64,127]
[-3,49,10];[62,80,130]
[-3,49,9];[44,61,113]
[-24,47,9];[56,58,57]
[-23,47,9];[53,53,53]
[-25,47,9];[72,72,70]
[-26,47,9];[71,73,72]
[-32,47,9];[53,57,56]
[-33,47,9];[34,55,122]
[-34,47,9];[34,55,120]
[-35,47,9];[10,10,10]
[-36,47,9];[2,2,2]
[-40,47,9];[39,36,27]
[-42,47,9];[54,56,53]
[-48,47,9];[95,114,170]
[-51,47,9];[5,5,5]
[-55,47,9];[5,5,3]
[-56,47,9];[8,8,8]
[-6,36,10];[0,35,91]
[-58,47,9];[5,5,5]
[-60,47,9];[33,34,36]
[4,47,9];[9,50,140]
[-4,46,9];[74,108,171]
[-5,46,9];[62,99,152]
[-21,47,9];[45,47,46]
[-27,47,9];[71,73,72]
[-9,6,12];[196,179,91]
[6,46,9];[24,69,150]
[-2,46,9];[82,113,167]
[-72,46,9];[50,50,50]
[6,51,12];[57,57,57]
[-3,46,9];[21,60,129]
[4,44,10];[81,112,159]
[-69,46,9];[50,50,52]
[-76,44,9];[64,64,64]
[-62,43,9];[2,2,4]
[-38,42,8];[60,61,56]
[-44,42,8];[26,25,20]
[-47,42,8];[56,58,55]
[-49,42,8];[56,56,44]
[-50,42,8];[44,45,39]
[-51,42,8];[44,45,40]
[-53,42,8];[3,3,3]
[-36,42,9];[60,62,61]
[16,39,12];[61,121,251]
[-36,42,8];[61,61,61]
[-79,42,9];[64,64,64]
[-80,42,9];[61,61,59]
[1,10,13];[57,57,57]
[-80,42,8];[65,65,65]
[-37,42,8];[41,42,37]
[43,41,9];[12,12,12]
[-56,41,9];[4,4,4]
[-76,41,9];[20,21,23]
[-78,41,9];[103,102,107]
[-82,39,8];[60,61,65]
[-81,38,9];[94,94,94]
[-11,14,13];[55,57,56]
[-76,38,9];[4,4,4]
[-77,38,9];[24,26,25]
[-56,38,8];[7,7,7]
[-62,37,8];[25,21,22]
[-61,37,8];[14,14,16]
[16,29,11];[70,71,73]
[-62,36,9];[4,4,6]
[-80,37,8];[69,69,71]
[-30,36,8];[25,26,21]
[-31,36,8];[29,28,23]
[-32,36,8];[27,26,22]
[-78,36,9];[64,66,65]
[-79,36,8];[64,63,68]
[-73,34,9];[50,50,50]
[39,33,9];[28,30,29]
[-2,33,8];[0,20,78]
[-28,33,8];[74,74,74]
[-68,33,9];[51,51,53]
[-20,32,9];[45,47,46]
[-21,33,9];[45,47,46]
[-23,33,9];[46,47,42]
[-29,32,9];[15,16,11]
[-41,35,13];[60,59,55]
[-32,48,11];[54,54,44]
[-33,33,9];[58,60,59]
[8,32,13];[18,18,20]
[-34,33,9];[45,45,45]
[-37,33,9];[97,99,98]
[-36,33,9];[45,45,45]
[-37,32,9];[65,67,66]
[-39,32,9];[42,44,43]
[19,44,14];[55,51,48]
[-40,32,9];[70,72,71]
[-41,33,9];[53,53,53]
[-42,33,9];[50,50,48]
[-44,33,9];[54,54,52]
[-48,33,9];[35,35,33]
[-54,33,9];[3,3,3]
[-55,32,9];[2,4,3]
[-57,32,9];[6,8,7]
[-58,33,9];[6,6,6]
[-60,33,9];[13,13,13]
[-43,32,9];[48,50,49]
[-47,33,9];[79,81,78]
[-51,33,9];[16,16,16]
[-51,32,9];[2,2,2]
[-32,32,9];[27,28,22]
[-33,32,9];[59,61,58]
[-60,31,9];[45,45,43]
[18,31,8];[45,44,40]
[35,31,8];[32,32,32]
[31,31,8];[52,53,57]
[29,31,9];[24,24,24]
[19,31,8];[52,52,50]
[21,31,8];[47,47,45]
[37,30,9];[54,59,63]
[17,30,9];[43,43,43]
[29,29,9];[2,2,2]
[15,26,9];[29,27,28]
[14,26,9];[20,20,20]
[12,26,9];[21,21,21]
[11,26,9];[19,19,19]
[-6,26,9];[236,198,25]
[-8,26,9];[241,203,16]
[-14,26,9];[20,20,20]
[-42,25,9];[54,46,31]
[-54,25,9];[74,59,28]
[23,24,9];[3,3,3]
[14,24,9];[17,17,17]
[13,24,9];[18,18,16]
[9,24,9];[210,172,1]
[14,27,10];[36,36,34]
[8,24,9];[213,175,4]
[-36,46,9];[34,55,120]
[5,24,9];[14,14,12]
[-2,24,9];[16,16,16]
[-6,24,9];[205,168,1]
[-13,24,9];[15,15,15]
[16,23,9];[14,14,16]
[-54,40,11];[3,3,3]
[-20,22,9];[2,2,2]
[17,21,9];[33,33,33]
[-17,20,9];[27,25,26]
[17,17,9];[32,32,32]
[-17,17,9];[31,31,31]
[-16,13,8];[56,56,56]
[-17,10,9];[43,43,43]
[-17,8,9];[34,34,34]
[16,6,9];[52,54,53]
[13,3,9];[73,75,72]
[11,3,9];[75,75,73]
[-40,47,12];[244,207,30]
[9,3,9];[243,204,38]
[-1,3,9];[74,76,75]
[-9,3,9];[204,182,83]
[-9,3,8];[173,156,78]
[12,3,8];[76,76,76]
[6,3,9];[221,192,72]
[-2,3,9];[74,76,75]
[-2,3,8];[75,77,76]
[-3,3,8];[76,76,76]
[-4,3,8];[77,77,77]
[-13,3,8];[74,76,75]
[-14,3,8];[79,80,82]
[36,53,9];[121,116,120]
[-55,51,8];[62,55,27]
[38,50,9];[59,59,59]
[8,48,9];[1,41,129]
[-22,47,9];[202,168,44]
[-25,47,8];[90,84,60]
[-41,47,8];[105,96,55]
[-43,47,9];[54,56,53]
[-42,47,8];[53,55,52]
[-48,47,8];[93,114,177]
[-53,47,8];[1,1,1]
[-58,47,8];[3,3,3]
[5,47,9];[9,42,119]
[-26,47,8];[56,56,46]
[-3,46,8];[7,50,126]
[-19,46,9];[61,63,62]
[42,46,9];[65,65,65]
[-19,48,14];[36,36,28]
[-75,45,8];[55,55,57]
[42,45,9];[66,66,66]
[43,45,9];[119,119,119]
[-29,45,9];[49,51,50]
[-29,44,9];[62,64,63]
[-31,43,8];[23,25,24]
[23,36,15];[58,54,51]
[-32,43,8];[36,38,37]
[-33,43,8];[94,91,72]
[-35,43,8];[60,62,61]
[-44,43,8];[204,170,34]
[-45,43,8];[207,170,40]
[-79,43,8];[62,62,62]
[43,42,9];[17,19,18]
[-44,46,13];[53,52,48]
[-56,41,8];[4,6,5]
[-57,41,8];[5,5,3]
[-77,41,9];[130,131,133]
[-82,41,8];[67,69,68]
[-83,39,8];[60,61,63]
[42,37,9];[53,53,53]
[-36,36,8];[45,45,45]
[-37,36,8];[16,16,16]
[-39,36,8];[10,10,10]
[-41,36,8];[13,13,13]
[-42,36,8];[27,29,28]
[-43,36,8];[23,23,23]
[1,41,11];[83,111,159]
[-46,36,8];[36,36,36]
[-29,35,8];[35,36,38]
[-77,35,8];[67,69,68]
[-29,34,9];[27,28,23]
[-27,33,8];[11,11,9]
[-72,33,8];[47,47,49]
[-31,32,9];[27,28,22]
[-52,32,9];[2,2,2]
[-26,30,11];[47,47,45]
[39,32,9];[25,25,25]
[-71,32,8];[49,50,52]
[38,31,9];[24,24,22]
[-60,30,9];[65,65,65]
[31,44,15];[48,48,46]
[-14,24,9];[13,13,13]
[-58,24,9];[90,90,90]
[-57,24,9];[72,72,70]
[-22,22,8];[30,30,30]
[17,8,9];[46,46,48]
[16,5,9];[53,55,54]
[2,3,8];[77,78,80]
[-10,3,8];[119,109,73]
[14,3,8];[77,77,77]
[5,3,9];[77,77,75]
[-6,56,8];[240,207,32]
[-21,47,12];[60,58,46]
[13,56,8];[250,219,69]
[-5,56,8];[253,218,30]
[11,55,8];[226,202,102]
[10,55,8];[14,8,0]
[9,55,8];[10,9,5]
[8,55,8];[16,13,6]
[5,55,8];[161,134,43]
[4,55,8];[18,17,13]
[0,55,8];[71,51,0]
[-1,55,8];[16,16,14]
[-2,55,8];[10,10,8]
[2,32,14];[77,76,81]
[-3,55,8];[34,33,28]
[-4,55,8];[149,117,14]
[-5,55,8];[136,108,9]
[20,55,8];[32,28,27]
[19,55,8];[54,46,44]
[-7,35,11];[4,39,121]
[18,55,8];[19,14,10]
[-13,46,15];[17,17,17]
[17,55,8];[30,19,0]
[15,55,8];[48,32,0]
[16,55,8];[37,23,0]
[13,55,8];[221,189,66]
[9,54,8];[27,24,19]
[7,54,8];[33,27,13]
[2,54,8];[26,26,18]
[36,34,15];[75,75,77]
[1,54,8];[39,35,6]
[-1,54,8];[29,27,15]
[-3,54,8];[23,20,13]
[-4,54,8];[30,23,15]
[-5,54,8];[42,34,13]
[-44,29,9];[26,27,29]
[-10,55,8];[42,42,42]
[-19,53,9];[69,63,51]
[-34,51,8];[250,210,17]
[-42,51,8];[69,66,49]
[-44,51,8];[87,82,44]
[-46,51,8];[78,73,43]
[-60,45,12];[51,51,49]
[-47,51,8];[75,69,45]
[-52,51,8];[224,186,15]
[-60,49,9];[87,86,91]
[-22,47,8];[22,22,12]
[-24,47,8];[42,41,36]
[-29,47,8];[31,31,31]
[-10,50,13];[55,55,55]
[-32,47,8];[48,48,48]
[-44,45,13];[53,52,47]
[-35,47,8];[18,18,18]
[-40,47,8];[198,172,75]
[-44,47,8];[59,59,59]
[31,34,13];[69,70,72]
[-5,54,9];[56,56,56]
[-60,47,8];[23,23,23]
[-30,33,13];[60,61,63]
[8,47,8];[5,46,136]
[25,49,13];[56,56,56]
[-23,45,9];[60,62,61]
[41,47,9];[56,58,57]
[40,47,9];[59,57,58]
[-70,46,8];[63,64,66]
[42,46,8];[60,60,60]
[-20,45,8];[72,74,73]
[-19,45,8];[71,73,72]
[-38,43,8];[200,169,52]
[-39,43,8];[60,61,56]
[-43,43,8];[202,170,49]
[-48,43,8];[36,36,36]
[-49,43,8];[85,87,86]
[-3,32,12];[55,67,91]
[-51,43,8];[44,45,40]
[-52,43,8];[44,45,40]
[-76,36,9];[65,66,68]
[-53,43,8];[6,6,8]
[-54,43,8];[4,4,4]
[-55,43,8];[4,4,4]
[-37,43,8];[199,169,53]
[-58,42,8];[0,0,0]
[-76,41,8];[13,13,13]
[-82,38,8];[61,62,64]
[-57,37,8];[6,6,6]
[-33,46,9];[45,56,86]
[-62,36,8];[2,2,2]
[-45,36,8];[12,12,10]
[-52,36,8];[5,5,5]
[-54,36,8];[5,5,5]
[-56,37,8];[4,4,4]
[-26,34,8];[149,151,150]
[-25,34,8];[147,151,150]
[-74,34,8];[2,2,2]
[-76,34,8];[68,68,70]
[-22,34,8];[15,15,15]
[-36,40,14];[59,59,51]
[-70,33,8];[39,40,42]
[-21,33,8];[6,6,6]
[-60,32,9];[23,23,23]
[35,30,8];[13,13,13]
[22,30,8];[1,1,1]
[-59,29,8];[57,56,54]
[-58,28,8];[59,60,62]
[-18,26,8];[0,0,0]
[0,24,8];[11,11,11]
[-2,24,8];[10,10,10]
[-3,24,8];[12,12,12]
[-4,24,8];[11,11,9]
[-11,24,8];[9,9,9]
[24,24,9];[7,7,7]
[-58,25,9];[69,67,68]
[-52,37,11];[3,3,3]
[-19,24,9];[1,1,1]
[-19,24,8];[1,1,1]
[41,46,11];[63,63,63]
[16,17,8];[19,19,19]
[16,10,8];[21,21,21]
[16,5,8];[49,51,50]
[9,3,8];[244,203,37]
[0,3,8];[76,78,77]
[-5,3,8];[144,129,86]
[19,56,8];[55,55,55]
[9,56,8];[58,57,53]
[3,56,8];[64,64,54]
[-16,14,11];[65,69,70]
[-34,44,11];[54,56,55]
[-3,56,8];[62,62,54]
[-4,56,8];[249,220,54]
[8,54,8];[23,20,15]
[5,54,8];[31,27,16]
[-6,54,8];[34,28,16]
[-7,54,8];[27,25,26]
[22,54,8];[47,47,47]
[41,35,12];[39,39,39]
[21,54,8];[27,27,29]
[20,54,8];[41,41,41]
[18,54,8];[19,19,19]
[16,54,8];[35,29,17]
[15,54,8];[35,31,20]
[14,54,8];[36,29,19]
[11,54,8];[23,20,15]
[10,54,8];[50,46,43]
[-19,51,8];[214,177,26]
[-22,51,8];[237,198,19]
[-20,52,8];[239,198,20]
[-20,51,8];[238,197,17]
[-21,51,8];[231,194,17]
[-23,51,8];[238,198,22]
[-26,51,8];[61,61,51]
[-29,51,8];[61,58,51]
[-30,51,8];[74,69,50]
[-32,51,8];[241,199,25]
[-33,51,8];[244,204,20]
[-36,51,8];[242,204,33]
[-37,51,8];[185,165,79]
[-40,51,8];[48,50,49]
[-45,51,8];[78,73,43]
[-46,52,8];[87,81,47]
[-51,51,8];[224,186,17]
[-54,51,8];[214,184,34]
[38,49,9];[58,58,58]
[-60,48,9];[33,33,33]
[7,48,9];[42,63,128]
[5,49,9];[31,52,117]
[3,49,9];[42,65,132]
[2,49,9];[41,61,120]
[-36,47,8];[40,40,40]
[-37,47,8];[40,40,40]
[-45,47,8];[55,55,55]
[2,47,8];[3,49,160]
[-1,47,8];[1,47,145]
[-5,47,8];[0,36,117]
[-2,38,11];[88,116,163]
[-20,47,8];[195,161,38]
[-21,47,8];[185,160,70]
[1,29,12];[52,52,50]
[-70,47,8];[44,44,42]
[-71,47,8];[45,45,45]
[-45,43,11];[33,33,31]
[-27,46,8];[50,50,50]
[-68,46,8];[46,48,47]
[-76,45,8];[59,60,62]
[-29,44,8];[60,62,61]
[-47,43,8];[40,42,39]
[-36,43,8];[60,62,61]
[-61,43,8];[22,22,22]
[-32,34,9];[49,48,43]
[-60,43,8];[8,10,9]
[-80,43,8];[65,65,63]
[-77,41,8];[15,14,19]
[-40,37,14];[87,88,90]
[-84,40,8];[61,62,64]
[-40,36,8];[13,13,13]
[-85,38,8];[64,65,67]
[-82,37,8];[65,66,68]
[-58,36,8];[1,1,1]
[-61,36,8];[10,10,8]
[-31,35,8];[29,28,23]
[-36,35,8];[21,23,22]
[-66,34,8];[54,55,57]
[-20,34,8];[52,78,152]
[-63,34,8];[52,53,57]
[-28,32,8];[49,49,41]
[-52,36,13];[82,176,204]
[-71,31,8];[52,52,52]
[-42,29,10];[34,33,29]
[17,30,8];[40,41,43]
[6,11,13];[237,208,46]
[21,30,8];[56,56,56]
[30,30,8];[59,61,60]
[19,30,8];[59,59,59]
[22,29,8];[2,2,4]
[22,28,8];[5,5,7]
[35,28,8];[74,74,74]
[11,26,8];[22,23,18]
[10,26,8];[23,22,18]
[5,26,8];[21,22,17]
[4,26,8];[24,24,22]
[2,26,8];[23,24,19]
[-1,26,8];[27,28,23]
[-9,26,8];[122,103,27]
[-11,26,8];[103,88,31]
[13,24,8];[9,9,9]
[11,24,8];[8,8,6]
[8,24,8];[184,149,7]
[4,24,8];[9,9,9]
[5,25,8];[7,9,8]
[2,24,8];[11,11,11]
[-1,24,8];[12,12,12]
[7,24,8];[214,177,0]
[-7,24,8];[182,145,4]
[-17,18,8];[21,21,21]
[-16,17,8];[17,17,17]
[8,3,8];[248,207,27]
[16,56,8];[249,212,35]
[15,56,8];[246,211,45]
[15,57,8];[239,202,25]
[25,37,15];[52,53,55]
[14,56,8];[192,175,97]
[12,57,8];[251,219,56]
[-58,48,12];[226,192,43]
[12,56,8];[230,208,99]
[0,56,8];[242,204,41]
[-2,56,8];[50,50,48]
[-5,57,8];[254,222,39]
[-7,56,8];[79,78,84]
[-9,54,8];[60,59,57]
[-8,55,8];[29,29,27]
[35,54,8];[77,77,77]
[-22,52,8];[238,198,25]
[-27,51,8];[60,60,52]
[-28,52,8];[64,64,54]
[-32,52,8];[236,199,23]
[-41,52,8];[70,67,50]
[-42,52,8];[71,68,51]
[-47,52,8];[77,71,45]
[-56,52,8];[49,49,49]
[37,51,8];[61,61,61]
[4,49,8];[41,61,122]
[3,49,8];[37,59,116]
[2,49,8];[38,57,113]
[1,49,8];[39,58,116]
[-1,49,8];[37,58,115]
[4,47,8];[2,47,150]
[-5,48,8];[54,72,120]
[-19,48,8];[39,37,25]
[-70,48,8];[47,47,47]
[-71,48,8];[43,43,43]
[6,47,8];[4,58,148]
[-28,47,8];[35,37,36]
[-73,46,8];[25,25,27]
[-65,46,8];[48,49,51]
[-26,46,8];[26,28,25]
[-63,46,8];[50,50,52]
[-64,45,8];[14,14,14]
[-25,45,8];[31,31,31]
[-24,45,8];[101,172,192]
[-21,50,10];[245,205,21]
[-26,45,8];[38,38,38]
[-32,44,7];[27,28,32]
[-33,44,8];[70,72,71]
[-34,44,8];[32,36,45]
[2,29,12];[52,53,48]
[-39,44,8];[200,169,52]
[-42,44,8];[202,170,49]
[6,24,9];[212,186,76]
[-44,44,8];[206,170,34]
[-46,44,8];[18,18,18]
[-32,32,12];[61,63,62]
[-47,44,8];[62,66,69]
[13,18,13];[54,56,55]
[-52,44,8];[38,38,38]
[-55,44,8];[6,6,6]
[-54,44,8];[6,6,6]
[-58,44,8];[0,0,0]
[-59,44,8];[4,4,4]
[-60,44,8];[7,9,8]
[-56,43,8];[8,8,6]
[-81,43,8];[63,63,63]
[-82,43,8];[66,66,66]
[-84,41,8];[61,63,62]
[-80,41,8];[125,121,122]
[-77,40,7];[31,32,36]
[-77,40,8];[37,36,41]
[43,40,8];[12,12,12]
[-77,39,8];[21,21,21]
[-85,40,8];[60,62,61]
[-16,47,14];[13,13,13]
[-86,40,7];[62,64,63]
[-85,39,8];[63,64,66]
[43,39,9];[70,70,70]
[-78,38,8];[1,1,1]
[-83,38,8];[64,65,67]
[42,37,8];[51,51,51]
[-84,37,8];[63,64,66]
[-58,35,8];[0,0,0]
[-59,35,8];[1,1,1]
[-62,35,8];[1,1,3]
[-60,35,8];[2,2,2]
[28,32,10];[53,51,54]
[-61,35,8];[9,9,9]
[-26,34,13];[66,69,74]
[-39,35,8];[54,56,55]
[-46,35,8];[43,43,43]
[-54,35,8];[5,5,5]
[-55,35,8];[5,5,5]
[-62,35,7];[35,29,31]
[-44,36,14];[87,173,204]
[-78,35,8];[71,72,74]
[-37,35,8];[45,45,45]
[-40,35,8];[13,13,13]
[-45,35,8];[44,44,44]
[-46,35,7];[18,20,19]
[1,36,10];[94,122,162]
[-47,35,8];[18,20,19]
[-52,35,8];[31,31,31]
[-53,35,8];[43,43,43]
[-5,15,14];[233,209,87]
[-32,35,8];[24,23,21]
[-33,35,8];[23,23,23]
[-31,34,8];[30,31,26]
[-51,32,12];[62,64,63]
[-78,34,8];[63,63,63]
[20,46,15];[29,29,27]
[-29,34,8];[20,21,23]
[-67,34,8];[10,10,12]
[-19,33,8];[52,78,152]
[-26,33,8];[13,13,11]
[5,31,16];[89,88,93]
[-68,33,8];[51,51,53]
[-76,33,8];[73,74,76]
[-27,32,8];[75,77,76]
[-20,32,8];[45,47,46]
[-22,32,8];[47,47,47]
[-24,32,8];[47,47,47]
[-29,32,8];[49,49,49]
[-53,37,9];[1,1,1]
[-32,32,8];[27,28,22]
[-42,32,8];[70,72,71]
[-72,31,8];[77,81,84]
[-70,31,8];[62,62,62]
[32,30,8];[55,57,56]
[33,29,8];[55,57,56]
[20,30,8];[58,58,58]
[18,30,8];[58,58,58]
[21,29,8];[55,55,57]
[29,29,8];[14,14,14]
[20,29,8];[58,57,55]
[21,28,8];[5,5,7]
[7,51,13];[64,64,64]
[22,27,10];[55,55,55]
[-58,27,8];[60,61,63]
[32,26,8];[71,71,73]
[29,26,9];[17,17,17]
[17,26,8];[29,29,29]
[18,26,8];[71,72,76]
[0,26,8];[23,24,19]
[-3,26,8];[27,28,23]
[-12,26,8];[38,36,24]
[-13,26,8];[32,33,27]
[-16,26,8];[29,29,27]
[28,26,8];[11,11,11]
[20,25,8];[67,67,69]
[12,24,8];[8,8,8]
[16,8,10];[68,69,71]
[13,25,8];[4,4,2]
[12,25,8];[5,5,3]
[-3,25,8];[10,10,8]
[-5,25,8];[168,130,29]
[-8,25,8];[201,161,1]
[-8,24,8];[209,168,0]
[22,43,12];[58,121,252]
[-10,25,8];[15,12,5]
[-11,25,8];[6,6,6]
[-12,24,8];[10,10,10]
[-7,25,8];[143,110,0]
[-18,25,8];[1,1,1]
[-25,25,8];[41,41,41]
[-28,25,8];[24,24,22]
[-30,25,8];[31,30,26]
[-31,25,8];[13,13,11]
[-40,25,8];[72,55,25]
[-41,25,8];[79,64,35]
[-44,25,8];[72,66,54]
[-45,25,8];[63,59,50]
[-46,25,8];[61,58,53]
[-48,25,8];[87,79,56]
[-49,25,8];[76,71,49]
[-52,25,8];[86,76,41]
[-54,25,8];[95,77,39]
[-58,25,8];[60,61,63]
[-23,24,8];[1,1,1]
[-24,22,8];[76,76,76]
[-17,19,8];[4,4,4]
[17,13,8];[9,8,13]
[-16,10,8];[65,67,64]
[36,48,14];[56,56,56]
[-17,9,8];[31,32,34]
[-17,7,8];[47,47,45]
[17,5,8];[45,46,48]
[-15,2,8];[52,52,52]
[8,2,8];[245,203,29]
[-3,2,8];[75,77,76]
[-7,2,8];[235,200,48]
[-9,2,8];[241,204,53]
[-6,57,8];[238,204,32]
[-60,42,8];[8,10,9]
[6,56,8];[247,214,25]
[2,56,8];[250,220,72]
[2,57,8];[252,217,63]
[-12,55,8];[54,54,54]
[-43,37,8];[27,29,28]
[23,55,8];[47,45,48]
[22,55,8];[11,9,10]
[24,54,8];[68,68,70]
[-14,54,8];[77,77,79]
[-17,54,8];[81,82,86]
[-27,52,8];[62,62,54]
[-40,46,9];[36,36,36]
[-8,24,9];[214,176,3]
[-29,52,8];[65,62,53]
[-34,52,8];[249,209,25]
[-37,52,8];[49,49,49]
[-35,37,14];[47,48,53]
[-39,52,8];[50,52,51]
[-43,42,14];[246,206,20]
[-43,52,8];[77,71,45]
[-44,52,8];[98,91,49]
[-49,52,8];[243,203,19]
[-51,52,8];[219,181,18]
[-52,52,8];[218,181,15]
[-53,52,8];[206,172,21]
[-57,52,8];[49,49,49]
[7,49,7];[47,61,100]
[7,49,8];[41,61,124]
[5,49,8];[38,60,120]
[4,49,7];[47,73,147]
[3,49,7];[46,69,137]
[-1,49,7];[44,64,115]
[4,48,8];[10,67,172]
[0,48,8];[11,68,173]
[-69,33,8];[48,50,49]
[-5,48,7];[53,71,119]
[-20,48,8];[35,36,30]
[-22,48,8];[21,20,16]
[-26,48,8];[56,56,54]
[-28,48,8];[65,66,61]
[12,36,15];[36,38,35]
[-27,48,8];[104,105,99]
[-35,48,8];[58,60,59]
[-36,48,8];[14,14,14]
[11,25,8];[5,4,2]
[-37,48,8];[14,14,14]
[-39,48,8];[203,172,63]
[-40,48,8];[112,97,32]
[-42,48,8];[59,61,60]
[-52,48,8];[1,1,1]
[-55,48,8];[1,1,1]
[26,40,16];[47,47,45]
[-76,46,8];[68,69,73]
[-22,46,8];[70,72,69]
[-64,46,8];[26,28,27]
[-62,45,8];[2,2,4]
[-31,44,8];[23,25,24]
[3,3,8];[76,76,76]
[-38,44,8];[200,169,52]
[-44,44,7];[206,170,34]
[-48,44,7];[17,17,17]
[43,44,9];[135,135,135]
[-56,44,8];[5,7,6]
[-85,41,7];[62,64,63]
[-79,41,8];[21,19,20]
[-88,40,7];[212,183,125]
[-80,40,8];[3,3,3]
[-78,39,7];[24,25,27]
[-80,39,8];[2,2,2]
[-78,38,7];[45,45,47]
[-80,38,8];[1,1,1]
[-27,48,11];[228,196,53]
[-86,39,7];[62,66,65]
[12,46,15];[65,66,70]
[-5,43,10];[82,114,163]
[43,38,8];[52,52,52]
[42,38,8];[53,53,51]
[-85,38,7];[64,65,67]
[14,39,12];[30,30,58]
[-57,36,7];[6,6,6]
[-79,35,8];[81,82,84]
[-43,35,8];[26,26,26]
[-44,35,8];[12,12,10]
[-48,35,8];[27,28,22]
[-30,47,13];[57,57,47]
[-50,35,8];[78,80,77]
[-52,35,7];[32,32,30]
[-55,35,7];[5,5,5]
[-61,35,7];[8,8,8]
[-36,34,8];[37,39,36]
[-34,34,8];[58,59,61]
[-20,33,8];[5,5,5]
[-66,33,8];[54,55,57]
[-68,33,7];[11,9,12]
[-24,33,7];[92,93,95]
[-75,33,8];[59,63,64]
[-19,32,8];[52,78,152]
[-26,32,8];[62,64,61]
[-46,32,8];[61,63,62]
[-31,32,8];[27,28,22]
[-33,31,8];[71,71,69]
[-33,32,8];[71,71,69]
[-34,32,8];[39,41,40]
[-34,31,8];[71,71,69]
[-35,32,8];[40,40,40]
[-39,32,8];[42,44,43]
[-40,32,8];[70,72,71]
[-43,31,8];[48,50,49]
[-44,32,8];[27,29,28]
[-48,32,8];[106,108,107]
[-52,32,8];[2,2,2]
[-54,32,8];[3,3,3]
[-55,32,8];[3,3,3]
[-58,32,8];[7,7,7]
[30,29,8];[60,61,63]
[21,29,7];[55,55,57]
[30,29,7];[59,60,62]
[36,29,8];[14,14,12]
[19,29,7];[58,60,59]
[18,29,7];[57,57,57]
[20,29,7];[59,59,59]
[17,27,8];[45,46,50]
[21,27,8];[11,11,11]
[2,17,13];[56,56,56]
[-42,34,9];[50,50,48]
[34,26,8];[68,68,70]
[20,48,15];[70,71,66]
[22,27,8];[7,9,8]
[15,26,8];[27,27,25]
[13,26,8];[32,32,30]
[8,26,8];[23,24,19]
[-48,35,13];[35,31,32]
[-40,40,9];[34,33,28]
[3,26,8];[22,23,18]
[-4,26,8];[27,26,21]
[-5,26,8];[29,29,21]
[-7,26,8];[55,44,0]
[-8,26,8];[112,94,22]
[22,25,9];[69,69,67]
[6,25,8];[184,152,17]
[-22,44,14];[59,59,51]
[3,25,8];[8,8,8]
[1,25,8];[9,9,9]
[-4,25,8];[8,8,6]
[-8,22,11];[229,193,17]
[14,25,8];[7,7,7]
[-24,42,14];[57,57,47]
[10,24,8];[12,5,0]
[9,24,8];[198,160,0]
[12,54,9];[54,50,47]
[-24,25,8];[13,15,14]
[-26,25,8];[20,22,21]
[-27,25,8];[30,28,29]
[-34,25,8];[11,11,11]
[-38,25,8];[74,67,59]
[-42,25,8];[81,65,40]
[-43,25,8];[81,71,44]
[-34,38,14];[237,199,62]
[-47,25,8];[66,63,58]
[-51,25,8];[64,55,40]
[16,22,8];[33,33,33]
[-17,21,8];[12,12,12]
[-17,20,8];[15,15,15]
[17,20,8];[21,21,23]
[-16,18,7];[17,17,19]
[17,15,8];[0,2,1]
[17,14,8];[9,10,12]
[-17,12,8];[116,116,118]
[-3,30,15];[2,2,2]
[17,11,8];[20,20,20]
[-16,9,8];[25,27,26]
[-17,8,8];[47,47,47]
[-16,5,8];[32,33,35]
[12,2,8];[74,74,76]
[11,2,8];[73,73,71]
[10,2,8];[146,127,58]
[6,2,8];[176,157,80]
[5,2,8];[76,76,76]
[-8,2,8];[247,204,40]
[14,2,8];[78,78,78]
[-15,54,9];[60,60,60]
[13,2,8];[75,75,75]
[2,2,8];[77,77,77]
[-51,38,14];[60,57,48]
[1,2,8];[76,76,76]
[-74,35,9];[8,8,8]
[-4,2,8];[76,76,76]
[24,30,10];[11,11,11]
[-11,2,8];[136,122,73]
[-40,29,10];[38,37,33]
[-13,2,8];[74,76,75]
[-14,2,8];[76,76,76]
[2,57,7];[254,217,51]
[-1,57,7];[57,58,53]
[9,41,11];[82,113,160]
[-13,5,10];[63,65,64]
[-2,57,8];[53,52,50]
[-26,42,11];[67,69,68]
[-11,55,7];[50,52,51]
[-11,55,8];[45,45,45]
[22,56,8];[82,80,81]
[30,54,8];[94,94,94]
[26,54,8];[96,96,96]
[-33,33,13];[61,63,62]
[27,54,8];[89,89,89]
[-13,54,8];[71,71,71]
[-18,54,8];[67,67,69]
[-19,53,8];[60,54,42]
[4,48,7];[50,76,150]
[2,48,7];[43,63,132]
[1,48,7];[48,71,138]
[14,37,15];[34,34,36]
[0,48,7];[35,57,117]
[-1,48,8];[7,71,177]
[-23,48,8];[21,22,17]
[-25,48,8];[56,57,52]
[-24,48,8];[22,72,159]
[-31,48,8];[48,48,48]
[-32,48,8];[13,15,14]
[-33,48,8];[15,15,15]
[-34,48,8];[70,72,71]
[-38,48,8];[28,16,0]
[-47,48,8];[87,114,191]
[-50,48,8];[5,5,5]
[-56,48,8];[2,2,2]
[-16,14,13];[75,76,80]
[-59,48,8];[14,14,14]
[6,47,7];[3,57,147]
[-68,47,8];[44,44,44]
[-75,46,8];[54,54,56]
[-78,45,8];[58,58,58]
[-39,44,7];[199,169,49]
[-40,44,7];[202,168,44]
[-45,44,7];[207,170,38]
[-17,30,14];[132,136,137]
[-50,44,7];[82,84,83]
[17,15,9];[19,19,19]
[-53,44,7];[6,6,6]
[-55,44,7];[6,6,6]
[-59,44,7];[3,3,3]
[-60,44,7];[7,9,8]
[-78,44,8];[87,89,88]
[-79,44,8];[130,130,132]
[-84,42,7];[63,64,66]
[-87,39,7];[62,63,65]
[-80,35,8];[82,82,84]
[-60,35,7];[2,2,2]
[-34,34,7];[72,73,75]
[32,51,11];[59,59,59]
[40,34,8];[48,48,48]
[2,26,9];[18,18,20]
[-33,34,7];[39,40,34]
[-63,33,8];[50,51,55]
[8,27,10];[240,204,19]
[-65,33,8];[56,56,56]
[19,40,12];[57,120,251]
[-66,33,7];[56,58,57]
[-38,31,12];[63,63,63]
[-21,32,7];[52,52,52]
[-31,31,8];[27,28,22]
[-32,31,8];[27,28,22]
[-68,32,8];[55,55,55]
[-36,32,8];[45,45,45]
[-37,31,8];[39,41,40]
[-38,32,8];[42,44,43]
[33,29,7];[55,57,56]
[-54,38,11];[7,6,4]
[19,28,7];[59,61,60]
[29,28,7];[58,59,61]
[29,27,8];[5,7,6]
[22,26,8];[8,8,6]
[-24,27,9];[58,58,58]
[29,26,8];[5,5,7]
[-73,40,11];[45,45,45]
[1,26,8];[23,24,19]
[43,42,12];[27,27,27]
[-60,50,9];[86,87,92]
[-2,26,8];[43,43,41]
[22,25,8];[7,6,4]
[28,25,8];[14,14,14]
[23,25,8];[3,2,0]
[-67,40,10];[2,2,2]
[-16,22,8];[6,6,6]
[17,22,8];[14,14,14]
[-29,50,10];[56,56,46]
[17,21,8];[23,23,25]
[17,19,8];[2,2,2]
[17,16,8];[1,1,1]
[-17,15,8];[113,118,124]
[17,8,8];[43,44,46]
[-17,6,8];[45,46,48]
[14,57,7];[241,212,56]
[11,57,7];[242,206,30]
[-57,32,8];[6,8,7]
[-6,57,7];[225,196,34]
[20,57,7];[56,57,59]
[19,57,7];[56,56,56]
[-9,55,7];[49,50,54]
[-8,55,7];[93,90,83]
[33,54,8];[97,98,102]
[34,54,7];[66,66,66]
[34,54,8];[96,98,97]
[32,54,7];[66,66,64]
[25,54,8];[94,94,94]
[10,30,16];[82,82,82]
[36,54,8];[81,79,82]
[-57,42,8];[5,5,5]
[5,49,7];[44,67,135]
[-21,48,7];[20,21,16]
[-48,48,8];[4,6,5]
[39,48,9];[68,70,69]
[37,48,15];[65,64,62]
[40,47,8];[58,58,58]
[-66,46,7];[44,46,45]
[-29,46,8];[49,51,50]
[-20,45,13];[43,43,43]
[-29,45,7];[44,45,47]
[-58,44,7];[7,9,8]
[-89,40,7];[210,184,131]
[-86,38,7];[66,67,69]
[-85,37,7];[65,66,68]
[-7,52,11];[56,56,56]
[41,37,8];[52,52,52]
[-83,36,7];[67,68,72]
[-45,34,7];[44,44,44]
[-54,34,7];[42,42,42]
[-19,26,11];[66,66,68]
[-36,34,7];[38,38,36]
[-19,33,7];[52,78,152]
[-20,33,7];[52,78,152]
[-63,33,7];[33,34,36]
[39,32,8];[33,29,28]
[-24,32,7];[83,85,84]
[-25,32,7];[82,84,81]
[-21,31,7];[27,27,27]
[-42,31,8];[48,50,49]
[-48,31,8];[54,56,53]
[40,34,14];[69,69,71]
[-49,31,8];[58,58,56]
[34,28,7];[21,21,21]
[32,28,7];[63,63,63]
[30,28,7];[58,60,59]
[18,28,7];[57,57,57]
[17,28,7];[47,48,50]
[9,29,11];[77,67,32]
[31,28,7];[59,61,60]
[-42,46,9];[55,57,54]
[31,27,7];[64,64,66]
[16,26,8];[40,42,39]
[20,27,7];[54,56,55]
[28,26,7];[37,35,36]
[31,25,7];[68,68,70]
[13,25,7];[0,0,0]
[7,25,8];[203,165,2]
[-57,25,7];[7,6,4]
[23,24,8];[2,2,2]
[32,41,15];[47,48,50]
[26,24,9];[20,20,20]
[-59,30,10];[29,29,29]
[19,24,7];[14,14,14]
[-56,24,7];[0,0,0]
[21,24,7];[60,61,63]
[-58,24,8];[55,54,52]
[-58,23,8];[86,85,83]
[16,19,7];[0,0,0]
[17,12,8];[3,3,3]
[10,37,10];[0,24,90]
[17,6,8];[45,45,47]
[-15,3,8];[69,69,69]
[-1,2,7];[57,57,57]
[12,58,7];[246,206,33]
[3,57,7];[66,66,56]
[21,38,13];[37,38,42]
[1,57,7];[252,215,36]
[-57,48,8];[1,1,1]
[0,57,7];[244,207,40]
[-7,57,7];[74,74,84]
[30,54,7];[66,66,64]
[28,54,8];[92,92,92]
[29,54,7];[66,66,64]
[-23,48,7];[80,82,81]
[-31,48,7];[48,48,48]
[-35,48,7];[23,23,21]
[-43,48,7];[37,32,13]
[-46,48,7];[90,118,199]
[-47,48,7];[2,5,14]
[-48,48,7];[5,5,5]
[-49,48,7];[5,5,5]
[-50,48,7];[5,5,5]
[-52,48,7];[1,1,1]
[-56,48,7];[3,3,3]
[-58,48,7];[13,13,13]
[-68,47,7];[41,41,43]
[-19,47,8];[53,51,36]
[-73,47,7];[9,9,9]
[-63,46,7];[46,46,48]
[-31,45,7];[27,28,32]
[-30,46,7];[44,46,45]
[-32,45,7];[27,28,32]
[-33,45,7];[25,29,32]
[-34,45,7];[28,32,41]
[-35,45,7];[34,45,63]
[-47,45,7];[18,18,18]
[-23,36,11];[40,40,38]
[29,22,7];[80,78,79]
[-56,44,7];[5,5,5]
[-78,44,7];[75,76,78]
[-84,43,7];[64,64,62]
[-80,41,7];[19,19,19]
[-53,37,11];[203,167,31]
[-87,38,7];[68,68,68]
[41,36,8];[57,57,57]
[-57,35,7];[4,6,5]
[-78,35,7];[62,62,62]
[-10,2,8];[133,120,67]
[-42,34,7];[16,15,11]
[-47,34,7];[18,20,19]
[-50,34,7];[12,12,12]
[-43,34,7];[19,19,17]
[-44,34,7];[19,19,19]
[-52,34,7];[44,44,44]
[-35,34,7];[53,54,56]
[-40,34,7];[17,17,15]
[26,46,15];[24,22,23]
[-46,34,7];[18,20,17]
[-48,34,7];[24,25,19]
[-76,33,7];[73,73,75]
[-77,33,7];[68,69,71]
[-77,46,7];[62,64,63]
[-64,33,7];[24,24,24]
[-74,33,7];[4,4,4]
[-22,32,7];[83,85,82]
[-23,32,7];[83,85,84]
[-23,31,7];[88,90,89]
[-24,31,7];[80,82,81]
[37,30,8];[19,19,19]
[32,27,7];[33,33,31]
[32,26,7];[52,52,52]
[30,27,7];[57,58,60]
[19,26,7];[48,48,48]
[31,26,7];[41,41,41]
[13,35,15];[23,23,23]
[33,26,7];[86,86,86]
[30,26,7];[55,55,57]
[20,26,7];[52,53,55]
[9,25,8];[193,154,0]
[1,25,7];[2,2,2]
[-2,25,7];[2,2,2]
[30,25,7];[25,25,25]
[-27,25,7];[20,19,17]
[15,24,7];[1,1,1]
[27,24,8];[17,17,17]
[-17,15,7];[7,7,5]
[-16,30,13];[121,123,122]
[12,2,7];[57,57,55]
[9,2,7];[244,199,12]
[-2,2,7];[58,58,58]
[-4,2,7];[59,59,59]
[4,2,7];[59,59,59]
[15,58,7];[249,211,22]
[14,58,7];[235,205,71]
[13,58,7];[232,204,104]
[11,58,7];[233,196,29]
[10,58,7];[240,208,39]
[9,57,7];[66,64,51]
[2,58,7];[237,208,72]
[-47,46,13];[67,64,47]
[1,58,7];[254,216,43]
[0,58,7];[245,208,39]
[-1,58,7];[55,55,53]
[-2,58,7];[54,54,56]
[-4,58,7];[138,111,42]
[9,54,9];[51,51,53]
[-6,58,7];[194,168,19]
[19,58,7];[57,57,57]
[16,58,7];[243,206,30]
[-9,56,7];[51,52,54]
[-36,52,7];[59,56,51]
[-45,52,7];[101,92,51]
[-50,52,7];[209,174,20]
[-54,52,7];[53,52,48]
[-57,52,7];[49,51,50]
[-58,52,7];[52,52,52]
[-32,48,7];[14,14,12]
[-33,48,7];[59,61,60]
[-37,49,7];[203,175,66]
[-24,48,7];[80,82,81]
[8,53,9];[55,55,55]
[-25,48,7];[53,53,51]
[-1,8,12];[57,59,58]
[-27,49,7];[66,65,60]
[-29,48,7];[72,69,50]
[-39,48,7];[203,172,63]
[-42,48,7];[105,95,59]
[-45,48,7];[186,174,114]
[-47,49,7];[5,5,5]
[-57,48,7];[1,1,1]
[6,48,7];[14,54,141]
[5,48,7];[44,73,151]
[-70,48,7];[44,46,45]
[-71,48,7];[49,49,49]
[-72,48,7];[50,50,50]
[-27,48,7];[60,61,56]
[1,33,10];[4,33,127]
[-74,47,7];[3,3,3]
[-26,46,7];[27,27,25]
[-31,46,7];[27,28,30]
[-78,46,6];[111,111,113]
[-34,46,7];[26,26,24]
[-49,45,7];[56,58,55]
[-54,45,7];[8,8,8]
[6,42,11];[61,96,160]
[-61,45,7];[19,19,19]
[-36,45,7];[55,57,54]
[-78,45,7];[52,54,53]
[-80,44,7];[22,22,22]
[-85,43,7];[65,65,65]
[-83,41,7];[29,25,13]
[-89,41,6];[67,67,65]
[-89,41,7];[171,149,112]
[-79,41,7];[27,26,24]
[-73,33,8];[14,14,14]
[-79,40,7];[13,13,15]
[-80,40,7];[73,72,70]
[-81,40,7];[195,167,60]
[-90,40,7];[164,145,113]
[-80,39,7];[20,20,20]
[-40,35,10];[53,53,51]
[-79,39,7];[26,27,29]
[-54,48,12];[144,133,87]
[-90,39,7];[66,66,68]
[-81,38,7];[194,164,52]
[-84,35,7];[79,79,79]
[-57,34,7];[5,5,5]
[-62,34,7];[2,2,4]
[-37,34,7];[14,14,14]
[-59,34,7];[1,1,0]
[-42,33,7];[21,22,17]
[-54,33,7];[3,5,4]
[-55,33,7];[4,4,4]
[-77,32,7];[78,78,80]
[-64,32,7];[29,29,29]
[-20,31,7];[30,30,30]
[-19,32,7];[97,88,47]
[-73,32,7];[19,19,19]
[-69,31,7];[39,39,41]
[15,26,7];[23,23,21]
[14,26,7];[24,23,18]
[12,26,7];[17,17,15]
[8,26,7];[230,194,35]
[4,26,7];[19,19,19]
[3,26,7];[19,19,19]
[2,26,7];[19,19,19]
[-6,26,7];[225,198,85]
[-10,26,7];[18,15,10]
[-12,26,7];[16,15,13]
[-13,26,7];[3,3,3]
[14,26,6];[17,17,15]
[12,25,7];[1,2,0]
[12,26,6];[5,5,7]
[-48,39,11];[76,78,75]
[11,26,6];[13,13,11]
[11,25,6];[1,1,0]
[11,25,7];[1,1,0]
[9,26,6];[205,161,10]
[9,25,7];[187,146,2]
[9,25,6];[159,120,0]
[8,25,7];[178,142,19]
[-12,25,8];[9,9,9]
[7,25,7];[188,151,1]
[7,26,7];[235,197,28]
[6,26,7];[23,22,17]
[40,35,13];[58,58,60]
[5,25,7];[3,3,3]
[4,25,7];[3,3,3]
[4,26,6];[11,11,11]
[3,25,7];[2,2,0]
[3,26,6];[8,8,10]
[2,26,6];[4,4,4]
[0,26,7];[18,18,20]
[0,25,7];[1,1,1]
[-1,25,7];[2,2,2]
[-1,26,6];[12,12,12]
[-30,42,9];[72,74,71]
[-1,25,6];[2,2,2]
[-2,26,7];[24,24,22]
[-3,26,7];[16,16,14]
[-3,25,7];[2,2,0]
[-4,26,6];[11,10,8]
[15,39,12];[63,122,252]
[-4,25,7];[3,2,0]
[-4,25,6];[3,2,0]
[-5,26,7];[18,13,0]
[-35,45,13];[56,56,48]
[-5,25,7];[169,128,20]
[-59,52,8];[149,149,157]
[-6,25,7];[161,121,0]
[-8,25,7];[191,149,3]
[-9,25,7];[52,37,0]
[-10,25,7];[8,5,0]
[-11,26,6];[9,9,9]
[-11,25,7];[2,2,0]
[-12,25,6];[11,9,10]
[-30,27,9];[58,60,59]
[-12,26,6];[4,2,3]
[-13,25,7];[2,2,2]
[-13,26,6];[8,8,6]
[-14,25,7];[1,1,1]
[77,25,7];[64,64,64]
[-9,36,14];[91,99,122]
[-15,25,7];[1,1,0]
[-23,25,7];[3,3,3]
[-40,25,7];[40,40,38]
[29,25,7];[27,29,28]
[23,25,7];[16,18,15]
[22,25,7];[16,16,14]
[77,25,6];[64,64,64]
[-32,25,7];[57,51,37]
[27,24,7];[37,37,35]
[29,24,7];[78,79,83]
[22,24,6];[32,32,34]
[-79,38,9];[83,87,90]
[22,24,7];[21,21,21]
[29,24,6];[26,28,27]
[-19,23,7];[2,2,0]
[25,23,7];[65,65,65]
[23,23,7];[62,62,64]
[30,23,7];[34,34,34]
[-17,20,7];[2,1,0]
[-21,20,7];[1,1,1]
[-17,16,7];[8,8,8]
[-17,13,7];[91,95,98]
[-16,8,7];[28,28,28]
[8,2,7];[246,200,16]
[13,17,13];[55,57,56]
[8,58,7];[66,66,54]
[3,58,7];[68,69,53]
[-8,57,7];[3,3,3]
[-19,52,7];[116,93,39]
[-20,52,7];[241,199,25]
[27,36,15];[51,51,53]
[-31,52,7];[234,197,31]
[-33,52,7];[244,206,33]
[-43,52,7];[105,99,51]
[-46,52,7];[107,93,46]
[-52,52,7];[199,161,16]
[28,37,16];[30,30,30]
[-55,52,7];[47,47,47]
[-56,52,7];[47,47,47]
[-25,49,7];[53,53,45]
[-29,49,7];[72,69,50]
[-30,49,7];[72,69,52]
[-34,48,7];[59,61,60]
[14,47,15];[39,38,36]
[-41,44,14];[246,208,13]
[-39,49,7];[203,172,63]
[-5,41,11];[77,110,163]
[-69,48,7];[38,40,39]
[-27,47,7];[27,27,25]
[-77,47,7];[64,64,64]
[-26,47,7];[27,27,25]
[6,31,15];[35,29,29]
[-29,41,9];[52,51,46]
[-67,46,6];[28,28,28]
[-29,46,7];[110,112,109]
[41,46,8];[58,58,58]
[-33,46,7];[27,28,30]
[-38,45,7];[200,169,52]
[-39,45,7];[200,169,52]
[-41,45,7];[202,168,44]
[-42,45,7];[202,168,44]
[-43,45,7];[201,171,51]
[-51,45,7];[56,58,55]
[-52,45,7];[8,8,8]
[-62,46,7];[3,3,3]
[-59,45,7];[3,5,4]
[-62,45,7];[4,4,6]
[-58,45,7];[2,2,2]
[-57,44,7];[8,8,8]
[-57,45,7];[5,5,5]
[43,42,8];[11,11,11]
[43,42,7];[10,10,10]
[-81,41,7];[56,56,56]
[-82,41,7];[31,30,25]
[-82,42,7];[29,26,11]
[-82,38,7];[16,16,14]
[-79,37,7];[13,13,11]
[-80,37,7];[158,135,42]
[-56,34,7];[6,6,6]
[-78,33,7];[64,65,67]
[-22,35,10];[103,88,31]
[-60,34,7];[2,2,2]
[-61,34,7];[7,7,7]
[-58,34,6];[1,1,0]
[-43,33,7];[19,19,19]
[-45,33,7];[19,19,19]
[-46,33,7];[19,19,19]
[-39,33,7];[40,42,41]
[39,33,8];[31,31,33]
[-30,33,7];[13,13,11]
[-31,33,7];[13,13,11]
[39,32,7];[34,30,29]
[-6,18,12];[243,207,25]
[-20,32,6];[52,79,150]
[-29,32,7];[45,47,44]
[-74,32,7];[5,5,5]
[-20,32,7];[26,28,27]
[-63,32,7];[53,54,56]
[-65,32,7];[68,68,68]
[-67,32,7];[11,11,11]
[-75,32,7];[62,63,65]
[-29,31,7];[29,35,51]
[-33,31,7];[71,71,69]
[-37,31,7];[39,41,40]
[43,45,13];[62,62,62]
[-41,31,7];[70,72,71]
[-45,31,7];[64,64,64]
[-56,31,7];[6,8,7]
[-58,31,7];[6,8,7]
[-72,31,7];[54,58,59]
[-34,31,7];[71,71,69]
[-35,31,7];[39,41,40]
[-36,31,7];[39,41,40]
[-40,31,7];[70,72,71]
[-46,31,7];[32,34,33]
[-48,31,7];[54,56,55]
[-53,31,7];[60,60,60]
[25,33,11];[54,55,57]
[-55,31,7];[3,3,3]
[-21,40,11];[71,73,70]
[37,30,7];[19,19,17]
[37,29,8];[16,16,14]
[-59,28,7];[67,65,68]
[17,26,7];[33,34,36]
[-18,26,7];[84,84,84]
[-29,25,7];[19,19,17]
[-30,25,7];[22,22,22]
[-37,25,7];[33,33,31]
[-72,47,8];[46,46,48]
[-38,25,7];[32,32,32]
[-48,25,7];[29,29,27]
[-52,25,7];[23,23,21]
[-54,25,7];[26,25,20]
[36,25,6];[67,68,70]
[32,25,7];[97,95,98]
[-70,42,11];[48,48,48]
[19,25,7];[46,48,47]
[4,2,8];[74,74,76]
[-15,24,7];[1,1,1]
[-31,25,6];[80,82,81]
[-33,25,7];[35,32,25]
[76,25,7];[64,64,64]
[24,24,7];[27,27,25]
[77,24,7];[61,62,64]
[28,23,7];[58,58,60]
[28,24,6];[13,13,15]
[27,39,15];[44,44,42]
[28,23,6];[14,14,16]
[27,24,6];[47,51,52]
[-16,23,8];[9,9,9]
[26,24,6];[4,6,5]
[25,24,6];[29,28,26]
[24,23,6];[8,6,7]
[23,23,6];[15,15,15]
[-16,23,7];[4,4,4]
[24,22,7];[56,56,56]
[-57,22,7];[76,76,74]
[17,21,7];[8,8,10]
[-16,20,7];[19,19,19]
[-22,20,7];[65,65,65]
[17,16,7];[36,38,35]
[45,12,6];[72,72,72]
[-16,11,7];[27,27,27]
[17,8,7];[2,2,2]
[16,3,7];[51,52,54]
[14,2,7];[59,59,59]
[9,1,7];[244,201,26]
[3,2,7];[58,58,58]
[3,1,7];[60,60,60]
[17,57,7];[72,56,7]
[2,1,7];[58,58,58]
[-1,1,7];[58,58,58]
[-5,2,7];[56,56,54]
[-10,2,7];[243,197,16]
[-12,2,7];[53,52,48]
[-14,2,7];[55,55,55]
[-14,1,7];[55,55,55]
[8,1,7];[239,195,12]
[5,1,7];[57,57,55]
[-11,1,7];[247,200,32]
[-12,1,7];[54,53,49]
[19,58,6];[57,59,58]
[4,58,6];[57,60,51]
[2,59,6];[93,84,55]
[-7,58,6];[67,66,71]
[-7,58,7];[61,60,66]
[39,34,14];[71,71,73]
[-12,55,7];[62,62,64]
[-39,44,10];[12,12,10]
[35,54,7];[61,61,61]
[33,54,7];[64,64,64]
[27,54,7];[65,65,65]
[-19,34,16];[97,101,104]
[-32,46,13];[63,64,48]
[-15,54,7];[56,56,58]
[-17,54,7];[60,60,60]
[18,48,15];[60,58,59]
[-9,15,13];[131,118,48]
[36,54,7];[73,71,72]
[36,53,7];[62,62,62]
[-19,52,6];[224,186,43]
[-21,52,7];[234,196,25]
[-24,52,7];[58,58,58]
[-30,52,7];[238,203,49]
[-32,52,7];[236,200,28]
[-34,34,10];[60,62,59]
[-34,52,7];[242,203,37]
[-35,52,7];[238,201,60]
[-38,52,7];[54,55,59]
[-40,52,6];[84,80,68]
[-47,52,6];[235,199,40]
[-50,52,6];[189,160,22]
[-51,52,7];[205,172,17]
[37,52,7];[61,61,61]
[-60,51,7];[63,64,68]
[38,50,8];[60,60,60]
[-26,49,7];[53,53,45]
[-31,49,7];[83,81,69]
[28,30,8];[45,46,48]
[-32,49,7];[83,81,68]
[-34,49,7];[21,22,17]
[-35,49,7];[22,21,16]
[-59,46,12];[25,25,25]
[-36,49,7];[189,174,109]
[-41,49,7];[111,97,36]
[-45,49,7];[56,70,109]
[-46,49,7];[92,115,183]
[-48,49,7];[5,5,5]
[-49,49,7];[5,5,5]
[-50,49,7];[5,5,5]
[-54,49,7];[0,0,0]
[-55,49,7];[1,1,1]
[-57,49,7];[23,23,23]
[-58,49,7];[1,1,0]
[-59,49,7];[1,1,0]
[-46,37,11];[80,82,79]
[-10,6,11];[68,68,60]
[-71,48,6];[40,40,42]
[-70,48,6];[42,43,45]
[-20,47,7];[60,58,43]
[-75,47,6];[51,51,51]
[-66,47,7];[48,50,49]
[-78,46,7];[66,66,64]
[-23,36,14];[53,53,53]
[-48,45,7];[57,57,57]
[-60,45,6];[8,8,10]
[29,44,16];[41,41,41]
[-81,43,7];[2,2,2]
[-86,41,7];[65,67,66]
[-83,43,7];[65,65,65]
[-80,42,7];[13,13,11]
[-79,42,7];[10,10,8]
[-89,38,6];[67,68,72]
[40,35,15];[123,123,125]
[-81,37,7];[29,20,0]
[-87,37,7];[67,68,70]
[-80,35,7];[1,1,1]
[-1,15,13];[56,56,56]
[-83,35,7];[25,25,25]
[40,35,6];[54,56,55]
[41,35,7];[53,55,54]
[11,5,11];[61,63,62]
[-62,33,7];[1,1,1]
[-40,33,7];[17,17,15]
[-47,45,6];[14,14,14]
[-76,32,7];[79,79,81]
[-50,31,7];[57,59,58]
[-51,31,7];[60,62,59]
[-51,31,6];[55,57,54]
[-70,31,6];[44,44,46]
[-45,31,6];[63,65,64]
[36,28,7];[17,16,14]
[-60,29,7];[69,70,72]
[35,27,6];[48,48,48]
[78,25,6];[63,63,65]
[76,25,6];[61,61,61]
[-2,31,16];[66,69,74]
[-36,25,7];[35,35,33]
[-39,25,7];[37,37,35]
[-50,25,7];[34,34,34]
[-23,25,6];[0,0,0]
[-16,24,7];[6,6,8]
[78,24,6];[63,65,64]
[77,24,6];[62,63,65]
[-19,45,13];[5,5,5]
[36,24,6];[71,72,74]
[-43,45,10];[55,57,56]
[29,23,7];[87,87,89]
[27,22,7];[64,64,64]
[25,22,7];[66,66,66]
[17,18,7];[0,0,0]
[-17,18,7];[73,76,81]
[17,17,7];[1,1,1]
[-16,16,7];[27,27,25]
[-17,17,6];[22,22,22]
[42,17,6];[63,65,64]
[43,16,6];[64,64,64]
[44,14,6];[65,65,65]
[-30,43,8];[58,60,59]
[-43,32,8];[48,50,49]
[45,13,6];[64,64,64]
[46,11,6];[96,96,94]
[17,10,7];[45,45,47]
[-17,10,7];[99,94,91]
[-17,9,7];[6,6,6]
[17,7,7];[46,46,46]
[-17,7,7];[49,50,52]
[-16,4,7];[43,44,46]
[-16,3,7];[49,49,51]
[17,58,6];[66,57,39]
[16,58,6];[236,201,39]
[-40,26,9];[63,64,66]
[15,58,6];[182,159,63]
[-6,58,6];[239,213,42]
[6,51,11];[61,61,61]
[-5,58,6];[248,214,31]
[7,58,6];[237,212,83]
[3,59,6];[42,41,36]
[-22,35,13];[58,58,56]
[-3,59,6];[64,67,60]
[-14,54,7];[50,52,51]
[-32,52,6];[244,208,36]
[-13,6,11];[61,61,63]
[-33,52,6];[244,205,39]
[-44,52,7];[105,94,49]
[-48,52,7];[237,197,22]
[-58,52,6];[53,53,53]
[-59,51,6];[33,33,33]
[38,50,7];[57,59,58]
[-2,30,12];[51,52,47]
[-42,49,7];[35,35,35]
[-20,49,7];[81,83,82]
[-22,49,7];[63,65,64]
[-72,48,6];[55,55,57]
[-69,48,6];[44,45,47]
[-74,47,6];[3,3,3]
[-68,47,6];[3,3,3]
[-25,47,6];[49,49,49]
[-26,47,6];[50,50,50]
[-29,46,6];[110,112,109]
[11,22,11];[51,51,51]
[-61,45,6];[18,18,18]
[43,45,7];[68,70,67]
[-82,43,7];[66,65,63]
[-80,43,6];[80,82,81]
[-82,41,6];[19,22,27]
[-53,37,8];[0,0,0]
[-90,41,6];[67,66,64]
[-53,51,8];[215,183,23]
[-91,41,6];[67,67,67]
[42,38,6];[47,45,46]
[-90,38,6];[57,59,58]
[-11,48,14];[53,53,53]
[-83,35,6];[1,1,1]
[-43,51,9];[67,64,45]
[-78,34,7];[62,62,64]
[-78,34,6];[70,71,73]
[-30,33,6];[57,59,58]
[-33,33,6];[186,158,58]
[-34,33,6];[206,168,31]
[-31,33,6];[55,57,56]
[-19,31,6];[51,53,52]
[-24,24,9];[66,66,64]
[-65,32,6];[74,74,74]
[-75,32,6];[59,61,60]
[-30,31,6];[43,43,41]
[-31,31,7];[27,28,20]
[-32,31,6];[27,28,23]
[-9,5,11];[121,110,54]
[-34,31,6];[71,71,69]
[-37,31,6];[42,43,45]
[-47,31,6];[54,56,55]
[-48,31,6];[54,56,55]
[-49,31,6];[56,58,55]
[-50,31,6];[57,59,58]
[-53,31,6];[4,4,4]
[-54,31,7];[3,3,3]
[-5,24,8];[197,164,49]
[-54,31,6];[4,4,4]
[-59,31,7];[14,14,14]
[-58,31,6];[12,12,12]
[-86,40,6];[32,34,33]
[-51,37,8];[100,102,101]
[76,26,6];[58,58,58]
[-58,27,6];[54,54,52]
[33,26,6];[32,32,32]
[-28,25,7];[21,20,18]
[-35,25,7];[34,34,34]
[-8,46,13];[26,81,174]
[35,25,6];[62,63,65]
[33,25,6];[56,56,56]
[-40,52,7];[66,63,54]
[34,25,6];[18,18,18]
[30,24,6];[29,29,27]
[1,56,8];[253,212,34]
[76,24,6];[61,63,62]
[-24,23,7];[3,3,3]
[34,24,6];[47,47,45]
[24,31,9];[3,3,3]
[28,22,7];[56,56,56]
[17,22,7];[10,10,10]
[35,22,6];[59,61,60]
[34,22,6];[62,63,65]
[17,20,7];[18,18,18]
[16,20,6];[1,1,1]
[40,20,6];[67,68,70]
[41,19,6];[69,69,67]
[40,18,6];[75,75,75]
[16,15,7];[103,104,106]
[-17,14,7];[12,12,14]
[16,13,7];[36,38,37]
[77,26,6];[47,47,47]
[46,12,6];[69,69,69]
[17,11,6];[109,111,110]
[17,5,7];[47,49,48]
[-2,1,7];[58,58,58]
[-3,1,7];[58,58,58]
[4,1,7];[59,59,59]
[-4,59,6];[122,113,72]
[11,26,7];[21,20,16]
[-16,54,7];[58,58,58]
[30,48,15];[61,61,61]
[5,34,10];[4,28,98]
[-18,54,7];[69,71,70]
[-17,17,8];[10,11,15]
[-26,52,6];[77,76,74]
[-30,52,6];[235,199,43]
[-37,52,6];[68,69,71]
[-55,46,9];[4,4,4]
[5,58,6];[237,206,53]
[-38,52,6];[65,66,68]
[-49,52,6];[194,163,23]
[-55,52,6];[48,46,47]
[-24,47,6];[199,169,57]
[-65,47,6];[51,51,51]
[-22,47,6];[33,34,28]
[-32,46,6];[25,27,24]
[-33,46,6];[26,26,24]
[-83,41,6];[54,56,53]
[-92,41,6];[65,66,68]
[41,37,7];[52,50,51]
[-89,37,6];[50,50,50]
[-35,33,7];[53,54,56]
[-41,33,6];[20,21,23]
[-51,33,6];[64,71,87]
[-53,33,6];[64,71,87]
[-39,47,9];[36,36,36]
[-46,33,6];[55,57,54]
[-55,31,6];[72,74,73]
[-50,35,10];[35,35,33]
[37,25,6];[72,73,75]
[-11,36,16];[88,89,91]
[15,25,6];[1,1,0]
[-25,25,7];[14,14,12]
[-33,25,6];[8,7,3]
[17,24,6];[1,1,1]
[-17,22,7];[8,8,10]
[-47,44,7];[18,18,18]
[-57,23,7];[78,78,78]
[-58,23,7];[35,35,35]
[77,23,6];[63,63,63]
[-30,23,6];[82,86,89]
[-21,22,6];[1,1,1]
[36,22,6];[53,53,51]
[33,22,6];[62,63,65]
[34,21,6];[63,63,65]
[-16,11,8];[3,3,3]
[35,21,6];[61,62,64]
[37,21,6];[36,35,33]
[35,20,6];[61,62,64]
[36,20,6];[61,62,64]
[37,19,6];[60,60,60]
[17,17,6];[20,20,20]
[-25,46,7];[44,44,44]
[42,18,6];[68,68,68]
[41,17,6];[66,66,66]
[-16,8,6];[2,2,0]
[16,7,6];[0,0,0]
[16,59,6];[216,182,46]
[7,59,6];[230,204,93]
[5,59,6];[216,201,136]
[-5,59,6];[230,195,33]
[-9,57,6];[51,52,54]
[16,31,12];[29,29,31]
[-11,57,6];[57,57,57]
[-10,58,6];[57,58,60]
[-11,58,6];[62,63,65]
[-22,52,6];[199,172,65]
[-21,53,6];[237,205,92]
[-36,53,6];[70,70,72]
[-39,53,6];[75,74,70]
[-45,52,6];[180,155,55]
[-53,52,6];[50,49,45]
[-60,52,6];[51,51,51]
[28,34,12];[52,54,53]
[37,51,7];[60,60,60]
[-60,50,7];[68,69,71]
[0,23,9];[25,25,25]
[-60,49,7];[82,84,83]
[-60,51,6];[64,64,64]
[-23,51,9];[239,200,17]
[38,49,7];[58,58,58]
[-27,48,6];[29,30,25]
[-63,47,6];[45,46,48]
[-20,47,6];[51,53,52]
[-30,46,6];[110,112,109]
[-34,46,6];[26,26,24]
[-35,46,6];[26,26,24]
[-42,46,6];[101,105,116]
[-52,46,6];[56,58,55]
[-54,46,5];[6,6,6]
[-36,46,6];[22,22,20]
[-34,47,12];[54,54,44]
[-60,46,6];[8,8,8]
[-79,45,6];[13,13,13]
[-79,42,6];[18,18,16]
[-81,42,6];[120,121,113]
[-82,42,6];[19,16,7]
[-93,41,6];[43,42,40]
[43,40,7];[8,8,8]
[20,53,9];[56,56,54]
[-93,40,6];[13,11,12]
[-80,38,6];[85,86,88]
[35,34,11];[170,173,178]
[-82,38,6];[1,1,0]
[-83,38,6];[14,14,12]
[-84,38,6];[16,16,16]
[16,14,12];[80,81,85]
[79,38,5];[70,72,71]
[74,38,5];[91,84,66]
[74,37,5];[69,68,64]
[41,37,6];[51,51,51]
[42,37,7];[51,51,51]
[-15,49,14];[58,58,58]
[29,34,12];[53,53,53]
[80,37,5];[63,63,63]
[-89,36,6];[74,73,78]
[-81,36,6];[19,19,19]
[-88,36,6];[71,72,74]
[-15,28,10];[160,161,165]
[82,36,5];[71,71,71]
[-28,40,10];[120,118,97]
[19,31,11];[61,63,62]
[81,37,5];[63,63,63]
[75,37,5];[69,68,63]
[76,36,5];[64,64,64]
[-39,26,9];[62,63,65]
[-61,33,6];[1,1,1]
[-62,33,6];[29,27,28]
[-80,33,6];[74,74,74]
[-81,41,9];[106,102,101]
[-42,33,6];[20,20,20]
[-43,32,6];[19,19,19]
[-47,33,6];[142,147,143]
[-48,33,6];[141,146,142]
[-55,32,6];[3,3,3]
[-29,32,6];[29,35,51]
[-35,32,6];[41,41,33]
[-77,32,6];[74,74,76]
[-63,32,6];[9,9,9]
[-66,32,6];[55,55,57]
[38,31,7];[20,21,23]
[-29,30,6];[42,44,43]
[-52,31,6];[4,4,4]
[-70,30,6];[52,53,55]
[-71,30,6];[62,66,69]
[-59,28,6];[34,34,32]
[78,26,6];[62,62,62]
[-18,25,7];[1,1,1]
[79,25,6];[66,68,67]
[-24,25,6];[8,8,8]
[-56,25,6];[5,4,0]
[-25,25,6];[2,2,0]
[-16,23,6];[5,5,7]
[79,23,6];[64,65,67]
[-8,45,12];[5,49,144]
[40,21,6];[84,84,84]
[31,23,6];[60,60,62]
[-25,22,6];[46,45,43]
[-24,39,11];[61,63,62]
[-28,22,6];[103,109,109]
[33,21,6];[62,63,65]
[-26,21,6];[80,80,80]
[-25,21,6];[74,74,76]
[34,20,6];[64,65,67]
[34,19,6];[60,60,62]
[-26,18,6];[94,93,98]
[39,19,6];[71,71,73]
[24,32,11];[32,32,32]
[38,19,6];[54,53,51]
[37,18,6];[61,62,64]
[35,19,6];[63,64,66]
[39,18,6];[32,33,28]
[36,18,6];[63,64,66]
[-27,18,6];[92,93,95]
[39,18,5];[54,53,51]
[-77,45,8];[52,54,51]
[44,16,6];[74,75,77]
[-26,17,6];[106,105,103]
[38,17,6];[60,62,61]
[-25,17,6];[86,86,88]
[-26,16,6];[173,169,132]
[-74,36,9];[3,3,3]
[-23,16,5];[159,159,157]
[41,15,6];[46,45,43]
[13,1,6];[56,56,56]
[4,59,6];[130,125,106]
[20,59,6];[72,70,73]
[-4,58,6];[83,74,41]
[13,58,6];[191,169,94]
[10,58,6];[228,193,29]
[8,58,6];[70,70,58]
[3,58,6];[69,68,50]
[2,58,6];[149,126,48]
[-26,53,6];[81,78,73]
[-43,53,6];[142,126,64]
[-43,46,6];[200,170,48]
[-44,53,6];[143,123,54]
[-46,52,6];[237,202,56]
[-52,53,6];[179,154,28]
[-56,52,6];[58,49,16]
[27,34,11];[60,61,63]
[-59,53,6];[82,82,84]
[-38,49,6];[201,174,61]
[-47,49,6];[5,5,3]
[-57,49,6];[0,0,0]
[-5,29,11];[47,38,33]
[-60,49,6];[1,0,0]
[-27,49,6];[53,55,54]
[-18,28,11];[68,69,73]
[-28,49,6];[72,69,50]
[-73,49,6];[34,34,34]
[-24,48,6];[196,171,70]
[-68,48,6];[33,33,35]
[-76,48,6];[61,57,56]
[-24,31,11];[52,54,53]
[-67,47,6];[18,18,18]
[-77,47,6];[60,62,61]
[-79,46,6];[64,66,65]
[-32,47,6];[96,98,97]
[-33,47,6];[25,26,21]
[-35,47,6];[26,26,24]
[-41,46,6];[65,69,78]
[-48,46,6];[56,58,55]
[-49,46,6];[56,58,55]
[-52,46,5];[6,6,6]
[-53,46,6];[6,6,6]
[-62,46,5];[10,10,12]
[-56,46,6];[7,7,5]
[43,43,7];[12,12,12]
[66,43,5];[66,66,66]
[60,43,5];[61,63,62]
[-90,43,6];[66,66,68]
[65,43,5];[63,64,66]
[62,43,5];[60,62,61]
[55,43,5];[60,62,61]
[-83,43,6];[2,2,2]
[68,43,5];[63,61,62]
[-38,39,9];[11,11,11]
[59,43,5];[60,61,63]
[56,43,5];[63,63,63]
[-84,42,6];[14,14,12]
[9,49,12];[148,130,120]
[53,43,5];[62,64,63]
[-51,39,9];[13,15,14]
[43,42,6];[7,9,8]
[-83,42,6];[7,7,7]
[16,6,11];[57,58,60]
[73,43,5];[74,70,69]
[29,35,15];[60,61,63]
[54,43,5];[62,62,64]
[-92,42,6];[64,65,67]
[73,42,5];[64,63,61]
[71,42,5];[62,62,62]
[53,42,5];[61,62,64]
[63,42,5];[61,62,64]
[-45,29,10];[43,40,33]
[62,42,5];[61,61,63]
[61,42,5];[57,57,57]
[68,42,5];[61,62,64]
[67,43,5];[63,63,63]
[56,42,5];[60,61,63]
[72,43,5];[62,62,60]
[59,42,5];[59,60,62]
[60,42,5];[60,61,63]
[73,41,5];[72,69,64]
[65,42,5];[63,64,66]
[66,42,5];[62,62,64]
[66,41,5];[62,62,60]
[55,42,5];[62,62,62]
[-81,40,6];[61,61,61]
[-82,40,6];[52,54,53]
[71,41,5];[59,61,60]
[70,41,5];[61,61,61]
[69,41,5];[60,60,60]
[62,41,5];[61,61,63]
[60,41,5];[59,60,62]
[-11,34,16];[90,88,89]
[59,41,5];[60,60,60]
[-83,40,6];[64,61,52]
[-55,40,11];[3,3,3]
[-87,40,5];[8,7,5]
[-88,40,5];[11,11,9]
[43,40,5];[3,3,3]
[-84,40,6];[91,93,90]
[72,41,5];[61,61,59]
[65,41,5];[61,61,61]
[57,41,5];[60,60,60]
[56,41,5];[61,61,59]
[70,40,5];[58,60,59]
[66,40,5];[59,59,59]
[-22,25,9];[2,2,0]
[55,40,5];[61,61,61]
[72,40,5];[62,62,62]
[71,40,5];[59,61,60]
[65,40,5];[60,60,60]
[64,40,5];[59,61,60]
[62,40,5];[61,61,61]
[-32,33,7];[13,13,11]
[61,40,5];[59,60,62]
[58,40,5];[57,61,60]
[57,40,5];[60,62,61]
[-89,40,6];[3,3,1]
[-90,40,6];[8,8,8]
[-83,39,6];[69,67,54]
[-84,39,6];[96,98,97]
[-89,39,6];[12,12,12]
[70,38,5];[86,78,32]
[67,38,5];[82,69,25]
[66,38,5];[101,82,23]
[56,38,5];[96,77,19]
[55,38,5];[93,74,15]
[-92,38,6];[79,79,81]
[26,41,16];[45,45,45]
[-8,50,13];[31,31,31]
[-81,37,6];[18,20,19]
[-82,37,6];[17,17,15]
[-83,37,6];[13,13,13]
[-91,37,6];[78,79,83]
[-80,37,6];[26,28,27]
[-12,52,11];[56,56,54]
[-85,37,6];[13,13,13]
[-59,37,11];[3,3,3]
[-1,54,9];[56,56,56]
[63,38,5];[54,53,51]
[57,38,5];[68,57,25]
[79,37,5];[70,70,70]
[76,37,5];[64,64,62]
[68,37,5];[99,83,31]
[62,37,5];[79,72,54]
[-25,30,10];[32,32,32]
[58,38,5];[64,63,58]
[78,37,5];[100,99,95]
[65,37,5];[247,213,43]
[-71,31,6];[46,47,49]
[60,37,5];[251,215,31]
[-50,45,7];[56,58,55]
[59,37,5];[245,214,64]
[56,37,5];[240,202,39]
[78,36,5];[68,70,69]
[77,37,5];[77,75,76]
[69,37,5];[233,207,97]
[67,37,5];[246,208,39]
[58,37,5];[72,70,57]
[57,37,5];[244,209,91]
[54,38,5];[71,67,55]
[72,37,5];[249,213,39]
[-46,39,9];[64,65,60]
[69,36,5];[241,202,45]
[66,37,5];[249,214,36]
[66,36,5];[252,216,34]
[-30,40,9];[59,57,45]
[58,36,5];[241,215,92]
[55,37,5];[247,211,52]
[-82,36,6];[7,7,7]
[53,37,5];[246,222,86]
[77,36,5];[63,63,61]
[72,36,5];[248,214,62]
[11,15,13];[57,57,57]
[71,36,5];[245,206,40]
[70,36,5];[253,213,40]
[67,36,5];[116,100,41]
[59,36,5];[242,207,41]
[-46,42,8];[32,32,24]
[63,36,5];[121,108,56]
[64,36,5];[254,223,45]
[61,36,5];[77,68,27]
[-35,47,12];[54,54,42]
[60,36,5];[250,215,35]
[56,36,5];[252,219,42]
[54,36,5];[250,217,52]
[52,36,5];[238,215,87]
[52,37,5];[125,120,91]
[-68,37,10];[52,52,52]
[-81,33,6];[75,75,77]
[40,33,7];[41,41,41]
[-74,31,6];[16,16,16]
[-64,31,6];[51,51,51]
[-54,30,6];[6,6,6]
[-55,30,6];[4,4,4]
[-68,31,6];[58,58,58]
[77,27,6];[53,54,56]
[76,28,6];[60,64,65]
[78,27,6];[24,26,25]
[75,27,6];[62,63,65]
[36,27,6];[32,33,35]
[79,27,6];[30,30,30]
[75,26,6];[60,62,61]
[1,26,7];[18,18,18]
[74,26,6];[59,61,60]
[-15,26,6];[22,23,18]
[23,51,11];[56,56,56]
[-30,25,6];[17,18,20]
[-36,25,6];[13,12,8]
[-37,25,6];[12,11,7]
[-38,25,6];[16,13,8]
[-39,25,6];[12,11,9]
[-3,37,10];[79,112,163]
[-41,25,6];[15,15,13]
[-43,25,6];[12,11,7]
[-44,25,6];[12,11,6]
[-45,25,6];[13,12,7]
[-46,25,6];[14,14,6]
[-50,25,6];[11,11,11]
[-51,25,6];[11,11,9]
[-49,48,8];[5,5,5]
[-52,25,6];[10,10,8]
[-53,25,6];[14,13,9]
[-54,25,6];[13,10,5]
[-55,25,6];[9,8,3]
[38,24,6];[80,80,82]
[-30,25,5];[2,1,0]
[-34,25,6];[9,8,3]
[16,24,6];[0,0,0]
[-33,24,6];[6,5,1]
[-57,24,6];[30,30,28]
[-58,24,6];[62,64,63]
[80,24,6];[65,65,67]
[79,24,6];[66,66,66]
[75,24,6];[71,71,71]
[80,23,6];[64,65,67]
[30,23,6];[32,31,29]
[-19,30,11];[60,61,65]
[22,22,6];[10,12,11]
[-27,22,6];[59,60,62]
[28,28,9];[57,57,57]
[40,22,6];[77,76,74]
[41,21,6];[62,62,62]
[77,22,6];[64,64,64]
[-28,21,6];[49,53,54]
[-58,21,6];[86,86,86]
[-16,20,6];[20,20,20]
[-25,20,6];[59,59,59]
[17,20,6];[19,19,19]
[-24,20,6];[15,15,15]
[-26,19,6];[97,98,102]
[-23,18,6];[68,69,73]
[-56,37,9];[5,5,5]
[16,18,6];[34,35,37]
[-22,17,6];[25,26,28]
[43,17,6];[76,77,81]
[-4,1,7];[58,58,58]
[-27,17,6];[105,104,100]
[41,16,6];[53,53,55]
[39,16,5];[59,61,60]
[37,17,5];[64,65,67]
[45,15,6];[112,115,120]
[-16,14,7];[23,23,23]
[25,35,15];[60,64,67]
[45,14,6];[74,75,77]
[46,14,6];[92,95,100]
[19,38,14];[131,131,131]
[42,14,6];[39,39,37]
[40,15,5];[61,63,62]
[-45,38,14];[245,206,25]
[39,15,5];[62,62,62]
[-16,13,7];[31,31,31]
[44,12,6];[67,69,68]
[47,12,6];[89,90,92]
[44,11,6];[28,28,28]
[16,24,7];[5,5,5]
[45,10,6];[60,60,60]
[-16,9,6];[47,49,46]
[17,10,6];[138,140,139]
[-1,34,9];[0,27,94]
[16,10,6];[56,58,57]
[-16,3,6];[45,47,46]
[-15,2,6];[53,53,53]
[-7,1,6];[71,57,8]
[14,1,6];[57,57,55]
[15,1,6];[40,40,38]
[-10,1,6];[243,198,19]
[-48,37,9];[191,163,54]
[-15,1,6];[57,57,57]
[-14,1,6];[58,58,58]
[5,59,5];[131,125,103]
[17,59,6];[93,86,76]
[19,59,6];[67,69,68]
[-8,58,6];[6,6,6]
[-9,58,6];[52,53,55]
[-80,41,6];[37,37,39]
[14,58,6];[150,135,78]
[11,58,6];[222,186,27]
[1,58,6];[252,211,45]
[-52,33,7];[63,70,86]
[-38,53,6];[69,70,72]
[0,58,6];[247,211,39]
[-1,58,6];[61,61,61]
[-2,58,6];[67,68,62]
[22,56,7];[65,63,64]
[22,55,7];[58,59,61]
[22,55,6];[57,57,57]
[23,55,6];[76,76,76]
[-13,54,6];[69,69,69]
[27,54,6];[58,58,56]
[25,54,6];[58,58,58]
[-22,53,6];[73,69,68]
[-24,53,6];[82,79,74]
[-25,53,6];[78,77,73]
[-29,53,6];[237,197,48]
[-31,53,6];[235,200,38]
[-33,53,6];[238,203,49]
[-37,53,6];[70,69,74]
[-41,53,6];[92,88,76]
[36,53,8];[69,69,69]
[-45,53,6];[190,160,62]
[-46,53,6];[237,200,47]
[-51,53,6];[182,151,22]
[-53,53,6];[48,48,46]
[-54,53,6];[47,47,47]
[-55,53,6];[46,46,46]
[-56,53,6];[48,48,48]
[-5,32,12];[36,52,68]
[-58,53,6];[53,55,54]
[-57,53,6];[51,51,51]
[9,50,15];[62,63,67]
[37,52,6];[60,60,60]
[-58,47,13];[233,191,31]
[-20,49,6];[60,62,59]
[-22,49,6];[63,65,64]
[-49,25,6];[14,13,11]
[-32,49,6];[63,61,49]
[-35,49,6];[61,63,62]
[-36,49,6];[202,174,64]
[8,5,10];[249,209,23]
[-37,49,6];[204,176,66]
[-41,49,6];[111,97,36]
[-50,49,6];[5,5,5]
[-26,49,6];[25,27,24]
[-73,48,6];[33,33,33]
[-74,48,6];[3,3,3]
[-19,48,6];[57,57,57]
[-65,48,6];[50,50,50]
[-26,48,6];[54,54,54]
[15,5,11];[61,62,64]
[-29,48,6];[110,112,109]
[-79,47,6];[61,62,64]
[-34,47,6];[26,26,24]
[-43,46,5];[196,170,60]
[-45,46,6];[200,170,48]
[-46,46,6];[199,171,61]
[-49,46,5];[6,6,6]
[-61,46,6];[16,16,16]
[-80,47,6];[61,62,64]
[-81,46,6];[64,65,67]
[-82,46,6];[63,63,63]
[-81,45,6];[7,7,7]
[71,44,5];[64,66,65]
[70,44,5];[63,64,66]
[68,44,5];[66,66,68]
[-38,47,8];[3,3,3]
[65,44,5];[66,67,71]
[62,44,5];[64,65,67]
[61,44,5];[67,68,70]
[60,44,5];[64,65,67]
[39,31,8];[34,30,31]
[58,44,5];[66,67,69]
[57,44,5];[65,66,68]
[56,44,5];[63,64,66]
[55,44,5];[68,69,71]
[-79,44,6];[31,31,31]
[-79,38,8];[1,1,0]
[-85,43,6];[91,89,92]
[-79,43,6];[54,54,54]
[-84,43,5];[16,16,16]
[77,41,5];[225,189,111]
[33,49,13];[57,57,57]
[46,41,5];[60,48,32]
[44,41,5];[3,3,3]
[-80,40,6];[11,11,9]
[-81,40,5];[20,21,16]
[7,50,13];[31,35,38]
[-82,40,5];[20,21,16]
[-83,40,5];[78,80,77]
[-84,40,5];[16,16,16]
[-91,40,5];[5,5,7]
[-55,50,10];[227,192,28]
[-92,40,6];[68,69,73]
[44,40,5];[3,3,3]
[73,39,5];[237,194,38]
[46,40,5];[59,47,31]
[26,34,14];[71,71,71]
[-81,39,5];[27,27,27]
[-83,39,5];[69,67,54]
[-80,39,5];[27,27,27]
[-85,39,5];[96,98,95]
[-88,39,5];[14,14,14]
[-89,39,5];[12,12,12]
[15,25,8];[8,8,10]
[-90,39,5];[3,3,3]
[-90,37,6];[69,70,74]
[-84,37,6];[14,14,14]
[-84,36,6];[1,1,0]
[-85,36,6];[58,59,63]
[41,36,6];[53,53,51]
[-87,36,6];[71,72,74]
[1,20,11];[54,54,52]
[40,33,6];[49,49,49]
[-56,33,6];[10,10,10]
[-58,33,6];[5,5,7]
[-60,33,6];[1,1,0]
[-27,34,10];[134,116,42]
[-38,32,6];[20,21,23]
[-40,32,6];[26,27,29]
[-41,32,6];[26,27,29]
[-47,32,6];[55,57,54]
[-53,32,6];[59,62,67]
[-38,37,8];[11,11,11]
[-54,32,6];[3,3,3]
[-50,32,6];[141,146,142]
[-30,32,6];[57,59,58]
[-67,32,5];[29,29,31]
[-62,32,6];[1,1,1]
[31,39,16];[56,56,56]
[-29,31,6];[68,74,86]
[-33,30,6];[71,71,69]
[9,47,8];[1,39,120]
[9,26,8];[23,22,17]
[-40,30,6];[70,72,71]
[-48,30,6];[54,56,55]
[-53,39,9];[5,5,3]
[-56,30,6];[4,4,4]
[-49,44,7];[82,84,83]
[-57,30,6];[53,53,53]
[-58,30,6];[10,10,8]
[-44,30,6];[32,32,32]
[-46,30,6];[43,44,38]
[-52,30,6];[49,49,47]
[-73,30,6];[47,49,48]
[-10,13,13];[56,56,54]
[37,29,7];[27,26,24]
[76,23,6];[63,64,66]
[37,29,6];[36,36,36]
[-60,28,6];[81,81,83]
[79,26,6];[16,16,16]
[-15,25,6];[1,1,1]
[38,25,6];[28,28,28]
[18,25,6];[19,15,12]
[-40,25,6];[12,12,10]
[-47,25,6];[13,12,8]
[-27,41,14];[70,63,44]
[-49,25,5];[47,47,37]
[-50,25,5];[76,75,71]
[-54,25,5];[111,99,38]
[-6,22,10];[230,193,14]
[-55,25,5];[190,173,104]
[-27,25,5];[19,19,19]
[-41,25,5];[39,38,33]
[-42,25,5];[37,37,37]
[-52,25,5];[188,169,129]
[-53,25,5];[98,85,32]
[-56,25,5];[196,178,112]
[39,23,6];[78,78,78]
[-29,23,6];[73,74,78]
[-17,23,6];[10,10,8]
[17,22,6];[2,2,2]
[-40,46,6];[65,69,78]
[78,22,6];[64,65,67]
[31,22,5];[61,63,62]
[-54,43,14];[50,52,51]
[-5,17,13];[201,181,69]
[32,21,5];[61,62,64]
[-21,21,6];[1,1,1]
[33,20,5];[62,63,65]
[-17,19,6];[84,88,87]
[-23,20,6];[30,30,28]
[-24,19,6];[4,4,4]
[-25,19,6];[100,98,99]
[-23,18,5];[10,10,12]
[-22,18,6];[2,2,2]
[-16,18,6];[20,20,20]
[-36,52,6];[69,69,71]
[37,16,5];[64,65,67]
[-4,26,7];[16,15,13]
[-16,14,6];[9,9,9]
[-1,49,11];[8,55,137]
[39,14,5];[61,62,64]
[-35,30,11];[60,58,46]
[38,15,5];[64,65,67]
[46,13,5];[48,49,51]
[-17,13,6];[78,80,77]
[22,31,8];[5,5,5]
[43,13,5];[37,35,36]
[40,14,5];[60,61,63]
[42,13,5];[39,39,39]
[41,13,5];[60,61,63]
[48,11,6];[62,62,62]
[17,9,6];[98,98,100]
[17,7,6];[0,2,1]
[-16,2,6];[52,52,54]
[4,54,8];[22,21,17]
[5,1,6];[59,59,57]
[-1,1,6];[59,59,59]
[-8,1,6];[244,201,37]
[-27,33,13];[60,62,61]
[-11,1,6];[244,203,59]
[10,1,6];[237,196,42]
[9,1,6];[230,185,24]
[0,1,6];[59,59,59]
[-5,1,6];[58,58,58]
[-6,1,6];[57,57,57]
[4,60,5];[122,109,56]
[22,56,6];[89,88,86]
[30,54,6];[59,57,58]
[28,54,6];[58,58,58]
[29,54,6];[58,58,56]
[-3,5,11];[63,65,64]
[23,54,6];[53,53,51]
[-14,54,6];[48,50,49]
[6,15,14];[155,140,109]
[-16,54,8];[82,83,87]
[36,54,6];[77,75,78]
[38,47,15];[75,76,80]
[-44,33,6];[19,19,17]
[36,53,6];[61,61,61]
[-19,53,6];[34,25,0]
[-20,53,6];[244,202,38]
[-42,53,6];[141,126,67]
[-42,53,5];[248,221,88]
[-50,53,6];[182,151,22]
[-60,50,6];[81,81,81]
[-33,50,6];[29,29,29]
[-42,45,14];[246,210,28]
[-42,50,6];[73,74,69]
[-43,49,6];[27,27,27]
[-44,49,6];[29,30,25]
[-45,49,6];[56,70,109]
[-48,49,6];[5,5,5]
[-51,49,6];[5,5,3]
[-53,49,6];[5,5,3]
[-54,50,6];[5,5,3]
[-54,49,6];[3,3,3]
[-55,49,6];[1,1,1]
[-67,33,7];[32,32,34]
[-23,49,6];[59,61,60]
[-24,49,6];[58,59,61]
[-56,49,6];[0,0,0]
[-63,48,6];[45,45,47]
[39,34,13];[99,99,101]
[3,24,8];[11,11,11]
[-19,47,5];[28,28,26]
[-60,33,12];[44,44,46]
[-38,46,6];[6,6,6]
[-39,46,6];[6,6,6]
[23,39,12];[60,120,253]
[-37,46,5];[6,6,6]
[73,44,5];[97,96,94]
[69,44,5];[64,66,65]
[67,44,5];[66,67,69]
[64,44,5];[64,64,66]
[52,44,5];[77,78,82]
[43,42,5];[4,4,4]
[51,41,5];[22,22,24]
[-19,36,10];[52,78,152]
[-84,39,5];[75,73,60]
[43,38,6];[42,42,42]
[-79,36,6];[24,24,22]
[73,35,5];[71,72,76]
[-78,32,6];[77,77,77]
[-65,31,6];[83,81,84]
[-31,30,6];[21,21,19]
[-35,30,6];[64,66,65]
[-37,30,6];[88,93,99]
[-50,30,6];[37,37,37]
[-54,48,8];[1,1,1]
[-60,30,6];[1,1,1]
[75,27,5];[60,62,61]
[-29,25,5];[19,19,19]
[-38,25,5];[65,63,51]
[-39,25,5];[70,72,69]
[-40,25,5];[58,59,54]
[-43,25,5];[51,53,52]
[-44,25,5];[157,147,96]
[-45,25,5];[162,152,103]
[-81,43,6];[23,23,23]
[-51,25,5];[56,55,50]
[-28,25,5];[13,13,13]
[17,6,9];[48,50,49]
[-47,25,5];[62,60,48]
[-23,24,5];[1,1,1]
[-57,23,6];[9,9,9]
[-58,44,10];[8,8,8]
[-58,23,6];[89,92,97]
[14,35,16];[64,65,67]
[29,22,6];[50,50,50]
[39,23,5];[33,33,33]
[41,20,5];[31,31,31]
[-22,19,6];[12,12,12]
[-27,18,5];[85,85,85]
[-7,47,12];[9,43,114]
[-28,18,5];[57,57,47]
[-76,40,8];[15,15,17]
[-32,18,5];[241,202,36]
[-34,18,5];[247,207,34]
[-46,18,5];[244,202,32]
[-51,18,5];[67,64,55]
[37,15,5];[64,65,67]
[40,13,5];[61,62,64]
[-46,30,10];[51,48,41]
[44,12,5];[15,15,15]
[42,12,5];[56,56,54]
[16,11,6];[61,61,61]
[-16,10,6];[33,33,31]
[-17,9,6];[97,95,96]
[-43,45,13];[234,209,82]
[17,6,6];[42,43,45]
[-17,4,6];[46,46,48]
[-17,5,6];[51,52,54]
[-9,43,14];[46,58,94]
[1,1,6];[60,60,60]
[12,60,5];[181,156,74]
[-26,25,6];[2,2,2]
[15,59,5];[82,66,17]
[-10,58,5];[60,61,63]
[20,58,6];[84,82,85]
[32,54,6];[57,58,53]
[-29,49,6];[53,50,35]
[-68,48,5];[8,8,8]
[-61,46,5];[16,16,16]
[41,47,6];[59,57,58]
[46,42,5];[62,50,36]
[45,42,5];[50,45,39]
[25,42,15];[44,44,44]
[43,43,5];[3,3,3]
[-52,45,14];[48,48,48]
[44,42,5];[6,8,7]
[-85,43,5];[1,1,1]
[71,39,5];[12,10,11]
[70,39,5];[19,19,19]
[17,35,16];[89,90,95]
[69,39,5];[22,21,19]
[-45,25,7];[36,36,34]
[64,39,5];[7,7,7]
[61,39,5];[7,7,7]
[-19,32,12];[25,25,25]
[63,44,5];[67,68,70]
[59,39,5];[11,13,12]
[-1,46,9];[71,103,154]
[58,39,5];[7,7,7]
[17,10,8];[20,20,20]
[57,39,5];[9,9,9]
[56,39,5];[11,11,11]
[55,39,5];[4,4,4]
[-49,39,14];[51,52,47]
[54,39,5];[2,2,2]
[52,39,5];[22,22,22]
[53,39,5];[10,10,10]
[46,39,5];[63,51,35]
[-93,38,5];[80,80,82]
[-79,37,6];[23,23,23]
[42,37,6];[48,48,48]
[-79,37,5];[13,13,11]
[-85,36,5];[41,41,41]
[-56,33,5];[3,3,3]
[73,31,5];[61,61,61]
[-49,30,6];[35,35,35]
[68,30,5];[68,68,66]
[-41,36,10];[50,50,48]
[67,30,5];[67,67,67]
[66,29,5];[72,73,77]
[64,29,5];[61,63,62]
[65,28,5];[87,88,93]
[68,40,5];[57,58,60]
[63,28,5];[70,71,73]
[79,26,5];[7,5,6]
[18,26,5];[27,27,25]
[-58,26,6];[53,53,53]
[62,26,5];[68,68,70]
[16,25,6];[4,4,4]
[-7,26,7];[47,36,0]
[80,24,5];[60,60,62]
[62,24,5];[75,73,76]
[61,24,5];[68,69,71]
[29,23,5];[50,47,42]
[-51,32,6];[64,71,87]
[-17,22,6];[14,14,14]
[30,23,5];[52,50,51]
[-57,22,6];[85,85,83]
[59,22,5];[69,70,72]
[58,21,5];[67,68,72]
[-56,19,5];[47,48,43]
[-24,18,6];[75,76,80]
[-57,19,5];[56,53,48]
[-7,57,6];[45,45,47]
[59,21,5];[74,75,79]
[-27,19,5];[74,74,72]
[-28,19,5];[51,51,41]
[-30,19,5];[51,51,43]
[-31,19,5];[71,61,49]
[-87,43,6];[115,115,117]
[-32,19,5];[237,200,24]
[1,33,11];[5,52,158]
[-33,19,5];[239,202,25]
[-34,19,5];[240,202,31]
[-35,19,5];[54,49,29]
[-37,19,5];[51,51,41]
[-39,19,5];[238,202,30]
[-41,19,5];[230,193,26]
[-43,19,5];[51,51,43]
[-44,19,5];[60,58,43]
[-45,19,5];[252,217,73]
[-47,19,5];[235,197,26]
[-48,19,5];[235,208,41]
[-49,19,5];[62,64,63]
[14,32,13];[62,62,60]
[-50,19,5];[61,59,44]
[-53,19,5];[230,199,49]
[59,20,5];[72,72,74]
[43,19,5];[21,21,21]
[33,19,5];[58,62,63]
[-16,17,6];[16,16,16]
[-29,18,5];[57,57,49]
[-30,18,5];[58,57,52]
[-43,48,11];[50,51,45]
[-31,18,5];[177,147,51]
[-33,18,5];[241,203,32]
[-58,33,13];[59,59,57]
[-35,18,5];[57,57,49]
[-37,18,5];[56,55,50]
[-40,18,5];[241,202,36]
[-41,18,5];[235,205,71]
[4,23,9];[25,25,23]
[-43,18,5];[56,56,48]
[-44,18,5];[64,62,49]
[-47,18,5];[239,200,34]
[-48,18,5];[233,216,86]
[-52,18,5];[254,217,38]
[-53,18,5];[250,209,33]
[-54,18,5];[233,198,32]
[-55,18,5];[89,77,29]
[-3,7,12];[58,59,61]
[-56,18,5];[55,54,52]
[57,19,5];[68,69,73]
[64,41,5];[62,62,62]
[-39,18,5];[241,202,39]
[57,18,5];[70,70,72]
[64,42,5];[62,63,65]
[35,17,5];[63,62,67]
[56,18,5];[65,65,65]
[55,16,5];[65,66,70]
[54,15,5];[64,65,67]
[16,14,6];[62,64,63]
[55,15,5];[73,74,78]
[53,14,5];[73,74,78]
[38,14,5];[65,66,70]
[-43,30,6];[28,28,28]
[63,27,5];[45,49,50]
[39,13,5];[62,63,65]
[16,49,13];[54,52,53]
[-40,39,11];[43,41,42]
[40,12,5];[61,62,64]
[47,10,6];[164,168,171]
[-26,33,7];[74,76,75]
[47,11,6];[111,110,115]
[42,11,5];[54,54,54]
[46,10,6];[66,66,68]
[-17,6,6];[51,51,51]
[-16,4,5];[46,48,47]
[-38,34,7];[22,24,23]
[3,60,5];[231,188,11]
[-6,59,5];[219,192,41]
[-8,58,5];[14,9,6]
[-9,58,5];[55,56,58]
[7,59,5];[82,74,51]
[23,55,5];[49,47,48]
[-19,50,5];[74,76,73]
[-21,50,5];[63,65,64]
[-27,50,5];[54,55,50]
[-29,47,5];[110,112,109]
[-38,47,5];[6,6,6]
[-56,46,5];[4,4,4]
[72,45,5];[62,64,63]
[57,45,5];[58,58,58]
[46,43,5];[62,50,36]
[51,42,5];[32,32,34]
[76,42,4];[243,209,57]
[75,42,4];[240,203,27]
[77,42,5];[115,106,77]
[-16,15,7];[36,36,34]
[78,42,5];[229,198,134]
[86,42,5];[67,69,68]
[86,42,4];[67,69,68]
[85,42,4];[67,68,70]
[80,42,5];[71,72,67]
[76,42,5];[240,210,64]
[-93,41,5];[57,59,58]
[87,42,5];[68,68,68]
[-47,42,14];[48,48,46]
[75,42,5];[240,203,26]
[-22,25,10];[73,73,73]
[84,42,5];[67,68,70]
[81,42,5];[66,68,67]
[-40,38,11];[50,50,48]
[79,42,5];[67,66,62]
[78,41,5];[209,176,109]
[90,41,5];[47,46,44]
[81,41,5];[64,65,67]
[-16,13,12];[62,63,65]
[88,41,4];[67,68,70]
[19,27,7];[57,58,60]
[87,41,5];[67,69,68]
[86,41,4];[67,69,68]
[89,41,5];[69,69,71]
[85,41,5];[67,68,70]
[84,41,5];[67,67,67]
[83,41,4];[65,65,65]
[75,41,5];[239,202,26]
[78,40,5];[211,181,119]
[74,40,4];[228,190,31]
[74,41,5];[136,113,0]
[79,40,4];[75,66,61]
[80,39,4];[16,16,18]
[42,38,5];[13,13,13]
[45,38,5];[56,55,51]
[7,33,12];[6,75,178]
[-86,36,5];[2,2,0]
[84,37,5];[90,86,87]
[86,36,5];[67,67,69]
[83,36,5];[85,86,90]
[87,36,5];[70,70,72]
[69,35,5];[75,69,55]
[-46,31,6];[42,44,43]
[68,35,5];[79,71,58]
[63,35,5];[248,225,83]
[62,35,5];[69,61,38]
[61,35,5];[69,63,49]
[59,35,5];[234,199,57]
[57,35,5];[71,65,39]
[56,35,5];[83,70,26]
[55,35,5];[246,209,58]
[54,35,5];[254,215,62]
[52,35,5];[92,75,29]
[40,35,12];[39,39,39]
[51,34,5];[51,51,49]
[70,35,5];[86,76,49]
[79,40,5];[182,158,114]
[40,34,6];[54,56,55]
[83,35,5];[49,49,49]
[85,35,5];[66,67,69]
[85,34,5];[66,67,69]
[87,35,5];[71,72,76]
[37,51,9];[61,61,61]
[52,34,5];[40,37,28]
[73,34,5];[35,35,35]
[72,34,5];[75,75,75]
[24,43,13];[45,96,211]
[71,34,5];[77,77,75]
[54,34,5];[80,80,80]
[84,34,5];[64,66,65]
[57,34,5];[73,71,74]
[87,34,5];[67,68,70]
[86,33,5];[67,67,69]
[85,33,5];[65,67,66]
[83,34,5];[65,67,66]
[83,33,5];[67,68,70]
[-46,32,12];[63,63,63]
[73,33,5];[68,70,69]
[39,32,6];[41,35,35]
[83,32,5];[70,71,73]
[73,32,5];[60,60,60]
[72,32,5];[62,62,62]
[72,31,5];[70,70,70]
[-79,32,5];[83,84,86]
[-31,32,5];[55,57,56]
[-36,32,5];[60,62,61]
[-45,30,5];[197,170,63]
[24,25,9];[60,60,60]
[69,30,5];[73,73,73]
[84,30,5];[66,68,67]
[85,30,5];[70,72,71]
[85,29,5];[65,66,68]
[11,31,16];[47,43,32]
[86,30,5];[67,69,68]
[83,29,5];[67,67,69]
[73,28,5];[56,57,59]
[87,29,5];[82,83,87]
[62,27,5];[70,71,75]
[83,28,5];[71,72,74]
[38,49,10];[59,59,59]
[74,27,5];[59,61,60]
[8,12,13];[250,213,19]
[84,28,5];[64,64,66]
[84,27,5];[65,66,68]
[83,27,5];[66,66,68]
[85,26,5];[65,65,67]
[-46,33,12];[62,64,63]
[86,28,5];[63,64,66]
[86,27,5];[64,65,67]
[86,26,5];[64,66,65]
[21,39,13];[15,27,53]
[3,48,7];[47,71,143]
[87,26,5];[88,88,86]
[83,26,5];[69,70,72]
[86,25,5];[236,236,238]
[84,26,5];[65,66,68]
[84,25,5];[63,64,66]
[-58,25,5];[23,23,23]
[83,25,5];[67,69,68]
[-6,51,11];[58,58,58]
[-27,24,5];[18,18,18]
[-28,24,5];[29,29,29]
[-26,24,5];[22,22,22]
[-35,24,5];[50,50,50]
[-37,24,5];[45,36,27]
[82,24,5];[82,78,77]
[85,25,5];[66,66,66]
[85,24,5];[67,67,67]
[84,24,5];[69,66,61]
[83,24,5];[65,66,68]
[22,23,6];[10,10,10]
[87,23,5];[75,73,76]
[85,22,5];[66,67,69]
[84,22,5];[65,66,68]
[87,22,5];[73,73,75]
[-47,39,11];[76,78,75]
[83,22,5];[64,65,69]
[79,22,5];[65,66,68]
[79,21,4];[64,64,62]
[30,22,5];[61,61,61]
[30,21,5];[28,27,25]
[57,20,5];[65,66,70]
[83,21,5];[64,65,69]
[86,22,5];[66,66,68]
[-60,31,8];[25,25,25]
[-2,1,6];[59,59,59]
[86,21,5];[67,68,70]
[-32,20,5];[234,194,10]
[-34,20,5];[229,192,15]
[-37,20,5];[44,42,30]
[-42,20,5];[42,42,34]
[-53,20,5];[236,197,14]
[-57,20,5];[32,31,27]
[-56,20,5];[35,32,25]
[-58,20,5];[39,39,39]
[32,20,5];[65,63,64]
[-16,16,12];[50,50,50]
[87,21,5];[77,77,79]
[87,20,5];[83,83,85]
[84,21,5];[64,65,67]
[86,20,5];[67,67,69]
[-12,34,15];[39,40,45]
[85,21,5];[66,67,69]
[84,19,5];[65,66,68]
[83,19,5];[66,67,69]
[-13,40,14];[67,66,72]
[-31,36,11];[56,58,55]
[86,19,5];[66,67,69]
[32,34,11];[171,173,172]
[-45,30,6];[64,65,60]
[85,19,5];[66,66,68]
[86,18,5];[66,67,71]
[87,18,5];[77,77,79]
[18,44,12];[69,92,168]
[84,18,5];[65,66,68]
[83,18,5];[66,66,68]
[86,17,5];[221,213,210]
[-31,17,5];[241,205,49]
[-34,17,5];[253,216,49]
[-51,17,5];[68,60,39]
[-53,17,5];[249,205,38]
[16,16,6];[45,47,46]
[3,11,13];[55,55,55]
[54,16,5];[67,68,72]
[17,13,6];[31,31,31]
[52,12,5];[37,38,43]
[47,12,5];[53,54,56]
[-16,12,6];[26,26,24]
[44,11,5];[11,11,11]
[41,11,5];[62,63,65]
[43,10,5];[55,55,53]
[43,9,5];[61,61,61]
[17,9,5];[12,10,11]
[-6,48,10];[0,27,98]
[14,1,5];[61,61,61]
[-6,1,5];[59,59,57]
[-4,1,5];[61,61,59]
[-40,40,11];[42,42,40]
[-5,1,5];[59,61,60]
[17,59,5];[79,78,76]
[15,60,5];[134,129,100]
[-5,60,5];[244,201,71]
[-6,60,5];[188,165,53]
[-60,48,11];[73,72,68]
[-7,59,5];[83,81,82]
[-8,59,5];[11,11,11]
[-10,59,5];[68,68,70]
[20,59,5];[70,68,69]
[11,59,5];[71,65,33]
[0,58,5];[51,51,41]
[-1,58,5];[51,51,41]
[20,58,5];[79,77,78]
[21,58,5];[46,44,45]
[-11,58,5];[60,60,60]
[-12,56,5];[23,23,23]
[-12,55,5];[46,46,46]
[-49,55,5];[17,17,15]
[-50,55,5];[75,79,80]
[34,54,6];[56,56,56]
[31,54,6];[57,57,55]
[24,54,5];[56,56,56]
[-23,53,5];[140,124,98]
[-29,53,5];[230,199,74]
[-38,53,5];[81,77,76]
[-41,53,5];[222,194,94]
[-28,53,5];[228,194,68]
[-26,53,5];[183,156,75]
[-27,53,5];[185,154,71]
[-31,53,5];[233,206,75]
[-32,53,5];[240,215,86]
[-34,53,5];[86,82,73]
[-35,53,5];[85,82,73]
[-54,41,11];[61,59,46]
[-36,53,5];[75,73,74]
[-13,10,13];[58,58,58]
[-78,40,7];[31,31,33]
[-39,53,5];[101,91,79]
[-2,19,12];[54,56,55]
[-44,53,5];[238,204,78]
[27,25,8];[19,19,19]
[-46,53,5];[223,187,29]
[-52,43,11];[3,4,6]
[-47,53,5];[221,183,36]
[-51,53,5];[181,153,30]
[-52,53,5];[150,130,31]
[-53,53,5];[44,44,44]
[-54,53,5];[44,43,41]
[-16,21,9];[13,13,13]
[-55,53,5];[46,46,44]
[53,34,4];[29,31,30]
[-56,53,5];[46,46,44]
[-59,52,5];[32,32,30]
[-26,50,5];[43,43,43]
[-53,50,5];[5,5,3]
[-71,49,5];[37,37,37]
[-72,49,5];[45,45,45]
[-28,49,5];[90,92,89]
[-20,49,5];[75,77,74]
[-27,49,5];[53,55,54]
[-66,48,5];[49,49,49]
[-76,49,5];[120,121,126]
[-77,48,5];[112,111,107]
[39,49,6];[57,57,57]
[39,48,6];[63,63,63]
[-20,48,5];[54,74,133]
[-23,48,5];[187,162,59]
[-26,48,5];[53,55,54]
[-19,45,9];[63,65,62]
[-32,47,5];[96,98,97]
[26,42,16];[47,47,47]
[-43,47,5];[99,106,116]
[-45,47,5];[200,170,48]
[-54,47,5];[56,56,54]
[-35,47,13];[61,59,46]
[-21,34,10];[106,95,50]
[-59,47,5];[4,4,4]
[-60,47,5];[6,8,7]
[-37,47,5];[6,6,6]
[-86,46,5];[60,61,63]
[-35,44,8];[36,44,63]
[71,45,5];[63,64,66]
[69,45,5];[62,64,63]
[69,45,4];[55,55,55]
[67,45,5];[59,59,57]
[-8,31,16];[68,68,70]
[65,45,5];[64,65,67]
[25,27,10];[99,100,102]
[-29,51,9];[58,58,48]
[65,45,4];[58,59,61]
[64,45,4];[57,58,60]
[60,45,5];[60,61,63]
[61,45,5];[55,56,58]
[60,45,4];[56,57,59]
[37,26,6];[37,39,38]
[59,45,5];[58,60,59]
[59,45,4];[56,56,56]
[29,25,6];[55,57,56]
[56,45,5];[62,63,65]
[55,45,5];[60,61,63]
[55,45,4];[55,57,56]
[-83,45,5];[3,3,3]
[-86,45,5];[62,61,66]
[-87,45,5];[59,59,59]
[46,43,4];[62,50,36]
[44,43,4];[7,7,7]
[-55,48,11];[174,149,65]
[51,43,5];[25,25,25]
[88,42,4];[68,69,71]
[87,42,4];[65,67,66]
[80,42,4];[71,72,67]
[79,42,4];[72,71,66]
[74,43,5];[99,68,47]
[74,43,4];[61,55,33]
[84,42,4];[66,67,69]
[82,42,4];[65,66,68]
[-87,43,5];[2,2,2]
[50,42,5];[48,48,48]
[47,42,5];[95,80,61]
[-79,42,5];[22,23,25]
[-79,41,5];[18,18,18]
[-81,41,5];[20,21,16]
[-21,28,10];[8,10,9]
[-82,41,5];[20,21,16]
[16,4,7];[54,54,56]
[-83,41,5];[61,63,62]
[-86,41,5];[18,18,16]
[-87,41,5];[9,9,7]
[-88,41,5];[136,138,137]
[-90,41,5];[9,9,9]
[-91,41,5];[14,14,14]
[-68,34,9];[51,51,53]
[-78,41,5];[14,14,14]
[50,41,5];[54,54,52]
[50,41,4];[22,21,17]
[50,40,5];[50,50,48]
[50,40,4];[18,17,13]
[47,40,5];[82,70,56]
[-9,7,12];[88,79,36]
[83,40,4];[67,68,70]
[76,40,4];[81,75,51]
[6,54,8];[33,30,13]
[89,40,4];[72,72,74]
[86,40,4];[68,70,69]
[84,40,4];[59,59,59]
[82,40,4];[63,64,66]
[82,39,4];[49,51,50]
[82,39,5];[73,74,76]
[81,40,4];[64,65,67]
[81,39,5];[68,68,70]
[81,39,4];[41,41,41]
[75,40,4];[222,198,90]
[75,39,5];[77,75,60]
[75,39,4];[74,71,56]
[13,19,12];[54,56,55]
[85,40,4];[68,70,69]
[79,39,5];[66,64,65]
[79,39,4];[64,60,59]
[77,39,4];[70,71,66]
[76,39,4];[116,106,79]
[47,39,5];[81,65,49]
[38,30,8];[20,20,20]
[86,39,4];[69,70,72]
[83,39,5];[69,70,72]
[83,39,4];[45,45,45]
[-78,38,5];[39,37,38]
[-85,38,5];[71,66,46]
[-83,38,5];[73,73,63]
[-88,38,5];[23,25,24]
[-90,38,5];[8,8,8]
[83,38,5];[69,70,72]
[46,38,5];[56,48,33]
[45,38,4];[59,56,51]
[44,38,5];[13,13,13]
[44,38,4];[21,21,21]
[87,37,5];[77,77,77]
[85,37,5];[87,85,88]
[83,37,5];[71,69,74]
[42,37,5];[26,26,26]
[-84,37,5];[16,16,16]
[51,37,5];[23,23,23]
[-36,29,9];[65,66,70]
[87,36,4];[87,88,93]
[82,35,5];[60,60,60]
[24,29,10];[26,26,26]
[-79,34,5];[15,15,15]
[-83,34,5];[62,62,64]
[-81,34,5];[4,4,4]
[-86,34,5];[83,83,83]
[-26,27,10];[58,59,61]
[70,34,5];[68,68,68]
[68,34,5];[63,64,66]
[36,16,5];[64,65,67]
[60,34,5];[78,78,80]
[-75,48,5];[48,48,48]
[53,34,5];[49,49,49]
[66,33,5];[67,68,72]
[60,33,5];[44,44,46]
[59,34,5];[71,71,71]
[56,34,5];[80,80,82]
[55,34,5];[79,80,82]
[82,42,5];[65,67,66]
[72,33,4];[2,2,2]
[39,33,6];[45,45,45]
[-84,33,5];[71,71,71]
[25,38,14];[73,71,72]
[-44,17,5];[69,70,65]
[87,32,5];[93,94,96]
[-48,36,14];[99,186,203]
[-56,32,5];[4,4,4]
[-57,32,5];[5,5,3]
[-81,32,5];[78,80,79]
[74,32,5];[6,6,6]
[-61,32,5];[15,15,13]
[87,31,5];[78,78,80]
[70,31,5];[71,71,71]
[-39,32,5];[27,28,30]
[-60,46,5];[7,7,7]
[-42,32,5];[56,58,57]
[-44,32,5];[63,67,68]
[31,30,8];[62,64,63]
[-47,32,5];[63,67,68]
[-4,6,12];[61,63,62]
[-50,32,5];[51,53,50]
[37,17,6];[65,66,68]
[-51,32,5];[51,53,50]
[-40,32,5];[26,27,29]
[-41,32,5];[26,28,27]
[-50,31,5];[51,53,50]
[67,31,5];[64,66,65]
[38,31,6];[14,14,14]
[-29,52,7];[86,75,55]
[-31,31,5];[51,52,54]
[-47,30,6];[61,57,32]
[-32,31,5];[191,164,51]
[-12,50,12];[56,56,54]
[-55,32,12];[62,64,63]
[-36,31,5];[60,62,61]
[66,30,5];[67,68,72]
[-76,31,5];[67,67,67]
[-17,50,14];[178,183,179]
[-64,31,5];[29,29,29]
[-74,31,5];[9,9,7]
[65,30,5];[67,69,68]
[-65,31,5];[80,80,78]
[4,12,13];[53,53,53]
[82,31,5];[73,74,78]
[74,30,5];[66,65,60]
[-25,41,10];[70,72,69]
[-66,30,5];[49,51,50]
[-20,41,10];[52,54,51]
[34,28,8];[15,15,17]
[73,30,5];[57,57,57]
[72,30,5];[73,74,76]
[-44,30,5];[197,170,65]
[-45,29,5];[197,170,65]
[-59,30,5];[9,11,10]
[-50,25,9];[45,41,32]
[-72,30,5];[38,38,38]
[72,30,4];[69,70,72]
[-46,30,5];[198,169,65]
[-56,30,5];[6,6,6]
[84,35,5];[63,64,66]
[-57,30,5];[6,8,7]
[-76,37,10];[76,76,76]
[-58,26,9];[64,65,67]
[8,48,7];[55,90,172]
[70,30,5];[71,72,74]
[70,29,5];[79,80,82]
[69,29,5];[72,70,75]
[63,29,5];[66,68,67]
[73,29,4];[59,60,62]
[26,32,11];[38,38,40]
[68,29,5];[71,69,72]
[63,29,4];[31,31,31]
[77,28,5];[20,20,20]
[87,29,4];[76,77,79]
[62,28,4];[29,29,29]
[66,28,5];[42,40,43]
[82,28,5];[70,68,69]
[43,41,8];[13,13,13]
[-59,28,5];[35,33,34]
[79,27,5];[18,18,18]
[87,28,5];[67,67,67]
[61,27,5];[40,42,41]
[74,26,5];[53,55,54]
[61,26,5];[67,69,68]
[16,26,5];[26,25,21]
[-59,26,5];[34,34,32]
[82,26,5];[64,62,63]
[82,27,5];[66,65,63]
[87,26,4];[59,59,59]
[64,26,5];[81,81,83]
[37,26,5];[43,43,41]
[60,26,4];[57,59,58]
[-15,25,5];[11,11,11]
[-53,32,5];[8,8,6]
[87,25,4];[60,60,58]
[82,25,5];[71,69,70]
[-59,25,5];[24,24,24]
[63,25,5];[98,98,98]
[60,25,4];[40,40,42]
[19,24,5];[4,4,4]
[-38,24,5];[74,76,73]
[-40,24,5];[46,46,46]
[-53,24,5];[124,106,32]
[-55,24,5];[31,31,31]
[39,24,5];[41,41,41]
[-3,48,6];[49,67,117]
[20,24,5];[5,5,5]
[-32,24,5];[23,19,16]
[87,19,5];[83,84,88]
[-41,24,5];[60,60,52]
[-42,24,5];[26,22,13]
[-47,24,5];[54,55,49]
[-7,12,13];[241,207,21]
[-51,24,5];[24,21,14]
[-15,4,10];[55,55,57]
[63,24,5];[80,76,75]
[-25,24,5];[1,1,0]
[-22,46,10];[56,58,57]
[-45,24,5];[69,66,59]
[87,24,5];[79,77,78]
[87,24,4];[53,53,51]
[-29,23,5];[27,26,24]
[17,17,8];[15,15,15]
[59,24,4];[63,64,66]
[-21,43,11];[197,169,59]
[-20,43,10];[121,126,122]
[-23,23,5];[1,1,1]
[58,23,5];[63,62,67]
[-47,32,12];[63,63,63]
[-28,23,5];[0,0,0]
[82,23,5];[89,85,86]
[81,23,5];[51,51,51]
[75,23,5];[60,60,58]
[62,23,5];[98,98,98]
[58,23,4];[54,55,59]
[24,22,6];[51,52,54]
[-20,22,6];[1,1,1]
[9,10,13];[245,205,29]
[-11,6,11];[63,64,59]
[-24,22,5];[1,1,0]
[87,22,4];[90,89,94]
[-16,22,5];[18,18,16]
[57,22,4];[55,59,60]
[57,21,5];[64,65,69]
[82,21,5];[83,81,84]
[-21,21,5];[1,1,1]
[87,21,4];[97,97,99]
[79,21,5];[64,65,67]
[60,21,5];[69,69,71]
[-29,20,5];[40,40,30]
[-27,20,5];[51,51,51]
[-33,20,5];[237,199,14]
[-35,20,5];[39,37,24]
[-40,20,5];[222,186,14]
[-44,20,5];[49,48,30]
[-46,20,5];[238,199,18]
[-48,20,5];[235,206,40]
[5,49,11];[43,76,155]
[-50,20,5];[44,41,24]
[16,21,5];[0,1,3]
[-49,20,5];[27,27,25]
[-30,33,9];[49,49,41]
[-52,20,5];[246,209,58]
[87,20,4];[70,70,72]
[72,39,5];[45,45,45]
[-17,20,5];[46,50,49]
[60,20,5];[79,77,80]
[56,20,5];[55,56,58]
[31,20,5];[46,45,41]
[56,19,5];[69,70,74]
[43,41,5];[6,6,6]
[42,19,5];[31,31,31]
[-25,19,5];[6,6,6]
[33,18,5];[56,56,56]
[43,18,5];[29,31,30]
[55,18,5];[67,67,67]
[-16,17,5];[19,19,19]
[-84,45,5];[5,5,5]
[-16,18,5];[15,15,15]
[-27,27,9];[57,58,60]
[55,18,4];[50,54,57]
[82,18,5];[79,83,86]
[-14,28,11];[47,47,47]
[58,18,5];[94,92,93]
[87,18,4];[70,70,72]
[-22,17,5];[76,81,84]
[44,17,5];[42,43,45]
[34,17,5];[64,64,64]
[-28,17,5];[78,75,58]
[-33,17,5];[244,202,32]
[-38,17,5];[246,217,64]
[-39,17,5];[242,200,40]
[-40,17,5];[245,202,38]
[-45,17,5];[255,214,48]
[-46,17,5];[249,205,36]
[-49,17,5];[56,58,57]
[-52,17,5];[250,207,42]
[-54,17,5];[242,199,43]
[-56,17,5];[70,67,62]
[84,17,5];[67,68,70]
[54,17,5];[66,64,69]
[54,17,4];[32,32,34]
[85,17,4];[69,70,72]
[-58,17,5];[133,133,131]
[-27,17,5];[133,127,95]
[-27,16,5];[225,196,70]
[57,16,5];[106,104,105]
[53,15,5];[54,55,57]
[53,16,4];[52,51,56]
[36,14,5];[62,62,60]
[35,15,5];[60,60,58]
[35,16,5];[63,63,65]
[53,15,4];[55,55,57]
[45,15,5];[30,32,31]
[52,14,5];[69,70,75]
[18,14,5];[56,55,63]
[16,44,13];[55,48,55]
[2,24,9];[16,16,16]
[37,13,5];[60,61,63]
[55,14,5];[86,84,87]
[-16,13,6];[33,33,33]
[-51,48,8];[5,5,5]
[52,13,5];[73,80,86]
[47,13,5];[52,54,53]
[15,26,6];[0,1,0]
[50,13,4];[60,61,63]
[48,12,5];[58,60,59]
[-12,47,16];[105,108,115]
[48,11,5];[60,60,60]
[40,11,5];[64,65,67]
[41,10,5];[27,27,27]
[16,6,5];[2,2,2]
[-16,7,5];[2,2,0]
[-17,5,5];[49,49,51]
[-2,1,5];[61,61,61]
[-3,1,5];[61,61,63]
[27,53,9];[57,59,58]
[-7,1,5];[61,57,45]
[-9,1,5];[239,197,59]
[16,60,5];[182,166,114]
[10,58,5];[62,58,33]
[21,57,5];[71,70,68]
[-49,30,10];[48,45,36]
[22,55,5];[52,51,49]
[-19,54,5];[14,14,14]
[-19,53,5];[94,77,34]
[-49,53,4];[22,21,19]
[0,31,15];[27,27,29]
[-22,53,5];[115,102,85]
[-33,53,5];[161,144,72]
[-45,53,5];[225,190,36]
[3,30,16];[61,62,64]
[-57,53,5];[49,49,49]
[-20,50,5];[63,65,64]
[-24,50,5];[86,90,91]
[-33,50,5];[31,31,31]
[-38,50,5];[109,104,74]
[-39,50,5];[73,74,69]
[-45,50,5];[36,35,31]
[-75,49,5];[52,52,52]
[-19,39,16];[65,66,70]
[-22,48,5];[49,48,46]
[-24,48,5];[186,161,58]
[-29,48,5];[110,112,109]
[-30,47,5];[110,112,109]
[-34,47,5];[30,29,24]
[-41,47,5];[65,69,78]
[32,42,15];[42,44,43]
[-47,47,5];[53,55,54]
[-11,18,13];[52,56,55]
[-51,47,5];[6,6,6]
[-53,47,5];[6,6,6]
[-55,47,5];[6,6,6]
[-84,46,5];[62,63,65]
[-37,34,10];[45,45,45]
[-85,46,5];[62,62,64]
[42,46,5];[54,54,54]
[70,45,5];[60,62,61]
[87,30,5];[82,83,87]
[-60,29,6];[47,49,48]
[62,45,5];[55,56,58]
[61,45,4];[54,56,55]
[57,45,4];[56,57,59]
[56,45,4];[53,55,54]
[52,45,5];[73,72,77]
[-79,45,5];[25,25,25]
[-80,45,5];[20,20,20]
[-36,18,5];[56,56,48]
[43,45,5];[62,62,60]
[43,44,5];[78,76,77]
[89,43,4];[70,72,71]
[88,43,4];[69,71,70]
[87,43,4];[68,70,69]
[86,43,4];[68,69,71]
[85,43,4];[66,68,67]
[84,43,4];[68,69,71]
[80,43,4];[70,71,66]
[-58,22,6];[42,41,39]
[79,43,4];[72,73,67]
[78,43,4];[236,198,63]
[77,43,4];[246,206,31]
[75,43,4];[241,205,47]
[90,43,4];[68,69,71]
[-82,42,5];[15,15,15]
[-83,42,5];[17,17,17]
[17,12,7];[122,124,123]
[-85,42,5];[15,15,15]
[-32,25,9];[53,52,47]
[-91,42,5];[64,62,65]
[-93,42,5];[119,119,119]
[-80,42,5];[23,23,23]
[-85,41,5];[16,16,14]
[-89,42,5];[8,8,8]
[-90,42,5];[51,51,49]
[49,41,4];[61,51,39]
[36,28,9];[93,97,98]
[-92,39,6];[65,66,70]
[48,41,4];[63,54,39]
[47,41,4];[75,57,33]
[49,40,4];[59,49,37]
[50,39,5];[43,42,40]
[84,39,4];[64,64,66]
[-79,38,5];[26,26,26]
[-81,38,5];[38,38,36]
[-25,32,12];[61,62,64]
[-35,49,10];[251,210,20]
[-84,38,5];[71,66,47]
[-91,38,5];[17,18,20]
[83,38,4];[3,3,5]
[87,38,4];[66,67,69]
[86,38,4];[69,70,72]
[84,38,4];[60,60,62]
[83,37,4];[64,64,66]
[-91,37,5];[67,67,69]
[9,14,13];[246,207,28]
[-80,37,5];[14,14,12]
[-88,36,5];[22,22,22]
[26,22,7];[68,68,68]
[-88,36,4];[2,2,2]
[-89,36,5];[11,11,11]
[-90,36,4];[58,58,60]
[51,35,5];[17,18,20]
[78,35,5];[71,73,72]
[-43,25,9];[67,56,36]
[40,35,5];[56,56,56]
[-18,25,11];[4,4,4]
[-84,34,5];[60,60,60]
[-84,34,4];[2,4,3]
[-85,34,5];[59,59,59]
[-85,34,4];[6,6,6]
[82,34,5];[75,75,77]
[71,33,5];[28,28,30]
[59,33,4];[19,19,21]
[9,46,10];[5,42,122]
[58,33,4];[51,51,51]
[58,32,4];[67,67,67]
[57,33,4];[46,44,45]
[57,32,4];[161,163,162]
[71,33,4];[51,51,51]
[70,33,4];[58,60,59]
[62,33,4];[58,58,58]
[65,33,4];[58,58,58]
[68,33,4];[52,51,49]
[67,33,4];[55,55,53]
[72,32,4];[43,43,43]
[71,31,4];[19,19,19]
[0,20,12];[55,55,55]
[70,32,4];[50,51,53]
[67,32,4];[64,65,67]
[-1,26,9];[19,19,19]
[-37,32,5];[60,62,61]
[70,31,4];[12,10,13]
[-19,48,15];[65,69,72]
[68,32,4];[53,54,56]
[-45,31,5];[64,68,69]
[-54,32,5];[70,74,77]
[6,59,6];[227,207,121]
[-59,32,5];[2,2,2]
[-61,32,4];[19,19,19]
[69,31,5];[71,71,69]
[-85,32,1];[69,71,70]
[69,31,4];[67,65,66]
[62,31,4];[75,76,78]
[68,31,4];[28,28,30]
[64,30,4];[34,32,33]
[-79,42,3];[13,13,15]
[-30,30,5];[48,48,48]
[88,45,3];[60,60,60]
[-37,30,5];[88,93,99]
[-83,39,-6];[63,65,64]
[-40,30,5];[70,72,71]
[-60,30,5];[6,6,6]
[21,24,-8];[64,64,64]
[-70,30,5];[61,63,62]
[-40,46,-11];[68,69,64]
[21,22,-2];[15,15,15]
[18,17,0];[33,33,33]
[-47,30,5];[197,170,63]
[-13,47,14];[12,14,13]
[-54,30,5];[6,6,6]
[-80,32,-3];[11,12,14]
[-69,30,4];[46,46,46]
[36,28,5];[7,7,7]
[37,27,5];[36,36,36]
[-59,27,5];[66,65,70]
[-40,49,7];[111,97,36]
[80,25,5];[45,47,46]
[-60,25,4];[61,59,60]
[-32,21,3];[204,160,0]
[-44,24,5];[32,32,32]
[3,45,10];[82,114,161]
[1,36,-11];[86,123,191]
[-49,24,5];[47,49,46]
[-54,24,5];[29,31,30]
[74,24,5];[67,67,67]
[-91,42,6];[65,65,65]
[-35,55,0];[45,47,46]
[82,25,3];[1,1,1]
[-35,24,4];[3,3,3]
[-24,15,-5];[71,72,74]
[-26,24,4];[25,24,22]
[-59,24,4];[33,35,34]
[54,40,5];[62,62,62]
[-58,24,5];[23,23,23]
[40,22,5];[33,33,33]
[-89,47,-3];[63,63,63]
[-85,36,-2];[95,97,94]
[-30,22,5];[17,17,17]
[28,22,5];[54,54,54]
[-26,22,5];[1,1,1]
[1,45,-11];[74,116,192]
[75,22,5];[74,73,71]
[40,34,4];[55,55,55]
[-43,51,-1];[73,91,137]
[-29,22,5];[27,24,17]
[-32,20,4];[225,189,5]
[-30,45,7];[44,45,47]
[-37,20,4];[33,34,20]
[-40,20,4];[226,189,10]
[-43,20,4];[30,30,18]
[-89,42,-5];[9,9,7]
[17,19,5];[21,21,21]
[-81,42,-6];[13,13,13]
[55,19,4];[57,57,59]
[-28,52,-8];[219,182,52]
[-29,17,5];[79,77,62]
[-17,12,-8];[62,64,63]
[-42,17,5];[66,65,60]
[-40,39,-15];[62,55,36]
[-30,17,4];[91,78,33]
[66,28,-3];[24,24,24]
[-26,16,5];[175,163,123]
[51,13,4];[43,43,43]
[53,12,4];[73,74,79]
[46,10,5];[71,71,71]
[-43,51,-3];[97,115,153]
[-17,4,5];[43,43,43]
[17,29,-8];[45,45,47]
[16,3,5];[51,51,53]
[9,1,5];[243,202,62]
[8,1,5];[242,200,62]
[-69,39,11];[49,50,52]
[-22,29,-10];[22,21,19]
[8,0,5];[243,201,65]
[-32,31,-6];[67,69,68]
[4,1,5];[62,62,60]
[-21,49,7];[110,112,109]
[-2,0,5];[62,62,62]
[59,38,5];[64,64,62]
[-8,15,-15];[148,132,83]
[-3,0,5];[62,62,60]
[69,32,-5];[49,49,49]
[-12,1,5];[61,60,58]
[1,1,5];[62,62,60]
[82,30,5];[86,85,90]
[14,60,5];[197,162,42]
[83,31,5];[68,68,70]
[1,60,-1];[253,214,74]
[23,17,0];[13,15,14]
[13,60,5];[189,154,34]
[-17,26,-12];[97,101,102]
[-48,52,-7];[107,100,54]
[54,19,-3];[19,19,19]
[-4,60,5];[222,185,34]
[8,60,5];[167,151,102]
[-32,39,9];[53,53,53]
[-83,33,2];[42,42,42]
[5,60,5];[130,117,72]
[-18,25,6];[37,37,37]
[-44,27,-10];[58,58,56]
[2,60,5];[220,181,18]
[90,45,2];[65,66,68]
[8,59,5];[66,60,38]
[-27,45,13];[243,205,18]
[0,59,5];[100,77,27]
[12,58,5];[50,51,46]
[1,37,11];[92,119,162]
[3,30,-13];[53,53,51]
[11,58,5];[52,53,47]
[9,58,5];[55,55,47]
[3,58,5];[64,58,26]
[-74,48,5];[7,7,9]
[-45,50,3];[5,5,5]
[-2,58,5];[54,54,44]
[-4,58,5];[192,155,100]
[-12,54,8];[61,61,59]
[-12,56,4];[0,0,0]
[57,31,4];[60,62,57]
[22,56,5];[33,33,33]
[33,54,5];[57,57,55]
[-14,54,5];[48,48,48]
[3,54,9];[54,53,51]
[-28,50,5];[60,62,61]
[-29,50,5];[33,32,28]
[-30,50,5];[29,29,27]
[2,59,4];[199,175,85]
[-37,50,5];[145,131,70]
[15,19,12];[47,49,48]
[-52,50,5];[5,5,3]
[-53,42,-12];[2,2,2]
[1,59,5];[40,23,0]
[6,59,3];[253,210,71]
[-59,50,5];[0,0,0]
[43,43,9];[17,17,17]
[-69,49,5];[36,38,37]
[32,48,14];[55,55,55]
[-25,36,-15];[120,186,212]
[-48,41,-10];[60,62,61]
[-82,47,1];[197,169,59]
[-69,49,4];[33,33,35]
[-70,49,4];[43,43,45]
[-63,48,5];[45,45,47]
[-70,50,2];[43,41,42]
[-65,48,5];[50,50,50]
[31,43,-17];[24,24,22]
[-34,47,4];[27,26,21]
[-21,55,-1];[46,46,46]
[-54,64,-1];[53,53,53]
[-35,47,5];[14,16,15]
[-61,47,5];[15,15,15]
[34,18,5];[59,60,62]
[-62,47,5];[31,31,31]
[-29,50,-2];[60,60,50]
[-82,47,5];[62,62,64]
[72,45,4];[51,53,52]
[68,45,4];[56,58,57]
[-87,45,4];[61,61,63]
[-31,47,5];[110,112,109]
[4,26,-10];[26,26,24]
[-92,42,-2];[2,2,2]
[-78,40,5];[22,22,22]
[-38,25,9];[55,51,40]
[-78,39,5];[36,36,36]
[47,38,5];[66,51,32]
[-9,50,-14];[45,47,46]
[87,37,4];[2,2,2]
[-92,37,5];[52,53,55]
[51,42,-6];[3,3,5]
[-83,33,-6];[95,96,98]
[-89,36,4];[2,2,2]
[-21,17,3];[52,53,55]
[-80,35,-2];[136,130,104]
[78,45,2];[229,195,27]
[80,35,5];[60,60,60]
[39,27,-2];[16,16,16]
[77,35,5];[57,57,57]
[3,53,10];[56,56,56]
[-82,33,5];[71,71,71]
[-10,32,-15];[60,59,57]
[28,30,-10];[2,2,2]
[-80,32,5];[81,83,82]
[74,31,5];[8,8,8]
[-33,30,5];[6,6,6]
[-48,30,5];[19,19,17]
[46,45,-5];[45,45,47]
[-49,30,5];[19,19,19]
[-11,3,-10];[102,92,67]
[-72,30,4];[46,47,49]
[-54,44,7];[6,6,6]
[-86,43,-3];[5,5,3]
[28,21,3];[48,45,36]
[-16,26,5];[30,30,28]
[-17,26,6];[25,25,23]
[-39,24,5];[73,75,72]
[-25,24,4];[0,0,0]
[17,25,3];[19,18,13]
[79,35,5];[62,62,60]
[-17,23,5];[13,13,11]
[-28,23,3];[16,16,14]
[81,23,4];[28,28,28]
[-24,46,8];[45,45,45]
[-58,22,5];[37,37,37]
[-25,22,4];[25,25,25]
[25,22,2];[51,51,51]
[-27,22,4];[59,59,59]
[-28,22,4];[21,17,5]
[-31,20,4];[16,13,4]
[-38,20,4];[66,41,0]
[62,47,-2];[57,57,57]
[-41,20,4];[215,178,9]
[-45,20,4];[201,170,45]
[-48,20,4];[225,189,17]
[-48,44,-12];[2,2,0]
[-51,20,4];[37,34,15]
[-42,39,11];[33,33,31]
[-15,8,11];[84,85,89]
[-81,30,-1];[78,78,78]
[-89,45,4];[57,57,57]
[-59,19,5];[64,66,65]
[-21,17,5];[69,75,75]
[-28,17,4];[108,90,24]
[-29,17,4];[107,91,29]
[-44,48,1];[19,21,20]
[-32,17,4];[248,199,8]
[-35,17,4];[247,203,10]
[5,39,-12];[32,40,59]
[-37,17,4];[24,23,18]
[41,4,-5];[90,92,91]
[-84,40,-9];[68,67,72]
[-92,42,-4];[13,13,13]
[-40,17,4];[29,28,24]
[-43,17,4];[233,199,63]
[-42,47,4];[102,109,119]
[-49,17,4];[50,50,48]
[-57,17,4];[62,60,61]
[-44,17,4];[190,163,50]
[-45,17,4];[244,200,17]
[16,15,6];[35,37,36]
[-17,14,5];[12,12,12]
[18,13,5];[14,13,11]
[66,28,-2];[28,28,28]
[17,6,5];[1,1,1]
[-21,44,9];[53,53,53]
[-16,6,5];[0,0,0]
[-36,17,4];[232,194,87]
[-27,37,10];[46,48,45]
[17,3,5];[48,49,51]
[-16,3,5];[45,47,46]
[11,0,5];[65,57,36]
[6,1,5];[57,57,55]
[46,14,5];[47,47,47]
[-11,0,5];[242,203,72]
[11,41,-15];[56,63,73]
[-61,26,0];[149,200,231]
[-13,0,5];[63,63,63]
[3,59,5];[21,12,0]
[7,20,11];[247,208,29]
[7,58,4];[198,176,57]
[62,36,5];[72,67,48]
[-12,57,4];[11,11,11]
[-38,48,7];[201,174,61]
[31,24,6];[38,38,36]
[34,54,5];[54,54,52]
[2,53,-10];[53,53,53]
[-52,37,-15];[61,66,69]
[23,54,5];[52,52,50]
[-21,35,13];[53,53,53]
[-57,50,-10];[56,56,54]
[88,34,0];[67,67,69]
[-17,54,5];[57,57,57]
[-59,52,4];[31,31,31]
[-40,50,5];[73,74,69]
[63,32,4];[62,64,63]
[-55,50,5];[4,4,2]
[60,22,5];[74,73,79]
[-63,48,4];[49,49,51]
[-62,48,5];[1,1,1]
[17,3,1];[69,69,71]
[-30,47,4];[110,112,109]
[-31,47,4];[96,98,97]
[32,40,16];[46,46,46]
[-39,50,3];[45,47,46]
[-52,30,-5];[5,5,5]
[-39,47,4];[100,102,99]
[-53,47,4];[5,5,5]
[27,22,6];[62,64,63]
[-54,47,4];[5,5,5]
[45,16,5];[20,20,20]
[53,38,-6];[240,197,56]
[-50,49,-7];[3,3,3]
[-55,47,4];[3,3,3]
[58,45,4];[55,57,56]
[-88,46,4];[65,66,68]
[48,42,4];[65,56,41]
[48,39,4];[67,56,38]
[51,34,0];[51,52,54]
[49,39,4];[56,46,34]
[-28,30,11];[53,52,50]
[41,37,4];[26,26,26]
[41,35,5];[53,53,51]
[27,34,12];[52,52,52]
[81,35,5];[84,85,87]
[-2,53,-10];[52,52,52]
[-48,31,3];[50,52,49]
[-82,43,-3];[10,10,10]
[-86,34,4];[78,78,76]
[61,47,0];[57,57,57]
[74,33,5];[54,55,57]
[39,33,5];[51,51,51]
[-59,32,4];[4,4,4]
[-11,52,11];[56,56,56]
[15,23,10];[50,51,55]
[18,10,0];[53,53,53]
[74,29,4];[55,55,57]
[4,45,-10];[45,88,154]
[-44,33,-8];[197,167,47]
[53,37,-6];[246,204,60]
[-40,29,5];[70,71,73]
[31,50,-13];[53,53,53]
[-57,29,5];[6,8,7]
[9,37,-12];[82,125,201]
[-58,29,5];[39,40,44]
[-60,29,5];[50,52,51]
[73,28,4];[57,57,59]
[-59,27,4];[42,40,41]
[37,26,4];[41,41,41]
[-58,42,-12];[8,8,8]
[91,42,-4];[70,68,69]
[-60,26,4];[54,54,54]
[-19,42,11];[107,107,97]
[19,25,5];[23,19,16]
[-81,38,-5];[14,14,14]
[16,24,5];[8,8,8]
[82,24,4];[4,4,6]
[21,23,5];[7,7,7]
[-36,31,6];[58,60,59]
[-24,24,4];[2,0,1]
[-22,43,-12];[12,12,12]
[-49,23,4];[10,9,7]
[-24,23,4];[5,5,5]
[23,22,5];[18,18,18]
[-25,21,4];[40,40,38]
[-67,41,10];[2,2,2]
[-22,19,5];[71,71,71]
[54,18,4];[59,60,64]
[82,17,4];[46,47,49]
[-16,16,5];[15,15,15]
[86,16,4];[72,73,75]
[82,46,-1];[57,58,60]
[-16,15,5];[14,14,14]
[83,16,4];[69,71,70]
[-26,35,9];[5,5,5]
[45,15,4];[16,14,15]
[34,16,4];[36,37,32]
[49,13,4];[68,69,73]
[27,32,11];[59,61,60]
[-83,47,-3];[44,44,44]
[-3,0,1];[68,68,66]
[38,12,4];[61,62,64]
[-19,24,6];[1,1,1]
[40,10,4];[60,61,63]
[-17,7,5];[122,119,114]
[16,6,4];[0,0,2]
[-17,41,14];[22,27,30]
[-7,40,-12];[81,119,190]
[-14,0,5];[63,63,63]
[19,59,5];[73,71,72]
[-1,58,4];[166,144,68]
[-10,23,9];[26,25,21]
[22,56,4];[35,35,37]
[39,9,-4];[24,24,24]
[-43,50,4];[44,46,45]
[-46,48,4];[66,68,67]
[-56,50,3];[8,8,8]
[39,48,5];[61,61,61]
[13,10,13];[55,56,60]
[-80,48,4];[82,81,79]
[40,47,5];[55,55,53]
[-37,35,-11];[82,104,162]
[-77,48,4];[2,2,2]
[-85,46,4];[61,62,64]
[43,44,4];[45,45,43]
[-44,29,10];[43,40,33]
[77,44,4];[251,212,23]
[50,43,4];[44,44,42]
[47,43,4];[82,74,61]
[-88,43,4];[25,25,25]
[-90,43,4];[12,12,12]
[90,41,4];[58,58,58]
[45,37,4];[52,51,47]
[51,32,4];[23,23,23]
[-49,47,-5];[43,43,41]
[-58,32,4];[5,5,3]
[-29,31,4];[28,28,28]
[65,28,4];[76,76,78]
[60,27,4];[58,59,61]
[59,27,4];[41,41,39]
[-29,16,3];[66,66,68]
[-22,18,5];[2,2,4]
[-8,20,12];[241,204,27]
[-43,16,3];[227,181,26]
[-47,24,4];[15,14,12]
[-74,32,6];[10,10,10]
[39,23,4];[22,22,24]
[-86,36,7];[70,70,72]
[-32,23,4];[14,16,15]
[-37,23,4];[18,17,13]
[38,41,15];[61,63,62]
[-59,23,4];[12,12,12]
[38,36,-16];[52,52,54]
[-29,21,4];[13,10,1]
[47,9,-3];[7,5,6]
[-33,21,4];[222,181,1]
[-62,45,6];[28,29,31]
[-35,21,4];[199,171,45]
[-8,38,10];[58,91,145]
[-38,21,4];[29,18,0]
[0,12,13];[56,56,56]
[-51,37,11];[3,3,3]
[11,28,-11];[50,50,50]
[6,0,-4];[66,65,63]
[81,22,4];[39,39,39]
[41,20,4];[18,18,18]
[31,19,4];[37,36,32]
[-84,43,6];[2,2,2]
[32,18,4];[76,72,69]
[57,37,-6];[239,196,65]
[54,11,4];[72,72,70]
[9,0,0];[241,203,80]
[83,45,1];[65,64,60]
[38,11,4];[41,40,36]
[16,10,5];[40,40,42]
[48,8,4];[18,18,20]
[4,0,5];[62,62,60]
[3,0,5];[63,63,61]
[-5,60,4];[208,170,63]
[14,60,4];[163,129,32]
[-23,13,-1];[41,45,48]
[13,60,4];[122,81,2]
[-11,43,-17];[79,81,80]
[-3,60,4];[223,185,42]
[-16,27,-10];[17,17,17]
[-4,60,4];[250,214,66]
[-20,32,-8];[88,90,89]
[12,60,4];[200,154,34]
[10,60,4];[158,107,2]
[9,60,4];[208,159,40]
[8,60,4];[213,165,39]
[2,60,4];[201,160,16]
[-41,43,11];[35,34,30]
[-36,25,-8];[41,40,45]
[-1,60,4];[235,180,15]
[21,36,15];[35,34,30]
[43,40,-6];[10,10,12]
[11,60,4];[242,204,59]
[-58,37,14];[56,56,58]
[-16,16,8];[14,14,14]
[12,59,4];[212,188,100]
[40,5,-5];[79,80,82]
[8,59,4];[204,186,112]
[1,59,4];[206,177,85]
[0,59,4];[203,179,81]
[-58,67,0];[62,62,62]
[-1,59,4];[185,163,77]
[-3,59,4];[118,104,39]
[4,58,4];[138,124,75]
[-37,33,-10];[102,104,103]
[25,29,-10];[30,30,30]
[-93,42,-4];[126,126,126]
[34,54,4];[55,55,53]
[11,45,-15];[66,72,84]
[-44,53,4];[46,42,41]
[-16,23,3];[16,16,16]
[-21,53,4];[54,51,46]
[-22,53,4];[77,72,66]
[-23,53,4];[81,78,71]
[-46,55,-1];[27,27,27]
[-33,48,4];[23,22,17]
[38,30,-7];[43,43,43]
[-41,50,-6];[16,16,16]
[-48,47,4];[56,56,56]
[22,32,9];[30,30,30]
[-56,34,9];[8,8,8]
[-90,45,2];[40,40,40]
[2,32,-15];[41,42,46]
[-56,47,4];[9,9,9]
[-76,47,4];[52,52,54]
[-58,37,8];[9,9,9]
[-56,51,8];[50,50,48]
[65,46,4];[58,60,59]
[58,46,4];[56,58,57]
[-41,53,-6];[171,135,57]
[-80,45,4];[25,25,25]
[46,44,4];[63,49,36]
[60,28,-1];[15,15,15]
[44,44,4];[64,64,62]
[43,45,4];[45,45,45]
[87,44,4];[64,66,65]
[-21,21,0];[83,85,84]
[85,44,4];[64,65,67]
[32,45,15];[35,37,36]
[75,22,0];[19,14,0]
[88,45,1];[61,59,60]
[80,44,4];[68,69,64]
[48,13,-2];[17,17,17]
[80,44,3];[70,71,66]
[19,59,-5];[92,90,91]
[76,44,4];[250,214,32]
[31,54,-2];[58,58,58]
[51,44,3];[26,26,26]
[88,39,4];[68,68,68]
[47,44,4];[100,84,59]
[49,38,4];[59,50,35]
[-25,48,11];[241,203,14]
[-82,38,4];[7,7,7]
[50,38,4];[37,36,31]
[19,44,-14];[47,68,111]
[-84,37,4];[24,24,24]
[-56,49,7];[0,0,0]
[44,37,4];[19,19,19]
[3,60,4];[253,210,56]
[-24,52,3];[3,2,0]
[-15,54,4];[53,53,53]
[23,38,14];[148,147,143]
[-87,46,-5];[65,65,65]
[44,36,4];[12,12,12]
[45,36,4];[37,30,22]
[43,37,4];[18,18,18]
[-89,35,4];[31,31,31]
[-83,48,-3];[61,63,62]
[-88,35,4];[18,18,18]
[-82,36,1];[11,11,9]
[78,35,4];[21,23,22]
[86,27,-6];[68,69,73]
[76,35,4];[19,21,20]
[40,34,5];[54,56,55]
[47,15,3];[18,18,18]
[-76,32,4];[13,13,13]
[40,33,-7];[34,34,32]
[-53,31,4];[8,8,8]
[-54,31,4];[8,9,4]
[-67,31,4];[55,55,57]
[-34,29,4];[64,66,65]
[-35,29,4];[88,93,99]
[-10,19,12];[53,55,52]
[-8,37,-12];[13,41,106]
[-13,55,4];[16,18,17]
[-55,29,4];[6,6,6]
[77,28,4];[9,9,9]
[71,29,4];[76,76,76]
[17,14,6];[58,58,60]
[88,29,4];[71,71,73]
[37,28,4];[18,18,18]
[72,28,4];[35,35,33]
[62,47,-3];[58,58,58]
[-60,27,4];[78,80,79]
[-60,27,3];[44,45,47]
[64,26,4];[58,58,58]
[44,46,-2];[51,51,51]
[-55,29,3];[6,6,6]
[-61,26,4];[79,86,94]
[-2,33,-10];[7,44,148]
[17,25,4];[6,6,8]
[73,25,4];[48,48,48]
[63,25,4];[63,63,65]
[-61,25,4];[76,84,87]
[58,25,4];[20,22,21]
[-41,24,4];[5,5,5]
[-27,24,4];[13,13,13]
[-57,36,-15];[61,53,40]
[-10,58,-6];[59,61,60]
[-27,24,3];[20,20,20]
[-53,24,3];[40,40,38]
[-54,24,4];[31,31,31]
[35,52,10];[56,56,56]
[-55,24,3];[2,2,2]
[57,24,4];[25,25,25]
[-24,49,-8];[59,59,59]
[-19,23,4];[1,1,0]
[-25,15,-3];[80,80,80]
[-20,23,5];[1,1,0]
[-20,23,4];[1,1,0]
[-52,16,4];[245,201,18]
[-39,23,4];[12,12,14]
[-90,38,-1];[52,50,51]
[-40,23,4];[25,21,18]
[-54,23,4];[25,24,22]
[-29,28,10];[50,51,53]
[9,24,-9];[193,162,35]
[-44,23,4];[36,36,36]
[-33,23,4];[28,29,31]
[-41,23,4];[30,30,32]
[-42,23,4];[37,37,37]
[-57,22,4];[1,1,0]
[-36,23,4];[76,76,78]
[-57,21,4];[36,33,18]
[83,17,5];[68,70,69]
[-82,35,1];[195,168,65]
[75,22,4];[80,71,64]
[-47,21,4];[216,180,6]
[-1,60,-1];[246,209,66]
[-57,31,3];[7,7,5]
[39,7,-3];[3,3,3]
[82,21,4];[28,28,28]
[16,20,1];[15,15,15]
[76,21,4];[78,74,63]
[-58,31,-4];[5,5,3]
[82,20,4];[34,34,34]
[-9,18,12];[81,76,36]
[74,30,-3];[12,12,10]
[54,20,4];[21,21,21]
[-7,25,-7];[159,121,10]
[-16,14,5];[6,6,8]
[30,20,4];[35,34,30]
[88,19,4];[75,73,76]
[7,43,10];[86,116,166]
[-22,33,8];[9,9,9]
[53,18,4];[38,38,40]
[-87,40,7];[59,47,33]
[-47,53,4];[95,82,48]
[-76,50,-1];[54,54,54]
[-25,55,1];[11,11,13]
[-2,60,4];[215,168,26]
[43,18,4];[17,17,17]
[-31,47,8];[48,48,48]
[33,17,4];[34,35,30]
[52,17,4];[13,13,15]
[82,16,4];[88,92,93]
[-27,16,4];[38,29,12]
[-28,16,4];[37,36,32]
[-69,38,10];[50,51,53]
[-33,16,4];[244,200,5]
[-37,16,4];[33,32,30]
[66,28,-4];[27,27,27]
[-45,16,4];[246,198,10]
[16,52,10];[57,57,57]
[-46,16,4];[242,197,52]
[-47,16,4];[40,37,32]
[-49,16,4];[48,46,47]
[-42,29,-11];[24,24,26]
[-56,25,-6];[100,91,62]
[-51,16,4];[41,27,0]
[-11,58,-5];[46,46,46]
[-56,16,4];[236,194,24]
[-57,16,4];[64,64,64]
[87,21,-6];[65,65,67]
[34,15,4];[40,40,38]
[90,41,1];[76,76,76]
[65,26,3];[63,63,65]
[49,14,4];[24,26,25]
[44,8,4];[73,75,74]
[45,6,4];[46,46,48]
[-14,41,14];[57,58,60]
[-69,39,-12];[45,45,45]
[-5,0,4];[64,64,64]
[23,17,-1];[12,12,12]
[-7,0,4];[71,57,22]
[-24,46,7];[198,174,76]
[9,0,4];[243,203,71]
[14,1,-6];[66,68,67]
[16,60,4];[77,75,63]
[-27,56,-1];[45,45,45]
[-8,60,4];[47,47,47]
[15,60,4];[64,63,58]
[-54,65,1];[103,103,101]
[6,60,4];[191,141,20]
[5,59,4];[242,199,68]
[4,59,4];[5,5,3]
[-4,59,4];[130,117,72]
[10,58,4];[188,170,96]
[-60,30,-10];[91,91,91]
[-46,49,-1];[4,4,4]
[20,56,4];[37,51,78]
[-25,36,11];[20,21,16]
[-40,44,-12];[68,69,64]
[22,54,4];[13,13,13]
[29,54,4];[57,57,55]
[-46,54,4];[34,34,34]
[-17,14,-8];[47,47,45]
[-55,53,3];[30,30,30]
[-56,53,4];[27,27,27]
[-67,29,2];[2,2,2]
[54,13,1];[73,73,73]
[-58,53,4];[42,42,42]
[-2,49,-12];[19,52,133]
[-29,53,4];[144,127,97]
[-35,40,11];[61,63,62]
[8,26,6];[233,187,13]
[-38,53,4];[90,84,72]
[-42,53,4];[98,80,42]
[-51,46,6];[56,58,55]
[-30,53,4];[141,124,94]
[-40,53,4];[123,107,74]
[-83,44,7];[54,54,54]
[52,32,-5];[21,21,21]
[-45,51,-4];[21,24,39]
[-88,43,-4];[13,13,11]
[-31,50,4];[15,15,15]
[-49,53,6];[186,156,24]
[-37,50,4];[195,171,73]
[-17,5,1];[59,59,59]
[-49,50,4];[5,5,5]
[-72,50,4];[51,52,54]
[-22,49,4];[34,34,32]
[-20,49,4];[77,79,78]
[11,41,13];[31,59,130]
[-24,48,4];[69,68,63]
[-39,48,4];[100,102,99]
[-41,48,4];[65,69,78]
[-45,48,4];[116,124,134]
[-69,50,4];[44,44,44]
[-59,47,4];[2,2,2]
[-80,47,4];[0,2,1]
[-92,39,-2];[2,2,2]
[-78,47,4];[15,15,17]
[-86,46,4];[63,64,66]
[71,46,4];[55,55,55]
[62,46,4];[57,59,58]
[-79,47,3];[1,1,1]
[-81,32,1];[46,48,47]
[-79,46,4];[19,21,18]
[42,46,-7];[57,57,57]
[7,51,-15];[57,59,58]
[73,46,4];[60,60,60]
[42,37,4];[5,5,5]
[-23,36,10];[1,1,0]
[-34,32,5];[36,38,37]
[-4,17,-14];[53,53,53]
[-82,46,4];[56,57,52]
[54,33,4];[145,144,139]
[74,45,4];[65,66,68]
[-2,22,-12];[50,50,50]
[-90,45,4];[60,60,62]
[82,44,4];[60,62,61]
[81,44,4];[70,71,66]
[75,44,4];[237,211,90]
[-52,36,-14];[114,175,204]
[88,17,-1];[68,69,71]
[-85,45,4];[2,2,0]
[17,28,8];[39,39,39]
[91,44,4];[41,41,39]
[-90,44,4];[37,37,37]
[-32,48,-8];[33,33,25]
[-80,43,4];[47,49,46]
[-19,48,-8];[12,12,12]
[-84,43,4];[13,13,11]
[-92,41,-7];[63,63,63]
[-80,42,4];[28,28,28]
[-82,36,2];[17,17,17]
[-79,42,4];[14,14,14]
[-82,42,4];[29,29,29]
[-85,42,4];[16,16,14]
[-22,48,-9];[60,62,61]
[-79,38,4];[26,26,26]
[-81,38,4];[50,52,51]
[-83,37,4];[23,23,25]
[-47,39,14];[176,164,122]
[-88,37,4];[22,22,20]
[38,30,6];[13,13,13]
[-5,14,-14];[52,51,49]
[-41,30,-7];[53,53,51]
[-90,35,4];[83,85,84]
[-51,16,3];[61,61,59]
[-21,28,-10];[27,26,21]
[-79,34,4];[10,11,13]
[-80,33,4];[57,59,56]
[40,33,5];[54,56,55]
[-79,32,3];[1,1,1]
[-57,32,4];[7,7,5]
[56,31,4];[40,41,36]
[-61,31,4];[18,20,19]
[-17,31,-15];[49,48,44]
[-56,31,4];[5,5,5]
[-19,51,-13];[45,42,37]
[-31,31,4];[51,52,54]
[-52,29,4];[6,6,6]
[42,44,15];[48,49,51]
[-37,45,13];[66,62,51]
[-60,29,4];[0,0,0]
[-73,29,4];[54,55,57]
[-72,29,4];[59,61,60]
[-54,55,2];[62,62,62]
[-60,28,4];[73,72,77]
[73,26,4];[46,46,46]
[64,26,3];[12,12,14]
[30,54,5];[58,58,58]
[-16,24,4];[31,33,32]
[-41,31,-8];[54,54,52]
[-16,25,4];[9,9,9]
[-81,36,8];[67,68,70]
[16,25,4];[0,0,0]
[26,50,12];[57,57,57]
[17,24,4];[23,24,19]
[-54,33,6];[3,5,4]
[74,25,4];[47,47,47]
[40,23,4];[32,32,32]
[-25,23,4];[14,16,15]
[-27,23,4];[3,3,1]
[0,4,10];[69,71,70]
[85,46,1];[61,59,60]
[-29,23,4];[1,1,0]
[22,23,4];[6,6,6]
[-24,22,4];[1,1,0]
[-60,25,-5];[68,68,66]
[17,22,4];[25,27,26]
[75,23,4];[67,60,52]
[80,46,-2];[59,59,59]
[-11,59,1];[48,49,53]
[-26,23,4];[1,1,1]
[23,22,4];[12,12,12]
[-26,51,-9];[51,51,49]
[-16,4,-7];[56,57,61]
[-25,23,3];[3,3,3]
[-32,22,4];[6,6,6]
[-41,22,4];[6,6,6]
[-56,22,4];[7,6,4]
[-58,22,3];[1,1,1]
[-6,33,12];[7,41,131]
[-52,25,-8];[51,49,50]
[-37,21,4];[20,17,8]
[-42,21,4];[23,13,0]
[87,19,-6];[66,66,68]
[41,34,0];[50,50,50]
[-45,21,4];[159,120,15]
[-46,21,4];[222,181,5]
[-50,21,4];[29,26,7]
[-53,21,4];[206,168,0]
[-43,36,14];[89,168,198]
[-40,29,-10];[47,49,48]
[-54,21,4];[198,163,1]
[-55,21,4];[197,161,3]
[80,20,4];[59,59,57]
[-19,38,16];[53,54,58]
[80,20,3];[58,56,57]
[43,19,4];[23,23,23]
[-13,43,15];[22,22,22]
[-83,36,6];[1,1,1]
[16,17,4];[15,17,16]
[-22,17,4];[60,61,63]
[-59,17,4];[92,90,95]
[81,17,4];[51,51,51]
[1,4,-11];[68,69,71]
[88,17,4];[74,75,77]
[-83,42,-1];[10,10,10]
[57,16,4];[67,67,67]
[-32,16,4];[246,199,5]
[7,33,-10];[2,33,147]
[56,14,3];[69,69,67]
[-39,16,4];[37,37,35]
[-26,55,1];[51,51,51]
[-55,16,4];[243,198,11]
[-7,35,12];[11,53,135]
[3,58,-6];[132,117,62]
[79,15,1];[67,69,68]
[-34,49,-3];[45,45,45]
[-26,16,4];[230,185,68]
[-47,52,-9];[247,207,57]
[9,26,-7];[31,16,0]
[85,15,4];[73,74,76]
[-4,58,4];[144,129,74]
[50,14,4];[61,63,62]
[11,23,9];[22,22,22]
[16,15,4];[4,4,4]
[24,22,-5];[54,55,57]
[84,15,4];[71,72,74]
[-15,7,11];[79,80,82]
[4,49,-12];[16,45,139]
[55,14,4];[74,72,73]
[53,33,4];[69,69,69]
[63,26,-6];[70,71,75]
[-46,53,-7];[249,205,36]
[55,13,4];[73,72,70]
[35,14,4];[38,38,36]
[52,12,4];[82,82,84]
[51,12,4];[104,104,106]
[52,11,4];[21,25,28]
[51,10,4];[71,72,76]
[39,10,3];[31,30,28]
[50,9,4];[72,72,74]
[42,8,4];[58,58,50]
[43,8,4];[49,46,41]
[-17,7,4];[165,166,170]
[11,0,4];[68,62,50]
[-6,25,8];[207,163,4]
[3,0,4];[64,64,64]
[41,10,4];[15,15,13]
[-23,20,7];[31,31,31]
[8,58,4];[205,177,70]
[-20,38,14];[49,49,47]
[78,46,-2];[255,222,10]
[-3,58,4];[135,119,57]
[-34,27,-10];[56,56,54]
[-92,37,4];[45,45,43]
[20,58,3];[12,12,14]
[23,55,4];[15,15,15]
[-38,25,-7];[10,9,7]
[-4,51,-13];[59,59,59]
[25,54,4];[55,55,53]
[36,54,4];[95,93,94]
[4,37,-12];[64,92,139]
[-39,52,3];[1,1,1]
[81,42,4];[68,69,71]
[-28,50,4];[60,62,61]
[-37,32,-5];[192,162,50]
[-44,47,4];[122,125,118]
[-38,50,4];[150,138,80]
[-41,50,4];[46,48,47]
[-41,50,3];[46,48,47]
[-51,50,4];[5,5,3]
[-52,50,4];[5,5,3]
[16,8,-12];[47,47,47]
[-70,50,4];[28,30,29]
[-32,35,-11];[23,22,17]
[-68,49,4];[36,36,38]
[-35,53,3];[0,0,0]
[-19,34,-10];[13,13,13]
[-75,49,4];[54,55,57]
[-29,49,4];[59,61,60]
[-59,48,4];[2,2,2]
[20,37,-15];[51,53,50]
[-57,47,4];[6,8,7]
[37,6,-3];[34,34,32]
[41,47,4];[51,51,51]
[-25,49,6];[53,52,47]
[5,47,-10];[0,13,42]
[-85,47,4];[66,67,72]
[18,48,14];[40,39,35]
[-82,39,5];[27,27,25]
[-90,46,2];[71,72,76]
[52,46,4];[62,63,65]
[-89,46,4];[63,64,66]
[42,45,4];[46,46,46]
[-79,45,4];[35,37,34]
[48,43,3];[58,49,32]
[-55,24,-6];[29,29,29]
[-79,43,4];[21,21,21]
[49,38,3];[57,48,33]
[88,37,4];[53,53,53]
[-18,54,-6];[60,60,62]
[-93,37,4];[88,89,94]
[-76,48,-6];[80,80,80]
[-9,31,-15];[68,67,63]
[47,37,4];[71,67,64]
[41,36,4];[29,27,28]
[82,35,4];[20,20,20]
[44,17,3];[48,48,48]
[7,37,11];[81,114,159]
[81,35,4];[23,23,23]
[-11,58,-7];[82,81,86]
[14,20,-12];[54,54,54]
[74,35,5];[6,6,6]
[-83,34,4];[2,2,2]
[-86,33,4];[76,76,76]
[16,12,7];[65,67,66]
[77,45,-2];[254,219,7]
[-35,50,4];[189,164,63]
[40,47,-1];[52,51,49]
[-81,32,4];[84,88,91]
[-60,31,4];[7,7,7]
[82,31,4];[20,20,20]
[-38,31,4];[75,77,76]
[-39,17,-5];[28,27,25]
[-39,31,4];[55,57,56]
[-48,31,4];[52,54,51]
[-49,31,4];[51,53,50]
[88,30,4];[72,72,74]
[-52,31,4];[23,24,26]
[22,14,2];[100,95,76]
[82,30,4];[21,21,21]
[38,30,4];[40,40,40]
[-11,54,-10];[60,60,58]
[-34,31,4];[173,151,42]
[-66,30,4];[50,50,50]
[-19,26,-12];[75,75,77]
[-74,30,4];[16,16,16]
[-56,26,9];[28,28,28]
[-75,30,4];[55,56,58]
[70,29,4];[65,65,63]
[-30,29,4];[25,25,25]
[-32,29,4];[25,25,25]
[-45,33,-14];[66,66,64]
[-33,29,4];[6,6,6]
[-31,34,-11];[23,22,17]
[-86,36,-2];[84,86,85]
[-36,29,4];[88,93,99]
[-39,29,4];[25,29,41]
[2,45,10];[85,116,162]
[-46,29,4];[197,170,63]
[66,28,4];[134,133,138]
[83,43,4];[67,69,68]
[88,28,4];[71,69,72]
[-46,16,1];[239,202,88]
[-81,40,1];[78,80,79]
[-58,21,5];[86,87,89]
[-49,27,-11];[53,53,51]
[37,27,3];[56,56,54]
[-79,36,3];[27,27,27]
[48,36,-3];[33,32,27]
[38,26,4];[40,42,41]
[67,27,3];[73,76,81]
[39,24,4];[43,43,45]
[39,25,4];[56,57,59]
[76,22,-5];[64,63,59]
[18,25,4];[44,45,40]
[74,23,4];[59,56,49]
[-58,28,10];[62,64,63]
[-45,23,3];[10,10,8]
[88,22,4];[73,71,72]
[-18,36,-17];[82,82,82]
[27,22,4];[54,55,57]
[-20,22,4];[1,1,1]
[-28,21,3];[25,25,23]
[-84,45,-5];[26,26,26]
[-30,21,3];[12,8,0]
[-19,52,11];[67,62,58]
[-31,21,3];[10,10,2]
[77,20,-5];[59,60,55]
[-43,26,-10];[69,69,67]
[-49,48,-8];[3,3,3]
[-35,21,3];[178,155,49]
[-36,22,3];[12,11,6]
[47,9,2];[100,101,103]
[-36,21,3];[15,12,3]
[-88,42,4];[65,65,63]
[22,55,-7];[71,73,72]
[-11,55,1];[43,43,41]
[-37,21,3];[15,13,1]
[-34,43,8];[201,169,48]
[-20,37,-10];[200,170,54]
[-21,21,-3];[23,23,21]
[-39,21,3];[219,176,2]
[16,32,13];[78,78,78]
[-24,35,-11];[73,74,76]
[-41,21,3];[196,157,2]
[10,5,-11];[83,77,61]
[42,20,4];[23,23,23]
[82,20,3];[8,8,8]
[-16,19,4];[20,20,18]
[-58,61,1];[0,2,4]
[82,19,3];[26,28,27]
[17,5,1];[2,2,2]
[57,17,4];[71,69,70]
[88,16,4];[76,76,76]
[17,48,14];[39,38,36]
[33,16,3];[59,56,51]
[-64,32,6];[28,28,28]
[37,4,1];[87,87,87]
[17,14,5];[1,1,1]
[-31,35,13];[64,59,53]
[-16,14,4];[3,3,3]
[86,15,4];[74,74,76]
[39,32,5];[47,43,44]
[44,10,5];[54,54,54]
[87,15,4];[76,76,78]
[-16,12,5];[47,47,47]
[50,12,3];[62,62,64]
[51,12,3];[60,60,60]
[-32,25,6];[65,61,58]
[-4,0,0];[69,69,69]
[48,11,3];[47,47,45]
[17,1,0];[49,51,50]
[51,11,3];[51,51,51]
[3,34,9];[0,30,92]
[-11,57,7];[58,58,58]
[50,10,3];[53,53,53]
[54,19,2];[23,23,25]
[51,9,4];[96,96,98]
[48,9,3];[36,36,36]
[-63,30,5];[61,63,62]
[45,8,4];[16,16,16]
[49,7,4];[90,90,98]
[48,7,4];[114,113,121]
[47,6,4];[94,93,98]
[-17,5,4];[63,64,66]
[-40,31,-7];[62,64,61]
[75,35,-5];[38,37,32]
[16,2,4];[53,54,58]
[43,41,-14];[14,14,14]
[48,43,4];[62,53,38]
[-55,29,0];[4,4,4]
[-16,2,4];[40,38,39]
[-84,42,5];[14,14,12]
[12,0,4];[64,66,65]
[-35,40,-15];[52,51,46]
[7,0,4];[215,186,106]
[-1,0,4];[64,64,64]
[-2,0,4];[64,64,64]
[-59,47,8];[23,23,23]
[17,17,0];[39,37,38]
[-12,0,4];[63,62,60]
[19,60,4];[61,61,61]
[4,58,3];[215,185,73]
[-11,0,4];[243,206,76]
[-29,47,-7];[198,164,38]
[0,58,4];[185,161,73]
[-10,57,3];[42,42,42]
[-23,35,-14];[74,74,74]
[34,31,-10];[37,37,37]
[-49,55,4];[11,11,13]
[-41,33,13];[62,63,65]
[-47,54,4];[13,13,15]
[-14,54,4];[45,45,45]
[5,1,5];[60,60,60]
[-51,53,4];[20,20,20]
[-26,30,10];[34,34,32]
[-54,53,3];[29,29,29]
[-57,53,3];[27,27,27]
[-72,44,-10];[33,35,34]
[61,22,-3];[59,59,59]
[-20,52,3];[0,0,0]
[-85,45,3];[26,26,24]
[-21,52,3];[4,3,0]
[-44,52,3];[1,1,1]
[-9,31,15];[46,43,38]
[5,8,13];[57,59,58]
[-45,52,3];[0,0,0]
[-64,29,-2];[54,56,53]
[-60,51,4];[82,83,85]
[-26,50,4];[51,51,43]
[75,27,-6];[54,56,55]
[-31,50,3];[10,10,10]
[16,21,1];[26,26,26]
[-34,50,3];[9,11,8]
[-36,50,3];[189,164,64]
[-31,33,-13];[144,143,139]
[-40,50,3];[46,48,47]
[-36,16,3];[218,185,90]
[79,16,2];[63,64,66]
[-46,50,3];[5,5,5]
[-49,50,3];[5,5,5]
[44,16,4];[11,11,11]
[-50,50,4];[5,5,5]
[-8,46,-14];[40,63,130]
[73,27,-1];[64,62,63]
[-55,50,3];[7,7,5]
[-59,50,4];[1,1,1]
[-80,32,1];[47,47,47]
[-26,50,3];[92,94,93]
[-36,34,-8];[49,51,48]
[2,30,-17];[115,117,116]
[-53,48,4];[4,4,4]
[-84,47,4];[65,64,69]
[19,54,-9];[6,6,6]
[41,47,3];[50,50,50]
[-18,30,12];[34,34,34]
[14,50,-13];[56,56,54]
[68,46,3];[73,74,76]
[-87,46,3];[72,77,81]
[-14,40,14];[55,57,56]
[2,0,5];[62,62,60]
[-84,45,3];[26,26,26]
[-88,40,-2];[10,10,10]
[-83,43,3];[12,10,11]
[75,35,4];[39,39,37]
[82,35,3];[21,21,21]
[-32,31,4];[174,149,46]
[-62,31,4];[38,39,41]
[-30,31,3];[40,42,41]
[41,46,9];[59,59,59]
[-54,24,-5];[51,53,52]
[-34,31,3];[44,44,42]
[-46,44,7];[202,170,47]
[-22,34,-9];[61,61,61]
[-70,29,4];[11,11,11]
[66,28,3];[2,2,2]
[81,25,4];[2,2,2]
[-35,31,5];[60,62,61]
[40,23,3];[69,68,73]
[-59,54,3];[104,99,105]
[-29,23,3];[21,21,19]
[29,23,6];[37,35,36]
[38,48,-16];[89,88,93]
[-41,23,3];[3,3,3]
[19,25,-3];[22,23,17]
[-43,23,3];[15,15,13]
[-49,23,3];[16,15,13]
[-53,23,3];[18,18,16]
[-37,23,3];[11,10,8]
[42,38,11];[53,53,53]
[37,6,-1];[18,18,20]
[-38,23,3];[17,17,15]
[-40,23,3];[21,21,19]
[26,54,5];[57,57,57]
[-48,23,3];[16,15,13]
[-52,23,3];[27,27,27]
[-44,23,3];[6,6,6]
[-39,22,3];[20,18,3]
[23,27,9];[33,33,35]
[-41,22,3];[29,23,1]
[-71,31,7];[55,56,58]
[23,43,-14];[68,121,199]
[-58,47,-10];[10,10,10]
[-50,22,3];[14,16,13]
[-55,22,3];[26,25,21]
[-52,56,1];[43,41,42]
[-24,22,3];[0,0,0]
[-29,45,10];[78,80,79]
[87,13,-2];[78,78,78]
[-44,24,4];[22,24,23]
[-27,21,3];[11,11,9]
[-40,51,3];[46,48,47]
[-43,21,3];[17,13,4]
[1,60,4];[224,179,34]
[-45,22,3];[17,9,0]
[1,0,2];[68,68,68]
[-45,21,3];[53,30,0]
[-47,22,3];[20,19,15]
[-14,24,8];[9,11,10]
[-49,21,3];[1,1,1]
[-50,21,3];[19,15,3]
[-7,2,7];[77,65,7]
[-81,46,5];[61,62,64]
[-55,61,2];[63,64,66]
[28,22,3];[44,37,9]
[59,18,3];[61,61,61]
[78,35,-4];[22,22,22]
[-24,15,5];[198,202,203]
[-22,15,5];[104,104,106]
[37,10,0];[47,40,30]
[-57,21,-7];[72,72,64]
[18,14,4];[62,66,75]
[47,13,3];[13,13,11]
[16,13,4];[21,23,22]
[-17,13,4];[38,40,39]
[3,17,-14];[54,54,52]
[16,11,4];[36,36,36]
[17,9,9];[45,45,45]
[42,8,3];[24,23,21]
[-36,42,-9];[47,47,47]
[43,8,3];[34,34,34]
[42,36,-5];[1,1,0]
[43,7,3];[48,48,48]
[-17,6,4];[60,60,58]
[42,5,3];[13,13,13]
[-59,27,-5];[8,9,11]
[41,5,3];[47,47,47]
[39,6,3];[19,20,22]
[41,4,4];[127,128,130]
[-16,3,3];[46,48,47]
[-53,56,-3];[62,63,65]
[42,20,-4];[37,35,36]
[14,58,3];[234,201,70]
[23,47,-16];[86,87,91]
[13,58,3];[253,221,74]
[52,15,4];[51,51,53]
[17,35,15];[50,50,52]
[-50,49,11];[53,52,47]
[7,58,3];[162,139,43]
[21,55,4];[14,15,20]
[-13,54,4];[28,28,28]
[-56,43,7];[3,3,3]
[-53,53,4];[19,18,16]
[-28,53,3];[0,0,0]
[-38,53,3];[8,8,8]
[-59,50,3];[1,1,1]
[-43,55,-3];[37,37,37]
[37,10,-1];[21,21,19]
[-28,49,3];[60,62,61]
[69,46,3];[73,74,76]
[61,46,3];[72,73,75]
[58,46,3];[72,73,75]
[-49,31,7];[58,58,56]
[57,46,3];[71,72,74]
[-71,40,-11];[37,38,33]
[50,44,3];[26,27,29]
[-1,41,-12];[79,116,184]
[-82,43,3];[10,10,10]
[-2,57,7];[51,51,49]
[85,36,5];[65,66,68]
[2,0,-1];[69,69,69]
[-78,40,4];[22,22,22]
[-57,51,-4];[4,4,2]
[-93,38,3];[91,92,94]
[47,37,3];[1,0,0]
[81,35,3];[29,29,29]
[-80,31,3];[49,49,51]
[-46,29,10];[44,41,32]
[-33,31,3];[158,140,68]
[16,11,13];[66,67,69]
[80,27,4];[1,1,1]
[20,24,4];[4,4,4]
[31,51,-12];[53,53,53]
[-31,23,3];[24,24,22]
[-35,49,1];[54,56,55]
[-29,22,3];[52,43,2]
[-31,22,3];[8,7,2]
[-83,32,1];[45,45,43]
[-26,22,3];[1,1,1]
[36,31,9];[9,9,9]
[-24,21,3];[12,12,10]
[-19,53,7];[11,12,7]
[17,20,4];[53,55,54]
[60,21,4];[66,66,66]
[15,23,-11];[45,45,45]
[-92,37,3];[33,33,33]
[-59,20,4];[30,31,33]
[-4,51,13];[66,66,66]
[20,38,-15];[65,66,68]
[-22,18,4];[4,4,6]
[-16,16,4];[32,32,30]
[-87,39,5];[67,69,68]
[53,12,5];[76,77,82]
[-25,16,4];[113,112,110]
[15,26,-6];[50,50,50]
[-16,15,4];[27,27,27]
[-45,46,13];[58,58,48]
[-25,16,3];[102,101,99]
[-39,33,9];[42,44,43]
[51,15,4];[58,58,60]
[-23,15,5];[123,124,126]
[16,26,4];[28,24,21]
[-75,43,-10];[67,67,69]
[-23,15,4];[76,77,79]
[-50,47,8];[5,5,5]
[-56,40,-15];[239,198,54]
[-27,53,-7];[141,120,39]
[-14,0,4];[66,66,66]
[17,23,7];[3,3,3]
[-39,20,-6];[38,36,37]
[83,15,4];[72,72,74]
[-71,50,4];[53,53,55]
[-83,47,3];[60,58,59]
[47,10,3];[3,3,3]
[-81,35,8];[80,81,83]
[-24,39,-15];[53,53,51]
[-8,60,3];[97,97,97]
[17,13,-10];[18,18,18]
[-3,58,3];[167,149,63]
[20,57,4];[0,2,14]
[22,55,4];[63,61,62]
[14,60,-6];[233,195,60]
[76,32,0];[63,64,68]
[24,54,4];[56,56,56]
[-52,53,3];[24,24,24]
[-24,54,3];[92,86,74]
[58,18,4];[68,68,68]
[-25,54,3];[93,85,72]
[-38,43,-15];[230,192,57]
[-31,53,3];[4,4,4]
[-33,54,3];[100,93,83]
[-19,53,-9];[18,18,8]
[-34,53,3];[1,1,1]
[-35,54,3];[99,91,76]
[84,37,4];[57,55,56]
[-37,53,3];[0,0,0]
[-38,54,3];[103,95,80]
[-39,54,3];[97,90,72]
[-11,58,-2];[13,13,13]
[-40,54,3];[97,88,71]
[-41,54,3];[94,85,70]
[-19,53,3];[11,11,11]
[21,57,7];[77,75,78]
[22,22,4];[6,7,9]
[-23,53,3];[0,0,0]
[-59,51,9];[78,78,86]
[-59,26,-7];[20,20,20]
[45,44,-5];[43,45,44]
[-23,54,3];[66,62,53]
[37,52,3];[58,58,58]
[-23,17,6];[125,125,125]
[-23,16,6];[108,108,110]
[-23,51,3];[39,38,34]
[-32,30,-11];[50,50,48]
[-47,50,3];[5,5,5]
[-50,50,3];[5,5,5]
[-54,51,3];[7,7,5]
[-57,50,3];[8,8,8]
[40,17,6];[32,34,33]
[47,16,2];[10,10,12]
[-68,49,3];[6,6,6]
[-16,29,13];[55,55,55]
[-74,50,3];[10,10,10]
[55,22,-1];[29,31,30]
[-23,49,3];[49,51,50]
[-25,49,3];[46,46,46]
[-50,48,3];[54,56,55]
[-2,23,-10];[30,30,30]
[-59,48,3];[3,3,3]
[59,47,3];[71,72,74]
[-80,45,-3];[1,1,1]
[52,47,3];[76,76,78]
[-50,29,2];[17,17,17]
[84,45,3];[59,60,62]
[53,44,-6];[51,51,49]
[78,45,3];[242,204,31]
[74,45,3];[54,53,49]
[-90,42,-1];[36,36,36]
[48,44,3];[57,47,35]
[-80,44,3];[1,1,1]
[-79,36,-4];[38,38,36]
[-88,44,3];[16,16,14]
[-84,38,8];[63,64,66]
[2,20,-12];[53,53,53]
[-52,17,-5];[241,199,19]
[-93,42,4];[116,118,115]
[-42,48,-13];[65,62,47]
[-79,38,3];[26,26,26]
[58,20,5];[65,66,70]
[-90,38,3];[14,14,14]
[89,37,3];[64,64,62]
[-59,46,-14];[90,86,85]
[-93,37,3];[100,101,105]
[74,30,-6];[29,30,35]
[-88,37,3];[27,29,28]
[-36,46,7];[14,16,15]
[51,37,4];[16,16,14]
[-81,37,3];[12,12,14]
[-15,1,4];[55,57,56]
[-84,37,3];[16,16,16]
[-76,35,-10];[65,67,66]
[64,25,-5];[68,66,67]
[-51,44,-8];[40,41,36]
[-86,37,3];[30,32,31]
[36,53,0];[58,58,58]
[-89,37,3];[94,96,95]
[-32,33,13];[62,64,63]
[-91,37,3];[15,15,13]
[-85,37,2];[35,35,35]
[-81,37,2];[19,19,17]
[-82,37,2];[10,10,8]
[-83,37,2];[36,38,37]
[-86,37,2];[29,29,29]
[-90,37,2];[15,15,15]
[27,23,7];[36,35,40]
[51,36,3];[9,9,11]
[22,55,-6];[74,74,76]
[42,36,3];[9,9,9]
[-52,44,7];[7,7,7]
[45,36,3];[41,33,22]
[53,11,-2];[72,72,72]
[-88,35,3];[25,25,25]
[-54,27,9];[59,59,59]
[-87,35,3];[13,13,13]
[39,32,-1];[63,65,64]
[80,34,3];[76,74,75]
[82,33,3];[13,13,13]
[12,20,12];[56,56,56]
[-9,50,12];[54,54,54]
[39,33,3];[54,49,46]
[-7,46,10];[1,32,99]
[-85,33,3];[64,66,65]
[-20,43,-10];[3,5,4]
[-84,32,3];[65,65,65]
[-62,48,0];[19,19,17]
[-75,31,3];[32,32,32]
[61,31,3];[3,3,3]
[-33,30,3];[60,62,59]
[88,31,4];[68,69,71]
[88,30,3];[67,67,67]
[11,36,13];[10,50,145]
[-61,44,-9];[7,7,7]
[89,37,0];[65,65,63]
[75,29,3];[6,6,6]
[-61,28,3];[53,54,56]
[-90,38,1];[16,16,14]
[72,27,3];[27,26,21]
[60,27,3];[20,20,20]
[80,26,3];[1,1,1]
[16,25,3];[30,30,28]
[15,34,-15];[67,63,62]
[58,25,3];[35,35,35]
[-16,22,3];[23,23,21]
[-11,22,-11];[47,46,42]
[27,22,3];[19,19,19]
[-21,21,4];[2,0,1]
[6,1,-6];[63,62,60]
[-61,31,2];[24,24,24]
[56,31,2];[42,42,40]
[-51,23,3];[29,29,21]
[-33,31,5];[195,163,40]
[-58,21,3];[2,2,2]
[-25,16,-4];[81,81,83]
[44,18,3];[49,49,51]
[-16,18,3];[15,15,15]
[16,17,3];[14,14,14]
[52,17,3];[23,23,23]
[78,39,5];[182,171,149]
[-33,16,3];[246,204,44]
[-15,26,7];[28,28,26]
[-38,16,3];[64,64,64]
[-25,15,5];[116,117,121]
[-16,15,3];[22,22,20]
[34,15,3];[55,54,50]
[-82,37,1];[14,14,14]
[82,15,3];[82,83,85]
[-21,27,-12];[87,89,88]
[34,14,3];[60,57,50]
[19,14,3];[70,75,81]
[10,15,13];[77,73,44]
[18,27,7];[45,45,47]
[18,14,3];[64,71,79]
[54,13,3];[69,69,69]
[18,13,3];[7,7,5]
[0,43,-11];[82,122,194]
[17,13,3];[17,17,15]
[-44,41,11];[33,33,31]
[-51,48,7];[5,5,3]
[80,15,-3];[75,74,79]
[-17,13,3];[31,31,29]
[36,13,3];[46,45,41]
[16,12,4];[35,33,34]
[40,9,3];[18,17,15]
[-34,23,3];[12,14,11]
[36,27,7];[9,8,6]
[-91,40,6];[5,5,7]
[-4,0,-1];[69,69,69]
[45,7,3];[6,6,6]
[17,4,4];[43,45,44]
[-10,38,-16];[33,34,36]
[58,45,-6];[50,50,50]
[-14,0,3];[68,68,68]
[-7,60,3];[111,112,106]
[11,58,3];[251,213,52]
[-58,41,-12];[8,8,8]
[12,58,3];[253,217,59]
[87,36,-5];[69,69,69]
[74,32,-2];[13,14,16]
[7,59,3];[251,205,68]
[5,59,3];[254,216,71]
[1,45,9];[85,116,163]
[-50,39,-10];[68,68,58]
[-1,58,3];[180,157,43]
[-18,8,0];[42,40,41]
[-11,59,3];[61,61,61]
[19,58,3];[1,4,19]
[14,4,-11];[67,68,70]
[-17,54,3];[40,40,40]
[31,21,5];[64,64,64]
[36,7,-1];[9,9,7]
[-27,54,3];[92,82,70]
[-36,48,-4];[200,166,40]
[-32,54,3];[94,85,76]
[-36,54,3];[102,93,76]
[-24,24,8];[1,1,1]
[-56,51,3];[8,8,8]
[-70,50,3];[55,56,58]
[-22,50,3];[98,100,99]
[22,26,7];[8,8,8]
[-75,50,3];[62,65,70]
[-22,49,3];[34,34,32]
[-49,48,3];[51,53,52]
[-51,48,3];[25,25,25]
[-56,48,3];[7,7,5]
[1,9,13];[57,57,57]
[-42,55,-1];[43,43,45]
[-84,47,3];[58,58,58]
[44,16,-7];[72,74,73]
[-83,48,3];[58,58,58]
[-80,47,3];[24,24,22]
[71,47,3];[71,73,72]
[68,47,3];[73,73,75]
[-65,50,-2];[52,52,50]
[-18,13,2];[83,84,88]
[-79,45,3];[9,10,5]
[36,28,4];[3,3,5]
[-57,42,-9];[5,5,3]
[-37,54,3];[110,99,81]
[-20,49,1];[138,140,137]
[81,45,3];[66,67,62]
[-67,35,9];[3,3,3]
[51,45,3];[10,10,10]
[1,15,13];[56,56,56]
[91,45,3];[66,66,66]
[-28,36,-14];[130,188,210]
[-39,44,-11];[106,102,77]
[47,45,3];[91,78,61]
[49,44,3];[49,43,31]
[42,45,13];[71,71,71]
[-80,42,2];[15,15,17]
[-80,42,3];[64,65,67]
[75,45,-2];[75,68,16]
[-81,42,2];[11,13,12]
[-43,36,-14];[111,171,199]
[-30,56,-1];[48,48,46]
[-84,42,2];[13,13,11]
[-53,54,2];[16,16,14]
[82,27,-3];[3,3,3]
[-85,42,3];[13,13,11]
[-19,39,-17];[55,56,58]
[-88,42,3];[11,11,9]
[-17,54,-3];[40,40,40]
[-81,42,3];[25,27,26]
[-82,41,3];[33,33,33]
[-49,38,-15];[56,57,51]
[-83,42,3];[53,55,54]
[-85,41,3];[56,58,57]
[-86,42,3];[75,96,151]
[-92,42,3];[24,26,25]
[-78,41,3];[22,22,22]
[-22,46,7];[65,67,66]
[26,46,-16];[15,15,13]
[-82,38,3];[6,6,6]
[-73,43,10];[47,47,47]
[-85,38,3];[8,8,8]
[-53,52,7];[197,171,35]
[-91,38,3];[34,34,32]
[-85,33,-2];[56,58,57]
[-92,37,2];[55,57,56]
[31,30,-9];[49,49,47]
[48,37,3];[55,46,31]
[50,36,3];[38,35,28]
[46,36,2];[10,9,7]
[-17,54,-7];[56,56,58]
[-16,17,-3];[18,18,18]
[44,36,3];[8,6,7]
[-58,29,4];[6,8,7]
[-25,21,-5];[9,10,5]
[-42,40,-12];[88,90,89]
[41,36,2];[8,8,8]
[51,35,3];[17,17,19]
[15,44,12];[74,94,165]
[7,59,4];[87,74,39]
[91,42,3];[77,77,77]
[-79,35,3];[22,22,22]
[-79,35,2];[19,19,19]
[-90,34,3];[81,79,82]
[-83,42,1];[107,111,120]
[88,34,3];[69,69,71]
[88,33,3];[69,69,71]
[-13,26,-7];[4,4,4]
[-78,32,3];[22,22,22]
[52,32,3];[25,25,23]
[39,31,4];[28,28,26]
[-76,31,3];[37,37,37]
[82,42,-5];[69,70,72]
[-37,31,3];[60,62,61]
[-39,31,3];[50,52,49]
[-40,31,3];[56,58,57]
[-41,31,3];[56,58,57]
[-56,24,4];[3,3,3]
[27,40,16];[55,55,55]
[-91,42,2];[73,75,72]
[-59,27,6];[67,67,69]
[-40,47,-14];[207,180,89]
[-12,19,-13];[52,52,52]
[81,40,-5];[58,59,63]
[-43,31,3];[56,58,57]
[-34,53,4];[97,91,79]
[-56,27,-10];[23,23,23]
[-44,31,2];[102,107,111]
[-45,31,3];[35,36,40]
[-49,31,3];[50,52,49]
[19,29,-10];[35,35,37]
[-50,31,3];[50,52,49]
[-49,31,2];[50,52,49]
[-47,23,-4];[31,30,28]
[-35,30,3];[44,44,42]
[82,31,2];[32,32,32]
[6,14,-14];[59,55,44]
[37,30,3];[43,43,43]
[-74,30,3];[19,19,17]
[-65,30,3];[64,64,64]
[-46,49,-8];[5,5,5]
[82,29,3];[9,9,9]
[13,6,11];[58,59,61]
[-30,29,3];[33,34,36]
[-29,36,13];[88,191,206]
[-77,50,-1];[55,55,55]
[-40,29,3];[22,28,50]
[-46,29,3];[197,170,63]
[-50,29,3];[108,110,107]
[-58,29,3];[49,51,50]
[88,26,0];[67,67,67]
[-60,29,3];[3,3,3]
[-69,29,3];[14,16,13]
[-13,39,14];[12,12,14]
[41,46,14];[67,67,67]
[-71,29,3];[66,66,68]
[-77,30,-2];[223,171,72]
[82,29,2];[10,12,11]
[-56,47,-10];[5,5,5]
[82,27,2];[2,2,2]
[67,26,3];[24,22,23]
[-18,26,3];[40,40,38]
[9,46,-11];[4,15,121]
[88,25,3];[68,68,70]
[-3,57,7];[65,65,53]
[28,44,-17];[17,17,17]
[81,25,3];[1,1,1]
[78,21,-5];[56,56,54]
[82,25,2];[4,4,4]
[4,58,7];[56,59,52]
[-5,36,-11];[80,120,189]
[62,24,3];[54,54,52]
[63,24,4];[63,63,61]
[-50,33,9];[35,35,33]
[57,23,3];[31,32,34]
[-55,55,2];[61,61,61]
[-61,23,3];[71,74,79]
[17,22,3];[1,3,0]
[25,22,4];[62,62,62]
[-41,37,-9];[19,19,17]
[25,22,3];[59,61,60]
[41,5,4];[73,74,76]
[-76,48,-2];[4,4,2]
[55,22,3];[34,34,34]
[-60,21,3];[2,2,2]
[38,13,5];[63,64,66]
[61,21,3];[61,59,60]
[-16,21,3];[28,28,26]
[76,21,3];[79,67,45]
[-29,37,9];[51,52,47]
[43,20,3];[47,45,50]
[30,19,3];[58,55,50]
[-64,31,-6];[62,62,62]
[78,19,3];[72,71,66]
[45,17,3];[50,50,50]
[68,38,5];[145,128,59]
[-48,30,-1];[50,50,48]
[-22,17,3];[3,2,0]
[-42,17,4];[207,174,45]
[80,17,3];[62,64,63]
[32,16,3];[60,56,47]
[-16,17,4];[5,5,3]
[-34,48,-8];[21,21,13]
[-16,16,3];[34,33,31]
[-28,32,-9];[9,9,9]
[-50,47,4];[6,6,6]
[-21,17,4];[73,77,80]
[-27,16,3];[60,60,60]
[24,34,14];[62,62,64]
[-32,37,11];[53,53,53]
[-28,16,3];[64,66,65]
[-44,36,8];[12,12,10]
[-42,21,3];[15,12,5]
[80,16,3];[66,66,66]
[80,15,3];[70,70,72]
[43,45,-13];[60,60,60]
[17,15,3];[1,1,1]
[22,20,-1];[20,20,20]
[16,15,2];[1,1,0]
[59,47,1];[58,58,56]
[-21,15,3];[27,29,28]
[-33,31,11];[64,63,59]
[33,15,3];[61,57,48]
[3,58,3];[245,219,98]
[-2,33,-12];[3,36,131]
[83,14,3];[72,72,72]
[20,58,4];[77,77,79]
[49,14,3];[11,13,12]
[87,15,3];[77,75,76]
[-89,43,6];[100,101,105]
[-29,49,-11];[49,50,45]
[-39,51,-4];[16,16,16]
[86,14,3];[71,72,74]
[-52,52,6];[186,156,24]
[-3,10,-14];[55,55,55]
[64,32,4];[61,62,64]
[55,13,3];[69,69,69]
[-14,7,12];[62,62,64]
[35,13,3];[57,54,47]
[16,25,-3];[21,20,15]
[17,13,2];[29,28,26]
[6,11,-14];[78,71,45]
[-16,12,3];[38,38,38]
[-35,29,-3];[52,53,57]
[16,12,3];[32,32,32]
[45,10,3];[2,2,0]
[16,10,4];[38,38,38]
[44,9,3];[2,2,2]
[59,31,3];[31,31,29]
[47,9,3];[60,60,58]
[40,8,2];[7,5,6]
[-7,32,15];[41,42,46]
[47,8,3];[32,32,32]
[-21,27,-10];[97,97,95]
[-57,16,2];[67,66,64]
[-27,16,2];[67,68,70]
[45,8,3];[8,8,8]
[16,7,3];[17,17,17]
[-79,34,0];[15,15,15]
[46,7,3];[17,17,19]
[-31,29,-1];[47,47,47]
[-16,7,3];[1,1,1]
[16,14,-5];[1,1,1]
[55,14,-3];[71,71,69]
[44,5,4];[138,139,141]
[-17,4,3];[55,56,58]
[-33,50,4];[15,15,15]
[-55,47,12];[46,50,53]
[-54,54,3];[27,27,27]
[37,52,5];[59,59,59]
[17,2,3];[49,49,49]
[17,39,12];[61,121,253]
[13,0,3];[67,67,67]
[9,0,3];[243,204,75]
[90,39,4];[81,81,81]
[-1,0,3];[66,66,66]
[-10,0,3];[241,201,79]
[-21,45,13];[56,56,48]
[15,60,3];[101,102,104]
[14,59,3];[14,8,0]
[65,37,-6];[239,201,56]
[15,59,3];[48,36,14]
[2,2,-8];[60,60,58]
[-4,59,3];[225,171,39]
[-18,13,3];[42,44,41]
[-42,48,-3];[92,93,87]
[10,58,3];[253,219,59]
[-32,52,-9];[248,205,41]
[-68,46,-10];[47,47,47]
[9,58,3];[214,186,50]
[4,59,3];[253,216,73]
[38,10,3];[42,38,35]
[-52,55,2];[61,62,64]
[-56,55,2];[60,60,60]
[-57,55,2];[57,59,58]
[31,54,3];[56,56,56]
[-55,21,3];[195,156,1]
[-52,54,2];[17,17,17]
[-13,2,7];[53,53,53]
[43,39,-16];[87,87,87]
[-49,53,-7];[54,54,52]
[-13,54,3];[27,27,27]
[-24,43,14];[64,62,47]
[-7,28,11];[249,208,18]
[-14,54,3];[43,43,43]
[-15,54,3];[47,49,48]
[4,58,5];[73,70,53]
[-50,54,3];[21,19,20]
[6,57,7];[242,210,31]
[-2,0,-6];[66,66,66]
[-30,51,3];[60,62,61]
[3,50,12];[55,70,113]
[17,34,-13];[15,13,14]
[-32,51,3];[54,56,55]
[-38,51,3];[42,44,43]
[-18,32,15];[57,58,60]
[-13,5,11];[62,63,65]
[70,36,-6];[244,199,58]
[-42,51,3];[46,48,47]
[18,31,9];[43,43,41]
[-8,3,8];[246,206,49]
[-24,22,-9];[73,74,76]
[92,45,3];[51,50,48]
[-45,51,3];[5,5,5]
[-38,31,-7];[66,68,67]
[-49,51,3];[5,5,5]
[-25,35,10];[187,160,55]
[24,24,-10];[10,10,10]
[37,52,4];[58,58,58]
[-57,51,3];[8,8,8]
[-59,51,3];[4,4,4]
[37,34,-13];[20,20,20]
[38,50,4];[57,57,57]
[-82,46,-6];[68,68,68]
[38,50,3];[57,57,57]
[-68,50,3];[44,44,46]
[-74,49,2];[6,6,8]
[-16,33,-16];[65,65,65]
[69,40,-6];[53,55,54]
[-45,51,-2];[73,88,129]
[-31,48,3];[58,60,59]
[-5,48,10];[3,24,103]
[88,27,2];[67,67,69]
[-34,48,3];[66,68,65]
[-44,48,3];[104,112,123]
[-84,38,-5];[4,4,4]
[-54,48,3];[6,6,6]
[12,5,10];[64,64,64]
[72,47,3];[67,69,68]
[64,47,3];[72,73,75]
[62,47,3];[73,74,76]
[-31,26,-10];[66,66,66]
[55,47,3];[71,72,74]
[-60,37,-9];[2,2,2]
[-84,46,3];[98,100,97]
[14,27,9];[27,27,25]
[-40,42,-15];[250,204,49]
[-85,44,4];[2,2,0]
[86,45,3];[58,59,61]
[75,45,3];[109,94,55]
[61,21,-2];[60,60,60]
[50,45,3];[32,32,32]
[-93,42,3];[126,128,127]
[-78,40,3];[22,22,22]
[-78,39,3];[19,19,19]
[-70,42,-12];[52,52,52]
[-38,49,0];[45,45,45]
[42,36,2];[4,4,4]
[47,7,-4];[41,40,38]
[80,35,3];[24,24,24]
[-86,34,3];[23,23,23]
[40,33,3];[48,44,43]
[51,8,-3];[66,66,66]
[29,20,3];[54,51,44]
[-78,33,3];[15,17,16]
[-85,32,3];[66,66,66]
[-83,32,3];[66,66,66]
[-58,31,3];[18,18,18]
[-24,36,-14];[120,171,192]
[-62,31,3];[25,25,25]
[-50,33,-8];[30,30,30]
[58,17,3];[63,63,63]
[-38,31,3];[60,62,61]
[-36,49,-3];[200,166,40]
[84,33,-6];[68,68,68]
[-40,31,2];[56,58,57]
[85,20,-6];[67,68,70]
[-46,31,3];[35,36,40]
[-47,31,3];[35,36,40]
[-52,31,3];[23,24,26]
[11,34,-14];[17,19,18]
[-49,47,5];[6,6,6]
[-75,30,3];[57,58,60]
[-50,52,8];[224,187,18]
[-35,29,3];[18,18,16]
[-13,38,15];[4,4,4]
[-39,29,3];[25,29,41]
[-5,1,-7];[62,62,62]
[68,28,3];[38,38,40]
[67,29,4];[80,79,84]
[53,16,5];[61,60,65]
[60,27,2];[13,13,13]
[-61,27,3];[94,111,127]
[-57,48,2];[9,9,9]
[51,39,-6];[0,1,6]
[82,26,2];[1,1,1]
[29,46,15];[19,19,19]
[-37,31,-12];[59,59,57]
[-25,19,4];[16,17,19]
[-16,52,12];[201,205,208]
[17,24,3];[21,20,15]
[-36,31,-9];[77,79,78]
[74,23,3];[70,58,44]
[-24,17,6];[59,59,59]
[-48,24,4];[1,1,1]
[-50,48,2];[25,25,25]
[26,22,3];[42,41,39]
[27,53,-10];[55,55,55]
[-61,22,3];[88,89,84]
[-83,43,5];[13,15,14]
[-17,21,3];[26,26,24]
[-3,31,-16];[37,37,37]
[-25,22,3];[13,13,13]
[17,21,3];[119,124,120]
[75,21,3];[70,59,37]
[29,20,2];[48,39,24]
[-32,54,-3];[32,32,32]
[-16,20,3];[24,24,24]
[-23,43,14];[60,60,52]
[77,20,3];[82,75,57]
[80,19,2];[19,19,17]
[28,31,9];[21,23,22]
[-91,42,-7];[54,54,54]
[53,18,3];[24,24,24]
[80,17,2];[55,55,55]
[-60,29,0];[27,29,28]
[-32,16,3];[240,188,6]
[-19,48,7];[36,37,32]
[-39,16,3];[61,63,62]
[-27,53,3];[0,0,0]
[-41,16,3];[59,55,43]
[74,34,-6];[52,54,53]
[-50,16,3];[65,66,68]
[-22,31,-12];[59,60,55]
[-56,16,3];[238,198,51]
[-57,16,3];[69,68,64]
[28,9,1];[60,59,57]
[-68,50,2];[38,40,39]
[57,16,3];[64,64,62]
[19,13,3];[77,81,82]
[36,12,2];[49,43,29]
[38,45,-16];[56,56,56]
[29,29,-9];[31,31,31]
[-16,11,4];[55,55,55]
[-16,11,3];[51,51,51]
[-24,16,5];[137,136,141]
[-16,10,3];[50,52,51]
[-46,16,-1];[239,203,83]
[37,11,3];[54,50,47]
[17,2,0];[62,63,65]
[16,10,3];[37,37,37]
[46,10,2];[58,58,58]
[46,9,2];[50,50,50]
[16,8,4];[63,62,67]
[45,8,2];[11,11,13]
[81,32,3];[64,64,66]
[-54,64,2];[126,126,126]
[-60,48,3];[3,3,3]
[40,33,9];[34,34,34]
[46,8,2];[84,86,85]
[39,7,3];[62,63,65]
[-85,38,1];[18,18,16]
[38,7,4];[72,73,75]
[46,7,2];[12,12,12]
[-10,28,-11];[55,41,14]
[0,60,5];[239,202,36]
[-47,54,3];[36,36,36]
[0,8,12];[57,59,58]
[-8,56,7];[29,28,33]
[37,7,3];[11,11,11]
[-35,21,-4];[185,143,5]
[37,6,3];[30,30,30]
[46,6,3];[76,76,76]
[-15,1,3];[59,61,60]
[-16,1,3];[48,48,48]
[15,0,3];[41,41,41]
[-42,25,7];[31,31,29]
[14,0,3];[65,65,65]
[88,32,1];[65,67,66]
[4,0,3];[66,66,64]
[63,43,5];[62,63,65]
[2,0,3];[66,66,66]
[16,1,4];[45,45,43]
[-5,60,3];[57,58,60]
[-55,60,2];[64,64,66]
[-42,40,9];[34,35,29]
[46,10,4];[61,63,62]
[8,58,3];[158,138,49]
[32,34,15];[173,173,175]
[-31,29,0];[57,59,58]
[-54,57,2];[63,65,64]
[-49,35,-9];[61,62,64]
[-53,58,2];[63,63,63]
[12,26,8];[26,27,22]
[-54,59,2];[61,63,62]
[-54,58,2];[63,63,63]
[-55,58,2];[63,63,65]
[63,38,-6];[55,50,44]
[-56,58,2];[64,64,66]
[-57,58,2];[64,64,64]
[-41,55,0];[47,47,47]
[-58,56,2];[64,64,66]
[29,54,3];[57,57,55]
[28,54,3];[58,58,58]
[26,54,4];[57,57,57]
[25,54,3];[56,56,56]
[24,54,3];[56,56,56]
[23,54,3];[53,53,51]
[36,54,3];[92,92,92]
[-36,51,3];[189,164,63]
[-50,51,-1];[60,60,62]
[-37,51,3];[46,44,31]
[43,43,6];[8,8,8]
[-51,35,-14];[30,39,44]
[-39,51,3];[45,47,46]
[-52,51,3];[5,5,3]
[-58,51,3];[9,9,9]
[-66,49,3];[50,50,50]
[-83,36,5];[6,6,6]
[88,15,-3];[64,64,66]
[-20,49,3];[75,77,74]
[-25,45,14];[251,211,38]
[-22,45,8];[70,72,69]
[-29,48,2];[58,60,59]
[-32,48,3];[57,59,58]
[-44,38,11];[80,82,79]
[-23,48,3];[48,50,49]
[-35,48,3];[24,24,24]
[-36,48,3];[24,24,24]
[6,18,-14];[68,62,38]
[-80,48,3];[117,96,75]
[-58,48,3];[2,2,2]
[-38,33,12];[65,65,65]
[-78,47,3];[25,27,24]
[65,47,3];[71,71,73]
[10,51,11];[58,58,56]
[-59,53,3];[104,101,108]
[63,47,3];[70,71,73]
[-2,45,10];[86,116,166]
[-5,52,-11];[52,53,55]
[-89,46,2];[52,50,51]
[61,26,4];[53,53,53]
[40,24,-3];[32,30,31]
[73,46,3];[103,103,103]
[-32,49,-12];[231,200,75]
[-79,46,3];[1,1,1]
[0,25,-8];[3,3,3]
[51,46,3];[55,55,55]
[-80,45,2];[2,2,0]
[-83,45,2];[10,10,10]
[76,45,3];[245,215,59]
[42,37,11];[51,51,51]
[-91,38,2];[3,3,3]
[91,44,3];[38,38,36]
[18,60,2];[55,57,56]
[-84,38,2];[6,6,6]
[-30,32,-13];[62,62,60]
[-90,38,2];[14,14,12]
[-22,15,-5];[69,71,70]
[-82,37,3];[10,10,10]
[25,24,7];[24,24,22]
[89,39,3];[81,81,81]
[88,37,3];[77,77,75]
[-14,20,-13];[57,59,58]
[48,37,2];[28,23,17]
[-83,35,2];[17,17,17]
[-55,58,0];[24,24,24]
[-80,35,2];[23,23,23]
[-81,35,2];[39,39,37]
[20,59,-6];[94,90,91]
[-77,32,3];[31,31,33]
[-76,32,3];[34,34,34]
[-45,51,0];[52,52,52]
[-29,20,4];[19,16,7]
[-54,16,4];[247,202,11]
[-9,40,-11];[43,63,113]
[71,37,-6];[247,205,59]
[74,31,3];[7,7,7]
[75,22,3];[72,58,45]
[-47,31,2];[103,108,112]
[-83,38,4];[8,8,8]
[22,54,5];[13,13,13]
[-62,30,3];[69,69,69]
[-58,60,1];[0,0,0]
[63,46,4];[52,52,52]
[-48,33,7];[36,38,37]
[70,29,3];[68,68,68]
[-38,29,3];[25,29,41]
[-39,47,12];[245,207,20]
[-29,27,-10];[58,58,58]
[50,8,4];[98,99,103]
[-44,29,3];[197,170,63]
[-51,24,4];[26,21,15]
[-69,29,-1];[54,55,57]
[72,28,3];[23,22,18]
[80,28,2];[35,35,35]
[-32,31,-4];[67,69,68]
[68,27,3];[52,49,44]
[73,25,3];[46,41,37]
[74,24,3];[58,51,45]
[-17,24,3];[16,16,16]
[-36,51,-10];[64,57,38]
[20,58,-7];[90,84,84]
[-16,20,-2];[35,35,35]
[-56,54,3];[27,27,27]
[40,24,2];[25,25,25]
[-83,39,-8];[68,67,62]
[22,23,3];[3,4,0]
[21,45,15];[53,53,53]
[-50,16,4];[34,35,30]
[47,6,-4];[70,70,70]
[16,22,2];[22,21,16]
[23,22,3];[13,13,11]
[19,24,-6];[8,6,9]
[-59,19,3];[102,102,100]
[18,15,2];[4,4,2]
[11,21,-12];[52,52,50]
[-25,15,3];[76,76,74]
[16,18,-9];[26,28,27]
[81,14,2];[51,51,51]
[20,13,2];[52,56,57]
[38,10,2];[37,31,19]
[45,9,2];[2,2,2]
[5,40,-12];[36,44,57]
[17,7,3];[52,50,51]
[33,49,-14];[61,61,63]
[40,4,3];[78,78,78]
[13,27,9];[28,27,25]
[40,4,2];[77,79,78]
[14,12,13];[55,55,55]
[39,4,3];[83,83,85]
[17,4,3];[50,50,50]
[-5,4,9];[207,185,110]
[11,0,3];[72,66,50]
[-5,0,3];[62,64,63]
[-57,63,2];[64,64,64]
[-57,62,2];[64,65,67]
[-55,62,2];[63,65,64]
[-58,61,2];[66,66,68]
[-42,50,4];[46,48,47]
[27,12,-2];[19,19,21]
[-1,58,2];[238,211,70]
[-10,59,-5];[65,66,68]
[-59,29,-5];[70,72,71]
[-58,59,2];[67,67,69]
[-50,56,3];[61,62,64]
[-12,56,-5];[4,4,4]
[21,55,3];[26,27,29]
[-47,20,5];[229,192,16]
[22,55,3];[49,47,48]
[21,55,8];[32,30,31]
[32,25,6];[44,44,44]
[-30,31,5];[51,52,56]
[-57,21,-5];[12,12,12]
[-11,55,3];[38,38,38]
[-12,55,3];[34,34,34]
[-27,54,2];[41,41,43]
[36,53,3];[59,59,59]
[-28,50,3];[60,62,61]
[-19,49,3];[201,167,34]
[-92,41,1];[92,94,93]
[-31,48,2];[58,60,59]
[-81,34,4];[0,2,1]
[-33,48,2];[79,81,80]
[11,35,14];[30,30,28]
[-77,47,3];[25,27,22]
[74,46,3];[51,50,48]
[74,45,2];[59,58,54]
[-87,41,2];[79,79,77]
[-92,41,2];[2,2,2]
[1,26,6];[18,18,18]
[-79,41,2];[85,90,94]
[17,22,-6];[19,19,17]
[14,59,5];[211,192,115]
[-80,41,2];[86,89,96]
[-81,41,2];[57,57,55]
[-82,41,2];[114,116,115]
[-56,16,-4];[239,200,79]
[-85,41,2];[10,10,10]
[-78,40,2];[20,20,20]
[77,35,3];[23,23,21]
[-62,31,2];[29,29,29]
[74,30,3];[3,3,1]
[-64,30,2];[56,58,57]
[41,8,4];[59,63,64]
[-48,29,3];[185,163,77]
[-53,29,3];[5,5,5]
[39,48,-13];[58,58,58]
[81,29,2];[18,18,18]
[-29,30,11];[56,55,51]
[-67,30,3];[34,34,34]
[27,35,-16];[75,79,82]
[-58,16,3];[70,70,68]
[81,28,2];[1,1,1]
[80,27,2];[6,6,4]
[17,26,3];[28,27,23]
[87,31,-6];[115,115,117]
[18,26,2];[21,22,17]
[-18,25,3];[53,54,49]
[19,24,3];[21,20,18]
[19,25,3];[18,19,14]
[-61,23,4];[96,95,90]
[-58,48,4];[2,2,0]
[-29,28,9];[48,50,49]
[-5,48,-10];[73,89,125]
[88,24,3];[68,68,70]
[33,23,6];[61,63,62]
[28,9,0];[16,16,16]
[24,22,4];[48,48,48]
[-21,21,3];[1,1,1]
[-26,21,3];[11,11,9]
[12,12,13];[55,55,55]
[60,20,3];[59,59,59]
[-26,20,3];[12,11,7]
[42,46,-13];[58,60,59]
[88,20,3];[72,72,74]
[-51,46,13];[54,53,49]
[-16,22,7];[8,8,8]
[-22,19,3];[30,30,28]
[-1,28,-12];[46,45,43]
[53,19,2];[25,25,25]
[-43,29,3];[197,170,63]
[-22,18,3];[5,5,5]
[36,14,4];[51,50,46]
[10,16,13];[65,62,47]
[-2,42,11];[86,114,161]
[-19,31,-8];[29,29,29]
[56,31,-5];[81,82,84]
[47,40,-5];[8,8,8]
[58,18,3];[62,62,62]
[30,38,15];[45,47,44]
[-8,8,12];[245,213,32]
[46,16,2];[13,13,13]
[37,29,5];[40,40,40]
[-36,25,5];[36,29,11]
[26,23,-8];[11,11,11]
[26,54,3];[56,56,56]
[88,17,2];[69,69,69]
[-12,26,9];[19,19,19]
[51,16,3];[22,22,20]
[-80,35,-9];[79,79,81]
[17,15,2];[1,1,0]
[-21,15,2];[50,50,48]
[-24,15,3];[49,50,52]
[-17,29,12];[35,35,33]
[19,14,2];[72,74,73]
[-19,13,2];[61,62,64]
[-9,60,2];[65,65,65]
[-84,48,1];[94,94,96]
[52,10,3];[71,69,70]
[17,6,3];[4,4,4]
[17,5,3];[2,2,2]
[34,20,-7];[58,54,53]
[-54,49,-2];[6,6,6]
[38,4,2];[29,29,29]
[8,0,3];[242,201,75]
[-13,0,3];[67,67,67]
[-54,65,2];[103,103,101]
[-54,30,-3];[3,3,3]
[-55,64,2];[65,65,65]
[-56,63,2];[63,65,64]
[9,46,13];[7,46,147]
[14,58,-5];[60,57,42]
[-57,64,2];[64,64,64]
[-6,60,2];[53,55,54]
[5,33,-9];[0,10,77]
[14,59,2];[66,59,33]
[13,58,2];[240,207,76]
[13,59,2];[173,147,60]
[11,58,2];[242,213,77]
[10,59,2];[237,201,63]
[-35,36,8];[12,12,10]
[85,27,5];[66,66,66]
[7,59,2];[241,201,52]
[6,49,-11];[44,70,144]
[32,32,-11];[49,49,51]
[6,59,2];[255,212,63]
[3,58,2];[234,206,97]
[-19,44,9];[70,70,70]
[2,58,2];[238,208,88]
[1,59,2];[116,75,19]
[-4,24,-10];[21,19,20]
[-46,55,-2];[36,38,37]
[1,58,2];[249,216,75]
[-87,41,-8];[65,65,67]
[-1,59,2];[252,218,66]
[-3,59,2];[134,99,31]
[-54,20,5];[219,187,8]
[-18,55,2];[45,46,48]
[-27,55,2];[48,48,48]
[-30,55,2];[44,44,44]
[-41,55,2];[45,45,45]
[-57,36,11];[3,3,3]
[-16,54,-9];[73,73,71]
[33,24,-7];[57,54,47]
[-22,54,2];[22,22,22]
[-46,54,2];[8,7,5]
[-32,51,2];[45,45,45]
[-31,29,1];[57,59,58]
[-57,25,-8];[4,4,4]
[-72,50,2];[47,47,47]
[-36,51,-3];[57,57,57]
[-44,55,1];[46,46,46]
[-26,50,2];[59,61,60]
[-66,49,2];[57,57,59]
[-55,38,-10];[5,5,3]
[-75,48,2];[10,10,8]
[77,45,2];[241,204,25]
[41,4,3];[77,78,80]
[-92,40,2];[4,6,5]
[-80,39,2];[66,61,41]
[-81,39,2];[64,60,48]
[-82,40,2];[32,32,30]
[-76,30,-5];[69,67,70]
[-50,47,-6];[93,85,48]
[-82,39,2];[6,6,6]
[-15,26,-7];[23,24,19]
[-84,40,2];[7,8,10]
[80,25,-5];[45,44,42]
[17,20,-9];[29,29,29]
[-56,16,-1];[242,203,86]
[-84,39,2];[6,6,6]
[-85,39,2];[8,8,8]
[-29,43,14];[245,206,17]
[-4,29,-13];[54,54,54]
[52,16,-4];[13,15,14]
[-86,39,2];[4,4,2]
[2,58,3];[210,179,62]
[-88,40,2];[15,17,16]
[-88,39,2];[16,16,16]
[-52,37,9];[33,35,34]
[-17,17,1];[2,2,2]
[-90,40,2];[11,11,9]
[-90,39,2];[31,31,29]
[37,51,5];[59,59,59]
[17,16,-12];[40,40,40]
[-45,31,-4];[69,71,70]
[-92,39,2];[11,11,13]
[16,24,-9];[11,11,13]
[15,1,3];[44,44,42]
[89,38,3];[83,83,83]
[51,36,2];[5,3,4]
[51,32,3];[21,21,19]
[-47,46,-14];[229,200,74]
[57,31,2];[41,41,39]
[-13,45,-15];[29,29,29]
[-75,31,2];[29,29,29]
[-40,30,2];[56,58,57]
[67,34,5];[80,81,83]
[-56,30,2];[1,1,1]
[6,26,8];[22,23,18]
[79,30,2];[18,18,18]
[-55,29,2];[1,1,1]
[-72,29,2];[43,44,46]
[-72,28,2];[12,14,13]
[66,27,2];[21,21,21]
[4,3,8];[77,77,77]
[66,26,2];[4,6,5]
[-26,48,7];[104,103,98]
[-1,60,2];[202,181,114]
[68,27,2];[39,39,41]
[67,26,2];[26,26,28]
[88,20,-4];[65,65,65]
[56,42,-6];[52,52,50]
[19,24,2];[22,23,18]
[22,23,2];[33,28,22]
[-16,22,2];[19,19,17]
[23,22,2];[10,7,2]
[-41,49,-1];[72,72,72]
[-21,45,-11];[55,57,56]
[22,22,1];[32,33,28]
[39,32,12];[88,88,90]
[56,19,-6];[76,77,79]
[22,21,1];[55,55,57]
[45,35,-1];[31,32,27]
[-26,19,2];[43,45,44]
[16,20,3];[11,11,11]
[-49,57,0];[63,63,63]
[16,19,3];[16,18,17]
[23,20,1];[69,70,74]
[77,19,2];[83,71,47]
[35,5,-1];[78,79,81]
[-21,17,2];[9,9,9]
[-16,16,2];[28,30,29]
[-37,16,2];[70,69,67]
[-59,16,3];[163,156,161]
[-74,38,-11];[6,6,6]
[-18,15,2];[14,14,14]
[-19,46,-10];[60,60,60]
[-19,15,2];[54,55,59]
[-23,15,3];[74,75,77]
[-58,45,-7];[1,1,1]
[48,13,2];[6,6,6]
[-21,14,2];[33,34,36]
[66,46,4];[54,54,54]
[-4,0,4];[63,63,63]
[-22,14,2];[47,47,47]
[81,16,3];[67,67,69]
[5,60,4];[241,201,51]
[-24,15,4];[76,77,79]
[-22,48,-4];[3,3,1]
[-21,13,2];[80,80,82]
[-68,32,7];[4,4,4]
[26,13,1];[63,63,61]
[42,20,3];[64,63,68]
[36,11,2];[45,37,24]
[88,36,4];[71,71,73]
[-53,41,9];[54,58,59]
[32,7,1];[65,65,63]
[-13,44,15];[24,24,24]
[7,0,3];[242,210,99]
[-48,17,4];[28,24,12]
[-5,0,1];[67,69,68]
[-59,62,2];[100,102,101]
[85,34,-6];[68,70,69]
[-59,61,2];[90,90,90]
[12,60,2];[255,239,117]
[5,60,2];[99,93,67]
[36,17,5];[62,63,65]
[-4,60,2];[154,143,89]
[-43,48,4];[99,106,116]
[-59,59,2];[74,74,76]
[-49,36,13];[71,81,90]
[-59,58,2];[67,65,68]
[-59,56,2];[92,92,94]
[-47,55,2];[42,42,44]
[-46,50,-4];[21,25,37]
[-20,55,2];[37,37,37]
[-14,40,-15];[40,42,41]
[-23,55,2];[40,40,40]
[-39,45,-8];[55,55,55]
[-29,55,2];[45,45,45]
[-35,55,2];[45,45,43]
[-40,55,2];[48,48,48]
[-45,50,4];[5,5,5]
[-53,47,-9];[2,2,2]
[4,3,9];[74,76,75]
[-59,55,2];[83,83,83]
[33,54,3];[55,55,55]
[23,54,2];[55,55,55]
[-17,7,-6];[30,30,28]
[-51,54,2];[8,8,8]
[-11,23,-11];[43,42,38]
[-47,51,2];[5,5,5]
[-21,51,2];[118,123,119]
[-71,50,1];[97,99,98]
[-20,50,2];[73,75,74]
[41,36,3];[11,11,11]
[51,33,0];[59,60,62]
[-75,49,2];[4,4,2]
[-57,23,4];[39,38,36]
[-70,38,-12];[54,55,57]
[17,19,-1];[8,8,8]
[-30,49,2];[59,59,59]
[-28,25,6];[2,2,2]
[-36,48,2];[44,44,44]
[-60,48,2];[3,3,3]
[-51,35,8];[78,80,77]
[-79,37,-10];[70,71,73]
[-76,48,2];[38,38,36]
[-80,47,2];[35,33,34]
[-88,47,2];[58,57,55]
[-79,47,2];[4,4,4]
[59,47,2];[65,65,65]
[73,46,2];[39,38,36]
[-43,43,-15];[231,198,82]
[-84,47,2];[53,52,50]
[52,46,2];[77,76,81]
[-91,46,2];[71,73,72]
[-81,42,-4];[10,10,12]
[51,46,2];[42,42,44]
[-79,46,2];[51,53,52]
[20,15,2];[45,49,50]
[17,11,7];[76,77,79]
[-52,32,5];[8,8,6]
[-80,46,2];[3,3,1]
[-30,24,6];[2,0,1]
[-83,46,2];[17,17,15]
[20,15,-3];[21,21,21]
[46,46,2];[66,53,44]
[47,45,2];[53,44,35]
[-82,44,2];[2,2,4]
[-69,44,10];[63,64,66]
[-91,44,2];[74,74,74]
[-81,44,2];[2,2,2]
[16,41,12];[61,121,251]
[-84,44,2];[1,1,1]
[63,24,-5];[61,59,60]
[-51,56,1];[21,19,20]
[-87,44,2];[1,1,1]
[-20,53,3];[0,0,0]
[5,20,-13];[54,54,52]
[-90,41,-6];[10,10,8]
[-90,44,2];[16,16,16]
[-79,43,2];[30,30,30]
[-83,43,2];[2,2,2]
[-47,21,3];[202,164,3]
[89,39,2];[77,77,79]
[-50,34,-11];[108,102,70]
[-80,36,2];[29,29,29]
[-58,48,-12];[58,57,55]
[-87,36,2];[37,37,37]
[29,52,10];[58,58,58]
[-88,36,2];[42,44,43]
[-79,36,2];[14,14,12]
[19,60,-2];[81,81,81]
[-87,36,1];[4,4,6]
[-89,36,2];[47,47,47]
[-5,60,-2];[55,53,54]
[-90,34,-4];[136,136,136]
[-91,36,2];[40,40,40]
[79,35,3];[21,21,21]
[78,35,3];[21,21,19]
[74,35,3];[19,19,17]
[42,35,2];[22,23,18]
[-93,35,2];[92,88,89]
[-83,34,2];[2,2,2]
[-85,34,2];[22,24,23]
[11,40,11];[12,42,106]
[-91,34,2];[60,60,60]
[-25,55,0];[50,45,26]
[-86,38,3];[9,9,9]
[-80,34,2];[25,25,25]
[46,15,4];[15,15,15]
[-50,51,2];[5,5,5]
[-81,34,2];[57,57,55]
[16,28,9];[22,22,22]
[-86,34,2];[22,22,22]
[-85,33,2];[22,24,23]
[-17,6,-9];[50,51,53]
[17,13,5];[25,27,26]
[6,22,11];[221,197,99]
[-82,33,2];[48,50,47]
[-77,32,2];[33,33,33]
[-84,32,2];[65,67,66]
[-56,43,11];[5,5,3]
[-31,42,9];[59,61,60]
[58,31,2];[37,37,35]
[54,31,3];[44,44,42]
[53,31,3];[36,36,34]
[80,31,2];[30,31,35]
[-28,20,4];[15,12,5]
[32,54,3];[56,56,56]
[-70,28,-3];[71,71,71]
[-35,55,-2];[47,47,47]
[-59,31,2];[7,7,5]
[-48,50,4];[5,5,5]
[73,40,5];[127,104,26]
[-76,30,2];[64,62,63]
[-30,30,2];[79,81,78]
[-66,29,2];[62,64,63]
[-79,40,5];[26,26,26]
[-46,40,-15];[77,62,33]
[77,29,2];[4,4,4]
[-49,33,9];[35,35,33]
[-41,29,2];[17,17,15]
[-45,29,2];[198,168,44]
[-34,42,-9];[13,13,11]
[-83,46,3];[17,17,15]
[-55,50,-11];[58,57,55]
[77,28,2];[16,16,16]
[-71,28,2];[5,5,3]
[14,24,8];[10,10,10]
[79,28,2];[5,5,5]
[-44,33,7];[19,19,19]
[72,28,2];[15,14,12]
[81,27,2];[0,0,0]
[63,24,3];[52,52,54]
[38,20,6];[58,58,58]
[40,25,2];[23,25,24]
[-21,43,-12];[16,16,16]
[88,23,2];[67,67,67]
[-21,36,11];[57,79,137]
[88,21,2];[69,69,69]
[-25,22,1];[12,12,12]
[8,26,-8];[66,48,0]
[43,21,2];[22,22,22]
[16,21,2];[28,30,29]
[-17,21,2];[14,14,12]
[8,50,-16];[44,45,49]
[-88,45,4];[58,58,60]
[-26,21,2];[96,98,97]
[76,20,2];[75,64,42]
[28,20,2];[45,36,21]
[29,19,2];[45,37,24]
[31,38,16];[49,50,52]
[-60,19,3];[106,106,104]
[18,16,2];[1,1,1]
[21,16,2];[28,28,26]
[-82,48,3];[57,57,57]
[-30,16,2];[67,69,68]
[-33,16,2];[242,203,74]
[-38,16,2];[69,69,71]
[19,54,8];[16,16,16]
[43,44,-9];[59,57,58]
[-39,16,2];[68,69,71]
[-55,44,-12];[5,5,3]
[-45,16,3];[244,199,8]
[-22,15,2];[17,17,15]
[-58,31,4];[6,6,6]
[81,15,2];[67,67,67]
[43,44,7];[69,69,67]
[22,14,1];[10,9,5]
[76,27,6];[61,61,61]
[37,26,-5];[28,28,28]
[22,13,2];[105,98,72]
[74,44,4];[49,45,42]
[-18,12,2];[55,55,53]
[-46,22,4];[15,13,14]
[19,12,2];[88,85,76]
[-80,32,2];[42,42,42]
[53,11,3];[70,70,70]
[-54,29,-1];[19,19,19]
[-93,41,-6];[35,35,35]
[35,12,2];[45,37,24]
[7,28,11];[246,209,30]
[31,8,1];[66,66,66]
[39,8,2];[35,36,38]
[35,6,1];[62,62,62]
[37,6,2];[8,8,8]
[-5,27,-11];[44,41,26]
[-19,23,3];[2,2,0]
[-58,58,2];[68,67,72]
[46,6,2];[76,78,77]
[33,6,1];[64,65,67]
[-33,37,11];[53,53,53]
[45,5,3];[74,76,75]
[-22,22,9];[37,37,37]
[14,18,-13];[55,55,55]
[-16,2,2];[48,48,50]
[48,36,-1];[48,48,40]
[-12,0,2];[67,66,64]
[19,60,2];[61,62,64]
[-83,47,4];[64,65,67]
[-54,61,2];[64,66,65]
[-87,34,4];[95,91,92]
[49,7,2];[74,74,74]
[14,60,2];[177,163,102]
[-57,38,-15];[235,195,61]
[11,60,2];[235,214,109]
[-45,36,14];[20,46,61]
[0,60,2];[156,132,70]
[-11,60,2];[87,85,86]
[-52,49,-12];[96,89,45]
[-59,60,2];[79,77,78]
[-35,30,-11];[50,50,50]
[1,60,2];[85,81,56]
[82,44,-4];[68,70,69]
[38,7,2];[27,28,30]
[-19,55,2];[12,12,10]
[-30,31,-9];[60,60,60]
[-36,55,2];[47,47,45]
[29,11,0];[2,2,2]
[-46,55,2];[29,29,29]
[-51,55,2];[7,6,4]
[-4,48,7];[41,58,102]
[2,32,-16];[42,43,45]
[-31,55,2];[47,47,47]
[-18,47,-17];[101,102,106]
[80,26,5];[21,21,21]
[-5,34,9];[0,18,73]
[-25,53,4];[63,60,55]
[33,54,2];[56,56,56]
[-57,35,13];[57,57,57]
[25,54,2];[55,55,55]
[30,52,-11];[56,56,56]
[-22,51,2];[48,48,46]
[16,12,-7];[27,29,28]
[55,46,-5];[51,51,49]
[-29,51,2];[47,47,45]
[-80,41,-7];[17,19,18]
[-34,51,2];[54,56,55]
[-50,48,-2];[6,6,6]
[82,32,4];[17,17,17]
[17,60,-5];[73,74,76]
[-39,51,2];[44,46,45]
[-34,55,-3];[28,28,28]
[-40,51,2];[46,48,47]
[-24,26,8];[19,19,19]
[-41,51,2];[46,48,47]
[-45,51,2];[56,58,57]
[1,33,-11];[6,42,139]
[-48,51,2];[5,5,5]
[-24,53,4];[63,62,58]
[-57,44,14];[239,201,30]
[19,34,13];[65,65,65]
[-58,51,2];[4,4,4]
[-36,20,-6];[245,200,47]
[-73,51,2];[43,43,41]
[-13,35,-15];[24,26,25]
[-43,30,5];[181,169,111]
[21,39,-14];[59,86,131]
[-65,50,2];[57,57,57]
[6,48,6];[8,53,144]
[-65,49,2];[59,60,62]
[48,9,4];[29,29,29]
[-29,50,2];[35,36,38]
[-23,49,2];[46,47,42]
[-24,49,2];[46,47,42]
[11,29,-12];[54,54,52]
[-35,33,-8];[200,166,33]
[-79,45,-4];[22,24,23]
[-25,49,2];[46,47,41]
[-63,48,-6];[46,46,48]
[-31,49,2];[68,70,69]
[-57,44,-11];[8,8,8]
[-77,32,-7];[81,81,81]
[-33,49,2];[79,81,80]
[-33,47,8];[15,15,15]
[88,22,-2];[67,67,65]
[65,30,4];[13,13,13]
[-36,50,-6];[27,27,25]
[-35,49,2];[48,50,49]
[-81,43,3];[1,1,1]
[-38,48,2];[32,32,30]
[-39,48,2];[20,22,21]
[-37,44,10];[12,12,10]
[-52,48,2];[6,6,4]
[-53,48,2];[6,6,4]
[-81,49,2];[73,66,60]
[-45,51,9];[83,77,45]
[-82,48,2];[58,60,59]
[39,21,6];[69,70,72]
[-75,45,-10];[69,69,69]
[-85,48,2];[58,58,58]
[10,52,-11];[55,55,55]
[-87,47,2];[59,59,57]
[-58,25,-8];[38,38,38]
[41,47,2];[50,50,50]
[-43,49,7];[31,32,27]
[12,1,7];[55,55,53]
[88,34,-1];[17,17,17]
[-78,47,2];[18,18,16]
[40,35,-7];[18,18,18]
[68,47,2];[62,62,62]
[-30,32,-6];[61,63,62]
[-82,46,2];[27,26,21]
[-76,47,-7];[65,67,66]
[50,46,2];[41,40,38]
[-21,29,9];[18,18,18]
[91,45,2];[79,79,79]
[-40,44,-8];[57,59,56]
[-56,20,-5];[16,15,13]
[88,45,2];[62,64,63]
[84,45,2];[59,60,62]
[62,47,-1];[57,57,57]
[85,45,2];[62,62,64]
[84,45,1];[59,59,59]
[-25,39,10];[55,57,56]
[83,45,2];[62,64,63]
[-81,35,-2];[136,131,102]
[82,45,2];[69,70,64]
[40,8,-5];[58,59,61]
[79,45,2];[106,96,60]
[17,1,-1];[48,48,48]
[80,45,1];[60,60,58]
[-93,45,2];[94,98,99]
[-25,50,4];[55,57,56]
[-35,38,14];[59,58,53]
[83,20,-5];[65,66,68]
[48,45,2];[55,47,34]
[-27,31,-13];[61,60,58]
[-79,44,2];[7,7,5]
[-80,43,2];[1,1,1]
[-1,14,13];[56,56,56]
[-91,43,2];[3,3,3]
[-92,43,2];[54,56,55]
[8,8,-13];[250,205,60]
[91,43,2];[76,76,76]
[-93,42,2];[103,105,104]
[-85,38,2];[5,5,3]
[-93,39,2];[81,81,83]
[50,36,2];[23,22,18]
[17,18,-1];[30,30,32]
[48,11,-5];[43,43,43]
[-85,36,1];[11,11,9]
[-1,0,-2];[70,70,70]
[-84,36,1];[11,11,9]
[-90,36,1];[12,12,12]
[13,48,16];[95,96,98]
[-91,36,1];[11,11,13]
[-92,36,1];[31,31,33]
[75,35,2];[25,25,23]
[88,34,2];[68,68,68]
[52,16,-5];[41,42,44]
[23,22,-4];[8,8,8]
[-42,54,2];[40,38,39]
[74,31,2];[7,7,7]
[-81,31,2];[65,67,66]
[14,25,6];[23,23,21]
[-57,31,2];[7,7,5]
[9,18,12];[244,205,24]
[-41,30,2];[55,57,56]
[-17,22,2];[21,21,19]
[-44,30,2];[104,108,111]
[-37,24,4];[3,3,3]
[24,52,10];[57,57,57]
[-58,31,2];[6,6,4]
[16,26,6];[22,22,20]
[-53,16,-2];[239,201,76]
[-45,30,2];[103,108,112]
[-42,51,-1];[53,55,54]
[-48,30,2];[103,108,112]
[-49,30,2];[50,52,49]
[-51,30,2];[50,52,51]
[11,47,13];[143,137,137]
[-1,33,-10];[5,39,147]
[-38,47,4];[6,6,6]
[-53,30,2];[21,21,21]
[-33,41,-12];[50,52,51]
[-60,21,2];[8,8,10]
[-32,30,2];[60,60,58]
[-29,29,2];[33,34,36]
[-58,29,2];[1,1,1]
[-26,22,6];[1,1,1]
[-75,29,2];[61,62,64]
[-40,36,14];[60,157,189]
[-87,47,3];[63,64,66]
[88,29,2];[67,67,67]
[-32,29,2];[16,18,17]
[88,22,3];[71,71,73]
[-44,29,2];[199,169,53]
[-43,29,2];[198,166,55]
[-78,40,-4];[14,16,15]
[82,27,0];[23,23,21]
[-70,28,2];[6,6,6]
[30,36,15];[27,27,29]
[-61,26,2];[145,192,222]
[-12,43,15];[5,6,8]
[-36,30,-4];[49,49,41]
[-18,26,1];[35,35,33]
[-25,42,-12];[52,51,33]
[-20,16,-3];[6,7,9]
[56,23,2];[23,23,23]
[62,22,2];[58,58,58]
[-56,39,11];[8,8,8]
[-82,34,-6];[8,8,8]
[-30,22,3];[108,88,1]
[-13,26,-9];[45,44,39]
[17,21,2];[52,52,50]
[-58,59,-2];[1,1,1]
[-44,19,-6];[247,202,51]
[-16,21,2];[26,28,27]
[79,18,2];[45,39,27]
[41,8,3];[21,19,20]
[30,18,2];[46,38,27]
[-20,16,2];[6,6,8]
[-40,16,2];[66,67,69]
[19,15,1];[10,10,10]
[-25,16,2];[97,92,88]
[32,16,2];[48,40,27]
[-65,48,-7];[50,50,50]
[50,15,3];[12,12,12]
[-62,47,-5];[30,31,35]
[80,15,2];[69,69,69]
[12,25,6];[1,1,0]
[-59,34,-10];[9,9,7]
[-47,47,4];[53,55,54]
[-22,15,1];[39,39,37]
[-23,40,10];[41,41,33]
[-66,30,3];[24,24,24]
[85,14,2];[70,74,75]
[18,12,2];[6,6,6]
[2,23,-10];[30,30,30]
[73,24,2];[36,29,21]
[-20,12,1];[178,155,79]
[21,52,-11];[56,56,56]
[16,11,2];[26,26,26]
[88,27,0];[66,66,68]
[-16,10,2];[44,45,47]
[50,8,2];[73,73,73]
[-85,42,0];[42,42,40]
[-16,8,3];[25,25,25]
[-16,4,2];[1,1,1]
[-7,0,2];[63,57,33]
[-54,28,-10];[46,46,46]
[11,0,2];[75,67,44]
[37,30,-9];[32,32,32]
[-2,0,2];[66,66,66]
[-11,0,2];[242,203,84]
[-53,61,2];[149,148,153]
[-71,29,0];[13,13,15]
[17,60,2];[58,58,58]
[88,30,-2];[66,66,68]
[88,29,1];[67,67,67]
[-38,29,4];[96,103,113]
[-10,60,2];[65,65,65]
[19,10,-1];[59,57,58]
[-58,57,1];[49,50,54]
[2,10,-14];[55,55,55]
[-57,56,1];[1,1,1]
[-54,47,13];[168,154,128]
[2,52,11];[56,58,57]
[-17,55,2];[41,41,41]
[-22,55,2];[41,41,41]
[-56,56,1];[0,0,0]
[11,58,4];[171,150,67]
[17,8,-6];[77,73,72]
[-59,55,1];[86,87,91]
[-58,56,1];[16,16,18]
[-38,30,-1];[53,55,54]
[-56,55,1];[5,5,5]
[31,54,2];[57,57,57]
[-18,46,16];[66,68,67]
[-16,54,2];[13,13,13]
[37,52,2];[58,58,58]
[-11,60,0];[61,61,63]
[-27,51,2];[47,47,45]
[-19,50,2];[193,166,61]
[-59,25,4];[36,36,36]
[-26,49,2];[59,61,60]
[-67,49,2];[42,42,42]
[-62,49,2];[31,31,33]
[-77,48,1];[4,2,3]
[73,47,2];[69,70,74]
[66,47,2];[61,61,63]
[53,17,4];[61,62,64]
[-59,28,10];[63,63,65]
[-87,43,1];[16,16,14]
[-85,43,1];[22,22,20]
[-38,53,-5];[63,63,63]
[40,34,2];[56,56,56]
[-84,33,2];[21,21,21]
[-41,46,10];[55,57,54]
[-11,55,2];[39,39,37]
[-90,33,2];[73,73,73]
[-78,31,1];[20,20,20]
[-24,25,7];[15,15,15]
[-79,31,1];[31,31,31]
[-60,50,-7];[59,59,59]
[-80,31,1];[54,54,52]
[60,31,1];[42,42,40]
[-83,41,-9];[60,61,65]
[-18,15,3];[63,62,67]
[-81,38,8];[68,68,68]
[18,25,3];[20,19,15]
[38,30,2];[47,47,47]
[-36,30,2];[45,47,44]
[79,29,2];[36,38,37]
[-67,30,2];[36,37,39]
[-60,29,2];[11,11,11]
[-65,29,2];[68,68,68]
[7,18,-14];[234,197,57]
[-31,29,2];[58,59,61]
[-34,29,2];[17,19,18]
[-34,30,6];[71,71,69]
[-41,29,4];[197,170,65]
[-69,50,-5];[31,31,33]
[-46,29,2];[197,170,63]
[-51,29,2];[17,17,17]
[-73,48,7];[44,42,43]
[-73,29,2];[24,24,24]
[-83,40,8];[62,63,65]
[-78,32,2];[31,31,31]
[-61,27,1];[149,199,232]
[37,51,11];[102,102,104]
[35,54,-9];[79,79,79]
[16,26,2];[27,27,19]
[17,24,2];[22,22,14]
[-57,46,13];[240,200,24]
[-55,55,0];[38,38,38]
[-17,23,2];[19,19,19]
[-16,23,2];[24,24,22]
[-61,24,2];[135,181,215]
[-7,30,15];[133,134,136]
[-25,20,2];[64,66,65]
[-26,20,2];[51,53,52]
[-56,31,11];[48,48,46]
[54,20,2];[24,24,24]
[-16,19,2];[26,24,27]
[-46,42,-10];[21,21,21]
[-16,17,2];[31,31,29]
[-18,32,14];[60,61,63]
[-37,48,-9];[54,55,50]
[74,32,4];[6,6,6]
[31,17,1];[51,43,32]
[-35,16,2];[243,201,80]
[37,51,3];[57,57,57]
[14,6,-13];[60,60,62]
[44,10,-6];[60,61,63]
[-36,16,2];[242,210,101]
[83,46,1];[60,60,58]
[-70,29,3];[68,68,70]
[-54,50,-5];[6,6,6]
[9,32,-14];[3,3,5]
[-44,16,2];[241,200,74]
[-49,16,2];[68,69,71]
[-54,62,2];[66,66,68]
[88,16,2];[70,70,72]
[56,15,2];[69,69,71]
[84,14,2];[71,72,74]
[38,9,2];[25,21,18]
[-91,40,-7];[1,1,1]
[16,9,3];[47,49,48]
[37,7,2];[23,23,23]
[42,4,3];[77,77,79]
[-11,35,15];[4,6,5]
[-8,51,-16];[80,82,81]
[16,1,2];[55,55,55]
[-4,60,-2];[237,210,95]
[44,19,3];[37,37,39]
[-31,38,14];[244,203,27]
[13,0,2];[68,70,69]
[6,0,2];[65,65,63]
[5,0,2];[67,67,67]
[0,0,2];[67,67,67]
[-4,0,2];[67,67,67]
[-6,0,2];[65,67,66]
[81,24,4];[20,20,20]
[15,3,8];[57,57,59]
[14,20,-13];[54,54,54]
[-55,66,1];[111,111,113]
[28,34,13];[67,68,70]
[-59,61,1];[82,80,83]
[-59,60,1];[76,76,78]
[-57,60,1];[0,2,1]
[-57,59,1];[2,2,2]
[-58,58,1];[10,10,12]
[-72,49,4];[41,41,41]
[-13,28,10];[43,43,43]
[-58,59,1];[14,14,16]
[-57,58,1];[1,1,1]
[-23,35,-11];[44,44,42]
[-19,54,4];[39,41,40]
[21,55,2];[31,31,31]
[-89,39,-2];[73,75,72]
[36,53,2];[58,58,58]
[-15,54,-3];[39,41,40]
[60,46,4];[51,53,52]
[-21,21,7];[1,1,1]
[23,38,-15];[43,44,46]
[-38,51,2];[42,44,43]
[-9,60,3];[91,93,92]
[-49,51,2];[5,5,5]
[-57,51,2];[9,9,9]
[10,17,13];[76,69,51]
[-59,51,2];[8,10,9]
[-24,23,-10];[94,96,95]
[-75,30,5];[54,54,54]
[-80,35,6];[9,9,9]
[-72,50,1];[79,77,78]
[-23,20,-7];[65,69,68]
[-75,50,2];[53,54,56]
[-45,49,-8];[203,166,36]
[-74,50,2];[5,6,8]
[-45,42,11];[33,33,31]
[-48,27,-10];[58,60,59]
[88,15,-1];[68,70,69]
[-39,48,1];[54,56,55]
[-56,51,-4];[4,4,2]
[-46,48,1];[2,2,2]
[-14,54,-1];[34,34,34]
[31,8,-2];[49,49,49]
[-47,48,1];[57,57,55]
[17,23,-4];[14,14,14]
[-51,48,1];[7,6,4]
[-52,48,1];[7,6,4]
[-58,48,2];[1,1,1]
[39,48,2];[55,55,55]
[88,37,-1];[63,63,63]
[-52,56,2];[70,71,73]
[-82,47,2];[56,57,52]
[57,47,2];[63,63,63]
[-57,54,-2];[33,35,34]
[-30,48,2];[59,59,59]
[89,45,1];[61,61,59]
[81,45,1];[64,64,62]
[78,45,1];[250,216,21]
[-89,41,-7];[74,74,74]
[-90,45,1];[20,20,20]
[29,25,-8];[30,30,30]
[-33,38,-15];[251,209,63]
[-81,43,1];[51,51,51]
[-83,43,1];[88,93,96]
[-84,43,1];[22,22,22]
[-78,30,1];[39,40,44]
[-83,36,2];[18,18,18]
[-30,20,5];[43,43,35]
[-86,43,1];[38,38,38]
[42,37,14];[54,54,54]
[-19,44,10];[61,63,62]
[-89,43,1];[14,16,15]
[-91,43,1];[10,11,13]
[42,22,3];[32,32,32]
[-49,16,3];[65,66,68]
[51,32,0];[36,37,32]
[-93,38,2];[29,29,31]
[-93,37,2];[80,81,85]
[-21,18,3];[16,17,19]
[-41,50,-5];[16,16,16]
[2,0,2];[67,67,67]
[89,38,2];[84,84,84]
[-54,31,-12];[55,55,53]
[51,33,2];[61,62,64]
[-3,60,2];[193,173,100]
[-86,33,1];[107,101,75]
[-79,33,2];[48,48,46]
[-88,33,1];[69,69,69]
[-32,16,-2];[240,200,87]
[55,31,2];[40,40,38]
[-30,48,-12];[50,50,48]
[-77,30,1];[75,75,75]
[35,34,-14];[62,62,62]
[-38,29,2];[21,21,19]
[-48,29,2];[199,168,43]
[73,27,2];[33,30,25]
[79,41,5];[184,161,111]
[-29,46,-8];[198,164,40]
[16,25,1];[33,30,21]
[-18,24,2];[60,60,58]
[74,24,2];[40,31,24]
[17,23,2];[56,57,52]
[-14,21,11];[63,65,64]
[62,23,2];[58,58,58]
[-19,49,2];[201,167,34]
[44,19,1];[36,36,36]
[-74,31,4];[19,19,17]
[-60,27,5];[54,56,55]
[20,57,3];[37,44,62]
[-51,36,-12];[3,4,6]
[-59,19,2];[100,101,103]
[-29,23,-4];[17,16,12]
[-59,18,2];[9,9,9]
[52,17,2];[20,20,20]
[-73,29,3];[50,51,55]
[-64,49,-4];[44,44,44]
[17,16,1];[1,1,1]
[16,16,1];[1,1,1]
[-16,16,1];[23,23,23]
[-21,53,-5];[61,59,60]
[-17,16,1];[42,43,45]
[-3,23,-11];[41,41,41]
[-19,23,-9];[9,9,9]
[58,47,3];[69,71,70]
[24,40,12];[60,120,250]
[-40,30,10];[48,48,40]
[25,16,1];[81,85,88]
[-39,16,1];[69,69,69]
[44,33,-2];[33,35,34]
[-56,16,2];[243,204,85]
[-9,43,10];[0,20,83]
[-25,16,1];[107,104,99]
[-33,32,6];[191,158,42]
[-60,43,-14];[65,66,70]
[25,14,1];[68,65,60]
[-3,53,-10];[53,53,53]
[27,14,1];[3,3,3]
[-35,50,3];[189,164,63]
[18,11,1];[5,5,5]
[27,12,1];[67,67,69]
[-41,37,9];[13,13,13]
[-22,13,1];[38,39,41]
[26,12,1];[77,79,78]
[-39,30,-6];[62,64,61]
[16,11,1];[3,3,3]
[29,10,1];[61,61,61]
[22,48,14];[58,58,56]
[-11,12,-14];[60,59,57]
[-16,8,2];[48,50,49]
[-35,25,6];[12,9,2]
[39,7,1];[17,17,15]
[46,38,4];[59,50,33]
[16,7,2];[49,49,51]
[-32,22,-5];[9,8,4]
[71,46,-4];[69,69,71]
[-87,39,2];[23,23,23]
[-18,40,16];[75,74,80]
[2,30,16];[50,50,52]
[17,2,2];[54,54,54]
[53,18,2];[26,26,26]
[-9,10,13];[106,95,49]
[3,23,10];[36,36,36]
[12,57,-8];[136,144,131]
[-14,0,2];[69,69,69]
[-59,64,1];[93,93,91]
[-57,64,1];[0,0,0]
[-29,29,-10];[49,49,49]
[-58,64,1];[0,0,0]
[-56,24,8];[30,29,25]
[7,48,-8];[40,66,141]
[-26,53,3];[0,0,0]
[16,7,10];[61,62,64]
[16,9,1];[28,28,28]
[44,19,2];[18,18,18]
[36,39,15];[60,62,61]
[-57,63,1];[1,1,1]
[-56,61,1];[13,13,13]
[47,40,4];[89,69,44]
[79,35,4];[21,23,22]
[-58,62,1];[86,84,87]
[6,0,-6];[62,61,59]
[-11,59,2];[68,68,70]
[26,48,15];[55,55,55]
[20,57,2];[36,43,59]
[-21,55,1];[47,47,47]
[28,54,2];[57,57,57]
[61,38,5];[62,62,62]
[66,32,4];[61,62,66]
[26,54,2];[57,57,57]
[-69,51,1];[193,194,196]
[35,5,-2];[82,81,79]
[40,47,2];[56,56,56]
[-78,48,1];[81,47,20]
[91,45,1];[87,87,87]
[79,45,1];[95,74,27]
[-84,45,1];[15,17,16]
[-1,0,2];[67,67,67]
[-16,49,-15];[56,57,59]
[-89,45,1];[8,8,8]
[5,42,11];[85,118,171]
[60,21,-1];[60,62,61]
[-92,45,1];[18,18,18]
[-39,49,11];[240,205,41]
[-43,39,-15];[248,203,50]
[-93,39,1];[121,121,123]
[-29,39,-15];[232,192,71]
[-93,37,1];[58,58,60]
[77,42,4];[182,160,77]
[-83,35,1];[19,12,0]
[-55,57,1];[15,15,15]
[-85,35,1];[7,7,7]
[-86,35,1];[8,8,8]
[-11,55,4];[22,24,23]
[-87,35,1];[16,16,14]
[74,30,2];[23,23,23]
[42,6,3];[16,18,17]
[-62,30,2];[75,75,75]
[14,0,5];[63,63,63]
[10,20,11];[122,107,68]
[71,28,1];[36,36,36]
[-69,29,2];[61,61,61]
[38,27,1];[13,13,13]
[41,24,-3];[19,19,19]
[59,27,2];[17,19,18]
[82,26,1];[44,44,44]
[17,5,4];[5,5,7]
[74,30,4];[5,5,5]
[88,25,2];[67,67,69]
[57,24,2];[24,24,22]
[29,49,-14];[52,52,52]
[17,18,-11];[37,37,37]
[20,24,1];[29,30,24]
[-16,22,1];[29,29,27]
[-33,22,3];[12,11,7]
[-34,31,-12];[60,59,57]
[-25,21,1];[9,9,9]
[-25,19,1];[78,80,79]
[58,18,2];[63,63,63]
[58,17,2];[65,65,65]
[50,14,1];[78,78,80]
[-81,35,1];[14,14,14]
[86,13,1];[76,76,76]
[-1,50,14];[25,26,30]
[80,40,4];[64,65,67]
[-57,65,1];[2,2,2]
[-16,5,2];[2,2,2]
[-57,66,1];[75,76,78]
[-65,29,-2];[68,70,69]
[-17,16,-9];[159,158,156]
[-92,38,4];[42,42,42]
[-58,66,1];[77,78,80]
[-11,27,-10];[43,41,29]
[10,60,1];[248,216,73]
[6,7,12];[224,201,89]
[-10,57,1];[47,49,48]
[-49,56,2];[55,55,57]
[-17,55,1];[47,47,47]
[-82,38,2];[6,6,6]
[-47,56,1];[58,59,61]
[-7,35,-14];[30,49,105]
[-23,55,1];[47,47,47]
[-79,41,6];[27,27,27]
[-35,55,1];[50,50,50]
[65,27,-2];[42,42,42]
[-41,55,1];[52,52,52]
[-74,42,10];[3,3,3]
[28,54,1];[57,57,57]
[27,54,2];[56,56,58]
[-43,31,7];[48,50,49]
[-51,18,-6];[244,202,64]
[-60,53,2];[39,37,38]
[37,51,2];[57,57,57]
[-16,9,3];[50,52,51]
[-67,37,10];[8,8,8]
[-21,51,1];[17,17,17]
[-93,43,-2];[67,69,68]
[-24,51,2];[61,61,61]
[-42,51,1];[52,54,53]
[-44,51,1];[39,41,40]
[-48,51,1];[47,47,47]
[-56,51,2];[7,7,5]
[8,32,12];[116,123,133]
[-59,51,1];[21,23,22]
[-81,48,3];[187,149,112]
[63,25,-6];[72,74,73]
[-78,50,1];[56,56,56]
[-3,60,-5];[224,194,78]
[-19,49,1];[137,133,108]
[30,21,4];[29,28,24]
[81,32,2];[72,72,74]
[-37,29,2];[21,21,21]
[-18,26,6];[42,42,40]
[-33,49,1];[79,81,80]
[78,18,2];[87,76,48]
[-38,49,1];[45,45,45]
[-39,49,1];[55,57,56]
[41,37,5];[47,47,47]
[39,49,1];[54,54,54]
[-46,36,-12];[99,101,100]
[-85,39,1];[18,18,18]
[-82,49,1];[54,56,55]
[-36,48,1];[66,68,67]
[-30,48,-3];[64,66,65]
[72,47,1];[54,58,57]
[61,47,1];[59,59,57]
[50,40,-6];[37,37,37]
[58,47,1];[59,59,59]
[13,21,-12];[54,54,54]
[52,47,1];[66,66,66]
[-84,47,1];[73,75,72]
[90,46,1];[59,59,61]
[-53,32,8];[2,2,2]
[-79,46,1];[67,67,69]
[-16,13,4];[26,26,24]
[-86,46,1];[15,15,13]
[-2,48,-8];[65,89,153]
[-91,46,1];[67,68,70]
[43,42,-6];[5,5,7]
[-92,42,2];[94,94,94]
[91,44,1];[76,76,78]
[23,34,-16];[40,40,40]
[-47,25,-10];[67,67,67]
[-84,42,1];[26,34,44]
[67,28,3];[83,84,89]
[89,42,5];[68,70,69]
[-55,53,-5];[48,48,46]
[-37,29,3];[96,103,113]
[2,49,-9];[39,62,132]
[-57,67,0];[56,58,57]
[-90,46,1];[64,65,67]
[-91,42,1];[23,23,23]
[16,41,-13];[75,137,224]
[44,15,-7];[80,81,83]
[-83,36,-8];[66,67,69]
[-23,16,-6];[50,50,52]
[-78,41,1];[66,68,67]
[-9,41,11];[32,72,144]
[-41,44,8];[202,168,44]
[-81,41,1];[56,60,59]
[17,19,-8];[2,0,3]
[-89,40,1];[59,61,58]
[65,32,4];[61,63,62]
[-82,40,1];[54,54,52]
[-83,40,1];[21,23,22]
[-87,40,1];[41,41,41]
[-83,39,1];[30,30,22]
[-84,39,1];[41,40,35]
[-87,39,1];[30,30,30]
[-90,39,1];[91,93,90]
[24,32,10];[34,34,34]
[-8,40,-12];[59,107,189]
[-91,39,1];[59,59,59]
[-81,37,1];[108,102,76]
[-42,21,-4];[182,143,6]
[26,25,-11];[78,82,83]
[-82,38,1];[14,14,12]
[-86,37,1];[37,37,35]
[-88,37,1];[11,13,12]
[-89,37,1];[38,38,36]
[-28,45,-10];[36,38,37]
[-17,26,3];[22,23,18]
[-91,37,1];[14,14,12]
[-18,19,-1];[87,89,86]
[50,35,1];[26,26,24]
[80,35,2];[19,20,15]
[75,35,1];[21,21,21]
[-80,34,1];[15,15,15]
[-10,1,5];[240,200,53]
[-18,18,-1];[66,68,67]
[80,33,1];[18,16,19]
[-81,33,1];[59,61,60]
[-85,33,1];[22,24,23]
[-69,41,11];[50,50,52]
[74,33,2];[2,2,2]
[50,8,3];[72,73,75]
[-74,46,-9];[26,24,27]
[-93,36,-3];[92,92,94]
[40,33,2];[59,51,49]
[-6,0,3];[64,64,64]
[39,32,2];[57,57,59]
[-39,33,-10];[109,113,112]
[-82,32,1];[45,45,43]
[74,32,1];[9,9,9]
[-86,32,1];[68,70,69]
[1,11,-14];[54,54,54]
[39,31,2];[51,51,49]
[-61,41,8];[13,15,14]
[46,45,2];[64,52,38]
[35,26,6];[62,66,67]
[-51,40,-10];[36,37,31]
[38,31,2];[51,51,51]
[39,31,1];[57,57,55]
[35,6,-2];[56,57,59]
[88,31,2];[65,67,66]
[88,30,1];[67,69,68]
[61,30,2];[3,3,3]
[36,26,6];[69,70,72]
[-29,30,1];[20,22,21]
[-31,30,1];[17,17,17]
[-32,30,1];[21,23,22]
[4,20,11];[52,52,52]
[88,33,-2];[66,66,66]
[-33,30,1];[56,58,57]
[-8,34,13];[80,89,86]
[-27,44,-15];[251,205,47]
[-15,0,4];[52,50,51]
[-41,35,7];[21,20,16]
[76,29,2];[10,10,10]
[23,36,-16];[46,46,48]
[-19,52,-10];[17,17,7]
[-46,34,-14];[99,100,95]
[-56,29,1];[5,5,5]
[0,44,10];[89,117,164]
[-45,29,1];[38,59,114]
[-69,28,1];[23,24,29]
[68,28,2];[23,23,23]
[67,28,1];[9,9,9]
[-42,43,8];[200,171,51]
[-71,28,1];[68,68,68]
[36,54,0];[89,87,88]
[-72,28,1];[67,67,67]
[59,26,1];[19,19,19]
[73,26,2];[46,41,35]
[-54,48,7];[1,1,1]
[-16,26,1];[35,35,33]
[18,25,2];[21,22,17]
[-19,24,2];[59,59,57]
[-17,23,1];[21,21,19]
[-17,29,-14];[193,200,208]
[-33,54,2];[38,42,45]
[-71,35,9];[47,47,47]
[32,15,1];[54,45,36]
[16,23,1];[48,48,46]
[-33,20,-5];[215,173,39]
[88,23,1];[68,70,69]
[-20,23,2];[22,19,10]
[50,14,3];[14,14,14]
[-50,51,-3];[54,56,55]
[61,22,2];[59,59,59]
[61,21,2];[60,60,60]
[47,34,-2];[71,73,68]
[85,41,-5];[69,69,71]
[16,14,5];[3,3,5]
[-87,39,6];[40,42,41]
[-39,32,6];[26,27,29]
[27,21,1];[38,34,25]
[21,21,1];[54,54,52]
[-16,21,1];[18,18,18]
[27,46,15];[21,21,19]
[-19,29,11];[50,50,50]
[-21,20,1];[66,68,67]
[-10,54,-9];[36,36,36]
[-65,30,4];[61,61,61]
[59,20,1];[62,62,62]
[59,19,2];[62,62,62]
[-28,28,-10];[52,54,53]
[53,19,1];[24,24,24]
[54,19,1];[24,24,24]
[-16,19,1];[43,43,43]
[45,18,1];[36,36,36]
[-22,17,1];[34,34,34]
[-12,34,-16];[2,2,2]
[-13,3,-10];[74,76,75]
[-90,38,-2];[11,11,9]
[88,18,2];[68,68,68]
[55,31,3];[44,44,42]
[-4,15,-14];[52,52,52]
[25,17,1];[3,3,3]
[-53,31,-13];[63,63,63]
[-11,58,-3];[3,3,3]
[79,17,1];[43,43,41]
[-27,37,-12];[59,59,59]
[-18,16,1];[1,1,0]
[-20,16,1];[1,1,1]
[22,16,1];[45,25,1]
[-44,48,-13];[64,61,42]
[-42,16,1];[243,207,85]
[28,54,7];[67,67,65]
[67,29,-6];[104,104,104]
[51,33,4];[52,52,50]
[-45,48,12];[65,64,46]
[57,16,-6];[102,101,99]
[56,14,1];[70,70,70]
[87,14,1];[74,74,74]
[44,45,-4];[46,46,46]
[-20,48,-9];[47,48,50]
[87,13,1];[74,74,72]
[83,13,1];[75,75,75]
[55,14,2];[71,71,71]
[-22,12,1];[119,120,124]
[-36,30,6];[41,42,44]
[-3,0,3];[66,66,66]
[-25,51,2];[61,61,61]
[-19,24,3];[8,7,3]
[-21,12,1];[23,23,23]
[26,11,1];[10,10,10]
[21,11,1];[195,168,77]
[29,11,1];[2,2,2]
[21,34,15];[45,45,45]
[17,11,1];[4,2,5]
[-75,47,7];[55,55,55]
[53,10,1];[69,69,69]
[31,9,1];[3,3,3]
[33,8,1];[13,13,13]
[-16,7,1];[3,3,3]
[43,5,3];[6,6,6]
[48,7,2];[75,75,75]
[4,14,13];[55,55,55]
[48,7,1];[74,74,74]
[21,33,-12];[61,61,61]
[43,36,3];[8,8,8]
[61,32,4];[74,74,74]
[-28,48,-12];[50,50,48]
[36,6,1];[65,65,67]
[-16,6,1];[2,2,2]
[-30,44,14];[235,200,36]
[51,44,4];[7,7,9]
[48,6,1];[72,76,75]
[-59,16,1];[80,78,79]
[44,5,2];[75,77,76]
[-46,37,14];[98,87,55]
[-78,31,4];[1,1,1]
[-52,28,0];[45,45,43]
[35,5,1];[74,74,76]
[-53,41,-15];[221,181,49]
[-82,47,-2];[86,87,82]
[-52,29,2];[1,1,1]
[17,17,-2];[2,2,0]
[-16,4,1];[1,1,1]
[-62,48,2];[8,8,8]
[36,4,1];[82,82,84]
[-46,46,9];[55,57,54]
[-84,34,0];[205,168,27]
[-6,0,1];[67,67,67]
[-9,0,1];[240,202,79]
[-81,38,-3];[3,3,3]
[-15,19,-12];[45,46,48]
[39,27,-3];[14,14,14]
[-11,0,1];[241,204,89]
[2,0,1];[69,69,69]
[-22,48,4];[48,49,44]
[-57,38,8];[6,8,7]
[1,0,1];[69,69,69]
[-8,45,-10];[29,71,147]
[-30,21,4];[15,11,0]
[-32,32,6];[55,57,56]
[-57,67,1];[59,59,59]
[91,43,4];[75,74,72]
[-58,67,1];[97,96,101]
[-12,52,-12];[56,58,57]
[-7,60,1];[57,57,57]
[-9,60,1];[54,54,54]
[-24,46,13];[176,151,84]
[5,21,11];[48,48,48]
[-55,61,1];[10,12,11]
[-85,45,-4];[20,20,20]
[-55,60,1];[19,19,19]
[-49,41,9];[45,45,45]
[13,60,1];[249,215,66]
[-1,60,1];[248,217,67]
[-6,49,-13];[58,70,82]
[-38,33,-7];[199,175,75]
[90,39,3];[79,79,79]
[-11,58,1];[14,14,14]
[76,40,-6];[164,133,53]
[-11,57,1];[49,49,49]
[-24,23,-9];[3,3,3]
[-44,52,-7];[241,200,34]
[21,56,2];[48,56,69]
[15,12,-14];[50,52,51]
[47,15,2];[9,9,9]
[-24,55,0];[38,38,36]
[-29,55,1];[52,52,52]
[-29,25,-6];[18,18,18]
[-34,55,1];[47,47,47]
[-31,55,1];[19,19,21]
[90,40,-2];[77,77,79]
[87,22,-5];[59,60,62]
[34,54,1];[57,57,55]
[29,54,1];[57,57,57]
[-37,30,-6];[66,68,67]
[25,54,1];[56,56,56]
[83,42,4];[66,67,69]
[8,46,-10];[13,58,187]
[-87,40,-8];[92,93,97]
[-58,54,1];[49,48,46]
[69,43,5];[63,63,65]
[42,23,-2];[21,21,21]
[-13,54,2];[23,25,24]
[-13,54,1];[24,24,24]
[36,52,1];[58,58,58]
[-60,51,1];[42,42,40]
[-71,51,1];[74,74,76]
[-11,39,16];[65,69,72]
[-38,51,1];[42,44,43]
[-7,38,11];[84,116,165]
[73,40,-6];[52,52,50]
[-25,51,3];[41,41,33]
[-53,43,-12];[2,2,2]
[49,7,-5];[93,95,94]
[-41,51,1];[46,48,47]
[1,27,9];[22,22,22]
[85,39,4];[67,67,69]
[6,26,-10];[42,29,0]
[-51,51,1];[56,58,57]
[-73,50,1];[23,23,21]
[88,37,2];[50,52,49]
[-23,49,1];[44,43,38]
[20,52,10];[58,58,58]
[-80,49,1];[120,119,115]
[-45,49,1];[18,20,19]
[-53,39,14];[67,64,49]
[-46,49,1];[2,2,2]
[-48,49,1];[56,58,57]
[82,32,3];[13,13,13]
[-49,49,1];[56,58,57]
[-17,8,-1];[47,47,49]
[-55,49,1];[7,7,7]
[38,49,1];[57,57,57]
[-83,48,1];[55,57,56]
[-79,48,1];[14,14,14]
[17,28,-9];[21,22,24]
[-88,47,1];[56,56,56]
[-2,3,-9];[75,75,75]
[-89,47,1];[56,56,54]
[68,47,1];[59,59,59]
[-49,49,-1];[7,6,4]
[67,47,1];[60,60,60]
[-18,25,2];[44,44,42]
[38,48,15];[65,63,64]
[7,51,-14];[56,58,55]
[65,47,1];[59,59,59]
[34,31,-9];[45,45,43]
[66,47,1];[60,60,60]
[69,34,5];[62,62,62]
[41,46,1];[44,44,44]
[-30,30,6];[42,44,43]
[-29,23,-6];[4,4,2]
[-83,46,1];[28,29,23]
[18,46,16];[83,84,79]
[-52,57,2];[142,146,147]
[-38,46,-11];[110,102,66]
[-84,47,0];[76,78,75]
[-91,47,1];[52,52,54]
[43,18,-6];[9,7,8]
[45,46,1];[59,56,51]
[-30,33,-13];[61,60,58]
[-16,16,-2];[28,28,28]
[-37,28,-11];[53,53,53]
[88,46,1];[58,58,56]
[-28,27,-11];[55,55,55]
[-79,40,1];[36,36,36]
[80,46,1];[59,59,57]
[-87,46,1];[16,16,14]
[-39,32,-7];[198,169,51]
[-88,42,2];[14,14,12]
[-89,46,1];[14,16,15]
[-78,45,1];[11,13,12]
[91,43,1];[75,75,75]
[-79,42,1];[20,20,20]
[17,25,-5];[1,1,1]
[-89,42,1];[9,9,9]
[26,50,-13];[54,54,54]
[-88,39,1];[24,24,24]
[-93,38,1];[118,119,121]
[-35,32,5];[60,62,61]
[-92,38,1];[16,16,16]
[49,36,1];[30,30,28]
[-11,39,-16];[60,60,60]
[-28,16,-1];[70,70,70]
[44,35,1];[28,27,22]
[13,18,-14];[55,55,55]
[42,35,1];[24,25,19]
[-44,22,3];[18,20,17]
[51,14,-5];[71,73,72]
[-92,34,1];[77,77,79]
[-82,34,1];[58,60,59]
[33,54,-7];[57,57,57]
[-83,34,1];[23,23,23]
[-56,66,0];[26,28,27]
[-87,34,1];[18,18,18]
[-88,34,1];[11,13,10]
[40,33,1];[59,59,59]
[-4,41,11];[44,76,137]
[18,35,-16];[63,63,65]
[28,20,0];[44,35,26]
[-84,33,1];[21,21,21]
[39,49,-4];[56,56,56]
[36,13,4];[40,41,36]
[-89,33,1];[69,71,70]
[17,60,-4];[66,67,69]
[51,33,1];[63,64,66]
[-59,38,-9];[2,2,2]
[-88,32,1];[69,69,69]
[4,6,11];[61,61,61]
[-57,57,-2];[1,1,1]
[-10,58,2];[34,34,34]
[37,29,4];[42,42,40]
[-87,32,1];[69,67,68]
[82,39,-5];[46,46,46]
[39,32,1];[59,61,60]
[60,20,4];[66,66,68]
[-54,30,0];[10,11,13]
[52,31,1];[47,47,45]
[56,31,1];[44,44,42]
[-82,31,1];[72,72,72]
[-59,30,1];[24,25,27]
[-61,30,1];[13,13,13]
[17,20,5];[1,1,1]
[-10,57,-7];[58,58,60]
[21,56,-6];[8,10,9]
[-46,24,4];[8,8,8]
[-31,31,-6];[60,62,61]
[-44,30,1];[41,41,41]
[-53,45,13];[55,56,50]
[83,44,3];[60,61,63]
[-27,36,-11];[56,58,55]
[-49,30,1];[54,54,52]
[8,2,-8];[229,183,35]
[-51,30,1];[21,21,19]
[-80,30,1];[73,73,73]
[-81,31,1];[71,73,72]
[2,27,-10];[28,28,28]
[-59,29,1];[1,1,1]
[-15,10,-14];[57,57,59]
[12,0,-5];[68,68,68]
[75,29,1];[32,32,32]
[19,57,3];[43,50,68]
[-19,23,-6];[9,9,9]
[17,25,2];[23,20,13]
[-16,38,-15];[41,42,46]
[-24,35,-10];[57,59,58]
[-57,29,1];[1,1,1]
[68,29,1];[13,13,13]
[-66,29,1];[59,61,60]
[-30,29,1];[55,57,56]
[-22,42,14];[50,50,50]
[-33,29,1];[26,27,29]
[-16,6,-5];[1,1,1]
[-33,29,0];[54,56,55]
[-37,29,1];[57,59,58]
[-37,29,0];[79,81,80]
[-71,30,5];[58,60,59]
[-22,19,2];[34,35,30]
[-48,51,8];[67,60,41]
[-38,29,1];[61,63,62]
[-42,29,1];[24,24,24]
[42,45,3];[38,38,38]
[-46,29,1];[46,61,94]
[-7,51,-14];[66,65,70]
[-39,50,-6];[15,17,16]
[-49,29,1];[17,17,17]
[33,15,2];[48,40,29]
[-49,57,-2];[64,64,64]
[-51,29,1];[17,17,17]
[-26,31,-12];[61,62,57]
[-32,53,-5];[85,76,59]
[38,28,1];[11,13,12]
[-68,29,-5];[58,58,56]
[-90,36,-5];[2,2,2]
[-73,29,1];[24,24,26]
[18,25,1];[24,23,19]
[41,24,1];[27,27,27]
[38,31,4];[21,21,21]
[40,25,1];[19,19,19]
[40,26,1];[20,20,20]
[-16,25,1];[35,35,33]
[16,29,10];[2,2,2]
[76,22,5];[67,67,65]
[19,25,1];[30,29,25]
[-63,30,-5];[14,14,14]
[63,24,1];[57,57,57]
[20,23,1];[33,34,28]
[-55,42,9];[3,3,3]
[49,7,3];[74,74,74]
[43,22,1];[31,31,31]
[-9,25,-8];[177,133,0]
[-11,57,3];[5,5,7]
[76,21,1];[68,59,44]
[-59,20,1];[48,48,50]
[16,20,0];[11,11,13]
[-18,16,2];[4,4,6]
[59,19,1];[63,63,63]
[45,19,1];[41,41,39]
[-59,22,4];[7,7,7]
[-23,45,-9];[6,6,6]
[89,39,-4];[79,77,78]
[77,18,1];[80,69,41]
[16,19,0];[4,4,4]
[-32,53,3];[1,1,1]
[46,17,1];[30,30,30]
[52,17,1];[25,25,25]
[16,18,0];[1,1,1]
[-40,53,6];[89,85,74]
[-2,24,-9];[13,15,14]
[-16,18,0];[63,65,64]
[-17,26,-9];[9,9,9]
[74,32,3];[8,8,8]
[-16,45,-15];[28,28,28]
[-90,45,-4];[53,53,55]
[91,42,-3];[74,74,74]
[17,18,0];[18,18,20]
[-65,29,-4];[67,69,68]
[-17,18,0];[28,28,28]
[-87,44,3];[3,3,1]
[88,17,1];[70,70,70]
[57,17,1];[66,66,66]
[6,33,8];[0,29,109]
[-17,34,-15];[9,9,9]
[57,16,1];[66,66,66]
[23,15,1];[18,17,12]
[49,14,1];[70,72,71]
[-54,37,11];[5,5,5]
[33,14,1];[50,44,32]
[28,12,1];[1,3,2]
[20,11,1];[208,180,81]
[-65,46,-8];[49,50,52]
[-18,11,1];[65,64,69]
[-89,37,4];[37,37,37]
[16,3,-7];[40,40,40]
[-19,11,1];[193,169,105]
[53,10,0];[72,72,72]
[25,43,16];[29,29,29]
[-87,36,5];[4,4,4]
[17,11,0];[27,27,29]
[-59,41,13];[54,52,57]
[11,38,13];[27,61,135]
[-16,11,0];[10,10,10]
[16,10,0];[39,39,39]
[17,14,3];[1,1,1]
[17,10,0];[47,47,47]
[-16,9,0];[7,7,9]
[-17,10,0];[38,38,38]
[67,39,5];[21,20,18]
[-59,39,-10];[2,2,4]
[16,9,0];[35,35,35]
[12,59,5];[48,41,12]
[-17,9,0];[38,39,41]
[-5,12,-14];[54,53,51]
[39,8,1];[10,10,10]
[-26,32,12];[62,62,64]
[17,9,0];[55,55,57]
[-17,26,8];[88,88,90]
[-16,7,0];[5,5,7]
[47,6,2];[75,76,78]
[-36,50,4];[189,164,63]
[-58,21,-5];[40,40,40]
[32,6,1];[75,76,81]
[-12,0,1];[68,67,65]
[10,3,-10];[107,97,62]
[4,0,1];[69,69,67]
[-55,63,-3];[65,67,66]
[-4,0,1];[68,68,66]
[-36,18,-6];[248,202,55]
[-54,64,1];[99,99,101]
[-6,0,-2];[68,70,69]
[8,60,1];[246,214,77]
[6,60,1];[247,215,80]
[2,60,1];[238,207,78]
[-24,46,-11];[87,91,92]
[-3,60,1];[240,204,66]
[90,40,1];[76,76,74]
[-55,59,1];[18,18,18]
[-17,56,1];[49,49,51]
[-23,55,0];[46,43,36]
[10,56,8];[239,216,88]
[-38,47,-5];[38,38,36]
[-45,55,1];[37,37,39]
[-21,16,6];[28,29,31]
[35,54,1];[62,60,61]
[24,54,1];[54,54,54]
[-86,36,1];[7,7,5]
[-85,42,7];[64,64,66]
[-51,54,1];[3,3,1]
[-15,54,1];[35,35,35]
[21,23,6];[11,11,11]
[-15,54,0];[32,34,33]
[-55,16,2];[242,203,74]
[36,53,1];[58,58,58]
[-5,33,12];[18,61,165]
[-48,48,4];[56,56,56]
[39,32,-9];[40,40,40]
[-79,32,2];[27,27,27]
[-17,24,4];[46,46,44]
[37,51,1];[57,57,57]
[45,9,3];[32,32,30]
[-61,24,4];[87,86,82]
[-47,51,1];[52,52,52]
[-45,51,1];[56,58,57]
[-46,51,1];[52,52,52]
[12,60,-6];[242,210,73]
[73,33,0];[3,3,3]
[-26,16,3];[53,52,47]
[-58,29,1];[1,1,0]
[-22,51,1];[120,122,119]
[-27,51,1];[40,40,38]
[-31,34,-14];[55,59,62]
[-37,51,1];[42,44,43]
[-40,29,2];[17,17,15]
[-72,51,1];[73,73,75]
[-68,50,1];[27,29,28]
[-29,50,1];[35,36,40]
[-77,50,1];[64,64,66]
[-17,13,5];[52,52,52]
[20,57,8];[56,58,57]
[-22,49,1];[44,43,38]
[-40,49,1];[51,53,52]
[-59,48,1];[2,2,0]
[-81,47,1];[9,9,9]
[-90,47,1];[69,69,71]
[-28,31,12];[61,61,61]
[-52,49,11];[103,81,31]
[6,4,9];[227,196,67]
[-43,17,-5];[239,198,22]
[-3,0,-4];[69,69,69]
[52,46,1];[54,54,54]
[1,2,-9];[71,71,71]
[69,47,2];[62,62,62]
[46,46,1];[55,54,52]
[4,18,-14];[54,54,52]
[51,46,1];[36,35,31]
[6,53,9];[57,57,57]
[-55,29,-10];[30,30,30]
[50,46,1];[43,42,40]
[-27,49,4];[53,55,54]
[91,46,1];[87,87,87]
[21,23,2];[31,26,20]
[75,46,1];[105,92,39]
[-46,51,0];[52,52,52]
[-78,43,1];[13,13,13]
[13,50,12];[61,61,59]
[-88,38,1];[43,43,45]
[-78,37,1];[14,14,14]
[-16,18,10];[59,59,59]
[74,33,1];[9,9,9]
[2,60,-2];[242,209,68]
[59,31,2];[33,33,31]
[-56,31,1];[23,24,26]
[-5,30,12];[54,56,55]
[-34,51,9];[251,211,15]
[-37,30,1];[40,40,40]
[74,30,1];[12,12,12]
[82,29,1];[192,169,76]
[-40,30,1];[20,20,18]
[31,25,8];[72,72,74]
[-38,28,-11];[56,56,56]
[-41,30,1];[20,20,18]
[-53,46,13];[57,54,49]
[42,19,6];[110,109,115]
[-16,17,-6];[31,33,32]
[6,28,-12];[95,73,0]
[-91,37,2];[17,17,17]
[61,30,1];[2,2,2]
[-18,38,16];[89,90,94]
[-79,30,1];[77,79,78]
[-38,24,-5];[50,50,50]
[-35,30,1];[43,43,43]
[-67,30,1];[40,41,43]
[-77,29,1];[80,79,77]
[-64,29,1];[56,56,54]
[42,23,1];[32,34,33]
[79,29,1];[27,27,27]
[41,15,5];[45,45,43]
[78,29,1];[9,9,9]
[-87,48,1];[57,57,57]
[-78,37,-1];[53,53,51]
[83,22,-5];[63,64,66]
[-21,15,5];[1,0,0]
[90,40,2];[77,77,79]
[-39,29,1];[57,59,58]
[33,43,-17];[70,72,71]
[88,30,2];[66,66,66]
[-40,46,-14];[237,198,59]
[88,21,0];[69,69,69]
[-41,53,3];[21,21,21]
[-41,29,1];[93,95,94]
[-21,11,1];[8,7,5]
[61,26,-5];[81,83,82]
[-69,29,1];[40,41,43]
[-80,45,1];[12,12,12]
[20,24,7];[65,67,66]
[-14,11,-14];[58,60,59]
[-73,28,1];[70,72,71]
[88,28,1];[68,68,68]
[-22,19,-1];[66,68,67]
[-35,30,-3];[49,49,39]
[-92,42,1];[44,46,45]
[-10,32,16];[108,109,113]
[88,27,1];[68,68,68]
[37,29,-2];[10,10,8]
[47,6,3];[75,75,75]
[17,26,1];[28,25,16]
[2,48,-8];[49,77,158]
[88,25,1];[68,68,70]
[17,25,1];[29,24,18]
[61,22,1];[60,60,60]
[-20,22,2];[64,64,62]
[-28,25,9];[20,19,17]
[6,16,-14];[85,85,83]
[-21,22,1];[28,28,26]
[-16,21,0];[21,21,19]
[22,20,1];[25,25,25]
[82,39,-6];[70,70,72]
[30,18,1];[50,42,31]
[88,16,1];[68,68,70]
[25,54,-4];[55,57,56]
[41,4,0];[77,78,80]
[-29,16,1];[68,69,73]
[-43,16,1];[241,203,78]
[-37,33,6];[11,11,11]
[-23,15,1];[57,57,55]
[69,38,5];[60,61,55]
[31,16,1];[52,44,33]
[88,14,1];[69,69,69]
[25,13,1];[65,60,54]
[53,11,2];[70,70,70]
[15,54,-9];[18,14,11]
[19,11,1];[24,21,12]
[-32,44,8];[36,38,37]
[27,10,1];[27,26,24]
[-54,23,-5];[96,96,96]
[-52,58,2];[95,93,94]
[-33,17,4];[246,199,7]
[-19,35,-17];[95,95,95]
[38,7,1];[11,11,11]
[37,7,1];[23,23,23]
[16,46,16];[75,75,73]
[-24,44,14];[65,64,46]
[-91,39,0];[59,63,64]
[1,58,3];[252,222,66]
[37,6,1];[19,21,20]
[17,6,1];[67,68,72]
[-57,46,9];[7,7,5]
[-17,6,1];[155,159,160]
[-43,42,11];[33,33,31]
[33,5,1];[60,60,60]
[-16,12,-9];[7,7,9]
[34,5,1];[92,92,94]
[-87,38,2];[11,11,9]
[38,4,1];[88,86,89]
[7,51,-13];[62,62,62]
[-17,4,1];[45,46,48]
[-40,16,0];[67,68,70]
[-17,3,2];[47,47,47]
[1,47,8];[2,53,160]
[-34,48,4];[24,23,18]
[15,0,1];[53,55,54]
[14,0,1];[70,70,70]
[-80,49,0];[56,56,56]
[-85,48,0];[59,59,59]
[11,0,1];[73,67,51]
[11,60,-3];[193,155,44]
[-43,53,-4];[56,43,9]
[10,0,1];[243,203,81]
[-16,2,1];[47,48,50]
[-26,16,-4];[236,195,51]
[9,0,1];[242,203,76]
[-45,23,4];[30,29,25]
[-33,53,3];[1,1,1]
[-11,23,10];[38,38,36]
[7,0,1];[250,217,102]
[-80,47,1];[10,7,2]
[-55,67,1];[66,67,69]
[-10,60,1];[75,75,77]
[-56,32,9];[2,2,2]
[16,25,2];[17,17,9]
[-55,58,1];[20,20,20]
[33,54,0];[57,57,55]
[-55,56,1];[29,29,29]
[-38,42,9];[60,61,56]
[21,56,1];[47,53,69]
[40,47,-2];[48,48,46]
[-30,55,0];[46,46,44]
[-2,5,-11];[66,68,67]
[-37,55,1];[54,54,54]
[-38,55,0];[46,46,46]
[-86,39,1];[42,44,43]
[22,55,1];[57,57,57]
[-81,36,-9];[66,67,69]
[-78,44,0];[16,16,14]
[21,55,1];[32,32,32]
[23,54,1];[54,54,52]
[-14,54,1];[33,33,33]
[-7,2,-8];[82,70,18]
[46,5,3];[77,77,77]
[-59,54,1];[72,72,74]
[-20,22,8];[2,2,2]
[-31,51,1];[52,52,52]
[-57,51,1];[11,11,11]
[-71,51,0];[58,59,54]
[-25,37,11];[20,21,16]
[-19,50,1];[13,15,14]
[-61,48,1];[15,15,15]
[57,47,1];[59,59,57]
[34,29,8];[34,36,35]
[-49,47,-10];[2,2,0]
[-78,46,0];[61,63,62]
[92,45,1];[85,85,87]
[-78,44,1];[12,12,12]
[-78,38,0];[48,50,49]
[-47,38,-10];[26,26,26]
[88,35,1];[68,68,68]
[74,34,1];[31,31,29]
[74,35,1];[26,26,26]
[-20,53,5];[160,136,64]
[-40,35,-9];[196,169,56]
[39,33,1];[60,60,58]
[-54,47,9];[5,5,5]
[57,31,1];[42,42,40]
[-42,30,1];[35,35,35]
[-62,30,1];[34,34,32]
[-44,29,-3];[67,69,66]
[80,27,1];[30,30,30]
[-38,31,-13];[64,64,64]
[77,29,1];[8,8,8]
[77,28,1];[7,7,7]
[-1,1,-8];[61,61,59]
[71,29,2];[56,56,58]
[68,29,0];[18,18,18]
[-32,29,0];[57,59,58]
[-36,29,1];[79,81,78]
[-44,29,1];[39,60,115]
[-39,25,-10];[71,70,68]
[65,26,0];[43,43,43]
[81,26,1];[23,23,23]
[22,11,0];[114,103,58]
[88,26,1];[67,67,67]
[-37,22,-5];[34,32,19]
[58,26,0];[23,23,23]
[36,53,-6];[61,61,59]
[-51,54,3];[21,20,18]
[73,24,1];[48,44,35]
[-16,19,5];[14,14,14]
[45,39,5];[53,45,34]
[88,24,1];[68,68,68]
[-87,40,2];[9,9,9]
[-36,36,13];[83,186,203]
[74,23,1];[69,62,54]
[25,22,1];[37,38,32]
[-83,41,2];[8,8,8]
[-61,22,2];[84,80,77]
[-20,22,1];[22,22,22]
[-26,20,0];[58,60,59]
[44,21,0];[40,40,40]
[46,36,3];[49,40,23]
[61,21,1];[62,62,62]
[88,20,1];[68,68,68]
[11,45,-14];[8,31,171]
[54,20,1];[27,29,28]
[-42,16,2];[240,204,82]
[25,20,0];[10,10,8]
[-51,48,-3];[6,6,6]
[25,19,1];[2,2,2]
[-17,4,-6];[45,46,48]
[58,18,1];[65,65,65]
[-46,31,-5];[59,60,62]
[47,16,1];[27,27,27]
[10,58,2];[229,207,108]
[-76,48,4];[16,17,19]
[23,55,7];[58,58,58]
[-53,42,-9];[2,2,2]
[-18,16,0];[42,44,39]
[52,16,0];[28,28,28]
[-42,52,6];[123,111,69]
[78,16,1];[52,52,52]
[-55,34,9];[4,4,4]
[10,31,-16];[21,18,13]
[25,16,0];[1,1,1]
[-49,33,-14];[58,58,56]
[-83,41,-1];[53,51,39]
[-31,16,1];[72,70,58]
[-14,54,-10];[66,67,71]
[-41,16,1];[68,67,65]
[-32,29,9];[29,29,29]
[-58,54,-1];[39,38,43]
[-55,16,1];[242,202,80]
[-80,46,-2];[192,161,44]
[-24,16,-6];[92,92,92]
[-24,51,-9];[54,51,46]
[16,12,-4];[7,7,9]
[-59,20,5];[23,21,22]
[20,33,-13];[58,58,56]
[24,15,1];[57,57,57]
[3,48,8];[9,72,175]
[56,14,0];[70,70,70]
[54,12,1];[73,75,74]
[-2,29,-12];[42,41,39]
[-21,12,0];[22,22,20]
[26,34,-14];[61,61,61]
[30,10,1];[3,3,5]
[29,8,1];[60,60,60]
[28,8,1];[16,14,15]
[0,0,1];[69,69,69]
[-53,60,1];[56,56,58]
[-52,58,1];[54,54,54]
[28,29,9];[25,25,23]
[-52,59,0];[52,52,52]
[-34,44,14];[59,59,49]
[-55,57,0];[27,27,27]
[58,17,4];[66,66,66]
[-28,47,7];[27,27,25]
[-49,56,0];[59,59,59]
[-49,50,9];[59,55,43]
[21,56,0];[45,51,65]
[18,25,5];[22,23,18]
[62,28,5];[63,63,63]
[-24,27,-10];[50,50,50]
[-80,46,3];[24,24,22]
[-36,55,0];[41,41,41]
[9,19,12];[239,203,19]
[-33,52,8];[248,210,25]
[-55,56,0];[30,30,30]
[-64,49,0];[33,33,31]
[30,54,2];[57,57,57]
[-30,51,1];[73,75,74]
[-17,14,4];[5,5,5]
[-33,56,-1];[48,48,48]
[-26,49,1];[59,61,60]
[37,52,1];[57,57,57]
[72,47,0];[55,55,55]
[59,47,0];[58,58,56]
[56,47,1];[60,60,60]
[56,47,0];[57,57,57]
[-80,48,-5];[73,72,70]
[55,47,0];[59,59,59]
[90,40,0];[75,77,76]
[-54,51,9];[217,184,27]
[-16,21,5];[24,24,22]
[-78,36,0];[12,14,13]
[17,32,-10];[55,57,54]
[-29,31,-5];[61,63,62]
[80,35,1];[37,37,37]
[-41,41,9];[34,33,28]
[80,34,1];[82,76,64]
[64,30,5];[66,67,69]
[51,34,2];[53,58,61]
[35,7,0];[4,4,4]
[-90,33,1];[81,81,81]
[-29,29,-11];[33,33,33]
[38,31,1];[58,58,58]
[58,31,1];[43,43,41]
[40,23,5];[27,27,27]
[-30,29,0];[55,57,56]
[-30,28,0];[55,57,56]
[-50,33,7];[12,12,12]
[80,26,0];[27,27,27]
[38,34,14];[71,71,71]
[-61,26,1];[148,197,229]
[-61,25,1];[146,195,227]
[24,48,15];[62,60,61]
[-1,15,-14];[55,55,53]
[76,20,-3];[76,72,60]
[-16,25,0];[35,35,33]
[-58,44,-12];[7,7,5]
[62,22,0];[58,58,58]
[-77,44,9];[61,61,63]
[56,14,4];[70,70,70]
[56,22,1];[27,27,25]
[55,22,0];[27,27,27]
[55,21,1];[25,27,26]
[88,19,1];[68,68,68]
[4,27,10];[28,28,26]
[-34,17,4];[240,198,16]
[-48,48,12];[70,65,46]
[-52,51,1];[53,55,54]
[75,29,-2];[20,20,20]
[-21,18,1];[32,32,32]
[47,17,0];[33,35,34]
[16,18,2];[24,24,24]
[-1,48,7];[44,64,115]
[31,17,0];[50,42,31]
[-26,53,-7];[145,122,52]
[-19,16,0];[5,5,5]
[-32,53,6];[243,206,37]
[52,10,2];[69,69,67]
[33,24,6];[58,60,59]
[30,9,1];[72,72,72]
[-29,41,-15];[250,202,44]
[52,9,2];[68,68,66]
[52,9,1];[67,67,67]
[52,9,0];[67,67,67]
[41,4,1];[76,77,79]
[-17,3,1];[52,53,55]
[-52,46,9];[4,4,4]
[50,36,-1];[40,40,40]
[-56,67,0];[54,52,53]
[-31,50,5];[32,32,30]
[-53,60,0];[52,52,52]
[-19,37,16];[49,53,56]
[-80,41,-3];[3,3,1]
[-83,44,2];[1,1,1]
[-29,46,-11];[59,59,59]
[-32,50,-6];[38,40,39]
[12,60,1];[249,219,69]
[-6,22,-12];[62,53,35]
[-55,59,0];[51,50,46]
[20,57,1];[40,47,63]
[-57,43,7];[6,6,6]
[-47,55,-2];[51,51,51]
[-39,55,0];[32,32,32]
[-28,56,0];[15,17,16]
[-85,32,-2];[78,78,78]
[-33,55,0];[45,45,45]
[-19,56,0];[40,40,40]
[-37,55,0];[45,45,45]
[-32,33,-13];[63,62,58]
[-10,58,0];[38,38,38]
[-40,55,0];[45,45,45]
[26,54,1];[57,57,57]
[-17,15,10];[38,38,38]
[-23,49,-2];[58,60,59]
[-25,20,3];[21,21,19]
[30,8,1];[70,70,72]
[-60,53,1];[100,100,100]
[-43,51,8];[68,65,46]
[-32,51,0];[55,57,56]
[-42,48,3];[65,69,78]
[-47,51,0];[51,51,51]
[-55,51,0];[8,8,8]
[-58,51,0];[23,23,23]
[-31,36,-10];[41,43,42]
[-75,50,1];[49,49,47]
[-19,49,0];[23,25,24]
[-37,49,0];[66,68,67]
[-13,43,14];[51,51,51]
[-80,47,0];[51,51,51]
[-93,47,0];[108,112,111]
[29,22,5];[48,43,40]
[3,22,-12];[49,51,50]
[-40,20,-5];[23,22,20]
[74,46,1];[44,40,37]
[-87,46,0];[104,108,107]
[-5,20,12];[237,202,40]
[-79,47,5];[63,65,64]
[50,45,0];[24,23,21]
[47,45,0];[47,44,39]
[-31,49,1];[57,59,58]
[-10,0,-3];[243,204,83]
[-79,41,0];[91,93,92]
[18,26,3];[19,18,14]
[-82,41,0];[189,159,45]
[-53,42,14];[49,51,50]
[-84,41,0];[203,167,31]
[-85,41,0];[198,167,59]
[47,41,5];[89,80,71]
[-80,39,0];[46,48,47]
[-30,50,10];[58,58,46]
[-91,38,0];[28,30,27]
[-21,42,-12];[36,53,97]
[2,59,2];[120,79,11]
[-8,59,-7];[36,36,36]
[45,35,0];[28,27,22]
[-2,5,-12];[64,66,65]
[50,37,4];[37,34,29]
[32,49,-14];[54,54,54]
[41,35,0];[48,48,48]
[-85,34,0];[174,151,57]
[-8,18,13];[249,211,24]
[39,33,0];[62,64,63]
[51,32,1];[45,45,45]
[-78,35,1];[13,13,13]
[-87,32,0];[73,75,74]
[-36,38,14];[59,55,52]
[-28,34,13];[118,118,118]
[15,33,-14];[62,62,60]
[88,31,1];[67,69,68]
[-32,46,-8];[36,36,34]
[53,31,1];[52,52,50]
[37,30,1];[19,19,19]
[-84,36,2];[31,31,31]
[28,33,-12];[50,50,50]
[38,30,1];[46,46,46]
[-1,3,-9];[75,75,77]
[-47,30,0];[25,26,28]
[-57,29,0];[1,1,1]
[-49,35,10];[35,35,35]
[-86,41,-1];[59,57,44]
[61,29,1];[4,4,4]
[-61,28,0];[134,179,208]
[18,55,-9];[14,14,14]
[-71,28,0];[69,69,69]
[-85,38,-3];[13,13,11]
[81,28,1];[161,142,66]
[73,27,1];[35,31,22]
[40,25,0];[31,31,31]
[27,21,0];[50,45,39]
[51,15,1];[31,31,31]
[50,15,0];[51,51,51]
[48,15,1];[21,21,19]
[-9,0,-5];[241,203,80]
[31,7,1];[64,66,65]
[42,16,6];[65,65,65]
[54,13,0];[71,73,72]
[-23,13,1];[119,117,118]
[25,12,1];[8,8,8]
[22,12,0];[60,52,15]
[22,50,12];[57,57,57]
[36,11,0];[45,39,27]
[26,10,0];[12,12,12]
[1,47,9];[26,77,158]
[52,10,1];[69,69,69]
[27,9,0];[15,15,15]
[50,8,1];[71,73,72]
[25,34,14];[56,56,56]
[47,6,0];[76,76,76]
[58,31,-1];[43,43,41]
[43,5,1];[77,78,80]
[24,29,-11];[15,15,17]
[-36,30,0];[32,32,32]
[43,5,0];[76,78,77]
[0,25,8];[9,9,9]
[-54,40,-15];[221,181,47]
[35,4,1];[82,82,84]
[40,4,1];[76,77,79]
[39,4,1];[79,79,81]
[-16,2,0];[51,52,54]
[-56,31,6];[53,53,53]
[-78,36,1];[14,14,14]
[-18,26,5];[25,25,23]
[76,29,-3];[6,6,6]
[16,0,0];[44,46,45]
[-58,30,0];[20,22,21]
[-55,67,0];[74,72,75]
[85,36,-6];[67,68,70]
[-54,67,0];[58,58,60]
[-55,64,0];[44,44,44]
[3,48,-8];[49,76,153]
[-55,65,0];[46,46,46]
[-53,63,0];[53,55,54]
[-55,62,0];[20,20,20]
[43,45,3];[43,43,43]
[16,28,-9];[15,15,15]
[-80,40,1];[31,33,32]
[-55,61,0];[16,16,16]
[-2,51,-12];[58,58,58]
[-90,42,4];[8,8,6]
[-57,34,6];[5,5,5]
[3,60,0];[250,214,68]
[-69,41,-11];[33,33,35]
[54,44,-6];[52,52,50]
[-2,60,0];[252,216,66]
[81,45,-3];[64,65,67]
[74,35,2];[23,23,23]
[-55,59,-1];[49,49,49]
[-23,53,6];[73,73,73]
[19,57,0];[41,47,61]
[-53,57,2];[62,63,65]
[19,57,-1];[52,58,72]
[-52,57,1];[49,49,49]
[24,42,12];[58,121,252]
[-11,57,0];[49,49,49]
[-47,37,-10];[168,141,28]
[-33,56,0];[46,46,46]
[-34,55,0];[43,43,43]
[-53,49,-7];[3,3,3]
[-37,56,0];[47,49,48]
[11,51,11];[139,139,141]
[-46,56,0];[42,42,42]
[-24,56,0];[43,43,43]
[22,55,0];[57,55,56]
[-24,55,2];[42,44,43]
[-11,55,0];[41,41,41]
[-28,55,0];[26,28,27]
[24,52,-11];[55,55,55]
[37,52,0];[58,58,58]
[-33,51,0];[50,52,51]
[-37,51,0];[42,44,43]
[63,24,2];[58,56,57]
[-50,51,0];[60,60,60]
[51,46,-4];[28,28,28]
[-52,51,0];[53,55,54]
[-27,51,0];[19,18,13]
[-69,46,8];[45,43,44]
[-19,35,-10];[13,13,11]
[39,32,3];[45,45,43]
[-29,51,0];[77,79,76]
[-71,50,0];[35,34,32]
[-26,34,9];[28,28,28]
[-72,50,0];[44,45,40]
[-57,40,8];[8,8,8]
[22,11,-1];[105,100,78]
[38,50,0];[56,56,56]
[-7,0,1];[61,53,40]
[-59,48,-9];[12,12,12]
[-32,49,0];[52,58,72]
[-41,49,0];[56,58,55]
[-42,49,0];[59,59,59]
[-20,49,-5];[57,59,58]
[38,13,-6];[62,57,53]
[-44,49,0];[20,22,21]
[81,18,-5];[42,43,45]
[-47,49,0];[2,2,2]
[-87,47,1];[57,57,57]
[-19,37,-17];[90,90,90]
[-52,49,0];[7,6,4]
[-62,49,0];[32,32,32]
[16,14,13];[77,79,78]
[-80,42,6];[13,13,11]
[-56,49,0];[1,1,1]
[-53,33,12];[61,63,62]
[-60,48,0];[2,2,2]
[71,30,5];[73,73,71]
[-61,48,0];[15,15,15]
[-90,47,0];[63,61,64]
[55,36,5];[251,216,38]
[73,47,0];[58,58,60]
[69,47,0];[58,58,58]
[68,47,0];[58,58,58]
[-17,49,14];[55,55,55]
[-29,35,9];[6,6,6]
[73,46,0];[27,27,27]
[87,46,1];[59,59,59]
[45,46,0];[53,55,52]
[64,31,4];[57,59,58]
[22,32,10];[20,20,22]
[-83,46,0];[40,52,88]
[-36,36,-9];[37,37,37]
[-33,48,3];[79,81,80]
[-48,42,11];[18,21,28]
[-15,6,11];[50,50,52]
[77,46,0];[254,219,3]
[-25,45,10];[50,51,45]
[76,46,0];[252,218,9]
[-80,46,0];[83,74,31]
[-83,42,0];[104,110,122]
[20,34,15];[56,56,56]
[-67,50,0];[20,20,20]
[-27,54,-4];[55,47,34]
[74,46,2];[37,33,30]
[-88,42,0];[15,15,15]
[91,42,1];[75,75,75]
[-87,41,0];[49,50,45]
[-69,47,8];[45,45,45]
[-19,54,7];[59,59,59]
[-89,41,0];[32,32,30]
[-91,41,0];[63,63,61]
[-92,41,0];[66,66,66]
[-26,28,10];[47,49,48]
[-59,57,-3];[119,121,120]
[-79,39,0];[121,119,96]
[-16,5,9];[49,49,49]
[-60,52,5];[57,57,59]
[-84,39,0];[73,75,74]
[46,5,-3];[73,73,73]
[-86,39,0];[67,69,66]
[-2,41,11];[90,116,164]
[-42,43,-9];[45,47,46]
[-92,39,0];[6,6,6]
[-80,38,0];[136,120,60]
[8,6,-12];[247,205,59]
[-83,38,0];[14,14,14]
[-84,38,0];[13,13,13]
[-85,38,0];[18,18,16]
[-86,38,0];[43,44,39]
[-42,19,5];[51,50,32]
[40,47,-7];[68,68,68]
[-88,38,0];[3,3,3]
[-89,38,0];[12,12,10]
[16,21,-1];[53,55,52]
[-90,38,0];[102,104,101]
[-92,38,0];[16,16,14]
[9,59,5];[154,139,80]
[17,38,-14];[4,4,6]
[49,36,0];[29,29,27]
[-17,35,-16];[4,4,4]
[88,13,0];[52,54,53]
[80,35,0];[46,46,44]
[-59,18,-2];[39,39,39]
[-82,34,0];[203,168,38]
[-83,34,0];[204,168,28]
[38,6,-5];[68,68,66]
[-86,34,0];[192,165,60]
[-92,34,0];[80,80,82]
[-81,43,-9];[68,69,71]
[-58,31,-3];[5,5,7]
[76,34,0];[21,21,21]
[-81,33,0];[32,32,32]
[73,26,3];[39,38,33]
[-88,32,0];[72,74,73]
[-85,32,0];[74,74,74]
[60,35,-6];[75,62,43]
[-86,32,0];[73,75,74]
[67,29,1];[9,9,9]
[52,31,0];[57,57,55]
[55,31,0];[57,56,54]
[39,32,0];[62,62,60]
[-37,47,4];[6,6,6]
[39,31,0];[62,62,62]
[80,31,0];[3,1,2]
[8,30,-16];[31,31,31]
[57,17,-6];[118,117,115]
[-53,30,0];[22,23,18]
[72,27,1];[19,16,11]
[-58,62,2];[67,67,69]
[-60,47,-9];[9,11,10]
[88,36,-5];[108,108,108]
[-55,30,0];[10,11,13]
[-81,30,0];[76,76,76]
[88,31,0];[67,67,67]
[-87,33,2];[64,66,65]
[-30,20,-6];[59,56,37]
[80,30,0];[1,1,1]
[-53,28,-11];[50,50,50]
[-79,30,0];[77,77,77]
[-30,30,0];[25,25,23]
[39,48,13];[70,70,72]
[-6,52,10];[56,58,57]
[16,11,-7];[51,52,54]
[78,29,0];[1,1,1]
[-39,28,0];[71,73,72]
[16,17,5];[19,20,22]
[0,35,10];[92,119,164]
[4,30,-13];[54,54,52]
[-41,28,0];[93,95,94]
[-53,29,0];[45,45,43]
[-83,33,1];[19,19,17]
[-69,28,0];[26,27,29]
[-81,42,8];[8,8,10]
[62,34,5];[85,85,87]
[88,21,1];[69,69,69]
[78,28,0];[14,14,14]
[38,28,0];[17,17,17]
[-58,43,8];[9,9,9]
[-40,29,-3];[55,55,55]
[81,27,1];[1,1,0]
[1,60,5];[223,183,34]
[17,26,0];[34,31,22]
[-59,20,2];[6,6,6]
[41,25,0];[34,36,35]
[17,25,0];[28,25,16]
[41,21,-5];[41,41,41]
[64,25,1];[55,55,55]
[64,25,0];[51,51,51]
[90,42,4];[67,67,67]
[64,26,1];[50,50,50]
[-18,25,0];[49,49,49]
[42,38,-12];[53,53,51]
[-61,25,0];[147,198,229]
[-45,35,13];[60,60,58]
[-30,24,-7];[42,41,37]
[57,24,0];[25,25,25]
[-19,23,0];[26,26,24]
[-36,47,-10];[110,110,108]
[-20,23,0];[74,76,75]
[42,23,0];[36,36,36]
[-50,44,8];[36,38,37]
[25,22,0];[36,37,32]
[20,22,0];[21,21,19]
[10,35,12];[18,58,153]
[60,47,3];[72,73,75]
[21,22,0];[16,16,14]
[23,22,1];[34,30,21]
[82,23,4];[4,4,6]
[20,23,0];[22,23,18]
[42,14,5];[41,41,39]
[24,21,0];[29,31,28]
[55,20,0];[31,31,31]
[4,10,13];[55,55,57]
[-39,43,11];[42,42,42]
[55,21,0];[29,31,30]
[-57,29,3];[49,51,50]
[44,20,0];[40,40,40]
[43,22,0];[37,37,35]
[82,32,2];[43,43,41]
[-87,45,2];[15,15,13]
[-49,49,-8];[3,3,3]
[-48,22,3];[30,28,29]
[13,0,4];[64,66,65]
[1,32,14];[73,74,78]
[-49,40,14];[56,55,50]
[76,20,0];[71,63,50]
[29,19,0];[47,39,28]
[0,53,-11];[54,54,54]
[-9,0,2];[240,202,79]
[79,18,0];[66,57,39]
[-79,44,4];[26,26,26]
[22,19,0];[19,19,19]
[54,47,-1];[59,59,59]
[20,16,0];[54,55,50]
[-53,30,-3];[3,3,3]
[-87,34,0];[137,141,140]
[-5,48,9];[46,64,114]
[-19,17,0];[33,34,28]
[-29,21,5];[71,75,74]
[-20,17,0];[37,36,32]
[15,59,2];[66,59,33]
[-2,0,1];[68,68,68]
[-20,23,10];[42,42,42]
[19,16,0];[125,126,118]
[46,17,0];[37,37,37]
[-26,16,1];[65,65,65]
[-9,43,13];[27,66,145]
[-30,23,-7];[73,74,76]
[-13,45,14];[20,20,20]
[-27,16,1];[68,69,73]
[9,49,15];[28,28,30]
[16,11,7];[49,49,49]
[-33,16,0];[240,202,77]
[39,48,3];[58,56,57]
[-50,16,0];[68,70,69]
[28,21,2];[57,50,42]
[-9,18,13];[98,93,35]
[-56,52,-7];[59,59,59]
[-41,35,8];[27,29,28]
[82,27,1];[33,34,29]
[-26,16,0];[64,64,64]
[8,60,2];[171,158,113]
[-23,15,0];[75,74,72]
[89,38,-4];[90,90,90]
[32,15,0];[53,47,33]
[-78,41,8];[65,64,69]
[79,14,0];[75,76,78]
[24,14,1];[4,4,4]
[34,13,0];[52,45,35]
[-27,52,-8];[108,93,52]
[-74,49,4];[2,2,2]
[33,14,0];[52,46,34]
[55,14,0];[71,71,71]
[59,19,-1];[63,63,63]
[-91,39,2];[2,3,5]
[-14,47,16];[94,95,99]
[85,13,0];[76,76,76]
[55,13,0];[72,72,72]
[-22,12,0];[201,200,205]
[53,11,0];[72,74,73]
[36,10,0];[49,43,31]
[29,10,0];[2,2,2]
[-17,8,0];[55,55,57]
[-56,31,2];[1,1,0]
[-64,42,9];[27,29,28]
[39,8,0];[6,18,30]
[46,6,0];[75,75,75]
[-17,6,0];[125,130,133]
[-17,5,0];[73,75,74]
[-79,39,1];[73,62,17]
[-52,25,-9];[67,67,67]
[52,31,4];[66,67,62]
[-16,1,0];[61,62,64]
[-36,27,10];[57,59,58]
[10,0,0];[241,205,83]
[5,0,0];[68,68,68]
[-12,37,16];[92,91,97]
[-29,30,2];[80,82,79]
[-2,0,0];[69,69,69]
[27,28,9];[40,40,40]
[-5,0,0];[69,69,69]
[-6,0,0];[66,68,67]
[3,59,2];[183,159,85]
[0,28,10];[35,35,35]
[-16,25,6];[0,0,0]
[11,19,12];[54,56,55]
[15,60,0];[57,55,56]
[-70,30,-7];[53,53,55]
[11,60,0];[252,215,65]
[9,60,0];[251,213,68]
[19,60,0];[65,65,67]
[-11,58,0];[18,18,18]
[-7,8,12];[207,166,12]
[-50,57,0];[34,34,36]
[14,50,12];[58,58,56]
[-20,56,0];[44,45,47]
[8,20,12];[244,205,16]
[-30,56,0];[47,47,45]
[-34,51,-3];[57,57,57]
[-42,55,0];[20,20,20]
[22,55,2];[56,56,56]
[-43,56,0];[44,46,45]
[-86,43,6];[81,81,83]
[-32,34,7];[36,37,32]
[-17,32,-16];[64,64,62]
[-23,56,0];[43,43,43]
[20,16,-1];[63,63,53]
[62,47,-4];[69,69,69]
[-50,55,1];[1,1,1]
[29,54,0];[57,57,57]
[38,7,-5];[17,17,17]
[28,46,15];[29,29,29]
[27,54,0];[58,58,58]
[24,54,0];[56,56,54]
[-26,51,0];[37,33,21]
[23,54,0];[55,56,51]
[22,54,0];[54,54,52]
[-59,53,0];[49,49,49]
[87,34,4];[79,78,76]
[-60,52,0];[77,78,80]
[-31,51,0];[55,57,56]
[-41,51,0];[46,48,47]
[-59,51,0];[30,30,30]
[-60,51,0];[28,28,30]
[31,40,15];[17,17,17]
[-55,29,-1];[3,3,3]
[-69,51,0];[119,119,121]
[-20,51,0];[107,109,108]
[-70,50,-1];[80,76,75]
[-33,48,11];[56,53,44]
[-71,50,-1];[83,82,78]
[42,46,1];[51,51,51]
[0,49,7];[51,71,124]
[-19,50,0];[33,33,31]
[32,48,-16];[83,83,81]
[-66,50,0];[47,47,45]
[-68,50,0];[11,11,11]
[24,22,-2];[36,37,32]
[-21,40,10];[54,56,55]
[-64,50,0];[30,30,28]
[-81,49,0];[55,57,56]
[1,43,-11];[82,122,194]
[-49,49,0];[56,58,57]
[-60,45,-8];[2,2,2]
[-60,49,-1];[10,8,9]
[-57,48,0];[8,8,8]
[-55,29,-3];[1,1,1]
[-82,47,0];[89,84,64]
[-87,44,4];[2,2,2]
[-2,50,-15];[27,30,37]
[-19,47,-8];[7,7,7]
[-54,52,8];[207,187,66]
[71,47,0];[55,57,56]
[-36,51,0];[50,52,51]
[-59,30,6];[11,11,11]
[62,47,0];[57,57,57]
[54,47,0];[59,59,61]
[7,7,-13];[244,202,68]
[-31,23,-6];[22,22,20]
[-21,49,-6];[56,58,57]
[51,46,0];[44,41,36]
[-28,50,-11];[50,50,50]
[-39,43,-12];[51,50,45]
[44,46,0];[54,54,52]
[74,46,0];[74,70,67]
[-86,46,0];[104,108,107]
[83,18,-6];[68,69,71]
[-90,46,3];[103,104,109]
[-57,18,5];[62,62,54]
[89,46,0];[56,56,56]
[88,46,0];[57,57,57]
[85,46,0];[57,59,58]
[36,23,6];[38,40,39]
[84,46,0];[58,58,58]
[-59,53,4];[76,76,78]
[-51,49,10];[62,56,44]
[82,46,0];[57,57,57]
[79,46,0];[184,154,64]
[-81,46,0];[127,112,53]
[-29,55,-2];[48,50,49]
[40,14,-6];[61,56,52]
[92,44,0];[76,76,76]
[24,39,12];[60,120,250]
[-78,43,0];[15,15,15]
[91,42,0];[76,76,74]
[-79,42,0];[20,22,21]
[-82,42,0];[64,66,65]
[-87,42,0];[17,17,17]
[-91,42,0];[14,14,14]
[-92,42,0];[54,56,53]
[-80,41,-1];[37,37,37]
[-57,51,8];[49,49,49]
[44,18,4];[41,41,39]
[43,39,14];[102,101,107]
[-83,41,0];[198,164,40]
[-12,18,12];[56,58,57]
[-85,41,-1];[254,214,30]
[48,14,-1];[35,34,30]
[-45,42,-12];[88,90,89]
[-41,47,-9];[55,57,56]
[-88,41,0];[77,78,73]
[-90,41,0];[65,65,63]
[-40,44,-11];[68,69,64]
[-33,29,10];[45,44,40]
[-89,41,-1];[58,84,133]
[-90,41,-1];[28,78,149]
[36,54,-9];[113,112,110]
[-78,40,0];[57,59,58]
[-80,34,0];[14,14,14]
[74,33,0];[3,3,3]
[-42,27,9];[57,58,60]
[-27,18,-6];[46,47,42]
[-51,16,0];[68,66,67]
[-50,29,5];[37,37,37]
[-91,33,0];[76,76,76]
[16,18,11];[69,70,72]
[-82,32,0];[45,45,43]
[-50,54,0];[24,24,24]
[-84,33,0];[23,23,23]
[-31,49,11];[64,62,49]
[-2,5,11];[64,64,64]
[-80,32,0];[47,47,47]
[-79,32,0];[53,53,51]
[-61,30,0];[12,12,12]
[-17,8,5];[127,125,128]
[-59,19,1];[98,100,99]
[-38,30,0];[71,73,72]
[72,35,5];[69,68,63]
[-39,30,0];[20,22,19]
[-48,30,0];[25,27,26]
[38,48,13];[73,73,73]
[-25,48,3];[49,49,49]
[-50,30,0];[58,58,56]
[-52,30,0];[23,22,18]
[-31,30,0];[17,17,17]
[-81,39,7];[198,166,47]
[-58,35,-11];[6,5,3]
[-33,30,0];[32,32,32]
[-55,25,7];[27,27,27]
[-58,29,0];[1,1,0]
[79,29,0];[15,15,13]
[-35,41,-12];[24,24,22]
[69,29,0];[45,45,45]
[-56,29,0];[1,1,1]
[-4,44,-11];[82,126,195]
[-38,28,0];[61,63,62]
[-54,30,-11];[42,42,42]
[-40,28,0];[57,59,58]
[-44,28,0];[39,60,115]
[-57,56,2];[62,62,64]
[-47,28,0];[35,35,35]
[-53,24,-5];[65,65,67]
[82,29,0];[56,55,37]
[66,28,0];[11,11,11]
[-41,38,14];[58,55,48]
[-91,46,0];[6,6,6]
[-17,26,0];[34,34,32]
[43,19,-4];[38,37,35]
[58,25,0];[22,22,22]
[-17,25,0];[35,35,33]
[17,24,0];[27,27,19]
[-17,21,0];[46,48,47]
[60,20,0];[62,62,62]
[-60,20,0];[38,39,41]
[77,19,0];[74,65,47]
[56,15,-5];[75,74,72]
[54,12,3];[71,71,71]
[12,18,12];[55,57,56]
[88,19,0];[69,69,69]
[-18,18,0];[66,68,67]
[-6,32,-14];[48,48,46]
[88,18,0];[67,67,69]
[23,18,0];[12,13,15]
[32,17,3];[61,58,51]
[-53,49,0];[5,5,3]
[6,12,-14];[75,65,38]
[78,16,0];[47,46,44]
[-56,29,11];[40,40,42]
[-38,16,0];[69,69,69]
[31,16,0];[52,44,33]
[-51,28,-10];[51,51,51]
[48,15,0];[26,26,26]
[26,15,0];[1,1,0]
[-44,47,5];[200,170,48]
[48,14,0];[44,44,44]
[86,13,0];[75,77,76]
[-27,47,-10];[35,37,36]
[37,9,0];[43,39,30]
[18,9,0];[66,66,68]
[17,57,8];[85,67,3]
[-4,48,-9];[59,79,130]
[-35,20,4];[28,27,0]
[18,8,0];[32,32,34]
[14,47,-17];[93,95,92]
[9,43,10];[80,111,157]
[-17,7,0];[40,40,40]
[-57,66,0];[27,29,28]
[-12,21,11];[52,52,52]
[-82,34,4];[2,2,2]
[-70,47,-9];[26,26,26]
[-58,66,0];[5,5,5]
[26,22,-7];[61,62,64]
[27,48,-15];[52,52,54]
[-15,10,12];[78,79,83]
[-50,54,2];[1,1,1]
[-53,62,0];[53,53,53]
[-31,20,-6];[60,57,40]
[16,60,0];[57,55,56]
[1,0,5];[62,62,62]
[13,60,0];[255,217,58]
[-40,56,0];[45,45,45]
[-71,31,-8];[33,32,28]
[-92,34,2];[74,74,76]
[-39,30,-2];[6,8,7]
[60,28,2];[8,8,8]
[-57,51,0];[9,9,9]
[-21,51,0];[58,60,57]
[-26,50,0];[90,91,83]
[-29,50,0];[21,25,36]
[23,29,-10];[3,3,5]
[26,32,10];[32,32,32]
[-22,49,0];[28,29,23]
[-33,49,0];[50,52,49]
[-51,49,0];[7,6,4]
[-83,48,0];[58,58,58]
[-79,47,0];[33,33,33]
[60,47,0];[58,58,58]
[43,46,0];[54,54,54]
[18,59,6];[31,31,29]
[-25,53,-7];[65,62,55]
[-61,25,-4];[140,171,189]
[90,46,0];[54,58,57]
[49,45,0];[43,39,36]
[-78,46,-1];[61,63,62]
[28,30,-9];[8,8,8]
[61,37,5];[246,209,33]
[88,35,0];[69,69,69]
[80,34,0];[1,1,1]
[23,22,6];[21,23,22]
[23,21,1];[43,41,42]
[12,13,-14];[55,55,55]
[-28,16,2];[68,69,71]
[-89,32,-1];[77,77,77]
[54,31,0];[52,52,50]
[-60,33,10];[21,21,19]
[-42,28,0];[67,91,155]
[74,31,-1];[28,28,28]
[80,30,-1];[47,47,47]
[44,35,-1];[35,34,29]
[-66,29,0];[58,60,59]
[17,19,-6];[25,25,25]
[-90,42,1];[7,7,7]
[-74,29,0];[13,13,11]
[-75,29,0];[64,66,65]
[35,11,-1];[32,30,31]
[-22,41,10];[54,54,52]
[81,29,0];[40,41,36]
[-71,29,-1];[43,44,49]
[-45,49,-7];[201,168,39]
[-79,49,0];[53,55,52]
[-72,29,-1];[37,37,37]
[82,28,-1];[56,60,61]
[-58,49,-7];[1,1,1]
[-49,24,4];[80,72,49]
[88,24,0];[67,67,67]
[83,15,3];[73,73,75]
[-2,36,-11];[86,124,189]
[63,25,0];[47,47,47]
[-16,23,0];[32,32,32]
[53,18,0];[31,31,33]
[-1,0,1];[68,68,68]
[30,17,0];[51,43,32]
[24,16,1];[58,58,56]
[-39,47,5];[58,60,59]
[-75,29,-1];[65,67,66]
[-32,53,-6];[240,206,70]
[-34,30,3];[60,58,43]
[-24,15,0];[75,76,78]
[87,13,0];[77,77,75]
[-13,34,16];[84,83,88]
[16,55,-9];[12,11,9]
[27,13,0];[1,1,1]
[27,12,0];[1,1,1]
[-21,12,-1];[26,25,20]
[10,51,15];[121,122,126]
[38,7,0];[15,13,16]
[-86,43,3];[14,16,15]
[48,6,0];[73,75,74]
[-66,41,-11];[50,51,53]
[48,7,0];[74,74,74]
[37,6,0];[24,24,26]
[2,58,-6];[130,118,66]
[17,6,0];[35,35,35]
[-21,50,9];[242,203,20]
[16,1,0];[47,47,47]
[-15,0,0];[72,72,70]
[4,27,9];[26,26,24]
[15,0,0];[52,52,52]
[-80,38,4];[50,52,51]
[12,0,0];[68,68,68]
[-24,22,7];[60,59,57]
[11,0,0];[75,69,57]
[8,0,0];[242,202,81]
[-81,32,-3];[57,59,56]
[15,34,14];[39,39,41]
[-9,0,0];[241,202,81]
[-8,0,0];[242,203,82]
[-10,0,0];[242,203,86]
[-3,0,0];[69,69,69]
[-56,65,-1];[33,33,33]
[-54,66,0];[58,58,58]
[-20,32,-13];[48,48,48]
[-56,62,1];[17,19,18]
[86,46,0];[58,58,58]
[53,41,5];[62,63,65]
[-7,60,0];[56,56,56]
[-2,51,11];[56,56,56]
[-21,41,11];[50,50,48]
[-29,45,-8];[31,31,29]
[0,60,0];[254,216,71]
[54,11,-5];[79,79,77]
[-37,40,-10];[47,47,47]
[-11,58,-1];[10,10,10]
[20,56,0];[40,47,63]
[-62,35,9];[11,11,13]
[-29,56,-1];[2,2,0]
[-51,38,11];[3,3,3]
[-16,56,0];[29,29,27]
[23,55,0];[14,14,14]
[26,54,0];[56,56,54]
[-56,54,0];[28,28,28]
[-3,60,0];[254,218,68]
[-51,51,-10];[90,84,50]
[-17,25,2];[26,26,24]
[-13,54,0];[23,21,22]
[37,52,-9];[59,59,57]
[-72,50,-1];[43,42,40]
[-75,50,0];[49,49,49]
[30,49,-14];[53,53,53]
[-38,37,9];[11,11,11]
[10,0,2];[240,200,76]
[74,32,0];[13,13,13]
[-25,19,-4];[3,1,2]
[-28,50,0];[34,34,32]
[32,8,1];[31,31,33]
[33,14,-1];[46,44,45]
[-20,50,0];[77,79,78]
[38,49,0];[55,55,55]
[-37,48,0];[66,68,67]
[-49,47,-13];[240,196,48]
[70,47,0];[57,57,57]
[-76,40,9];[1,1,1]
[-78,42,-1];[13,13,11]
[-78,41,-1];[52,52,50]
[-45,32,8];[37,37,37]
[-93,39,-1];[124,125,127]
[45,7,4];[24,24,24]
[-48,27,10];[54,58,57]
[-3,40,10];[56,94,156]
[47,36,0];[44,44,42]
[-25,56,-1];[23,23,23]
[-78,34,-1];[56,58,57]
[-35,38,9];[45,45,45]
[47,33,-1];[70,71,66]
[-65,40,10];[51,52,54]
[-8,60,1];[49,49,49]
[-31,46,-7];[184,163,84]
[44,35,0];[25,24,20]
[73,33,-1];[4,4,4]
[-79,34,1];[2,2,0]
[40,34,-1];[53,53,51]
[79,33,-1];[66,69,74]
[52,32,0];[46,46,44]
[-14,31,-14];[49,49,47]
[53,31,0];[56,56,54]
[-12,40,-16];[4,4,4]
[-50,56,4];[59,63,66]
[56,31,0];[52,52,50]
[81,30,0];[53,54,48]
[-57,57,1];[1,1,1]
[70,29,0];[66,67,69]
[38,29,0];[12,12,12]
[77,28,-1];[16,16,16]
[-36,55,1];[42,42,42]
[7,48,-13];[35,68,175]
[-36,28,0];[57,59,58]
[-31,47,13];[58,55,46]
[-72,48,-8];[54,54,56]
[-16,37,-15];[42,43,45]
[-53,28,-1];[19,19,19]
[-33,44,-12];[73,75,72]
[-44,51,0];[39,41,40]
[81,28,0];[70,71,66]
[88,28,0];[66,66,64]
[59,26,0];[22,22,22]
[82,25,0];[31,25,3]
[-17,24,0];[35,35,33]
[74,24,0];[51,48,41]
[1,28,-11];[49,48,46]
[-19,24,0];[53,55,52]
[-55,62,1];[24,24,24]
[-41,52,6];[85,82,67]
[-88,45,5];[57,58,60]
[88,23,0];[69,69,71]
[44,35,-3];[26,26,18]
[-50,47,9];[4,4,4]
[62,22,-1];[58,58,58]
[-16,10,12];[64,65,67]
[17,22,0];[24,24,22]
[-54,53,-5];[43,43,43]
[17,20,-1];[29,29,27]
[-17,20,-1];[34,34,34]
[-60,19,0];[88,92,93]
[18,19,-1];[33,33,33]
[85,17,-6];[69,70,74]
[16,10,1];[18,19,21]
[25,18,0];[1,1,1]
[-50,56,0];[6,6,6]
[52,17,0];[27,29,28]
[-6,60,1];[54,54,54]
[18,18,-1];[33,33,33]
[-91,38,4];[17,17,17]
[-28,16,0];[69,69,69]
[-52,29,1];[46,46,44]
[-35,16,1];[242,202,81]
[-35,16,0];[241,203,78]
[31,54,-9];[83,83,83]
[-91,39,5];[8,8,10]
[-56,16,0];[240,203,86]
[-52,31,7];[66,66,66]
[-57,16,0];[69,68,64]
[26,14,0];[1,1,3]
[23,14,0];[111,108,89]
[-81,33,-6];[89,90,92]
[80,45,3];[67,68,63]
[-36,20,5];[41,41,31]
[25,12,0];[9,9,9]
[13,2,7];[62,62,60]
[17,10,-1];[26,26,28]
[-17,9,-1];[1,1,1]
[34,7,0];[4,4,4]
[33,7,0];[3,3,3]
[4,58,-3];[212,182,84]
[-27,20,-5];[192,163,83]
[29,22,-8];[126,125,121]
[29,7,0];[20,20,20]
[-87,38,4];[32,32,32]
[17,7,-1];[31,31,31]
[-17,7,-1];[46,44,45]
[-52,42,-15];[221,181,47]
[29,53,9];[60,60,60]
[-8,12,-14];[249,205,57]
[57,17,0];[65,65,65]
[32,5,0];[34,34,34]
[-59,17,5];[81,81,81]
[-31,30,-6];[24,30,44]
[-17,4,0];[45,46,48]
[-7,0,0];[65,58,48]
[-54,64,0];[55,55,53]
[7,60,0];[253,215,70]
[16,47,-17];[96,96,96]
[-61,26,-5];[156,164,174]
[10,60,-1];[255,218,65]
[-17,26,5];[48,48,46]
[-89,39,7];[175,151,113]
[-24,43,-10];[22,22,20]
[-55,56,-1];[30,32,31]
[-19,56,-1];[53,53,51]
[-23,56,-1];[44,44,44]
[-24,56,-1];[45,45,45]
[-27,27,-11];[57,57,57]
[44,9,5];[49,49,49]
[75,21,0];[63,57,45]
[-72,37,10];[41,43,42]
[-32,56,-1];[46,48,47]
[-13,54,-9];[79,79,79]
[-40,56,-1];[46,46,46]
[81,30,2];[43,43,43]
[-47,49,-1];[1,1,0]
[52,47,0];[62,62,62]
[-16,55,0];[29,29,29]
[-57,56,-3];[65,66,68]
[32,54,-1];[57,57,57]
[69,33,5];[56,55,53]
[28,54,0];[57,57,57]
[25,54,0];[57,57,57]
[-58,51,-4];[1,1,0]
[22,54,-1];[53,53,51]
[83,44,4];[63,65,64]
[-64,32,-7];[53,55,54]
[-32,51,-1];[58,60,57]
[25,17,-1];[1,1,1]
[-41,51,-1];[46,48,47]
[-20,46,7];[56,56,56]
[-20,51,-1];[52,52,52]
[-42,42,8];[33,34,28]
[-3,27,10];[26,26,26]
[-19,49,-1];[77,78,82]
[-26,36,11];[58,58,56]
[-30,49,-1];[84,84,74]
[-88,48,-1];[59,59,59]
[26,14,1];[77,77,77]
[57,47,0];[58,58,56]
[-59,39,-14];[55,56,58]
[59,23,5];[65,66,68]
[52,46,-1];[40,38,39]
[-83,37,8];[64,65,67]
[-29,42,9];[61,63,62]
[-86,46,-1];[17,19,18]
[69,42,5];[61,62,64]
[47,46,1];[61,57,56]
[-89,46,-1];[53,55,52]
[-92,46,-1];[51,51,49]
[-52,54,3];[23,23,21]
[47,45,-1];[55,54,50]
[-78,44,-1];[13,13,13]
[-67,44,8];[25,25,27]
[8,58,5];[59,57,44]
[-36,30,5];[88,93,99]
[-71,50,2];[51,50,48]
[-79,38,-1];[53,55,54]
[-80,38,-1];[135,121,60]
[-82,38,-1];[4,5,7]
[-50,55,0];[1,1,1]
[37,29,3];[25,25,25]
[-85,38,-1];[110,112,109]
[-60,32,11];[77,78,82]
[-88,38,-1];[39,39,39]
[-4,33,-12];[9,35,122]
[-49,16,1];[67,69,68]
[-18,25,5];[46,46,44]
[-58,30,-7];[7,7,5]
[-41,54,-4];[59,50,35]
[-51,20,5];[47,44,27]
[-10,58,1];[41,43,42]
[-32,37,-10];[22,24,23]
[-92,38,-1];[15,17,16]
[88,36,-1];[68,68,66]
[-49,41,14];[56,56,46]
[42,35,-1];[31,31,23]
[-79,34,-1];[43,43,43]
[17,24,1];[23,22,17]
[-20,16,-2];[23,22,17]
[76,33,-1];[71,72,77]
[-19,42,15];[27,23,20]
[54,11,0];[73,73,73]
[-44,53,-6];[175,143,44]
[-32,29,-3];[76,78,75]
[45,33,-1];[27,27,29]
[-84,32,-1];[130,117,65]
[79,32,-1];[66,71,74]
[-84,31,-1];[77,79,78]
[-57,34,-7];[5,5,3]
[-30,34,-11];[21,22,17]
[76,31,-1];[45,47,46]
[38,31,0];[63,63,61]
[32,48,-15];[52,52,52]
[-77,30,-1];[79,81,80]
[-56,29,2];[2,0,1]
[67,28,0];[11,11,11]
[6,30,16];[101,104,109]
[67,28,-1];[12,12,12]
[39,26,-1];[28,28,28]
[41,25,-1];[32,32,32]
[-8,1,5];[241,198,44]
[-46,53,-5];[18,17,13]
[-22,55,0];[17,17,17]
[-76,47,6];[61,63,62]
[-16,25,-1];[58,57,53]
[-1,18,13];[55,57,56]
[19,24,0];[23,24,19]
[-59,29,3];[48,50,49]
[-48,16,1];[68,70,69]
[17,23,0];[37,36,31]
[-12,28,10];[40,40,40]
[88,22,0];[69,69,69]
[-41,40,-10];[11,11,9]
[4,58,-5];[52,46,20]
[53,19,0];[28,28,28]
[54,19,0];[29,30,32]
[-22,18,0];[10,12,11]
[77,18,-1];[88,77,55]
[-13,16,-14];[52,54,53]
[79,18,-1];[83,72,54]
[-78,35,0];[20,22,21]
[-15,1,-7];[58,58,58]
[-47,25,9];[56,52,40]
[6,49,8];[36,58,118]
[24,16,0];[11,12,14]
[29,28,-9];[12,10,13]
[-27,16,0];[69,69,69]
[58,24,4];[54,55,57]
[-37,16,0];[70,69,65]
[45,9,-4];[31,30,28]
[-24,45,-9];[7,7,5]
[2,3,-9];[73,75,74]
[25,14,0];[4,6,5]
[-5,49,12];[72,92,153]
[-43,16,0];[240,202,77]
[-48,16,0];[69,69,69]
[88,16,0];[67,69,68]
[-25,46,-10];[41,42,44]
[-54,46,-10];[5,5,5]
[88,15,0];[68,68,70]
[41,35,2];[12,12,12]
[50,14,0];[76,78,77]
[88,14,0];[71,71,73]
[-89,42,-3];[8,8,10]
[-88,40,1];[66,68,65]
[87,13,-1];[79,79,79]
[25,13,-1];[6,6,6]
[-12,55,2];[36,36,36]
[-44,16,0];[239,201,76]
[29,28,8];[1,1,1]
[-19,40,-16];[13,13,13]
[13,15,13];[54,56,55]
[29,31,-11];[35,35,37]
[54,12,0];[73,73,73]
[3,0,0];[70,70,70]
[18,10,-1];[55,55,57]
[54,11,1];[73,73,73]
[-17,10,-1];[2,2,2]
[18,25,7];[27,26,22]
[30,10,0];[2,2,2]
[-81,41,0];[74,76,75]
[28,8,0];[16,18,17]
[30,6,0];[23,25,24]
[-53,49,1];[7,6,4]
[82,44,3];[60,60,62]
[-55,20,-6];[34,33,29]
[31,9,0];[2,2,2]
[33,5,0];[61,61,63]
[36,4,-1];[78,79,81]
[73,31,-6];[63,64,66]
[39,4,0];[91,91,91]
[21,33,12];[56,57,59]
[-17,3,-1];[50,51,53]
[17,3,0];[48,48,50]
[-33,51,-2];[60,60,60]
[-92,41,-1];[56,120,192]
[-17,2,-1];[51,52,56]
[-54,67,-1];[61,61,61]
[-58,67,-1];[60,60,60]
[-80,42,-3];[4,4,4]
[-55,62,-2];[13,13,13]
[-34,30,-1];[53,55,54]
[-86,47,3];[58,60,59]
[-43,40,-15];[248,202,47]
[26,25,10];[63,63,61]
[51,36,-4];[21,20,16]
[16,60,-1];[55,55,55]
[-85,36,7];[67,68,70]
[45,16,3];[49,49,49]
[26,34,-16];[80,81,83]
[-55,34,-10];[4,4,2]
[-55,61,-1];[42,42,42]
[17,60,-1];[52,56,55]
[67,28,2];[23,23,25]
[43,43,11];[22,22,24]
[-81,37,-6];[27,29,28]
[20,57,-1];[37,44,60]
[-17,56,-1];[48,48,48]
[-77,31,5];[80,80,82]
[31,54,8];[94,94,94]
[-24,55,-1];[46,46,48]
[-3,28,-11];[48,48,46]
[-38,55,-1];[45,45,45]
[-30,40,14];[244,206,19]
[-45,56,-1];[20,20,20]
[-59,54,0];[111,112,114]
[11,56,8];[242,204,33]
[-23,55,-1];[43,43,43]
[-22,20,2];[54,56,55]
[-28,56,-1];[43,43,41]
[-86,42,0];[24,24,24]
[-63,47,7];[48,49,51]
[-29,55,-1];[48,48,48]
[-4,32,-15];[38,39,41]
[-25,55,-1];[24,25,27]
[-37,55,-1];[44,44,42]
[1,40,-12];[66,101,165]
[-50,55,-1];[1,1,0]
[-46,49,6];[5,5,7]
[-39,23,-5];[43,45,44]
[-6,51,14];[67,67,67]
[31,54,0];[57,57,57]
[-21,51,-1];[13,13,11]
[82,17,5];[89,93,96]
[-31,51,2];[44,46,43]
[-27,51,-1];[26,26,26]
[-28,51,-1];[77,79,76]
[-43,34,-11];[69,90,147]
[-3,1,-7];[62,62,62]
[-38,48,4];[58,60,59]
[31,40,-17];[3,3,3]
[-35,51,-1];[33,33,31]
[-21,16,2];[64,62,63]
[-38,51,-1];[42,44,43]
[0,47,-9];[4,58,184]
[38,50,5];[58,58,58]
[-39,51,-1];[52,78,152]
[-44,51,-1];[69,86,130]
[-27,35,13];[43,43,43]
[-47,51,-1];[52,52,52]
[-54,51,-1];[9,9,9]
[-70,49,-6];[44,44,42]
[-55,51,-1];[130,132,129]
[-57,51,-1];[20,22,21]
[-78,50,-1];[57,57,55]
[-53,51,-1];[50,52,49]
[-67,49,-1];[13,13,11]
[21,16,-1];[123,121,124]
[-10,30,12];[43,43,41]
[-79,49,-1];[56,56,56]
[-29,49,-1];[84,84,74]
[-84,38,4];[8,8,8]
[-48,49,-1];[2,2,2]
[-6,46,-10];[12,62,177]
[-82,49,-1];[55,57,56]
[88,21,-5];[110,110,112]
[-56,49,-1];[1,1,1]
[42,40,-16];[49,49,51]
[-36,48,-1];[80,85,91]
[45,5,-5];[94,94,94]
[-88,47,-1];[59,59,59]
[-11,29,-13];[53,54,48]
[-29,39,-12];[51,51,51]
[40,47,0];[54,54,54]
[-84,47,-1];[64,64,64]
[-58,32,5];[6,6,4]
[14,20,12];[54,56,55]
[58,47,-1];[58,58,56]
[53,47,-1];[60,60,60]
[77,29,3];[5,5,5]
[75,46,-1];[248,225,87]
[-55,23,-5];[11,7,6]
[-79,46,-1];[61,63,62]
[-43,34,-8];[205,169,33]
[-26,54,2];[39,39,37]
[-42,30,5];[49,50,44]
[-80,46,-1];[92,84,38]
[-82,46,-1];[81,81,81]
[-83,46,-1];[69,70,74]
[-22,41,14];[52,52,52]
[-90,46,-1];[50,51,46]
[68,39,-6];[28,27,23]
[-28,40,-11];[27,29,28]
[-85,46,-1];[15,15,15]
[-25,31,-13];[63,62,58]
[-78,45,-1];[61,63,62]
[-78,43,-1];[13,13,11]
[-79,42,-1];[13,13,11]
[-85,42,-1];[58,60,59]
[-93,41,-1];[31,33,32]
[58,25,2];[22,22,22]
[-79,40,-1];[36,36,34]
[9,59,2];[232,189,35]
[-81,40,-2];[53,53,53]
[-78,48,-2];[4,4,4]
[-86,40,-2];[50,49,44]
[-42,37,-15];[48,48,36]
[-25,20,1];[78,80,79]
[-90,40,-2];[62,64,63]
[-42,25,-7];[9,8,4]
[-80,40,-2];[57,57,57]
[29,33,11];[59,60,62]
[-82,40,-2];[67,69,66]
[-45,28,0];[39,60,115]
[-84,40,-2];[31,30,28]
[-17,6,2];[114,116,115]
[-85,40,-2];[55,57,56]
[21,23,-6];[7,7,7]
[67,47,-2];[57,57,57]
[-79,39,-1];[31,31,31]
[-81,39,-1];[45,45,45]
[-17,7,-10];[43,43,43]
[-81,39,-2];[54,54,54]
[75,34,0];[33,33,31]
[-83,39,-2];[19,19,19]
[-84,39,-1];[44,44,44]
[-90,38,4];[22,22,20]
[-84,39,-2];[26,26,26]
[-85,39,-1];[55,52,33]
[-71,50,3];[55,55,57]
[78,33,-3];[71,71,69]
[-86,39,-2];[50,51,53]
[-86,33,3];[65,65,65]
[-47,16,0];[68,67,65]
[-89,39,-1];[40,40,38]
[-6,32,-15];[31,31,33]
[-88,39,-2];[51,52,54]
[-90,39,-1];[38,40,37]
[-92,39,-1];[15,15,15]
[-11,55,-3];[39,39,37]
[-17,15,3];[1,1,0]
[-28,54,-4];[55,46,31]
[43,35,2];[26,25,21]
[-82,38,-2];[61,63,62]
[-84,38,-1];[65,67,66]
[-86,38,-1];[110,112,109]
[16,17,-4];[26,26,26]
[37,30,5];[40,40,40]
[-44,44,11];[55,57,56]
[-61,25,2];[139,188,220]
[49,35,-1];[55,56,50]
[-44,21,4];[32,29,10]
[-66,41,10];[49,51,50]
[-38,45,-8];[51,53,52]
[75,35,-1];[32,33,35]
[48,35,-1];[55,56,50]
[-55,30,-6];[43,45,44]
[-35,50,9];[252,213,12]
[-33,51,1];[70,72,69]
[-18,29,11];[65,66,70]
[77,45,3];[241,205,29]
[-80,34,-1];[53,54,56]
[-81,34,-1];[13,14,18]
[-86,46,2];[66,68,67]
[-82,34,-1];[10,11,15]
[-34,36,-14];[109,164,185]
[-83,34,-1];[13,14,16]
[-84,34,-1];[15,15,13]
[-87,34,-1];[11,11,11]
[-43,55,1];[47,47,47]
[-91,34,-1];[53,53,53]
[1,33,-10];[0,28,135]
[78,34,-1];[55,57,54]
[-46,16,2];[244,207,92]
[-53,17,4];[249,203,21]
[47,34,-1];[65,66,61]
[41,34,-1];[49,49,49]
[-33,52,-9];[239,199,42]
[49,34,-1];[40,41,33]
[-22,20,-1];[76,78,77]
[16,60,2];[60,60,60]
[-81,32,-1];[65,67,66]
[-86,32,-1];[75,77,76]
[45,45,3];[60,52,41]
[-31,32,-13];[72,68,67]
[59,31,-1];[36,37,32]
[-1,1,5];[61,61,61]
[61,30,0];[1,1,1]
[50,8,-2];[69,69,69]
[-51,50,3];[5,5,3]
[5,60,0];[252,216,70]
[-47,35,13];[55,55,53]
[-44,30,-1];[7,7,5]
[-51,41,-15];[127,100,31]
[-46,30,-1];[7,7,5]
[79,18,-3];[80,77,70]
[-30,30,-1];[25,25,23]
[-17,6,3];[48,47,42]
[-33,39,11];[63,64,50]
[-32,30,-1];[61,63,62]
[-78,30,-1];[79,79,79]
[-50,30,-11];[48,47,45]
[-29,48,4];[110,112,111]
[15,38,-16];[23,23,23]
[-63,40,10];[55,56,60]
[-49,38,9];[194,164,50]
[-77,29,-1];[79,81,80]
[-23,14,-2];[73,69,70]
[-83,37,3];[11,11,11]
[-30,28,-1];[53,55,52]
[11,14,-14];[53,53,51]
[50,35,-3];[27,27,25]
[21,58,-7];[46,46,48]
[-40,28,-1];[2,2,2]
[-41,28,-1];[61,61,61]
[43,11,5];[11,11,11]
[-47,29,-1];[39,40,34]
[-51,28,-1];[6,6,6]
[-55,33,-13];[61,61,61]
[-73,28,-1];[67,71,74]
[-41,43,8];[41,40,38]
[0,33,10];[3,37,134]
[-89,38,-1];[48,48,46]
[16,26,-1];[26,26,16]
[-18,26,-1];[34,34,32]
[73,26,1];[40,33,25]
[-52,50,9];[234,195,16]
[56,46,4];[55,57,56]
[57,43,-6];[53,53,51]
[52,33,-5];[58,59,54]
[-4,32,15];[38,36,39]
[63,24,-1];[57,57,57]
[27,11,1];[63,63,63]
[62,23,-3];[58,58,58]
[19,24,-1];[29,30,25]
[17,53,9];[55,55,55]
[62,24,-1];[58,58,58]
[20,22,-1];[27,27,25]
[27,21,-1];[51,47,46]
[43,41,6];[8,8,8]
[-48,29,0];[17,17,17]
[-16,42,14];[51,51,51]
[-4,60,0];[251,214,71]
[8,31,-17];[46,45,41]
[29,19,-1];[51,49,50]
[1,55,8];[45,29,0]
[1,16,13];[56,56,56]
[-16,26,-1];[58,59,53]
[61,31,-5];[63,63,63]
[53,19,-1];[30,32,31]
[-29,33,13];[62,62,62]
[53,18,-1];[29,29,29]
[18,26,-2];[22,21,16]
[-59,19,-1];[79,80,84]
[-59,53,2];[33,33,33]
[16,18,-1];[2,2,4]
[-36,51,-9];[54,51,46]
[78,18,0];[82,70,44]
[-59,16,-1];[75,74,72]
[-59,18,0];[68,67,72]
[3,2,-8];[60,60,58]
[46,18,-1];[37,37,37]
[-20,17,-1];[4,4,2]
[51,15,-5];[39,39,39]
[-18,17,-1];[66,68,67]
[7,30,13];[45,45,45]
[41,14,5];[50,50,50]
[22,17,-1];[14,10,9]
[-54,16,1];[242,202,78]
[-15,49,-14];[62,63,65]
[20,11,-1];[118,96,13]
[64,26,0];[44,44,44]
[34,32,-11];[56,56,58]
[29,28,-10];[7,8,10]
[-27,16,-1];[69,69,69]
[-13,38,14];[32,32,34]
[-52,16,0];[242,210,91]
[0,9,-14];[55,55,55]
[48,13,-1];[6,4,5]
[-44,29,-2];[52,53,47]
[55,13,2];[71,71,71]
[27,14,-1];[1,1,1]
[23,13,-1];[1,1,0]
[-11,59,-2];[70,74,77]
[34,13,-1];[48,47,45]
[4,0,-2];[70,70,70]
[-65,32,-7];[66,68,67]
[28,11,-1];[1,1,1]
[0,45,-10];[77,119,195]
[-32,41,-12];[54,56,55]
[19,12,-1];[85,70,13]
[-4,34,10];[42,86,149]
[29,10,-1];[1,1,1]
[26,10,-1];[12,12,12]
[55,20,-2];[28,30,29]
[77,20,4];[69,68,63]
[11,1,5];[62,55,37]
[-33,16,-2];[241,203,80]
[92,44,1];[76,77,79]
[10,25,-9];[12,11,7]
[-33,29,2];[17,19,18]
[82,27,3];[7,7,7]
[90,45,3];[60,61,63]
[27,10,-1];[13,13,13]
[28,8,-1];[16,16,16]
[4,51,15];[65,66,68]
[75,35,5];[67,67,69]
[80,32,0];[1,1,1]
[-24,38,9];[33,32,28]
[33,8,-1];[2,2,0]
[-56,27,11];[41,42,46]
[16,8,-1];[8,8,10]
[2,18,12];[54,56,55]
[16,7,-1];[6,6,8]
[49,7,0];[73,73,73]
[-25,46,8];[31,31,31]
[29,7,-1];[19,19,19]
[88,23,3];[71,71,73]
[37,7,-1];[7,7,7]
[30,6,-1];[22,24,23]
[-32,51,1];[49,49,47]
[-17,5,-1];[3,3,3]
[81,14,1];[68,70,69]
[-32,31,7];[71,72,67]
[-37,17,5];[65,65,67]
[-28,45,-9];[36,37,39]
[38,4,0];[78,78,78]
[6,0,-1];[67,66,62]
[-57,50,10];[57,52,46]
[38,8,0];[20,17,12]
[-7,0,-1];[60,54,30]
[-8,0,-1];[241,203,80]
[-9,0,-1];[240,202,79]
[-59,66,-1];[117,117,117]
[80,26,-3];[52,52,52]
[-58,63,-2];[1,1,1]
[-56,62,-2];[28,28,28]
[-56,25,-8];[26,26,26]
[-54,38,-15];[232,194,61]
[-58,62,-2];[1,1,1]
[-42,53,-7];[235,198,45]
[-57,62,-2];[1,1,1]
[1,22,-11];[48,48,48]
[-56,61,-2];[22,22,22]
[-55,60,-2];[13,15,14]
[65,46,3];[72,73,75]
[13,57,8];[84,91,40]
[-57,61,-2];[1,1,1]
[-32,29,10];[45,41,38]
[19,25,4];[30,31,26]
[-59,67,0];[120,120,120]
[-17,47,16];[62,63,67]
[-26,25,7];[31,31,31]
[-55,59,-2];[15,15,15]
[19,58,0];[41,49,70]
[26,22,-2];[24,23,19]
[19,58,-1];[35,43,62]
[80,30,1];[6,6,8]
[-76,33,-8];[87,88,90]
[-37,33,12];[63,65,64]
[18,58,6];[58,58,56]
[-41,48,1];[56,58,55]
[-10,58,-1];[38,38,38]
[-46,53,-4];[32,28,16]
[-50,57,-1];[37,35,36]
[-11,9,13];[59,59,59]
[78,44,3];[235,201,31]
[-6,49,13];[122,121,119]
[-11,56,-1];[49,49,49]
[-11,55,-1];[39,39,37]
[6,57,-8];[188,168,82]
[-34,56,-1];[46,46,46]
[-43,56,-1];[47,47,47]
[48,7,-3];[70,70,70]
[-43,55,-1];[43,43,45]
[21,55,-1];[34,34,34]
[44,20,2];[18,18,18]
[-21,56,-1];[47,47,47]
[-55,51,1];[7,7,5]
[-22,33,-9];[61,61,61]
[-32,55,-1];[46,47,49]
[-28,55,-1];[16,16,16]
[35,54,0];[58,58,58]
[-11,56,3];[41,43,42]
[33,54,-1];[56,56,56]
[28,54,-1];[57,57,57]
[-21,18,0];[22,24,19]
[-32,38,11];[186,165,86]
[-56,54,-1];[29,31,30]
[-3,58,6];[65,67,56]
[-59,54,-1];[67,68,70]
[-16,18,-6];[32,32,32]
[37,52,-1];[58,58,58]
[-27,55,1];[50,50,50]
[53,47,3];[72,72,74]
[-26,51,-1];[39,55,104]
[-41,42,14];[247,209,24]
[-62,30,-3];[20,20,20]
[-33,51,-1];[58,60,57]
[-40,51,-1];[46,48,47]
[-49,56,4];[64,66,65]
[-58,51,-1];[30,30,30]
[-60,32,-11];[62,61,59]
[43,6,-4];[22,22,22]
[-69,51,-1];[75,73,74]
[-73,50,-1];[47,47,45]
[17,51,11];[58,57,55]
[-33,34,-8];[50,52,51]
[23,40,-13];[72,133,224]
[-65,50,-1];[52,52,50]
[-25,49,-1];[34,34,32]
[84,17,-5];[69,70,74]
[-26,49,-1];[119,121,120]
[-80,49,-1];[55,55,53]
[-32,49,-1];[59,69,105]
[-39,49,-1];[117,126,143]
[-38,49,-1];[78,85,91]
[72,47,-1];[53,57,56]
[-45,49,-1];[19,19,19]
[-48,36,8];[35,36,31]
[3,31,16];[104,103,108]
[9,58,6];[68,65,56]
[-51,49,-1];[7,6,4]
[-53,21,-5];[54,42,4]
[-79,47,-1];[31,31,29]
[68,47,-1];[58,58,58]
[-91,47,-2];[57,57,57]
[-34,41,-12];[32,32,30]
[-30,22,6];[64,65,67]
[-10,38,15];[95,94,92]
[9,46,9];[0,33,114]
[81,29,-2];[80,77,60]
[-92,47,-1];[117,119,118]
[90,46,-1];[55,56,58]
[43,44,-15];[57,56,54]
[-80,46,4];[25,25,25]
[88,46,-1];[57,57,57]
[-59,51,-1];[30,30,32]
[32,31,8];[51,52,54]
[-22,17,-3];[6,6,4]
[2,22,-11];[48,48,48]
[86,46,-1];[58,58,58]
[-8,57,-7];[47,47,47]
[41,35,-8];[25,25,25]
[-77,38,8];[1,1,1]
[-52,31,2];[24,24,24]
[34,30,8];[21,21,19]
[77,46,-1];[254,219,3]
[47,46,-1];[46,43,38]
[-87,46,-2];[14,14,12]
[50,35,0];[33,33,31]
[20,24,6];[6,6,6]
[85,28,5];[65,66,68]
[-82,42,-1];[92,96,95]
[-81,42,-1];[41,43,42]
[-79,41,-1];[54,56,53]
[-79,41,-2];[54,54,54]
[89,39,-1];[77,77,77]
[-85,43,-8];[60,61,63]
[-39,41,11];[34,34,34]
[-88,38,-2];[17,17,17]
[25,54,-5];[56,56,56]
[-37,28,10];[53,55,54]
[43,21,1];[31,33,32]
[-92,38,-2];[3,3,3]
[14,60,1];[237,206,77]
[-83,33,3];[42,42,42]
[78,38,-6];[70,69,64]
[2,46,9];[34,69,133]
[89,39,1];[76,77,79]
[-91,38,-2];[13,13,11]
[50,35,-1];[32,32,32]
[-20,35,-14];[48,48,48]
[-79,34,-2];[120,115,86]
[-87,34,-2];[13,13,15]
[47,16,0];[32,34,33]
[-70,49,6];[44,45,47]
[-88,34,-2];[11,11,11]
[-66,50,1];[47,47,45]
[-91,33,-1];[79,79,77]
[74,46,-3];[26,26,24]
[37,12,-4];[41,40,38]
[74,33,-1];[21,21,23]
[46,32,-1];[58,55,46]
[-15,31,14];[156,155,151]
[-23,45,10];[56,58,55]
[80,35,-1];[45,45,45]
[57,31,-1];[43,43,41]
[-90,35,1];[11,11,11]
[-53,30,-1];[23,24,19]
[54,31,-1];[48,48,46]
[-83,31,-1];[76,76,76]
[-57,25,6];[9,6,1]
[39,48,7];[66,66,66]
[-83,34,3];[42,42,42]
[38,46,-16];[47,47,45]
[-59,30,-1];[6,8,7]
[-32,31,11];[64,64,62]
[-14,54,-6];[43,43,43]
[-16,7,2];[13,13,13]
[-60,30,-1];[10,10,8]
[-27,47,-14];[234,192,56]
[-53,63,-1];[53,53,53]
[39,26,3];[60,60,60]
[-68,29,2];[62,62,62]
[74,30,-1];[19,19,19]
[66,32,-6];[132,132,132]
[-51,30,-1];[49,49,49]
[-54,30,-1];[22,23,18]
[9,7,12];[246,208,37]
[34,26,6];[57,57,57]
[74,34,2];[8,8,6]
[46,10,3];[81,83,78]
[52,32,4];[64,66,65]
[-61,20,-2];[88,88,90]
[-55,30,-1];[10,11,13]
[81,30,-1];[51,51,43]
[-15,54,8];[78,78,80]
[78,15,0];[40,38,39]
[-27,50,10];[57,55,43]
[-57,29,-1];[0,0,0]
[78,29,-1];[41,47,45]
[-50,47,5];[6,6,6]
[-55,22,-4];[25,17,14]
[82,29,-1];[54,51,36]
[-73,29,-1];[29,29,29]
[-62,29,-2];[14,14,16]
[57,45,-6];[49,49,49]
[-42,32,-9];[54,54,54]
[-74,29,-1];[22,22,20]
[-22,35,-10];[71,73,72]
[-58,50,10];[52,49,42]
[43,6,3];[6,6,6]
[-76,29,-1];[79,81,80]
[-10,1,-6];[243,201,65]
[-32,28,-1];[31,31,31]
[-58,65,-3];[76,77,79]
[3,1,-8];[61,61,59]
[-19,50,4];[52,52,50]
[88,27,4];[72,72,74]
[-27,50,3];[195,163,54]
[38,30,3];[43,43,43]
[-52,47,-10];[2,2,2]
[-43,28,-1];[69,119,234]
[-60,31,2];[10,10,10]
[-14,53,-10];[62,62,62]
[88,29,0];[67,67,67]
[22,22,5];[11,11,11]
[88,28,-1];[66,66,66]
[46,46,0];[55,56,51]
[43,44,12];[81,80,78]
[-43,51,3];[44,46,45]
[65,27,2];[28,28,28]
[38,28,-1];[22,20,21]
[-92,40,1];[14,15,17]
[39,27,-1];[26,26,26]
[81,27,-1];[41,41,41]
[20,17,-1];[17,17,17]
[-56,20,4];[19,16,7]
[84,44,-4];[66,67,69]
[92,44,-2];[74,74,76]
[66,27,-1];[21,21,21]
[83,23,-6];[67,68,70]
[-5,24,-9];[17,13,12]
[59,27,0];[18,20,19]
[-21,21,2];[61,63,60]
[59,27,-1];[22,22,22]
[-37,52,-8];[66,63,48]
[-61,26,-1];[149,199,232]
[58,26,-1];[24,26,25]
[81,25,-1];[26,26,26]
[58,25,-1];[26,28,27]
[79,30,-1];[77,81,80]
[88,24,-1];[68,68,68]
[62,23,-1];[58,58,58]
[56,23,-1];[31,31,31]
[-31,56,0];[45,47,46]
[14,34,15];[59,59,61]
[-16,23,-1];[34,34,34]
[-24,15,-6];[206,205,203]
[-20,23,-1];[64,64,62]
[-72,38,-11];[29,31,30]
[17,23,-1];[28,28,26]
[21,21,-1];[17,17,15]
[45,19,-1];[35,35,35]
[-47,53,6];[233,197,39]
[44,20,-1];[38,38,36]
[-59,20,-1];[139,140,144]
[-92,38,2];[12,12,14]
[-83,43,4];[15,15,15]
[-37,40,11];[53,53,53]
[59,19,0];[63,63,63]
[2,0,4];[64,64,64]
[-80,33,3];[57,59,56]
[30,17,-1];[48,47,45]
[-21,17,-1];[24,26,25]
[-49,32,8];[104,109,105]
[46,17,-1];[36,36,36]
[17,17,-1];[2,2,2]
[22,16,-1];[4,4,6]
[-41,16,0];[69,68,66]
[-81,47,-4];[46,46,46]
[-46,16,0];[239,204,88]
[52,16,-1];[27,27,27]
[-74,38,10];[1,1,1]
[35,27,8];[68,69,71]
[88,15,-2];[65,65,67]
[-19,47,7];[45,47,44]
[41,23,2];[25,25,25]
[-22,46,-9];[21,22,17]
[79,15,-1];[78,78,80]
[-59,53,-1];[52,53,55]
[32,15,-1];[46,45,43]
[26,15,-1];[1,1,1]
[-35,16,-5];[248,201,9]
[71,41,-6];[51,53,52]
[82,13,-1];[88,88,90]
[16,15,5];[11,11,11]
[84,13,-1];[78,78,80]
[54,12,-1];[73,73,73]
[-29,33,7];[23,24,26]
[-84,46,4];[60,61,63]
[23,12,-1];[50,50,42]
[-22,12,-1];[203,206,213]
[-18,11,-1];[31,30,28]
[36,11,-1];[23,25,24]
[18,11,-1];[30,26,23]
[57,31,-4];[41,41,39]
[-53,52,-9];[63,62,60]
[-8,31,15];[51,45,29]
[-20,11,-1];[226,205,122]
[-21,11,-1];[12,8,0]
[-35,51,2];[34,34,24]
[16,48,-16];[52,52,52]
[30,10,-1];[1,1,0]
[52,10,0];[70,70,70]
[52,9,-1];[67,67,67]
[51,9,0];[68,68,66]
[51,9,-1];[67,67,67]
[61,43,5];[60,60,60]
[36,10,-1];[22,22,22]
[-80,48,-3];[64,64,64]
[48,45,-3];[41,41,41]
[37,9,-1];[30,26,23]
[2,6,12];[60,60,60]
[38,8,-1];[8,8,10]
[-60,30,7];[41,41,39]
[-79,44,3];[30,30,30]
[38,9,-1];[15,15,15]
[39,7,-1];[10,10,10]
[38,7,-1];[7,7,7]
[73,36,-6];[93,70,26]
[49,7,-1];[72,72,72]
[48,7,-1];[74,74,74]
[-63,42,-11];[47,48,52]
[35,7,-1];[2,2,2]
[-16,6,-1];[4,4,4]
[-55,49,10];[235,197,24]
[31,6,-1];[26,26,26]
[45,5,0];[74,76,75]
[25,54,-8];[64,64,62]
[41,4,-1];[76,78,77]
[-90,45,3];[57,61,64]
[24,35,15];[63,66,71]
[15,0,-1];[49,49,49]
[11,0,-1];[76,70,54]
[7,30,14];[31,32,27]
[4,0,-1];[71,71,71]
[-14,25,6];[2,2,0]
[1,0,-1];[69,69,69]
[0,0,-1];[70,70,70]
[-8,0,4];[241,203,76]
[-2,0,-1];[70,70,70]
[-38,46,13];[250,211,22]
[-59,57,2];[88,86,89]
[65,38,5];[85,71,32]
[-21,20,-5];[39,39,39]
[-13,0,-1];[69,71,70]
[-6,60,-2];[55,53,54]
[-12,2,-8];[57,57,55]
[14,60,-1];[240,190,39]
[-1,6,12];[59,61,60]
[32,16,1];[53,45,34]
[-52,60,-1];[51,51,51]
[7,4,9];[248,210,39]
[-58,58,-2];[1,1,0]
[19,57,-2];[42,48,62]
[-47,48,-4];[45,45,43]
[13,60,-1];[254,215,52]
[-11,57,-1];[49,49,49]
[-55,58,-2];[15,17,16]
[60,31,-3];[28,29,23]
[-49,56,-1];[59,59,59]
[-56,58,-2];[19,17,18]
[-55,56,-2];[40,40,40]
[-19,44,-17];[83,84,89]
[-40,55,-1];[45,46,48]
[46,14,-7];[57,58,60]
[13,59,4];[29,16,0]
[27,54,3];[57,57,57]
[-56,56,-2];[34,34,34]
[-60,43,-9];[2,2,2]
[-40,22,3];[48,37,0]
[-56,55,-2];[30,30,30]
[26,23,6];[7,6,4]
[-41,38,-12];[47,62,103]
[-57,55,-2];[1,1,1]
[-34,50,4];[15,15,15]
[9,15,13];[241,200,30]
[-58,55,-2];[0,0,0]
[-55,54,-2];[38,40,39]
[-70,51,-1];[150,148,151]
[-16,25,-3];[18,18,16]
[-62,44,-8];[32,33,37]
[-23,51,-1];[88,86,73]
[4,43,10];[88,115,160]
[-60,51,-1];[101,102,104]
[0,58,2];[239,214,98]
[-67,44,9];[0,0,0]
[-81,42,4];[32,32,32]
[-69,50,-1];[77,75,76]
[-66,50,-1];[53,53,51]
[-37,49,-1];[80,85,91]
[-37,48,-1];[80,85,91]
[56,37,-6];[101,80,13]
[-42,49,-1];[22,23,25]
[47,14,3];[20,20,18]
[-58,54,-3];[26,26,26]
[-43,49,-2];[83,90,100]
[-44,49,-2];[109,117,130]
[-34,28,-10];[54,54,52]
[16,26,7];[0,0,0]
[-49,49,-2];[51,52,54]
[-59,48,-1];[9,9,9]
[-25,51,-3];[84,84,74]
[-52,16,1];[243,207,93]
[-62,49,-1];[7,7,7]
[-53,50,-10];[63,60,51]
[-79,48,-1];[31,31,29]
[32,51,-12];[60,60,62]
[-83,48,-1];[57,57,57]
[-57,48,-1];[8,8,8]
[41,47,-2];[14,14,16]
[-11,47,-17];[75,75,75]
[-31,23,-4];[21,21,13]
[73,47,-1];[62,60,61]
[-9,40,-13];[41,63,110]
[8,58,2];[204,177,70]
[71,47,-1];[56,56,56]
[67,47,-1];[56,58,57]
[65,47,-1];[57,57,57]
[59,47,-1];[57,57,57]
[48,14,-2];[16,16,16]
[-5,59,2];[85,55,21]
[-89,35,1];[12,12,12]
[51,46,-1];[49,46,41]
[10,20,-13];[62,59,50]
[-86,46,-2];[17,19,18]
[44,32,-2];[65,65,53]
[-89,46,-2];[60,62,61]
[-34,48,-13];[250,206,49]
[-48,55,3];[37,37,37]
[75,21,-1];[62,55,45]
[48,45,-1];[45,41,38]
[91,44,0];[75,75,77]
[10,48,-16];[18,19,23]
[91,44,-2];[73,75,74]
[24,22,-8];[154,149,146]
[-76,42,10];[71,71,71]
[-81,42,-2];[31,31,29]
[-90,42,-2];[30,30,30]
[90,41,-1];[75,76,78]
[-78,37,-2];[60,62,61]
[-80,44,8];[122,122,122]
[46,35,-1];[35,36,30]
[-93,34,-1];[82,84,83]
[-80,33,-2];[3,3,3]
[-86,34,-2];[15,15,15]
[-22,50,1];[71,73,72]
[75,33,-1];[88,89,93]
[-29,41,-10];[28,28,26]
[56,31,-1];[47,47,45]
[60,31,-1];[41,40,35]
[-58,48,-9];[11,12,14]
[-37,47,-14];[251,206,43]
[-61,30,-1];[9,9,9]
[-85,42,-5];[76,78,75]
[37,30,-1];[15,15,15]
[-13,30,-13];[52,52,50]
[26,24,10];[169,167,168]
[82,30,2];[26,26,28]
[-42,30,-1];[6,8,7]
[-36,30,-1];[53,55,54]
[26,32,-11];[11,11,9]
[-5,30,13];[50,52,51]
[-80,31,-3];[67,67,67]
[-67,29,-1];[2,2,2]
[81,29,-1];[82,77,55]
[28,41,-17];[24,24,24]
[-45,28,-1];[44,44,36]
[-48,56,-1];[57,57,57]
[-48,28,-1];[31,34,41]
[-81,37,-7];[36,36,36]
[-56,64,-2];[12,12,12]
[82,29,-2];[191,164,59]
[-37,27,9];[57,59,58]
[81,28,-1];[75,77,74]
[-21,46,9];[45,47,46]
[18,25,0];[22,23,18]
[-61,44,7];[17,17,17]
[88,25,-1];[67,67,69]
[41,24,-1];[31,31,31]
[-17,23,-1];[27,27,25]
[42,23,-1];[33,33,33]
[-16,21,-1];[19,19,17]
[24,22,-1];[36,37,32]
[1,14,-14];[54,54,54]
[-55,31,-8];[3,4,8]
[-21,21,-1];[35,35,33]
[-52,44,10];[3,4,6]
[-22,50,-1];[18,20,19]
[-21,20,-1];[42,42,42]
[7,26,8];[23,24,19]
[-79,44,7];[61,61,61]
[-16,20,-1];[56,56,56]
[-59,17,0];[64,64,66]
[33,27,8];[12,12,12]
[44,37,-5];[11,11,11]
[77,46,1];[250,214,4]
[57,17,-2];[65,65,65]
[-85,37,3];[30,32,31]
[70,43,5];[60,62,61]
[18,17,-1];[29,29,29]
[18,17,-2];[16,16,16]
[-48,50,5];[5,5,5]
[-5,60,2];[50,50,52]
[-82,39,-1];[44,44,44]
[-48,16,-1];[68,68,68]
[-51,16,-1];[32,33,35]
[-11,58,2];[7,7,7]
[-58,16,-2];[72,72,70]
[-25,15,-1];[79,78,76]
[-75,34,8];[57,61,62]
[-11,40,-16];[40,42,41]
[-24,45,-11];[55,57,56]
[9,28,-11];[54,46,31]
[16,10,-1];[4,4,6]
[64,28,5];[69,70,74]
[34,7,-1];[2,2,0]
[-48,27,-11];[53,53,51]
[3,38,-12];[82,119,189]
[-16,7,-1];[2,2,2]
[61,30,3];[4,4,4]
[-57,61,1];[1,1,3]
[17,5,-1];[0,0,0]
[-17,4,-1];[45,46,48]
[27,34,13];[67,68,70]
[40,4,0];[76,77,79]
[18,49,13];[84,84,84]
[40,4,-1];[77,77,77]
[-57,19,-6];[56,49,39]
[-15,0,-1];[50,50,48]
[17,15,-4];[1,1,0]
[74,34,0];[19,19,19]
[-48,36,-14];[125,183,205]
[-58,67,-2];[126,126,128]
[60,47,2];[60,60,60]
[-54,66,-1];[57,57,57]
[88,34,1];[68,68,68]
[-10,53,-10];[55,56,58]
[-5,3,9];[160,143,91]
[-53,62,-1];[52,52,50]
[-28,16,-5];[23,24,18]
[3,60,-1];[247,206,66]
[-35,35,13];[42,37,33]
[32,44,15];[41,41,43]
[-31,16,3];[65,58,39]
[-4,60,-1];[210,176,52]
[-44,55,0];[46,46,46]
[-52,57,0];[48,48,48]
[-52,56,0];[4,4,4]
[-52,57,-1];[47,47,47]
[-20,46,10];[73,75,74]
[32,15,-3];[16,15,13]
[36,54,-1];[68,68,68]
[30,54,-1];[57,57,57]
[-53,32,-13];[61,61,59]
[27,54,-2];[57,57,57]
[-37,42,14];[55,55,53]
[-71,51,-1];[173,173,175]
[53,31,2];[41,41,39]
[0,16,13];[55,55,55]
[51,35,-2];[28,28,26]
[-78,32,0];[40,40,40]
[-73,51,-1];[45,45,43]
[38,50,-1];[57,57,55]
[-37,53,4];[94,90,79]
[-39,53,3];[5,5,5]
[-8,14,13];[249,215,32]
[14,26,-10];[34,34,34]
[-81,46,1];[23,23,23]
[-26,50,-1];[91,91,83]
[-56,39,8];[4,4,4]
[-30,53,3];[0,0,0]
[-68,50,-1];[11,11,9]
[-86,43,5];[2,0,1]
[-78,50,-2];[89,91,90]
[-29,50,-1];[84,84,74]
[-47,49,-2];[51,52,54]
[-48,49,-2];[51,52,54]
[83,41,-5];[67,68,70]
[-53,49,-2];[6,6,6]
[49,36,-2];[31,31,29]
[-61,48,-1];[13,15,14]
[29,36,15];[30,30,30]
[-58,48,-1];[0,0,2]
[-70,28,0];[67,67,67]
[-79,49,-2];[108,109,111]
[39,48,-1];[56,56,56]
[16,9,2];[34,34,34]
[-52,39,-12];[55,55,55]
[-45,29,-11];[33,33,33]
[-79,48,-2];[6,6,6]
[-62,33,-8];[18,18,18]
[49,12,-5];[32,32,34]
[58,17,-3];[65,67,66]
[-81,47,-1];[18,18,18]
[-82,47,-1];[144,149,145]
[78,46,-1];[254,221,6]
[6,60,-3];[173,152,95]
[32,54,4];[56,56,56]
[86,46,-2];[57,57,57]
[85,46,-2];[58,58,58]
[-56,51,9];[51,48,43]
[79,46,-2];[75,61,34]
[-15,3,9];[84,88,89]
[-86,42,-2];[6,6,6]
[-88,39,-3];[15,15,13]
[-91,42,-2];[0,0,0]
[-54,51,2];[7,7,5]
[89,38,-1];[82,82,82]
[-65,34,8];[52,51,56]
[-17,9,-7];[82,86,97]
[-78,35,-2];[135,136,128]
[76,34,-2];[21,21,21]
[-4,58,2];[234,211,97]
[14,41,-13];[48,88,139]
[58,34,5];[71,71,71]
[75,34,-2];[38,40,39]
[41,34,-2];[46,46,44]
[78,21,5];[65,66,61]
[37,51,0];[58,58,58]
[49,34,-2];[49,49,41]
[-17,19,5];[26,26,24]
[40,33,-2];[59,60,62]
[-81,39,0];[36,36,36]
[-67,35,8];[23,23,25]
[-15,26,5];[18,19,14]
[83,40,-5];[61,62,64]
[75,32,-2];[35,35,35]
[-80,30,-2];[79,77,78]
[-45,30,-2];[7,7,5]
[-79,30,-2];[53,50,45]
[-62,30,-1];[13,14,9]
[-79,34,-3];[61,61,61]
[-24,49,3];[50,50,50]
[15,6,10];[76,77,79]
[75,29,-1];[14,14,14]
[-11,44,-16];[37,37,37]
[-5,13,-14];[51,51,49]
[61,29,-1];[5,5,5]
[-40,18,-6];[53,53,51]
[-76,29,-2];[77,77,75]
[-5,29,-13];[54,56,55]
[-61,38,9];[14,14,14]
[-30,23,4];[19,20,15]
[-25,15,1];[80,80,80]
[42,45,10];[61,61,61]
[4,37,11];[89,118,162]
[38,29,-1];[16,16,16]
[-61,47,4];[12,12,12]
[-43,25,-10];[69,68,66]
[2,59,-6];[250,221,101]
[20,57,-3];[32,40,53]
[82,28,-2];[56,56,56]
[-43,24,5];[42,44,43]
[82,27,-2];[171,146,54]
[15,48,-15];[51,51,51]
[74,24,-1];[57,52,48]
[-61,24,-1];[147,196,226]
[34,39,-16];[28,28,28]
[-30,55,-3];[40,40,40]
[-4,0,3];[66,66,66]
[-61,23,0];[154,199,232]
[-16,4,6];[47,47,49]
[20,22,-2];[18,18,16]
[17,22,-1];[48,48,46]
[-86,41,2];[10,10,10]
[74,41,-6];[36,36,28]
[62,23,-5];[67,66,64]
[88,22,-1];[68,68,68]
[-21,22,-1];[27,27,27]
[-79,36,4];[16,16,16]
[-3,32,-14];[13,11,16]
[76,21,-2];[63,59,48]
[60,20,-1];[61,61,61]
[-21,18,-1];[23,25,20]
[-57,40,-9];[6,6,6]
[-40,48,1];[54,56,55]
[-59,18,-1];[6,6,4]
[-23,46,10];[56,58,55]
[16,16,-2];[1,1,0]
[-18,17,-2];[59,59,57]
[2,60,0];[253,216,65]
[-30,16,-1];[68,70,69]
[17,17,11];[71,72,76]
[-41,16,-1];[68,68,68]
[-5,35,-11];[84,123,198]
[-4,57,-8];[227,192,72]
[-47,16,-1];[68,67,65]
[21,23,3];[4,2,3]
[33,15,-2];[18,18,20]
[49,14,-1];[3,3,3]
[26,10,-2];[12,10,11]
[-42,20,4];[29,29,19]
[-84,34,2];[44,45,47]
[75,45,1];[108,95,42]
[52,10,-1];[69,69,69]
[-44,47,-13];[64,61,46]
[-16,8,-1];[2,2,2]
[17,6,-1];[173,174,178]
[32,5,-2];[33,33,31]
[42,4,-2];[76,77,79]
[19,46,15];[28,27,25]
[43,39,5];[5,5,7]
[38,4,-1];[79,79,79]
[-8,31,-15];[79,78,73]
[37,4,-1];[79,80,82]
[17,4,-1];[20,20,20]
[-83,43,-3];[10,10,10]
[-19,14,2];[56,57,59]
[-42,31,-4];[6,8,7]
[-59,66,-2];[150,150,150]
[-43,16,4];[250,203,9]
[-50,57,-2];[48,46,47]
[29,54,-1];[57,57,55]
[-51,54,-1];[2,2,2]
[-82,49,-2];[59,59,59]
[-5,31,-16];[29,29,29]
[-36,48,-2];[80,85,91]
[-41,49,-2];[89,96,104]
[-16,21,6];[16,16,14]
[53,11,4];[78,76,77]
[-76,49,-2];[1,1,1]
[63,47,-1];[56,56,56]
[-34,56,0];[44,44,44]
[88,46,-2];[57,57,55]
[76,29,-5];[38,38,38]
[87,46,-2];[58,58,58]
[5,33,12];[15,89,194]
[75,46,-2];[190,172,64]
[-80,45,-2];[192,164,55]
[44,12,-6];[10,10,12]
[10,28,10];[52,48,39]
[-81,45,-2];[192,164,54]
[-34,25,-9];[66,65,70]
[-65,49,-3];[57,59,58]
[-86,45,-2];[17,19,18]
[-81,44,-2];[197,165,42]
[-82,45,-2];[86,88,87]
[-88,45,-2];[122,127,123]
[49,7,-2];[72,72,72]
[-90,45,-2];[27,27,29]
[16,9,8];[27,27,27]
[-81,43,-2];[13,13,13]
[-48,16,3];[65,65,67]
[-11,32,16];[44,40,29]
[-84,43,-2];[10,10,10]
[-45,30,1];[12,16,17]
[-29,22,-4];[1,1,0]
[-89,43,-2];[51,53,52]
[-90,43,-2];[8,8,8]
[10,0,-1];[238,202,82]
[73,25,0];[19,21,20]
[-31,31,12];[63,65,64]
[-91,43,-2];[1,1,1]
[37,51,-4];[58,58,58]
[-16,8,1];[12,12,14]
[-79,37,-2];[31,31,23]
[26,54,-1];[56,56,56]
[-81,37,-2];[122,118,93]
[-88,37,-2];[16,16,16]
[-72,45,9];[46,47,49]
[-7,51,-13];[65,63,66]
[-1,26,-10];[25,25,25]
[-2,58,3];[188,166,54]
[-6,23,9];[219,183,7]
[-68,29,1];[6,6,6]
[-87,37,-2];[14,14,14]
[-89,37,-2];[41,41,39]
[-78,36,-2];[55,57,54]
[-79,36,-2];[37,36,31]
[-82,36,-2];[96,98,97]
[-58,26,11];[74,74,74]
[15,48,14];[105,105,105]
[45,10,4];[64,64,62]
[20,17,1];[16,15,13]
[-47,25,7];[36,36,36]
[-60,44,-14];[55,56,58]
[-86,35,-2];[15,15,15]
[-87,36,-2];[20,20,20]
[-35,34,8];[45,47,46]
[-21,54,3];[41,41,39]
[-12,53,-10];[56,57,59]
[-88,36,-2];[13,15,14]
[-5,7,12];[72,60,34]
[-88,35,-2];[11,11,11]
[-35,48,-5];[200,166,40]
[-89,35,-2];[55,57,56]
[-24,51,0];[93,95,92]
[-90,36,-2];[13,13,13]
[-91,36,-2];[2,2,2]
[-91,35,-2];[3,3,3]
[47,35,-1];[37,36,32]
[78,35,-2];[22,24,23]
[29,47,-16];[91,89,90]
[-82,33,-2];[32,32,32]
[-88,32,-2];[77,79,78]
[-56,30,-2];[5,5,3]
[-30,29,-3];[22,24,23]
[-26,21,1];[56,58,55]
[81,30,-2];[89,78,33]
[-63,29,-1];[56,58,57]
[67,28,-2];[13,13,13]
[-15,52,10];[56,56,54]
[81,28,-2];[174,146,46]
[-84,46,-5];[64,66,65]
[2,30,15];[3,3,3]
[80,27,-2];[16,16,16]
[-34,48,-4];[200,166,40]
[65,26,-2];[44,44,44]
[-58,50,-10];[58,58,58]
[52,31,-1];[55,55,53]
[81,25,-2];[25,27,26]
[-24,23,5];[5,5,5]
[48,45,0];[60,55,49]
[-81,45,-3];[15,15,15]
[46,18,-2];[28,28,28]
[63,25,-1];[47,47,47]
[-17,10,8];[14,14,14]
[81,43,4];[71,71,69]
[-17,25,-2];[140,134,102]
[-81,46,2];[28,28,28]
[19,24,-2];[20,21,16]
[-21,20,-2];[76,80,79]
[78,23,-6];[58,57,55]
[-67,50,-3];[8,9,11]
[25,19,-2];[0,0,0]
[8,52,11];[56,56,54]
[-3,31,16];[102,103,107]
[-34,32,9];[44,46,45]
[78,15,-2];[61,62,64]
[78,15,-1];[40,40,38]
[80,14,-2];[77,78,80]
[-85,34,-4];[46,46,44]
[-68,29,-4];[61,61,59]
[23,15,-2];[1,1,1]
[55,14,-1];[71,71,71]
[22,23,5];[11,11,11]
[-23,13,-2];[103,101,102]
[-50,49,1];[25,25,25]
[30,54,-9];[87,86,84]
[43,41,-7];[7,7,9]
[-22,12,-2];[88,80,77]
[25,12,-2];[6,6,6]
[-86,41,0];[47,44,27]
[22,11,-2];[124,115,74]
[7,11,13];[252,217,37]
[-56,33,-14];[59,59,57]
[17,11,-2];[41,42,36]
[-83,36,-3];[64,66,63]
[-16,10,-1];[4,4,4]
[-21,36,-11];[56,58,55]
[51,8,-1];[68,68,68]
[16,6,-2];[4,4,4]
[-17,8,6];[147,146,142]
[-88,36,-3];[16,16,16]
[16,5,-2];[1,1,1]
[-3,0,-1];[71,69,70]
[-2,59,5];[104,78,1]
[-54,66,-2];[99,99,101]
[10,25,-7];[164,125,20]
[-57,66,-2];[1,1,1]
[-16,26,4];[25,26,21]
[-39,47,8];[198,172,79]
[-54,47,-5];[5,5,5]
[25,46,15];[41,43,42]
[-56,66,-2];[23,23,23]
[-58,44,-8];[7,7,5]
[-25,45,-14];[251,205,49]
[40,34,11];[36,36,36]
[-55,65,-2];[70,71,73]
[-34,28,-1];[49,49,49]
[-17,30,12];[35,35,35]
[-57,65,-2];[1,1,1]
[51,33,3];[64,65,67]
[-54,65,-2];[112,112,112]
[-58,65,-2];[1,1,1]
[12,58,2];[243,210,77]
[-53,63,-2];[108,107,112]
[-57,60,-2];[1,1,1]
[64,27,5];[213,214,218]
[-82,47,4];[65,65,67]
[-59,62,-2];[138,137,135]
[2,13,-14];[55,55,55]
[-53,61,-2];[94,94,94]
[18,60,-1];[54,54,54]
[12,37,15];[70,74,77]
[30,31,9];[21,21,21]
[-7,60,-1];[57,57,57]
[14,60,-2];[250,213,62]
[71,43,5];[62,62,62]
[-21,15,-4];[0,0,0]
[8,60,-2];[247,210,77]
[-81,49,1];[55,55,55]
[-38,45,13];[247,210,33]
[41,47,1];[50,50,50]
[39,25,3];[62,62,64]
[10,45,-11];[30,63,170]
[-32,16,2];[239,203,83]
[5,60,-2];[239,206,73]
[-69,49,-6];[53,53,53]
[-29,49,5];[110,112,111]
[-59,60,-2];[130,130,130]
[29,9,1];[68,68,70]
[13,59,-2];[95,90,61]
[1,59,-2];[56,49,23]
[-2,59,-2];[51,39,1]
[-31,28,0];[57,59,58]
[-1,51,-13];[61,61,61]
[-59,56,-2];[129,131,130]
[-47,16,3];[62,61,57]
[-23,55,-2];[44,44,44]
[-4,57,8];[252,217,73]
[-26,55,-2];[47,49,48]
[-20,40,10];[52,54,51]
[-30,55,-2];[47,47,47]
[-36,55,-2];[44,44,44]
[-59,29,-2];[0,0,0]
[-23,50,5];[63,65,64]
[-38,55,-2];[45,45,45]
[-41,55,-2];[46,46,46]
[-21,47,7];[60,60,60]
[-30,44,11];[47,49,48]
[-73,50,4];[49,49,47]
[-16,7,-5];[18,22,23]
[10,50,13];[40,40,40]
[-21,27,9];[5,5,5]
[81,41,-5];[62,64,63]
[45,9,4];[75,75,75]
[-25,55,-2];[43,45,44]
[-19,55,-2];[33,33,31]
[30,54,-2];[57,57,55]
[-37,35,13];[63,62,60]
[-46,17,-5];[40,34,18]
[23,54,-1];[53,53,51]
[4,50,13];[26,29,36]
[-48,45,-14];[234,207,92]
[36,54,-2];[66,66,66]
[-91,42,-1];[18,20,19]
[-15,54,-1];[32,32,32]
[75,45,2];[80,74,48]
[44,46,2];[50,50,50]
[-47,51,-2];[22,24,21]
[-48,51,-2];[65,67,66]
[-58,27,10];[61,63,62]
[-56,51,-2];[5,5,3]
[-50,51,-2];[54,56,55]
[-53,51,-2];[53,55,54]
[13,35,16];[84,83,88]
[-72,51,-2];[94,94,94]
[-22,43,10];[53,53,53]
[-73,50,-2];[22,22,22]
[-70,50,-2];[36,38,37]
[-49,34,9];[35,35,33]
[-71,51,-2];[161,162,164]
[-35,52,6];[77,74,65]
[-76,50,-2];[82,82,82]
[68,36,-6];[224,196,89]
[-20,50,-2];[87,89,88]
[14,26,-9];[24,24,22]
[-21,54,2];[38,38,40]
[-25,49,-2];[34,34,32]
[23,12,1];[88,81,39]
[8,25,6];[171,136,16]
[-19,49,-2];[44,44,44]
[-59,49,-1];[9,9,11]
[-39,49,-2];[117,126,143]
[-40,49,-2];[81,85,94]
[4,60,-3];[99,76,6]
[-44,31,4];[64,68,69]
[-49,48,-2];[51,52,54]
[31,33,-12];[62,62,60]
[-37,48,-2];[80,85,91]
[20,27,-8];[27,27,27]
[40,47,4];[53,55,54]
[25,17,0];[1,1,1]
[-87,48,-2];[61,61,61]
[-5,34,10];[0,20,63]
[70,47,-2];[58,58,58]
[71,31,-6];[48,49,51]
[57,47,-2];[58,58,56]
[36,13,-4];[40,40,38]
[-78,45,0];[13,15,14]
[17,60,3];[79,79,79]
[32,38,-16];[45,46,48]
[56,47,-2];[59,59,59]
[-32,30,6];[27,28,23]
[-61,28,-2];[116,146,172]
[9,60,-1];[253,213,66]
[-55,63,-2];[12,12,12]
[-79,46,-2];[61,63,62]
[-58,23,4];[9,9,11]
[-90,46,-2];[26,26,26]
[-77,41,-9];[88,89,91]
[-17,5,-6];[52,52,54]
[74,46,-2];[25,24,20]
[50,46,-2];[57,56,52]
[-36,52,8];[231,198,65]
[26,22,2];[21,19,20]
[91,46,-2];[74,74,76]
[80,45,-2];[60,60,58]
[-40,47,-10];[68,68,66]
[50,45,-2];[11,11,11]
[92,45,-1];[96,96,96]
[-79,44,-3];[194,166,59]
[-11,53,10];[56,56,54]
[-9,60,-1];[50,50,50]
[-79,38,7];[18,18,18]
[-82,38,0];[6,5,1]
[91,42,-1];[75,75,75]
[-52,40,11];[3,3,3]
[-92,40,-2];[2,2,2]
[47,36,-2];[5,1,0]
[74,34,-1];[27,29,28]
[60,24,-6];[65,66,68]
[-90,34,-2];[12,14,13]
[8,46,9];[82,119,172]
[-51,30,10];[44,43,38]
[-83,34,-2];[15,15,13]
[-67,30,-4];[18,18,18]
[78,33,-2];[55,55,53]
[48,7,-2];[73,73,73]
[-84,37,2];[15,15,15]
[-37,32,-6];[192,162,50]
[-34,30,2];[44,44,42]
[47,32,-2];[61,59,47]
[43,32,-2];[54,54,46]
[42,32,-2];[76,75,71]
[-10,48,16];[65,65,65]
[41,32,-2];[65,65,63]
[7,1,-6];[246,207,86]
[30,19,4];[41,40,36]
[-80,32,-2];[48,50,49]
[11,34,14];[32,32,34]
[-79,32,-2];[35,35,35]
[-24,41,14];[60,57,50]
[-93,41,1];[92,88,89]
[56,31,-2];[53,55,52]
[5,30,15];[2,2,2]
[78,31,-2];[28,28,26]
[-58,47,-5];[0,0,0]
[74,31,-2];[8,8,10]
[-19,24,-9];[10,10,10]
[37,9,-2];[11,13,12]
[-56,31,-2];[28,29,31]
[61,31,-2];[30,30,28]
[62,32,4];[64,66,65]
[-36,37,-9];[19,19,17]
[38,31,-1];[64,64,64]
[-50,51,1];[60,60,60]
[-32,30,-2];[59,63,62]
[-42,34,-8];[203,169,43]
[-29,29,-1];[55,57,56]
[-5,0,-6];[65,65,65]
[-78,49,-2];[57,57,59]
[68,29,-1];[18,18,18]
[77,29,-2];[23,25,24]
[-42,29,-2];[53,55,54]
[-49,29,-2];[8,8,6]
[-69,29,-3];[63,64,66]
[-28,51,3];[60,62,61]
[-50,29,-2];[8,8,6]
[-77,47,-7];[61,63,62]
[-55,29,-2];[3,3,1]
[-22,26,-10];[63,62,60]
[36,6,-1];[5,5,3]
[-56,29,-2];[2,2,2]
[21,48,14];[58,57,55]
[78,28,-2];[15,17,16]
[-4,52,11];[55,57,56]
[38,28,-2];[13,13,13]
[5,1,-8];[60,60,58]
[-61,27,-1];[149,199,232]
[-55,52,8];[54,53,49]
[81,27,-2];[41,41,41]
[40,34,1];[53,53,53]
[40,26,-2];[18,18,18]
[80,39,-6];[73,74,78]
[49,36,-3];[31,31,29]
[-16,26,-2];[38,38,36]
[-18,25,-1];[40,40,38]
[-16,4,8];[49,49,49]
[19,25,-2];[20,21,16]
[20,24,-2];[24,25,20]
[-83,45,4];[1,1,1]
[20,23,-2];[22,22,20]
[21,23,-2];[35,35,33]
[14,5,10];[62,63,65]
[-80,39,-1];[46,48,47]
[43,22,-2];[24,24,24]
[-48,31,-4];[81,83,80]
[-17,21,-2];[28,28,26]
[21,21,-2];[11,11,11]
[22,22,-2];[36,38,33]
[8,45,9];[83,115,162]
[22,21,-2];[37,37,37]
[24,20,-2];[0,0,0]
[23,19,-2];[37,37,37]
[23,20,-2];[42,42,42]
[24,19,-2];[17,17,17]
[79,18,-2];[113,100,81]
[-56,48,-3];[5,5,3]
[-10,37,-16];[6,10,11]
[30,17,-2];[30,30,30]
[-71,33,-9];[27,27,27]
[-25,26,9];[34,36,35]
[-21,17,-2];[33,35,34]
[44,7,3];[31,31,31]
[16,22,9];[31,31,31]
[-59,17,-2];[113,114,116]
[10,51,12];[54,52,53]
[-41,39,11];[33,33,31]
[24,18,-2];[58,58,60]
[-21,32,-9];[60,60,52]
[-18,16,-2];[25,26,20]
[24,17,-2];[53,54,56]
[24,16,-2];[14,16,15]
[-51,49,-2];[6,6,6]
[1,49,12];[81,82,128]
[-31,42,14];[231,199,39]
[-22,46,-8];[2,2,2]
[51,16,0];[28,28,30]
[78,28,5];[14,14,14]
[25,16,-2];[26,26,26]
[48,15,-2];[22,22,22]
[-24,52,-7];[56,57,52]
[-26,20,-7];[104,85,45]
[-38,50,3];[42,44,43]
[23,31,-9];[7,7,7]
[23,14,-2];[45,45,45]
[32,32,9];[55,51,48]
[4,49,-11];[49,72,140]
[86,13,-2];[76,78,77]
[-72,46,-9];[43,43,45]
[84,13,-2];[77,78,80]
[25,13,-2];[4,4,4]
[22,13,-2];[90,89,84]
[43,41,7];[8,8,8]
[-19,12,-2];[143,124,65]
[35,12,-2];[11,11,13]
[71,28,2];[40,40,38]
[-65,38,10];[53,54,56]
[19,12,-2];[143,135,89]
[-20,11,-2];[215,194,111]
[23,12,0];[41,38,21]
[26,12,-2];[18,17,15]
[27,11,-2];[62,62,62]
[29,10,-2];[25,25,25]
[-91,42,4];[13,13,13]
[28,10,-2];[64,66,65]
[28,9,-2];[18,17,15]
[10,0,3];[242,204,77]
[-50,56,-5];[67,67,67]
[29,9,-2];[62,64,63]
[-61,48,3];[5,5,5]
[32,8,-2];[18,18,18]
[42,46,0];[53,53,53]
[29,8,-2];[18,16,17]
[-16,8,-2];[42,42,42]
[-17,19,-7];[8,8,10]
[-51,48,-2];[6,6,6]
[30,8,-2];[57,58,60]
[35,7,-2];[44,45,49]
[-72,46,-10];[40,40,40]
[34,7,-2];[32,32,34]
[32,7,-2];[67,68,70]
[-82,31,0];[76,76,76]
[-87,48,-1];[59,59,59]
[33,7,-2];[25,25,25]
[-46,46,10];[88,114,189]
[27,52,10];[58,58,58]
[17,2,1];[53,53,53]
[-36,16,0];[244,210,110]
[-80,32,-1];[38,40,39]
[-21,38,-11];[200,169,44]
[32,6,-2];[31,31,31]
[34,6,-2];[58,59,61]
[-19,34,10];[52,78,152]
[-57,23,5];[6,6,6]
[74,24,4];[64,62,63]
[33,6,-2];[65,65,67]
[62,30,4];[63,64,66]
[-52,17,4];[247,201,27]
[46,5,-2];[75,75,75]
[33,5,-2];[51,51,49]
[-59,39,11];[4,5,9]
[-83,43,-7];[1,1,1]
[-57,54,-1];[28,30,29]
[7,46,-10];[57,100,204]
[5,27,9];[28,27,25]
[-55,51,-2];[11,11,9]
[34,5,-2];[73,72,70]
[-72,43,10];[51,53,52]
[36,4,-2];[86,86,84]
[7,60,-6];[246,207,70]
[38,4,-2];[80,79,77]
[20,48,-16];[78,80,79]
[37,5,-2];[51,51,51]
[-19,23,-1];[26,28,27]
[-12,48,-15];[55,55,55]
[17,2,-2];[47,47,47]
[-54,64,-3];[68,69,73]
[74,22,-3];[39,35,26]
[-54,33,-13];[62,62,62]
[-58,64,-3];[68,69,71]
[-55,64,-3];[68,69,71]
[-32,44,-12];[73,75,72]
[-53,62,-2];[108,108,108]
[-45,47,-6];[54,56,55]
[83,23,-5];[62,63,65]
[-45,48,-3];[162,167,163]
[-56,63,-3];[66,67,69]
[-56,62,-3];[65,66,68]
[-3,49,8];[42,60,110]
[18,60,-2];[52,56,57]
[-11,60,-2];[60,61,63]
[41,36,5];[54,54,52]
[12,60,-2];[251,215,67]
[10,60,-2];[254,219,73]
[82,28,3];[7,9,8]
[-18,11,0];[45,47,46]
[6,60,-2];[240,208,73]
[3,60,-2];[238,205,76]
[-53,60,-2];[78,78,78]
[-59,60,-3];[123,123,123]
[16,16,2];[2,2,2]
[35,52,-11];[56,58,57]
[12,60,-3];[208,173,57]
[-20,48,7];[36,36,34]
[18,45,15];[2,2,2]
[-47,33,-7];[50,50,50]
[60,20,1];[62,62,62]
[-7,37,11];[16,47,101]
[1,60,-3];[104,90,41]
[14,60,-3];[131,104,49]
[22,39,-14];[55,86,130]
[9,60,-3];[122,100,50]
[8,31,-16];[21,21,21]
[16,8,2];[34,34,34]
[7,60,-3];[101,80,23]
[6,59,-2];[67,64,49]
[19,59,-2];[44,44,44]
[9,59,-2];[65,51,6]
[73,39,-6];[84,61,9]
[13,59,-3];[64,61,46]
[43,39,10];[69,69,71]
[-22,48,7];[63,65,64]
[3,59,-3];[61,50,22]
[2,59,-3];[69,60,31]
[17,26,-9];[41,41,39]
[19,16,-1];[2,2,0]
[-10,58,-2];[37,39,38]
[9,16,13];[243,203,27]
[-59,58,-2];[115,115,115]
[-24,21,-7];[68,72,73]
[21,56,-2];[38,44,60]
[39,31,-9];[34,34,32]
[-24,42,9];[79,84,88]
[-86,41,-6];[3,3,3]
[34,12,0];[53,45,32]
[-52,56,-2];[79,80,82]
[-42,53,3];[24,22,23]
[41,36,-14];[52,52,52]
[17,8,-1];[49,50,52]
[25,22,-7];[64,65,67]
[-21,55,-2];[42,42,42]
[-49,49,-7];[3,3,3]
[-28,51,1];[45,45,43]
[-24,55,-2];[46,46,46]
[-32,48,4];[12,12,12]
[88,32,2];[68,68,68]
[-73,28,0];[75,76,78]
[-33,55,-2];[46,46,46]
[-31,34,13];[59,59,61]
[-32,55,-2];[48,48,48]
[-51,55,-2];[1,1,1]
[-53,29,4];[6,6,6]
[-25,55,-3];[41,41,41]
[-17,14,8];[119,118,123]
[-11,30,-13];[54,55,49]
[-16,54,-1];[17,17,17]
[11,49,-16];[84,86,85]
[-60,52,-1];[76,77,79]
[22,26,-11];[57,59,58]
[38,5,1];[72,72,72]
[32,35,-16];[76,80,83]
[-14,48,15];[61,60,58]
[-21,51,-2];[13,13,11]
[-8,25,-8];[199,152,0]
[-59,58,1];[73,69,70]
[39,4,-2];[110,106,103]
[-53,16,2];[242,202,78]
[-23,51,-2];[99,101,100]
[-24,51,-2];[16,16,16]
[-27,51,-2];[60,64,63]
[-43,21,-5];[83,63,0]
[-37,51,-2];[57,57,57]
[-38,51,-2];[5,15,48]
[-69,50,-2];[51,49,50]
[-71,50,-2];[47,47,45]
[-18,43,-17];[84,85,90]
[8,0,-1];[243,202,84]
[-63,50,-2];[32,32,32]
[-63,49,-2];[4,4,4]
[-22,49,-2];[7,7,5]
[-62,49,-2];[2,2,2]
[76,29,1];[27,27,27]
[-67,49,-2];[24,24,24]
[-31,49,-2];[81,92,120]
[17,5,5];[47,47,47]
[-30,49,-2];[60,60,52]
[-59,41,14];[97,96,91]
[-3,2,-9];[70,70,70]
[-33,49,-2];[45,62,116]
[-9,30,-14];[80,64,41]
[-34,49,-2];[72,73,67]
[26,25,-10];[53,54,58]
[-35,49,-2];[72,73,65]
[-38,52,8];[52,52,52]
[-44,48,-2];[161,166,169]
[-45,53,3];[26,24,25]
[-44,33,12];[64,64,64]
[-5,21,-12];[56,56,56]
[-43,29,4];[197,170,63]
[-62,39,-11];[3,3,3]
[-24,34,10];[194,169,68]
[-46,29,9];[30,30,30]
[-46,48,-2];[80,84,85]
[-23,46,13];[68,66,45]
[-47,48,-2];[51,52,54]
[-39,48,-2];[117,126,143]
[-88,47,-2];[59,59,59]
[-81,47,-2];[30,30,30]
[-89,47,-2];[62,60,61]
[29,51,11];[56,56,56]
[-89,33,-4];[77,77,77]
[-31,53,4];[142,121,74]
[86,14,-3];[74,76,75]
[69,47,-2];[58,58,58]
[64,47,-2];[57,57,57]
[55,18,-5];[74,75,77]
[-49,22,3];[19,18,16]
[-84,47,-3];[46,48,45]
[-78,41,-9];[107,107,109]
[-66,49,1];[7,7,5]
[-33,40,-10];[62,64,63]
[12,59,2];[172,146,62]
[42,46,-2];[49,49,49]
[-9,34,14];[38,41,46]
[-4,59,-3];[59,47,21]
[-81,46,-2];[203,171,50]
[-91,46,-2];[14,16,15]
[-11,59,0];[20,21,23]
[90,41,3];[78,78,78]
[-84,46,-2];[61,61,61]
[-9,49,16];[71,71,73]
[85,45,-2];[58,58,58]
[81,45,-2];[57,58,60]
[18,13,-7];[13,13,15]
[-26,37,-12];[39,39,39]
[78,45,-2];[254,220,11]
[16,13,9];[22,22,22]
[91,43,-2];[75,76,78]
[-93,41,-2];[111,112,107]
[91,42,-2];[75,75,77]
[4,12,-14];[54,54,54]
[-43,52,6];[131,118,63]
[90,41,-2];[76,76,78]
[-81,40,-3];[3,3,1]
[-84,40,-3];[39,41,40]
[-85,46,0];[30,31,35]
[-86,40,-3];[33,35,34]
[-12,0,0];[69,68,66]
[-90,40,-3];[13,13,13]
[-92,40,-3];[55,56,58]
[-39,31,-12];[57,57,55]
[-57,59,2];[63,65,64]
[27,54,1];[57,57,57]
[34,54,-3];[55,55,53]
[-82,40,-3];[5,5,5]
[-50,34,-14];[69,69,69]
[88,35,-2];[68,68,68]
[88,36,-2];[68,70,69]
[-50,47,12];[49,50,45]
[64,47,1];[59,59,57]
[-84,40,-7];[9,11,10]
[-32,44,14];[59,57,45]
[-93,35,-2];[84,84,84]
[64,37,-6];[252,209,55]
[88,33,-1];[66,68,67]
[-26,49,0];[59,61,58]
[37,29,2];[4,4,4]
[16,0,1];[46,46,46]
[47,35,-2];[34,23,21]
[-46,32,-13];[63,63,63]
[16,31,-12];[56,54,55]
[31,21,-6];[56,55,51]
[42,34,-2];[59,55,46]
[-80,34,-2];[120,115,86]
[-21,11,-2];[11,8,1]
[-81,34,-2];[14,14,16]
[-59,48,7];[68,68,68]
[-55,47,13];[126,118,103]
[-45,29,3];[197,170,63]
[-54,19,5];[230,196,26]
[-82,34,-2];[11,12,14]
[-57,48,-4];[6,6,4]
[-84,34,-2];[15,15,13]
[-60,29,1];[142,147,153]
[9,41,-12];[71,115,204]
[6,53,-11];[53,55,54]
[-19,37,10];[62,79,123]
[-64,50,-1];[48,48,46]
[-82,32,-2];[58,60,59]
[35,54,-4];[58,58,56]
[-28,48,12];[172,155,85]
[-53,40,11];[2,4,3]
[-90,33,-2];[110,108,109]
[-89,33,-2];[77,77,77]
[-30,17,5];[84,82,70]
[51,32,-1];[33,33,31]
[74,32,-3];[1,1,1]
[-86,32,-2];[78,80,79]
[-77,32,-2];[39,39,39]
[-16,18,-7];[52,54,53]
[79,31,-2];[60,60,60]
[-57,31,-2];[14,14,14]
[-32,30,-3];[42,44,43]
[-42,22,4];[9,9,7]
[-93,37,-3];[111,111,109]
[39,22,6];[67,69,68]
[-16,17,3];[33,33,31]
[82,28,-3];[5,5,5]
[34,13,1];[48,42,30]
[20,56,-5];[37,37,37]
[-76,30,-2];[179,162,142]
[26,22,6];[65,65,65]
[-20,48,6];[75,80,86]
[-70,29,-1];[45,46,50]
[-49,30,-2];[45,45,45]
[-16,10,-4];[42,44,43]
[10,57,7];[234,209,82]
[-54,30,-2];[3,3,3]
[-17,22,5];[17,17,17]
[-53,30,-2];[3,3,3]
[-56,30,1];[21,21,21]
[-55,30,-2];[5,5,5]
[-31,30,-2];[61,63,62]
[43,44,-12];[75,74,72]
[-33,30,-2];[53,55,54]
[-7,9,12];[246,210,28]
[-34,30,-2];[53,55,54]
[-35,51,-3];[57,57,57]
[-44,30,-2];[7,7,5]
[-56,34,-11];[5,5,3]
[-61,29,1];[49,47,50]
[2,0,0];[69,69,69]
[61,30,-2];[1,1,1]
[-11,54,9];[55,55,55]
[-62,30,-2];[12,12,12]
[-57,29,-2];[2,2,2]
[-90,47,-1];[61,59,60]
[78,29,-2];[46,42,43]
[-32,29,-2];[31,31,31]
[51,34,3];[64,68,71]
[-21,15,4];[32,33,35]
[-6,26,8];[30,30,22]
[-37,29,-2];[24,24,22]
[-63,49,3];[59,57,62]
[30,7,0];[22,24,23]
[-52,29,-2];[5,5,5]
[-69,29,-2];[10,10,10]
[-56,31,8];[6,6,6]
[-72,28,-3];[60,61,63]
[72,27,-2];[57,53,50]
[50,14,-1];[76,78,77]
[88,26,-1];[66,67,69]
[88,25,-2];[67,67,69]
[10,28,-11];[50,50,48]
[58,26,-2];[23,25,24]
[17,25,-2];[24,25,19]
[64,25,-2];[47,47,47]
[-11,25,-8];[2,2,0]
[17,24,-2];[25,24,20]
[61,22,-2];[58,60,59]
[-43,21,4];[19,19,9]
[17,21,-2];[26,26,26]
[-26,21,-2];[53,53,53]
[16,21,-2];[41,41,41]
[16,20,-2];[12,12,14]
[34,7,1];[46,47,49]
[16,19,-2];[11,11,9]
[4,49,-13];[86,112,187]
[-21,22,3];[1,1,1]
[34,54,3];[56,56,56]
[77,19,-2];[77,73,61]
[-42,40,-10];[23,23,23]
[18,20,-1];[59,58,56]
[-59,19,-2];[76,78,77]
[-75,30,-4];[64,66,65]
[16,18,-2];[9,9,7]
[17,27,7];[49,50,52]
[-21,18,-2];[56,61,55]
[30,18,-2];[29,29,29]
[0,0,-3];[69,69,69]
[-19,23,-2];[67,69,66]
[45,18,-2];[26,26,26]
[8,11,13];[249,212,17]
[13,21,11];[53,55,54]
[79,17,-2];[111,96,77]
[-16,13,-7];[46,48,47]
[88,16,-2];[67,67,69]
[78,16,-2];[54,53,49]
[22,20,-2];[22,22,22]
[22,16,-2];[6,6,6]
[-8,59,-6];[66,66,66]
[-31,16,-1];[68,67,63]
[-37,26,9];[61,63,62]
[59,26,4];[33,34,36]
[-35,16,-2];[240,201,82]
[-43,16,-2];[240,201,82]
[-45,16,-1];[240,201,80]
[-45,16,-2];[240,201,82]
[-43,48,1];[22,24,23]
[-5,48,-13];[7,30,74]
[-46,16,-2];[238,201,84]
[15,4,-10];[42,42,40]
[-60,23,4];[56,56,56]
[-72,29,3];[72,71,76]
[-49,16,-2];[67,69,68]
[-50,16,-2];[68,70,69]
[37,7,-2];[3,3,3]
[-81,33,-2];[82,86,89]
[-53,16,-1];[240,201,80]
[41,37,-15];[54,52,53]
[-56,40,8];[5,5,5]
[27,29,9];[109,111,110]
[32,15,-2];[25,25,25]
[-32,29,-5];[28,28,28]
[88,26,3];[69,69,71]
[80,15,-2];[78,78,80]
[-53,48,-2];[6,6,6]
[17,38,14];[130,132,131]
[16,23,2];[28,27,23]
[-42,16,4];[248,200,6]
[-22,13,-2];[127,120,112]
[-22,13,-3];[115,114,110]
[22,12,-2];[62,54,41]
[4,3,-10];[74,75,77]
[-17,11,-3];[16,10,10]
[-16,10,-2];[35,35,37]
[41,46,-3];[46,46,46]
[-16,9,-2];[41,43,42]
[47,6,-2];[75,75,75]
[-49,42,-10];[148,124,34]
[-16,5,-2];[2,2,2]
[17,3,-2];[44,44,44]
[-50,30,2];[50,52,49]
[11,38,-13];[5,16,124]
[-16,19,-3];[11,11,11]
[-17,3,-2];[53,54,56]
[-15,0,-2];[67,67,67]
[-4,0,-2];[68,70,69]
[32,19,-6];[58,54,51]
[-5,0,-2];[68,70,69]
[-48,25,5];[60,61,56]
[-70,48,-8];[41,43,42]
[-8,0,-2];[246,208,83]
[-9,0,-2];[241,203,80]
[-11,0,-2];[246,210,100]
[17,25,-3];[23,24,19]
[-14,0,-2];[70,70,70]
[-55,62,-3];[63,64,66]
[-57,61,-3];[66,67,71]
[26,54,7];[65,65,63]
[-93,39,6];[71,69,70]
[-60,19,4];[109,107,108]
[-10,60,-2];[65,63,64]
[81,38,-6];[66,67,69]
[30,9,-2];[31,33,32]
[-53,61,-3];[82,82,84]
[86,16,5];[71,72,76]
[69,29,2];[3,3,3]
[-79,40,6];[25,27,26]
[-54,60,-3];[67,68,70]
[-55,61,-3];[60,62,61]
[-5,37,11];[82,114,163]
[-78,39,0];[121,118,99]
[9,59,-3];[65,51,6]
[-16,25,5];[0,1,0]
[-56,60,-3];[64,65,67]
[-70,32,8];[55,55,57]
[-24,51,-1];[27,26,22]
[-57,60,-3];[64,65,69]
[-37,53,5];[76,74,77]
[-59,59,-3];[119,118,116]
[-30,36,11];[56,58,55]
[3,55,8];[21,18,13]
[-37,44,-11];[143,124,48]
[-25,54,2];[12,12,14]
[44,46,-1];[52,52,52]
[-3,59,-3];[242,218,118]
[-57,59,-3];[65,66,70]
[-58,59,-3];[66,67,69]
[-59,58,-3];[119,119,117]
[51,16,2];[19,19,21]
[-52,57,-2];[47,46,44]
[-56,40,14];[54,54,54]
[9,26,-10];[54,35,3]
[16,15,3];[14,14,14]
[-23,15,2];[69,70,72]
[-22,47,-8];[12,12,10]
[21,55,-2];[34,37,44]
[-57,31,-3];[5,5,3]
[67,29,2];[5,5,5]
[-28,55,-2];[46,48,47]
[-37,55,-3];[40,40,42]
[31,6,1];[26,26,24]
[-36,53,-6];[83,76,58]
[-42,55,-3];[39,39,37]
[10,22,11];[65,58,32]
[-50,54,-2];[4,4,4]
[-60,43,12];[16,16,16]
[-13,54,-2];[26,26,26]
[-15,54,-2];[35,35,35]
[-78,38,4];[47,47,47]
[-45,54,-2];[35,35,35]
[-59,54,-2];[111,112,116]
[-60,53,-2];[78,80,79]
[-58,61,-3];[68,68,68]
[-29,51,-2];[65,67,66]
[-34,51,-2];[57,57,57]
[-35,51,-2];[57,57,57]
[-59,51,-2];[18,20,19]
[37,50,-2];[58,58,56]
[-1,30,-13];[52,54,51]
[-28,50,-2];[165,171,171]
[-28,43,-11];[8,8,6]
[-35,49,-3];[73,73,61]
[-41,48,-2];[89,96,104]
[-13,42,14];[50,48,51]
[-45,48,-2];[67,71,72]
[-52,48,-2];[6,6,6]
[-25,20,-2];[35,35,33]
[-12,7,12];[59,61,60]
[-59,48,-2];[3,3,3]
[-84,38,-9];[61,61,63]
[-60,48,-2];[0,0,0]
[-56,48,-2];[6,6,4]
[-77,48,-2];[30,32,31]
[-80,47,-2];[31,31,31]
[-90,36,5];[11,11,11]
[-51,51,0];[56,58,57]
[-79,47,-2];[47,47,47]
[61,47,-2];[58,58,58]
[-83,37,7];[66,67,69]
[60,47,-2];[58,58,56]
[-47,55,-3];[49,49,49]
[-83,46,-2];[96,98,95]
[89,45,-2];[58,58,58]
[79,45,-2];[72,60,36]
[49,39,-5];[35,35,35]
[-85,40,-3];[36,36,36]
[82,33,-5];[7,7,9]
[90,39,-2];[76,77,79]
[-17,14,-4];[1,1,1]
[43,35,-2];[41,41,33]
[6,60,2];[97,91,69]
[78,34,-3];[30,32,31]
[31,16,-1];[47,46,44]
[64,29,-6];[63,64,66]
[74,33,3];[3,3,5]
[3,33,9];[2,35,116]
[-51,30,0];[22,23,18]
[-8,13,13];[249,217,34]
[77,39,-5];[226,187,60]
[44,34,-2];[0,0,0]
[-81,32,-2];[58,60,59]
[40,32,-2];[65,65,63]
[79,35,1];[48,48,46]
[-84,46,-1];[96,98,95]
[-9,17,-14];[235,194,52]
[27,27,9];[83,83,83]
[39,32,-2];[64,66,65]
[-81,31,-2];[77,78,80]
[82,29,5];[25,26,28]
[-61,30,-2];[9,9,9]
[-12,55,0];[38,38,38]
[-37,30,-2];[48,49,44]
[-16,11,-1];[20,18,19]
[-40,30,-2];[6,8,7]
[-42,30,-2];[6,8,7]
[-74,49,3];[9,9,9]
[-16,28,10];[44,44,44]
[-50,35,-9];[63,63,51]
[-48,30,-2];[82,86,87]
[-28,47,9];[35,37,36]
[19,60,3];[62,62,64]
[37,30,-2];[10,10,10]
[-88,42,6];[66,68,67]
[71,29,-1];[60,61,65]
[26,43,-17];[67,69,68]
[-34,29,-2];[64,66,65]
[29,21,3];[52,48,45]
[-89,46,3];[72,75,80]
[-38,29,-2];[24,24,22]
[-61,23,-1];[153,200,230]
[-67,29,-2];[6,6,6]
[-63,44,8];[60,60,62]
[-68,29,-2];[59,59,57]
[60,27,-2];[19,19,19]
[-46,49,-2];[51,52,54]
[-43,43,-12];[55,56,51]
[88,27,-2];[66,67,69]
[-23,36,9];[1,1,0]
[13,34,-17];[73,73,71]
[-36,51,2];[42,44,43]
[-24,55,1];[51,51,51]
[73,25,-1];[50,45,39]
[73,25,-2];[59,59,57]
[-91,45,2];[68,68,68]
[7,1,6];[248,205,51]
[4,47,-10];[6,47,165]
[63,25,-2];[48,48,48]
[57,24,-2];[26,26,26]
[62,24,-2];[58,58,58]
[63,24,-2];[57,57,57]
[8,32,14];[57,57,59]
[-51,56,0];[3,3,3]
[-17,20,4];[27,27,27]
[8,49,12];[38,75,146]
[88,24,-2];[69,67,70]
[26,31,-10];[19,20,24]
[-47,43,11];[73,97,169]
[56,23,-2];[26,26,26]
[-61,24,-3];[124,159,179]
[-88,46,-1];[37,33,30]
[17,23,-2];[31,32,27]
[-57,33,-14];[57,57,57]
[42,23,-3];[16,16,16]
[-61,23,-2];[136,177,203]
[-82,33,-6];[93,94,96]
[-17,22,-2];[20,20,20]
[29,21,-5];[34,34,34]
[-61,21,-2];[119,126,154]
[-55,17,-6];[76,67,49]
[16,26,-4];[23,22,17]
[-60,20,-2];[44,45,49]
[28,20,-2];[35,37,36]
[17,7,5];[24,25,19]
[54,19,-2];[27,29,28]
[12,6,12];[58,60,59]
[-15,1,5];[41,41,41]
[-9,8,-14];[240,199,59]
[-84,42,-5];[15,15,15]
[23,53,-9];[57,57,57]
[64,45,5];[56,58,57]
[44,19,-2];[22,22,22]
[44,20,-2];[26,26,26]
[-81,41,-7];[15,17,16]
[16,19,-3];[19,19,19]
[17,16,-2];[3,2,0]
[-45,42,9];[32,32,24]
[-84,41,-1];[245,207,22]
[-88,43,5];[63,61,49]
[-20,44,10];[87,76,30]
[-19,16,-2];[8,8,8]
[-11,60,3];[76,74,75]
[-29,30,-2];[58,58,48]
[-34,16,-2];[240,201,80]
[47,45,-2];[45,44,42]
[-20,40,11];[50,50,48]
[-37,16,-2];[70,69,64]
[1,49,9];[39,59,112]
[-36,16,-2];[239,204,102]
[-41,46,13];[249,208,28]
[-91,39,-2];[71,73,72]
[21,16,-2];[27,27,27]
[19,16,-2];[7,7,7]
[-25,16,-3];[78,76,77]
[-15,3,-8];[73,74,78]
[29,54,5];[58,58,56]
[-22,15,-2];[67,69,68]
[-23,15,-2];[75,76,70]
[-39,53,4];[101,89,67]
[-24,15,-2];[76,76,74]
[80,18,2];[29,29,27]
[-69,43,-11];[44,45,47]
[-19,44,16];[70,70,68]
[88,14,-2];[107,108,112]
[-89,44,-5];[4,4,4]
[39,7,4];[68,69,71]
[86,14,-2];[76,78,77]
[-35,56,0];[47,47,47]
[-65,49,4];[52,52,52]
[34,13,-2];[13,13,13]
[-12,53,-11];[58,60,59]
[-21,12,-2];[39,35,32]
[27,40,-17];[49,50,52]
[37,33,12];[29,29,29]
[-17,6,-2];[137,138,140]
[43,5,-2];[76,77,79]
[-24,34,9];[47,47,45]
[17,4,-2];[24,24,24]
[16,19,11];[54,56,55]
[16,0,-2];[51,51,49]
[35,54,3];[59,59,59]
[6,35,-11];[33,54,111]
[48,40,-5];[41,41,43]
[80,26,2];[41,33,0]
[12,0,-2];[70,70,68]
[11,0,-2];[77,69,48]
[-15,23,8];[6,6,8]
[-83,45,1];[31,30,26]
[-89,42,0];[12,12,10]
[10,0,-2];[239,201,78]
[-8,1,7];[195,134,0]
[-18,25,-6];[51,51,51]
[-50,38,9];[33,35,34]
[-52,30,-2];[58,60,57]
[-29,46,10];[32,32,30]
[-12,0,-2];[69,67,68]
[-13,0,-2];[69,69,69]
[2,0,-2];[68,70,69]
[-87,39,-8];[66,66,68]
[1,0,-2];[69,69,69]
[-2,0,-2];[71,71,71]
[-48,48,-9];[2,2,0]
[-20,29,10];[5,5,5]
[-58,51,-10];[57,57,57]
[17,60,-2];[55,57,56]
[10,60,-3];[214,179,85]
[-90,37,-2];[19,19,17]
[-2,60,-3];[96,80,21]
[10,59,-3];[39,33,19]
[9,60,5];[194,175,109]
[-61,21,1];[77,73,70]
[91,45,-4];[104,104,104]
[0,59,-3];[67,51,18]
[43,39,6];[53,51,52]
[-72,42,11];[46,46,44]
[-53,59,-3];[67,68,70]
[-57,58,-3];[65,66,68]
[-23,38,14];[52,52,52]
[-54,59,-3];[66,67,69]
[35,30,-10];[11,13,12]
[-58,58,-3];[68,69,73]
[58,26,1];[19,21,20]
[26,44,15];[39,39,37]
[-58,49,11];[121,109,49]
[-52,58,-3];[71,72,74]
[-6,0,5];[60,60,60]
[60,33,4];[23,23,23]
[-71,46,-10];[20,20,22]
[-54,58,-3];[67,68,72]
[39,32,-12];[104,105,107]
[28,42,-17];[66,69,74]
[-55,58,-3];[64,64,66]
[27,24,-11];[55,56,58]
[-49,56,-2];[64,64,64]
[25,39,-16];[3,3,3]
[-52,57,-3];[91,91,93]
[-57,57,-3];[66,67,71]
[-58,57,-3];[67,68,70]
[-27,45,10];[80,81,76]
[-65,49,-2];[55,55,55]
[-16,2,-5];[42,42,42]
[-59,56,-3];[102,103,105]
[-23,55,-3];[37,37,37]
[-47,48,-8];[5,5,5]
[-26,55,-3];[40,42,41]
[-33,55,-3];[36,36,36]
[-53,30,11];[50,50,48]
[-52,59,2];[93,91,92]
[-35,55,-3];[41,41,39]
[-36,55,-3];[36,36,36]
[-10,4,10];[83,81,66]
[68,29,2];[12,12,10]
[-60,50,-6];[1,1,0]
[-8,0,5];[232,190,42]
[-45,55,-2];[22,22,22]
[51,10,-4];[34,34,34]
[13,13,-14];[53,53,51]
[39,43,15];[70,68,71]
[-44,55,-3];[37,37,37]
[56,15,5];[105,101,102]
[-84,48,0];[56,56,56]
[-79,42,-7];[13,15,14]
[-41,55,-3];[41,41,41]
[-59,35,7];[1,1,1]
[-59,55,-3];[106,106,106]
[36,53,-2];[59,59,59]
[38,15,-6];[67,56,52]
[-80,41,-4];[36,59,126]
[37,52,-2];[58,58,56]
[1,60,0];[254,218,68]
[-60,52,-2];[77,78,80]
[-60,51,-2];[88,90,89]
[80,30,2];[5,5,5]
[-40,51,-2];[53,77,151]
[-73,51,-2];[44,46,45]
[-75,50,-2];[50,50,48]
[-19,47,-13];[31,30,28]
[-21,22,-9];[63,67,68]
[-29,49,-2];[60,60,52]
[-11,24,9];[15,15,15]
[-30,49,-3];[66,66,64]
[59,18,2];[63,63,63]
[-23,49,-1];[58,60,59]
[-36,49,-2];[80,85,89]
[13,59,-5];[164,141,89]
[-80,48,-2];[1,1,1]
[-90,47,-3];[99,99,97]
[16,13,5];[15,16,18]
[-19,47,-15];[67,67,67]
[50,46,-3];[59,55,54]
[-79,40,-3];[58,60,59]
[-92,39,-3];[28,28,28]
[-51,47,-6];[88,85,66]
[-82,39,-3];[4,4,4]
[-60,35,-11];[13,13,13]
[-47,31,12];[62,62,62]
[63,45,5];[54,56,55]
[-83,39,-3];[4,4,4]
[-81,40,-7];[78,80,79]
[-86,39,-3];[58,60,57]
[17,6,-8];[42,42,42]
[-90,33,-1];[85,83,84]
[-24,51,-4];[64,66,63]
[-49,48,-4];[44,44,42]
[-56,64,1];[15,17,16]
[-34,49,0];[50,52,49]
[-87,39,-3];[27,27,25]
[-89,39,-3];[12,12,12]
[-91,39,-3];[7,7,9]
[-37,41,-9];[47,47,47]
[64,47,2];[62,62,62]
[-55,46,10];[4,4,4]
[-55,31,-3];[5,5,5]
[77,35,-2];[89,91,88]
[8,21,11];[243,205,16]
[-15,29,-14];[76,74,77]
[-83,34,-3];[13,13,13]
[74,34,-2];[17,17,17]
[74,33,-2];[15,15,15]
[-35,48,-3];[90,74,12]
[-85,45,1];[15,17,16]
[-16,13,2];[28,28,26]
[52,47,-2];[60,60,60]
[79,31,-3];[45,45,45]
[85,32,-6];[66,68,67]
[3,41,-12];[74,109,177]
[-36,31,-3];[49,49,41]
[-67,30,-2];[37,38,40]
[-24,55,-3];[41,41,41]
[-50,55,4];[23,24,28]
[-33,50,3];[9,11,8]
[-86,39,5];[40,42,41]
[-11,19,12];[54,55,57]
[-76,29,-3];[66,67,69]
[70,29,-2];[67,68,70]
[61,29,-2];[5,5,5]
[-57,37,14];[56,56,56]
[90,39,-4];[79,77,78]
[-40,44,10];[195,168,63]
[-55,50,-10];[57,57,57]
[-61,29,-3];[89,79,90]
[-17,26,-2];[38,38,36]
[-31,24,4];[15,17,14]
[16,23,-3];[15,15,13]
[-20,22,-2];[24,26,23]
[-22,51,-1];[15,15,13]
[-61,22,-2];[97,122,150]
[56,22,-2];[26,28,27]
[15,44,13];[56,51,48]
[88,20,-2];[68,68,68]
[-50,28,-10];[52,52,52]
[-22,19,-2];[38,38,36]
[59,19,-2];[63,63,63]
[78,19,-3];[83,80,63]
[-11,38,-17];[85,89,90]
[-59,48,0];[2,2,2]
[-38,30,-7];[66,68,67]
[-16,17,1];[28,28,26]
[5,52,-12];[54,56,55]
[-39,16,-2];[69,69,69]
[-19,12,-3];[96,90,74]
[47,16,-3];[22,22,20]
[21,16,-3];[30,30,30]
[15,2,7];[45,45,45]
[-29,53,3];[1,1,1]
[21,21,0];[17,17,19]
[-59,30,-6];[52,52,54]
[-58,48,-8];[12,12,12]
[82,14,-2];[27,25,26]
[-40,48,3];[66,69,74]
[16,7,-2];[2,2,2]
[-16,7,-2];[39,41,40]
[-39,39,-12];[59,59,49]
[-9,0,-4];[241,203,80]
[17,5,-2];[1,1,1]
[2,43,-11];[79,117,190]
[-16,9,10];[56,58,57]
[5,58,-3];[208,179,101]
[-10,57,-3];[45,47,46]
[-48,34,13];[63,64,66]
[-52,56,-3];[74,74,76]
[14,41,14];[7,6,11]
[-53,48,8];[1,1,1]
[1,33,-12];[10,42,141]
[-55,56,-3];[65,66,68]
[-4,49,7];[41,58,102]
[-19,55,-3];[22,22,20]
[-23,43,-12];[23,23,21]
[51,15,-1];[33,33,35]
[-56,49,11];[229,194,28]
[52,46,-2];[46,46,44]
[29,27,-8];[22,22,22]
[-54,55,-3];[63,64,66]
[-15,18,-13];[59,59,61]
[-66,29,3];[57,59,58]
[-58,55,-3];[70,70,72]
[-28,33,13];[60,61,63]
[-26,50,-3];[16,18,17]
[-29,48,-3];[56,57,51]
[-81,34,-3];[22,22,20]
[58,47,-2];[58,58,56]
[23,39,-13];[71,133,220]
[-84,46,-3];[45,45,43]
[10,60,0];[252,214,69]
[-54,34,10];[3,3,3]
[-91,46,-3];[82,84,83]
[49,45,-3];[36,36,36]
[-23,40,14];[50,52,51]
[89,38,-2];[83,83,83]
[-84,33,-3];[198,166,45]
[82,13,-2];[88,89,91]
[-16,21,-6];[1,1,1]
[5,28,11];[43,42,38]
[88,32,-2];[67,67,69]
[44,33,-3];[54,50,49]
[-54,16,-2];[242,201,77]
[43,32,-3];[55,53,41]
[60,31,-2];[51,51,43]
[34,44,15];[27,27,27]
[-14,2,-8];[56,56,56]
[81,21,3];[50,50,50]
[-38,44,14];[65,61,52]
[59,31,-2];[47,47,45]
[74,30,-2];[17,17,17]
[76,29,-2];[24,24,24]
[-39,39,-15];[63,60,45]
[-45,31,-8];[64,68,69]
[-60,28,-6];[47,47,45]
[86,41,-5];[68,69,71]
[72,28,-2];[19,18,16]
[10,31,14];[35,33,21]
[17,26,-2];[25,24,19]
[-3,40,-11];[81,116,184]
[66,46,3];[73,74,76]
[37,38,15];[62,63,65]
[16,26,-2];[24,24,16]
[54,19,-1];[29,31,30]
[42,21,-3];[23,23,21]
[-19,50,-14];[74,71,66]
[37,27,4];[36,36,36]
[-30,41,-10];[45,45,45]
[76,21,-3];[70,68,56]
[-20,11,0];[229,204,104]
[-5,60,1];[56,54,55]
[48,36,-2];[2,2,0]
[-16,17,-2];[22,22,24]
[-48,16,-2];[68,70,69]
[56,45,-5];[50,50,50]
[-59,16,-2];[82,82,84]
[18,16,-3];[16,16,16]
[-18,49,14];[61,61,63]
[14,43,12];[42,44,65]
[-49,28,-1];[7,6,4]
[-18,26,4];[46,46,46]
[-49,25,7];[28,26,27]
[17,16,-3];[2,2,2]
[-4,21,11];[52,52,52]
[45,35,2];[14,15,10]
[-17,16,-3];[32,32,32]
[-18,16,-3];[9,9,9]
[17,25,-1];[26,26,18]
[22,15,-3];[57,58,60]
[81,14,-3];[29,29,31]
[-13,37,-15];[18,18,20]
[28,9,-1];[15,15,15]
[16,59,5];[187,161,64]
[20,12,-3];[81,72,43]
[-57,16,-4];[65,62,57]
[-20,12,-3];[72,68,57]
[-1,0,5];[62,62,62]
[-77,44,8];[67,67,67]
[46,6,-4];[72,72,70]
[52,10,-2];[70,70,70]
[16,10,-2];[8,8,10]
[-3,21,-12];[52,52,52]
[44,5,-2];[76,76,76]
[-4,58,-3];[73,54,22]
[30,10,-2];[9,9,9]
[-78,47,6];[61,61,61]
[-10,58,-3];[27,27,27]
[-10,58,-4];[1,0,0]
[-31,50,-11];[234,208,87]
[-17,55,-3];[41,41,41]
[-19,51,-3];[70,72,69]
[15,60,-1];[70,59,31]
[-40,49,-1];[49,51,50]
[-18,55,-3];[42,42,42]
[-13,21,-12];[48,50,49]
[-2,52,10];[56,56,56]
[-30,43,14];[235,199,23]
[-53,54,-3];[27,27,27]
[-90,41,2];[9,9,9]
[45,45,4];[63,53,43]
[53,10,-2];[72,72,72]
[-22,48,11];[92,81,25]
[3,0,-3];[68,70,69]
[-26,20,-6];[162,132,70]
[-39,51,-3];[16,16,16]
[-19,41,14];[23,23,23]
[-29,56,0];[47,47,47]
[-24,22,-6];[82,79,64]
[-51,32,8];[58,58,58]
[-26,29,-10];[50,49,47]
[-71,50,-3];[41,41,39]
[-52,31,-8];[3,3,3]
[-16,54,0];[10,10,10]
[38,50,-3];[57,57,57]
[19,25,2];[21,22,16]
[-27,50,-3];[34,34,34]
[83,21,-6];[67,68,70]
[-74,49,-3];[28,28,28]
[-55,48,-2];[6,6,6]
[-78,47,-2];[2,2,2]
[65,47,-3];[57,57,57]
[-41,33,7];[17,17,15]
[41,46,-2];[47,47,47]
[8,1,-6];[242,203,76]
[-58,54,3];[37,37,39]
[43,46,-3];[48,48,48]
[-40,48,-2];[81,85,94]
[47,46,-3];[48,44,43]
[11,60,-1];[255,219,63]
[-93,45,1];[43,45,44]
[89,45,-3];[63,65,64]
[78,45,-3];[251,215,31]
[51,45,-3];[29,29,29]
[-82,45,-3];[25,25,23]
[-56,57,-3];[66,67,71]
[-86,45,-3];[94,96,95]
[-87,45,-3];[49,49,47]
[15,60,1];[51,43,28]
[-93,44,-3];[40,40,38]
[-93,43,-3];[106,107,109]
[-61,42,-9];[10,10,10]
[-34,31,-4];[49,49,41]
[53,32,4];[65,68,73]
[-79,43,-3];[28,15,0]
[-39,42,-9];[123,127,126]
[-20,22,0];[23,25,24]
[-19,38,10];[50,50,48]
[-80,43,-3];[198,166,43]
[35,46,-16];[47,47,45]
[-85,42,-3];[23,24,26]
[-80,43,3];[10,12,9]
[24,15,-1];[2,2,4]
[-86,42,-3];[18,18,16]
[-89,37,-3];[40,40,40]
[12,26,-8];[24,24,24]
[-81,37,-3];[10,10,10]
[-13,0,4];[65,65,65]
[68,41,5];[60,60,60]
[-85,36,-3];[64,66,63]
[16,17,1];[6,6,6]
[89,43,-5];[75,76,78]
[-89,36,-3];[76,76,74]
[-11,43,16];[80,81,83]
[82,32,-6];[75,76,78]
[-90,36,-3];[14,14,14]
[-76,30,1];[62,60,61]
[-59,52,-5];[48,48,48]
[-91,36,-3];[1,1,1]
[-2,30,-15];[39,41,40]
[24,51,-12];[54,54,52]
[-92,36,-3];[7,7,9]
[10,6,-13];[67,63,52]
[-82,36,-3];[24,24,24]
[-86,35,-3];[4,4,4]
[-83,35,-3];[17,17,15]
[-40,53,5];[118,103,82]
[-80,30,-1];[78,80,79]
[-25,33,7];[61,65,74]
[-85,35,-3];[16,16,14]
[77,35,-3];[23,23,23]
[0,60,-2];[245,214,87]
[-87,35,-3];[20,20,20]
[7,59,-6];[79,58,13]
[51,34,-2];[52,54,53]
[-79,33,-2];[72,74,73]
[85,29,-6];[67,68,72]
[43,33,-3];[60,50,48]
[-85,32,-3];[78,78,80]
[-77,32,-3];[36,36,34]
[1,55,-9];[165,138,51]
[52,31,-2];[56,56,54]
[-19,49,-5];[56,56,56]
[52,32,-2];[50,50,50]
[-60,31,-3];[9,9,9]
[4,21,-12];[53,53,53]
[-40,30,-3];[6,8,7]
[81,30,-3];[31,31,31]
[79,30,-3];[10,10,10]
[-51,31,3];[50,52,49]
[-11,21,11];[51,51,51]
[82,30,-3];[16,16,16]
[-37,30,-1];[53,55,54]
[-42,51,-3];[97,115,153]
[-64,29,-3];[57,59,58]
[-67,29,-3];[2,2,2]
[-13,32,-15];[56,56,54]
[-42,29,-3];[67,69,66]
[-85,33,-1];[53,52,47]
[-87,32,-3];[77,78,80]
[-43,29,-3];[67,69,66]
[45,16,4];[15,15,15]
[-55,55,1];[28,26,27]
[-51,29,-3];[5,5,5]
[-35,47,-13];[249,205,46]
[-59,29,-3];[1,1,1]
[-71,29,-3];[46,50,51]
[37,30,-3];[48,49,51]
[-84,40,-6];[9,11,10]
[81,29,-3];[33,33,35]
[80,30,-3];[35,35,37]
[-59,29,-12];[148,148,148]
[-9,5,-12];[241,200,58]
[71,29,-2];[58,59,61]
[-70,29,-3];[26,26,28]
[17,12,9];[22,24,23]
[67,29,-2];[14,14,14]
[3,33,-12];[7,33,128]
[81,28,-3];[26,27,29]
[52,43,5];[69,70,74]
[60,28,-2];[14,14,14]
[38,28,-3];[18,18,18]
[-28,44,10];[66,68,67]
[56,47,-1];[58,58,56]
[-84,34,3];[21,21,21]
[61,22,-1];[58,58,58]
[-53,34,13];[92,92,92]
[-17,26,-3];[27,27,25]
[18,25,-2];[20,21,16]
[-18,25,-2];[34,34,32]
[-16,40,14];[50,52,51]
[57,47,3];[70,71,73]
[-17,25,-3];[18,18,16]
[-16,23,-3];[17,18,13]
[-16,22,-3];[19,19,17]
[25,22,-2];[26,27,22]
[82,28,2];[5,5,5]
[-52,49,-7];[3,3,3]
[75,21,-3];[66,62,51]
[-12,48,15];[57,58,53]
[-44,21,3];[25,19,3]
[79,28,-4];[4,4,4]
[-16,21,-3];[23,23,21]
[-50,24,5];[63,58,29]
[77,20,-3];[78,74,62]
[-26,20,-2];[32,33,28]
[57,31,0];[47,47,45]
[-23,29,10];[14,14,14]
[-25,19,-3];[13,14,9]
[59,44,5];[65,66,70]
[71,33,-5];[43,43,43]
[-60,19,-2];[76,78,77]
[-87,37,5];[13,13,15]
[88,19,-2];[68,68,68]
[-51,51,-1];[56,58,57]
[53,45,4];[56,57,59]
[-22,18,-2];[23,20,13]
[88,18,-2];[67,68,70]
[88,16,-3];[66,66,68]
[-1,22,-12];[51,51,51]
[-68,35,-11];[49,49,49]
[-4,28,11];[40,39,34]
[59,18,-3];[64,64,64]
[86,37,5];[85,83,86]
[58,17,-2];[64,66,65]
[-68,49,-5];[3,3,5]
[61,47,2];[60,60,60]
[-26,16,-2];[58,56,57]
[-20,23,-7];[8,8,8]
[-31,16,-2];[69,68,64]
[-42,16,-2];[245,203,93]
[-44,16,-2];[239,199,78]
[-55,16,-2];[243,203,81]
[91,46,0];[86,86,88]
[-58,16,-3];[73,73,71]
[-23,15,-3];[74,74,74]
[-29,41,-12];[39,41,40]
[19,15,-3];[28,29,34]
[-57,32,12];[59,61,60]
[48,13,4];[33,34,36]
[-53,20,4];[229,190,7]
[-18,38,-17];[81,81,83]
[-84,46,1];[43,44,39]
[-18,31,13];[58,58,58]
[-17,17,-1];[20,20,20]
[17,15,-3];[1,1,1]
[-9,40,-12];[28,47,87]
[47,15,-3];[24,24,22]
[1,60,-2];[243,212,70]
[88,14,-3];[45,46,48]
[42,6,-4];[30,30,30]
[50,14,-2];[67,69,68]
[-19,14,-3];[24,26,25]
[-36,56,0];[42,42,40]
[-35,40,9];[35,35,27]
[-20,14,-3];[56,56,56]
[-21,14,-3];[77,77,75]
[21,12,-3];[113,104,71]
[34,13,-3];[20,19,15]
[20,14,-3];[33,33,33]
[-19,13,-3];[89,88,93]
[-7,60,-5];[74,76,75]
[-20,13,-3];[72,72,70]
[-21,12,-3];[47,44,39]
[-21,13,-3];[38,38,38]
[-8,51,13];[25,25,25]
[20,13,-3];[37,36,34]
[18,12,-3];[28,28,28]
[-31,45,13];[64,60,48]
[9,47,-12];[0,21,137]
[-57,25,-7];[1,1,1]
[-8,4,-10];[248,207,57]
[18,13,-3];[5,3,4]
[7,17,-14];[229,187,49]
[-17,12,-3];[21,20,18]
[-91,35,2];[19,19,19]
[-84,37,-8];[63,64,68]
[-18,12,-3];[34,32,33]
[38,7,-2];[4,4,4]
[-13,0,2];[67,69,68]
[12,46,-16];[32,32,32]
[4,59,2];[253,216,66]
[-70,35,-10];[36,34,35]
[-1,2,8];[76,76,76]
[-87,44,-5];[33,33,33]
[-17,5,-3];[2,2,2]
[58,22,-6];[72,73,75]
[-59,16,4];[130,123,130]
[-47,16,2];[69,68,64]
[87,27,4];[100,100,102]
[-16,5,-3];[2,2,2]
[43,5,-3];[74,75,77]
[2,7,12];[59,59,57]
[-55,48,-8];[2,2,2]
[-19,49,4];[47,49,48]
[-31,51,-2];[62,64,63]
[-14,8,13];[61,60,65]
[2,33,12];[19,87,194]
[41,4,-2];[77,77,79]
[16,2,-3];[39,40,42]
[-41,25,-9];[25,25,25]
[16,1,-3];[40,41,43]
[-6,60,-3];[56,56,56]
[22,34,-16];[51,52,54]
[-8,60,-3];[50,50,50]
[7,59,-3];[63,48,0]
[-86,39,-1];[34,34,32]
[4,59,-3];[50,44,12]
[-50,44,11];[4,4,4]
[7,57,7];[250,225,45]
[-73,47,8];[37,37,39]
[39,27,1];[15,15,15]
[-9,2,7];[243,199,16]
[-32,33,9];[20,19,15]
[12,58,-3];[78,67,39]
[-9,7,-13];[238,199,60]
[10,58,-3];[50,44,32]
[-56,25,8];[1,1,1]
[-86,40,-8];[67,67,69]
[-55,24,4];[16,16,16]
[11,58,-3];[65,56,38]
[-18,31,-15];[72,71,69]
[-46,43,14];[48,48,46]
[9,58,-3];[41,34,24]
[57,23,2];[23,23,25]
[-54,47,-6];[5,5,5]
[-27,33,9];[42,44,43]
[-51,30,6];[49,49,47]
[-3,30,-15];[36,36,36]
[3,58,-3];[178,153,86]
[-36,44,-12];[98,87,41]
[0,58,-3];[53,42,24]
[-1,58,-3];[60,48,24]
[40,47,3];[52,52,52]
[19,57,-3];[33,39,53]
[21,56,-3];[38,44,60]
[33,54,-2];[56,56,54]
[-49,32,5];[51,51,49]
[39,26,0];[27,29,28]
[63,39,5];[5,5,5]
[-85,35,3];[22,24,23]
[-64,29,2];[54,54,54]
[28,54,-2];[58,58,58]
[27,54,-3];[56,56,58]
[26,54,-3];[57,57,57]
[13,60,-2];[251,216,62]
[-56,51,1];[7,7,5]
[25,54,-2];[57,57,57]
[-46,50,4];[5,5,5]
[-16,54,-3];[20,20,20]
[-46,54,-3];[43,43,45]
[-20,54,-3];[20,20,20]
[16,17,0];[1,1,1]
[-80,34,4];[57,59,58]
[-22,54,-3];[18,18,18]
[-41,54,-3];[26,26,26]
[16,5,3];[0,0,0]
[-29,42,10];[61,63,62]
[-16,17,-5];[10,12,11]
[-19,54,-3];[24,25,20]
[-21,54,-4];[2,1,0]
[-22,54,-4];[55,42,33]
[8,33,12];[11,76,176]
[17,44,-15];[21,21,31]
[-27,56,0];[42,44,43]
[-24,54,-3];[20,20,20]
[-19,50,-2];[46,48,45]
[-28,54,-3];[18,18,18]
[-41,29,3];[191,170,81]
[-29,54,-3];[33,33,33]
[17,45,14];[60,62,61]
[-21,12,2];[114,117,122]
[36,19,-7];[59,55,52]
[-33,54,-4];[49,39,29]
[-18,42,16];[77,77,79]
[-25,16,5];[67,66,64]
[-34,54,-3];[28,28,28]
[-38,54,-4];[57,47,37]
[-50,30,-6];[42,44,43]
[-39,54,-3];[22,22,22]
[-43,54,-4];[53,45,30]
[36,52,-3];[59,59,59]
[62,34,-6];[67,66,62]
[37,52,-3];[58,58,58]
[-21,51,-3];[39,40,35]
[-21,45,10];[73,75,74]
[18,37,-16];[13,13,15]
[-27,51,-3];[53,53,53]
[-37,37,14];[48,49,53]
[-30,51,-3];[65,67,64]
[-40,25,-8];[45,45,45]
[-29,20,-5];[49,42,23]
[-22,28,-10];[36,36,28]
[-6,43,10];[84,116,163]
[-40,51,-3];[17,17,17]
[5,53,-11];[53,55,54]
[-56,64,-3];[67,68,70]
[-57,51,-3];[4,4,2]
[-20,50,-3];[44,46,45]
[16,15,-6];[23,23,23]
[-78,32,-7];[82,82,82]
[-29,16,2];[69,70,72]
[-69,50,-3];[55,55,53]
[-14,43,-15];[42,44,43]
[-90,42,0];[22,22,20]
[-28,50,-3];[38,37,32]
[-18,25,10];[1,1,1]
[-87,37,4];[15,15,15]
[-20,49,-3];[93,97,98]
[-33,48,-3];[45,45,45]
[-34,48,-3];[45,45,45]
[-56,65,-3];[70,71,73]
[-13,26,-10];[28,30,29]
[-1,25,8];[9,9,9]
[-38,48,-3];[117,126,141]
[-43,48,-3];[96,99,92]
[14,60,-5];[250,219,94]
[-82,43,6];[1,1,1]
[16,6,1];[41,39,40]
[-50,48,-3];[6,6,4]
[-81,43,2];[2,2,2]
[85,15,3];[74,73,78]
[-58,48,-3];[1,1,1]
[-84,33,-2];[90,92,91]
[43,38,7];[52,52,52]
[-60,48,-3];[2,1,0]
[50,12,4];[67,67,69]
[-62,48,-3];[23,23,23]
[8,40,-12];[85,123,196]
[-84,48,-3];[60,62,59]
[-55,16,-4];[240,199,73]
[41,47,-3];[48,48,48]
[69,47,-3];[59,59,59]
[68,47,-3];[56,56,54]
[-13,25,-9];[9,9,9]
[-76,48,-5];[57,57,57]
[88,28,-3];[66,66,68]
[66,47,-3];[57,57,57]
[-11,57,4];[1,1,1]
[6,50,12];[97,94,103]
[52,46,-3];[33,35,34]
[-56,29,5];[6,6,6]
[-88,47,-3];[63,65,64]
[-62,44,-9];[6,6,8]
[-90,38,-4];[13,13,13]
[-82,47,-3];[55,57,54]
[21,57,6];[47,47,47]
[-89,46,-3];[64,64,64]
[42,46,-3];[46,46,46]
[-39,35,13];[69,65,64]
[38,49,2];[56,56,56]
[-81,37,8];[64,65,67]
[55,20,1];[28,28,28]
[44,46,-3];[49,49,51]
[46,45,-3];[49,49,49]
[21,23,-8];[31,31,31]
[45,46,-3];[48,48,48]
[-13,41,-15];[16,16,16]
[-79,39,2];[64,66,63]
[-31,23,5];[97,99,98]
[38,50,-2];[56,56,58]
[-80,32,4];[67,67,67]
[-57,47,3];[2,2,2]
[76,45,-3];[254,217,38]
[-85,46,-3];[36,36,36]
[-48,42,8];[94,83,29]
[92,45,-3];[114,113,111]
[10,45,-14];[18,48,180]
[47,45,-3];[21,21,19]
[-58,24,7];[57,57,57]
[-36,16,-5];[40,36,27]
[49,44,-3];[35,35,35]
[-80,44,-3];[197,165,44]
[46,45,-4];[47,45,46]
[76,41,5];[148,131,87]
[-82,44,-3];[13,13,13]
[29,21,4];[36,36,36]
[-84,43,-3];[10,10,10]
[42,45,-14];[59,59,59]
[51,45,-4];[4,4,6]
[-87,43,-3];[18,20,19]
[-86,44,-3];[20,20,20]
[-89,43,-3];[9,11,8]
[-81,42,-3];[6,6,6]
[54,31,4];[84,88,99]
[-82,42,-3];[16,16,16]
[76,29,3];[4,6,3]
[11,39,-14];[6,17,135]
[-92,42,-3];[107,107,107]
[-56,30,-5];[4,4,2]
[-6,42,-12];[80,122,196]
[-37,22,3];[13,12,8]
[-29,36,-12];[83,87,88]
[43,34,-2];[20,15,12]
[68,35,-6];[119,77,17]
[-81,41,-3];[3,3,1]
[7,7,12];[250,216,33]
[-82,41,-3];[5,5,5]
[43,21,0];[38,38,38]
[-19,37,9];[52,78,152]
[9,2,-9];[238,196,60]
[84,28,-6];[65,66,68]
[4,45,-11];[71,110,185]
[-83,41,-3];[75,107,154]
[56,15,4];[72,70,71]
[-45,39,11];[80,82,79]
[-83,41,-4];[15,15,15]
[58,26,-3];[17,17,17]
[-32,54,-4];[55,43,31]
[21,57,4];[7,6,11]
[-86,41,-3];[11,63,139]
[76,35,-3];[21,25,36]
[-87,41,-3];[87,117,167]
[23,39,13];[24,42,80]
[46,6,-5];[227,200,109]
[53,31,4];[57,74,118]
[-88,41,-4];[9,9,9]
[-34,49,1];[63,65,64]
[-59,49,6];[0,0,0]
[-90,41,-3];[8,8,8]
[28,54,-7];[58,58,58]
[46,6,4];[86,86,88]
[-10,0,-5];[241,202,81]
[-91,41,-3];[9,9,9]
[-83,38,-3];[4,4,4]
[41,46,-8];[59,59,59]
[-58,23,-5];[7,7,9]
[-24,35,13];[54,61,67]
[65,27,3];[176,176,178]
[16,4,0];[5,5,5]
[15,19,11];[53,54,56]
[-90,38,-3];[9,9,7]
[-9,10,-14];[236,197,58]
[-29,25,-8];[39,38,36]
[91,43,0];[76,76,76]
[-87,38,-3];[7,7,7]
[-91,38,-3];[7,7,7]
[-36,33,6];[11,11,11]
[65,39,5];[17,17,15]
[34,51,11];[57,57,55]
[-40,38,-15];[62,59,40]
[-74,37,9];[2,2,2]
[-84,37,-3];[27,27,25]
[-85,37,-3];[26,26,26]
[-86,37,-3];[19,19,19]
[79,35,-3];[25,23,24]
[54,19,4];[64,64,66]
[29,54,-2];[57,57,57]
[47,35,-3];[29,18,14]
[-23,33,-9];[55,57,56]
[-84,34,-3];[17,18,20]
[-83,33,-3];[43,43,43]
[-89,33,-3];[77,77,77]
[80,32,-3];[49,49,51]
[54,12,4];[72,72,72]
[30,7,-2];[21,19,20]
[80,32,-4];[36,36,38]
[4,28,-12];[48,47,45]
[-29,16,-1];[68,69,71]
[-81,31,-3];[64,62,63]
[88,31,-3];[66,66,66]
[42,46,-10];[59,59,59]
[-16,25,-2];[63,59,34]
[-52,47,9];[1,1,1]
[10,3,8];[114,104,69]
[-11,50,12];[55,55,55]
[-38,30,-3];[49,49,41]
[47,36,2];[0,0,0]
[-40,31,-3];[6,8,7]
[-41,31,-3];[6,8,7]
[-42,30,-3];[6,8,7]
[49,43,4];[36,31,25]
[-42,31,-3];[6,8,7]
[-54,48,-13];[76,69,51]
[-46,30,-3];[69,71,70]
[-33,30,-3];[43,45,44]
[-16,50,-15];[160,165,168]
[14,22,10];[49,49,49]
[-67,30,-3];[33,34,36]
[-64,30,-3];[62,62,62]
[33,54,6];[57,57,55]
[88,23,-1];[68,68,70]
[-74,30,-3];[26,26,24]
[38,32,11];[81,81,81]
[7,13,13];[253,219,36]
[-29,30,-3];[121,106,51]
[68,29,-2];[20,20,20]
[6,27,10];[35,30,11]
[-62,48,4];[8,8,8]
[-29,29,-3];[22,24,23]
[-58,20,3];[27,27,27]
[16,34,15];[50,50,52]
[-27,19,-6];[163,128,46]
[-61,25,3];[130,175,206]
[21,55,0];[33,33,33]
[8,49,-13];[67,69,84]
[-37,29,-3];[24,24,22]
[-10,24,-10];[44,33,5]
[77,28,0];[13,13,13]
[-38,29,-3];[25,25,23]
[91,44,-4];[68,67,65]
[-41,29,-3];[53,55,54]
[-50,29,-3];[5,5,5]
[-86,48,-2];[59,59,59]
[-57,29,-3];[4,4,4]
[-4,30,12];[53,55,54]
[7,32,-13];[28,28,36]
[-58,29,-3];[2,2,2]
[24,21,-1];[14,15,17]
[-14,7,-13];[64,64,64]
[78,28,-3];[4,4,4]
[-52,16,-5];[245,201,32]
[-61,28,-3];[15,30,53]
[-10,45,-16];[33,37,40]
[52,40,5];[67,65,66]
[-82,40,-9];[66,67,71]
[72,28,-3];[48,48,48]
[-13,1,6];[58,58,58]
[82,26,-3];[3,3,1]
[-88,42,-3];[3,3,3]
[-17,11,0];[24,22,23]
[-61,27,-3];[134,174,200]
[-16,26,-3];[27,27,25]
[-47,52,-8];[229,190,51]
[73,25,-3];[61,61,61]
[-23,51,-3];[13,13,13]
[-56,59,1];[14,14,14]
[-89,42,-1];[12,12,10]
[-19,24,-3];[34,36,35]
[-42,31,11];[62,63,58]
[74,23,-3];[66,61,55]
[26,54,-2];[57,57,57]
[22,23,-3];[2,0,1]
[-25,22,-3];[18,18,18]
[-51,31,4];[50,52,49]
[-60,51,3];[70,71,73]
[-44,38,-12];[88,90,89]
[-63,49,4];[49,49,51]
[-61,23,2];[83,108,146]
[-54,61,-3];[65,67,66]
[61,21,-3];[60,60,60]
[16,20,-3];[18,20,19]
[-59,19,-3];[89,90,92]
[78,18,-3];[93,82,54]
[-20,16,0];[1,1,1]
[45,17,-3];[37,36,32]
[79,17,-3];[52,45,35]
[-39,30,1];[92,96,97]
[-8,45,-15];[30,63,144]
[31,17,-3];[14,13,9]
[3,58,-4];[97,87,62]
[-19,24,-1];[48,48,46]
[23,55,2];[50,50,50]
[-30,53,-4];[58,44,18]
[-28,16,-3];[68,69,71]
[-76,30,4];[22,22,22]
[-30,16,-3];[67,68,70]
[-33,16,-3];[241,201,80]
[75,39,-6];[249,205,56]
[-40,16,-3];[67,69,68]
[30,9,-1];[1,1,1]
[-56,45,13];[245,210,32]
[84,36,5];[66,66,68]
[-47,16,-3];[71,70,68]
[-49,16,-3];[67,68,70]
[-76,38,-9];[27,27,27]
[-55,16,-3];[241,201,80]
[-56,16,-3];[242,202,88]
[-38,35,13];[61,60,58]
[17,21,4];[1,1,1]
[-33,46,-11];[46,48,47]
[-59,56,1];[89,88,93]
[54,31,-5];[57,57,55]
[67,40,-6];[54,54,56]
[52,11,-4];[25,25,25]
[26,11,0];[11,11,11]
[-21,15,-3];[56,56,54]
[18,15,-3];[15,15,15]
[20,56,3];[36,43,59]
[-20,51,-4];[152,135,63]
[-44,51,2];[39,41,40]
[0,1,-7];[62,62,62]
[-69,38,-11];[22,24,23]
[-16,15,-3];[22,22,22]
[15,22,10];[47,47,47]
[-18,15,-3];[10,10,10]
[31,37,15];[33,33,33]
[33,15,-3];[21,20,16]
[40,34,13];[91,91,91]
[-24,35,-14];[44,48,49]
[-51,49,1];[7,6,4]
[-32,53,-4];[18,14,5]
[-68,48,-7];[7,7,7]
[-4,8,12];[58,60,59]
[85,14,-3];[75,75,77]
[-40,30,-1];[6,8,7]
[-33,30,10];[50,47,38]
[-18,13,-3];[30,26,25]
[16,12,-3];[2,1,0]
[-16,12,-3];[14,12,13]
[18,53,-10];[55,55,53]
[35,12,-3];[22,21,17]
[-54,42,11];[4,4,4]
[11,1,6];[64,53,33]
[36,11,-3];[28,27,22]
[-4,38,-12];[84,123,190]
[37,10,-3];[25,24,19]
[-13,47,-16];[23,24,28]
[-49,52,-7];[54,53,51]
[39,9,-3];[15,15,15]
[16,8,-3];[30,30,30]
[80,29,-3];[34,34,36]
[17,6,-3];[65,63,66]
[11,0,-3];[77,68,37]
[12,5,-11];[65,65,65]
[-23,51,1];[46,46,44]
[23,43,12];[55,118,249]
[43,45,8];[85,85,85]
[9,0,-3];[242,204,79]
[2,0,-3];[68,70,69]
[-1,0,-3];[70,70,70]
[26,41,-17];[66,67,69]
[-80,47,5];[61,62,64]
[81,31,2];[61,63,62]
[-21,55,-3];[33,33,33]
[-50,25,-9];[68,68,68]
[47,41,-5];[22,22,24]
[-20,48,4];[38,40,39]
[-87,47,-2];[61,61,61]
[-3,0,-3];[70,70,70]
[-8,0,-3];[242,204,79]
[35,54,4];[58,58,58]
[-11,0,-3];[246,208,97]
[16,60,-3];[59,59,59]
[18,60,-3];[59,60,62]
[38,26,3];[52,52,52]
[55,47,-3];[59,59,57]
[15,60,-3];[105,100,94]
[2,58,-3];[44,31,22]
[92,45,2];[79,79,79]
[-19,16,-1];[39,40,34]
[-3,58,-3];[75,58,28]
[10,1,-8];[239,202,87]
[-54,23,3];[11,11,11]
[6,42,10];[64,102,164]
[-38,51,0];[42,44,43]
[-50,56,-3];[63,63,65]
[-56,54,-3];[29,29,29]
[-45,20,5];[161,129,26]
[-55,54,-3];[26,26,26]
[-82,48,-4];[63,65,64]
[-59,54,-3];[78,79,81]
[78,33,-1];[88,90,85]
[-30,54,-4];[55,47,36]
[-31,16,-4];[17,17,17]
[36,54,2];[90,90,90]
[-74,30,5];[24,24,24]
[-33,51,-3];[57,57,57]
[-39,42,14];[59,55,52]
[-42,44,7];[202,168,44]
[-47,51,-3];[65,67,66]
[75,29,4];[23,23,23]
[-44,20,-5];[240,194,36]
[-48,30,1];[54,54,52]
[-51,51,-3];[54,56,55]
[-36,54,-3];[35,34,29]
[-63,49,-3];[35,35,35]
[-69,31,-8];[55,55,55]
[91,45,-2];[78,78,78]
[-64,49,-3];[49,49,49]
[-84,33,-5];[76,77,79]
[88,27,-1];[67,65,66]
[-60,32,-6];[8,8,8]
[-25,49,-3];[29,29,29]
[64,47,-1];[57,57,55]
[-32,48,-3];[45,45,45]
[-75,33,-8];[51,52,54]
[-49,48,-3];[51,52,54]
[-55,48,-3];[5,5,5]
[-29,35,10];[52,54,53]
[89,37,-3];[67,67,65]
[-89,38,4];[17,17,15]
[-56,47,3];[7,7,5]
[-44,48,-3];[121,125,124]
[-48,38,-12];[25,25,25]
[80,32,1];[16,16,18]
[-46,48,-3];[45,45,43]
[-47,48,-3];[46,46,44]
[-54,48,-3];[5,5,5]
[-34,37,11];[59,61,60]
[-35,54,-4];[50,46,37]
[-86,47,-3];[62,64,63]
[72,47,-3];[57,59,56]
[71,47,-3];[56,58,57]
[63,47,-3];[57,57,57]
[61,47,-3];[58,58,58]
[60,47,-3];[58,58,58]
[59,47,-3];[58,58,56]
[-4,47,8];[0,43,129]
[52,47,-3];[57,57,57]
[-79,46,-3];[30,30,28]
[91,45,-3];[79,79,79]
[-85,45,5];[66,67,71]
[-29,30,4];[53,53,53]
[-16,54,-2];[13,13,13]
[58,45,5];[59,61,60]
[90,45,-3];[66,66,66]
[-24,48,-12];[253,206,42]
[82,45,-3];[62,66,67]
[-56,59,-3];[65,66,68]
[40,44,15];[60,60,60]
[80,45,-3];[65,65,65]
[79,45,-3];[93,80,45]
[20,17,0];[13,13,13]
[50,45,-3];[26,25,23]
[-7,48,-14];[44,49,55]
[79,14,-1];[79,80,82]
[-86,46,-3];[54,54,54]
[40,48,12];[59,59,59]
[13,1,5];[62,62,62]
[-17,9,10];[35,37,36]
[9,0,-1];[240,204,82]
[48,44,-3];[41,41,41]
[91,43,-3];[75,73,74]
[-91,43,-3];[1,1,1]
[-57,50,-4];[4,4,4]
[-90,33,0];[99,98,96]
[-41,31,6];[70,71,73]
[-89,40,-3];[25,27,26]
[-91,42,-3];[98,98,100]
[8,33,11];[10,54,159]
[55,45,-6];[48,48,48]
[46,18,0];[39,39,39]
[-78,32,-2];[36,36,36]
[-93,42,-3];[130,130,130]
[-17,55,-2];[47,48,50]
[-61,33,5];[7,7,7]
[-79,41,-3];[60,61,55]
[-54,64,-2];[112,114,113]
[-78,39,-3];[8,8,8]
[89,39,-3];[78,78,78]
[80,34,-4];[27,27,29]
[-16,6,3];[3,3,5]
[-83,33,-4];[43,43,43]
[-83,48,2];[58,58,58]
[-5,20,-13];[54,54,54]
[81,34,-4];[20,20,20]
[74,33,-3];[2,1,0]
[-79,33,-3];[31,31,31]
[-88,33,-3];[77,77,77]
[-84,38,-7];[15,15,15]
[-78,32,-3];[38,38,36]
[76,32,-1];[66,66,68]
[41,32,-3];[75,74,69]
[-30,20,4];[24,20,9]
[83,32,-6];[66,68,67]
[-84,32,-3];[78,78,78]
[-16,52,-13];[150,150,148]
[53,31,-3];[46,46,44]
[0,2,8];[76,76,76]
[-31,49,-3];[64,66,65]
[55,31,-3];[54,54,54]
[-32,41,11];[31,31,29]
[-15,8,-12];[53,53,53]
[62,41,-6];[52,52,52]
[79,29,-3];[6,6,6]
[-35,42,-10];[52,52,50]
[-26,21,4];[67,69,68]
[13,42,15];[57,59,58]
[-75,31,-3];[25,25,25]
[-14,49,-15];[54,54,54]
[29,37,16];[36,36,36]
[-75,31,-4];[40,42,41]
[74,31,-3];[2,2,2]
[37,30,0];[20,20,20]
[77,38,5];[69,67,68]
[-39,31,-3];[6,8,7]
[43,19,-5];[30,30,30]
[-23,51,-10];[214,179,53]
[52,32,1];[46,46,46]
[-21,49,5];[68,76,95]
[-86,47,2];[60,59,57]
[29,47,15];[75,73,76]
[-44,31,-3];[7,7,7]
[-48,30,-3];[81,83,80]
[-50,30,-3];[59,61,58]
[-85,44,2];[1,1,1]
[82,38,5];[65,66,68]
[-50,31,-3];[81,83,80]
[-54,31,-3];[3,3,3]
[-36,30,-3];[51,48,41]
[-3,32,-13];[32,33,37]
[-30,30,-3];[57,59,58]
[-3,16,13];[55,55,55]
[-51,47,4];[21,21,21]
[-31,30,-3];[61,63,62]
[-85,48,-2];[60,60,60]
[-19,47,-6];[7,7,5]
[-66,29,-3];[68,69,71]
[70,29,-3];[69,71,70]
[38,37,-16];[55,57,56]
[21,45,-15];[43,44,46]
[3,47,8];[0,44,151]
[-34,29,-3];[32,32,30]
[-51,37,9];[33,35,34]
[-40,48,2];[21,23,22]
[-47,29,-3];[92,94,91]
[-58,26,-7];[20,20,20]
[-53,29,-3];[1,1,0]
[-56,29,-3];[0,0,0]
[71,29,-3];[54,54,54]
[34,54,0];[57,57,55]
[72,27,-3];[72,72,74]
[59,27,-3];[14,16,15]
[11,44,13];[34,66,141]
[81,26,-3];[21,23,22]
[-54,29,-3];[1,1,1]
[-61,25,-3];[157,202,231]
[81,25,-3];[2,1,0]
[-58,18,5];[63,63,61]
[3,59,-2];[76,55,0]
[-36,36,11];[53,53,53]
[58,24,-3];[18,18,18]
[-11,54,8];[47,47,45]
[40,25,-3];[22,22,22]
[-52,22,3];[25,25,25]
[6,27,-11];[53,37,0]
[-34,24,4];[47,38,31]
[-51,21,3];[21,15,1]
[-17,23,-3];[25,25,25]
[-51,29,9];[39,39,39]
[-20,23,-3];[40,40,40]
[-7,25,-8];[175,134,16]
[-61,23,-3];[143,174,195]
[-93,37,-2];[86,86,88]
[-17,13,8];[127,128,132]
[10,1,5];[240,200,66]
[75,22,-3];[68,65,60]
[54,35,-6];[56,47,32]
[-13,52,-11];[59,61,60]
[78,18,-1];[80,69,41]
[17,22,-3];[35,35,33]
[82,28,-5];[12,13,15]
[55,21,-3];[20,20,20]
[-59,21,-3];[2,0,1]
[77,19,-3];[79,75,63]
[88,20,-3];[67,67,69]
[-32,31,3];[152,138,89]
[25,23,6];[11,10,8]
[-9,43,11];[17,57,142]
[88,17,-3];[66,67,69]
[-85,43,4];[15,15,13]
[-52,30,-7];[36,38,37]
[-22,18,-3];[15,13,14]
[6,30,-14];[43,43,41]
[45,18,-3];[29,28,26]
[-70,28,1];[69,69,71]
[-17,6,5];[69,69,69]
[-21,17,-3];[44,50,50]
[40,22,4];[30,30,30]
[-69,28,-1];[61,62,64]
[-57,64,-2];[0,0,0]
[-17,7,-4];[174,173,171]
[-25,42,14];[65,64,46]
[75,45,-3];[129,117,65]
[-31,16,-3];[68,67,62]
[-34,16,-3];[241,203,80]
[-33,40,14];[238,209,115]
[-3,58,2];[244,216,90]
[36,48,-15];[56,56,54]
[-37,16,-3];[69,68,64]
[50,14,-3];[17,17,19]
[-28,29,-10];[49,49,47]
[87,14,-3];[77,77,77]
[82,14,-3];[84,85,87]
[-6,10,13];[238,204,32]
[-16,6,-3];[5,5,5]
[56,15,-3];[69,69,71]
[83,14,-3];[74,74,74]
[14,10,-14];[54,56,55]
[-56,21,4];[5,2,0]
[84,14,-3];[76,76,78]
[-23,34,13];[58,58,58]
[19,13,-3];[46,46,48]
[36,12,-3];[32,31,27]
[-27,46,-10];[36,38,37]
[16,21,9];[48,48,48]
[45,9,-3];[1,1,1]
[39,8,-3];[12,12,12]
[40,4,-3];[76,76,76]
[-30,47,12];[58,55,46]
[59,27,-2];[21,21,21]
[-16,2,-3];[54,55,59]
[-17,11,1];[60,60,58]
[-16,1,-3];[43,43,45]
[86,23,-6];[69,69,69]
[-15,1,-3];[62,64,63]
[16,8,3];[51,51,51]
[5,0,-3];[68,68,68]
[-56,38,-12];[4,5,7]
[-17,41,-17];[79,82,89]
[-2,0,-3];[70,70,70]
[14,57,8];[227,196,54]
[-5,0,-3];[68,70,69]
[-6,0,-3];[68,68,68]
[-30,49,-12];[57,53,42]
[-49,44,-15];[237,208,82]
[38,50,-13];[109,109,109]
[4,58,-4];[26,21,17]
[22,55,-3];[41,39,40]
[-52,54,-3];[21,21,21]
[18,59,5];[97,97,95]
[-58,53,-4];[48,48,46]
[-44,55,-1];[46,46,46]
[-60,53,-3];[66,66,66]
[79,35,-5];[29,29,29]
[46,17,-2];[26,26,26]
[-1,6,-13];[58,60,59]
[-60,52,-3];[74,76,75]
[-66,49,-3];[60,60,60]
[-41,34,7];[18,17,15]
[-15,17,13];[46,46,46]
[-33,32,-6];[67,69,68]
[-67,49,-3];[33,35,34]
[28,54,4];[58,58,58]
[-19,48,-9];[12,12,12]
[-83,48,-4];[64,66,65]
[-4,5,-12];[63,63,63]
[-52,31,-7];[3,3,3]
[-83,38,1];[14,14,14]
[73,47,-3];[61,59,62]
[38,9,-3];[21,21,21]
[78,27,5];[22,22,22]
[38,50,-12];[59,57,58]
[-3,54,-9];[9,8,6]
[72,47,-4];[63,63,63]
[68,47,-4];[71,71,73]
[-48,23,-5];[4,3,1]
[70,43,-6];[52,52,50]
[17,21,1];[28,28,26]
[67,47,-4];[72,72,72]
[-24,33,-14];[60,60,58]
[-89,43,-4];[20,20,20]
[-55,65,2];[64,64,64]
[64,47,-3];[57,57,57]
[63,47,-4];[66,66,66]
[-36,48,4];[14,14,14]
[-60,48,-11];[85,86,90]
[73,47,-4];[67,67,69]
[-65,47,-7];[50,50,50]
[70,47,-4];[68,68,70]
[18,42,-13];[72,134,219]
[69,47,-4];[71,71,71]
[22,23,-7];[25,25,27]
[59,46,4];[55,55,55]
[-87,39,-1];[35,35,35]
[65,47,-4];[66,66,66]
[-59,43,13];[65,67,66]
[-59,20,0];[2,2,2]
[-28,36,10];[54,54,52]
[59,31,4];[46,46,44]
[-5,27,10];[66,53,9]
[4,58,-6];[112,102,64]
[-81,38,-1];[135,120,61]
[19,17,-1];[1,1,1]
[56,47,-4];[68,68,68]
[-87,45,-4];[49,50,45]
[-78,42,-4];[64,66,65]
[50,36,-3];[30,30,28]
[78,35,-3];[24,24,24]
[-31,16,0];[84,65,25]
[32,22,6];[61,63,62]
[-90,34,-1];[68,70,69]
[-86,34,-4];[20,20,20]
[-78,33,-4];[14,14,14]
[-63,30,3];[40,41,43]
[-76,31,-3];[52,54,53]
[-83,32,-3];[77,77,77]
[-43,30,0];[41,41,41]
[81,31,-3];[27,27,27]
[82,19,4];[37,37,37]
[16,23,8];[18,17,22]
[-52,31,-3];[3,3,3]
[-75,31,6];[64,66,65]
[-67,49,4];[28,28,30]
[-61,42,8];[16,18,17]
[-68,29,-3];[4,5,7]
[-26,37,-14];[52,59,67]
[73,27,-3];[78,79,81]
[-85,38,-8];[63,62,67]
[-61,26,-3];[148,193,222]
[64,26,-3];[47,47,45]
[3,4,-11];[69,69,69]
[17,24,-3];[16,16,14]
[-37,23,-4];[17,16,11]
[16,23,-4];[17,17,15]
[-41,23,-4];[6,6,4]
[-70,31,-7];[19,19,19]
[79,34,-3];[28,28,28]
[-11,24,-9];[10,9,7]
[-34,22,-4];[120,96,24]
[31,54,5];[57,57,57]
[16,2,7];[51,49,50]
[-38,22,-4];[7,4,0]
[-39,22,-4];[20,13,3]
[-49,22,-4];[16,12,1]
[-16,21,-4];[18,18,18]
[-70,28,-1];[15,16,21]
[45,18,-4];[45,41,38]
[-37,16,3];[60,60,58]
[-40,51,1];[46,48,47]
[30,18,-4];[26,25,23]
[-43,16,-3];[240,202,79]
[80,15,-4];[71,71,71]
[76,44,-5];[254,209,58]
[-55,16,3];[239,195,34]
[50,15,-3];[18,18,18]
[-85,48,-3];[61,63,62]
[11,4,9];[71,73,72]
[83,14,-4];[70,70,72]
[-1,45,9];[85,116,163]
[-56,29,4];[6,6,6]
[82,14,-4];[80,80,80]
[19,14,-4];[18,18,18]
[50,11,-4];[50,51,53]
[-16,8,4];[1,1,3]
[18,60,4];[76,76,76]
[2,58,-4];[114,96,58]
[-83,42,-4];[9,9,9]
[-21,50,2];[118,123,119]
[46,10,-3];[69,69,67]
[38,10,-3];[29,28,26]
[-51,49,-12];[101,89,37]
[-37,31,4];[60,62,61]
[50,10,-4];[47,48,52]
[42,7,-4];[41,41,41]
[-76,48,-7];[67,67,69]
[-92,43,-3];[1,1,1]
[-50,44,14];[65,62,47]
[39,7,-4];[68,69,71]
[41,6,-4];[31,31,31]
[-32,56,0];[46,48,47]
[-17,3,-3];[44,45,49]
[-19,47,-14];[19,18,16]
[-67,49,1];[53,53,53]
[19,58,-4];[38,39,43]
[-38,20,-5];[48,43,24]
[32,54,-8];[64,64,62]
[-59,51,-4];[11,11,11]
[-25,51,-4];[76,78,75]
[47,13,-4];[22,21,19]
[51,15,3];[16,16,16]
[-58,38,11];[5,5,5]
[21,23,4];[6,6,8]
[-42,51,-4];[15,13,14]
[-85,45,2];[10,10,10]
[45,16,-4];[45,41,38]
[-3,0,-5];[67,69,68]
[-73,50,-3];[48,48,48]
[31,7,-2];[56,56,58]
[-24,24,-6];[2,2,2]
[87,17,-5];[78,76,79]
[-80,48,-4];[83,85,84]
[-32,36,-12];[59,61,60]
[46,18,1];[35,37,36]
[-84,46,-4];[13,13,13]
[-23,12,-1];[82,83,85]
[-46,48,8];[87,114,191]
[88,29,-3];[66,66,68]
[88,37,-3];[88,88,86]
[-3,30,14];[40,41,43]
[-89,36,-4];[2,2,2]
[-68,35,-10];[2,2,2]
[-90,36,-4];[1,1,1]
[-37,28,-1];[58,60,59]
[75,35,-3];[30,30,30]
[74,34,-3];[1,1,1]
[51,37,-6];[72,66,42]
[18,41,-13];[69,129,217]
[51,35,1];[38,39,41]
[51,32,-3];[30,30,28]
[39,31,-3];[63,63,63]
[-20,23,8];[2,2,0]
[-67,29,-4];[46,46,46]
[-60,48,-9];[13,13,15]
[25,52,10];[56,58,57]
[-37,48,2];[44,44,44]
[77,29,-4];[5,5,5]
[7,15,14];[81,85,97]
[-4,18,13];[56,56,54]
[89,38,0];[82,83,85]
[88,27,-3];[66,66,66]
[88,26,-3];[66,66,66]
[43,20,-3];[28,28,26]
[59,26,-3];[17,17,17]
[32,8,0];[3,3,3]
[2,2,7];[58,58,56]
[-26,48,11];[236,196,20]
[-79,48,4];[97,93,92]
[-62,49,-3];[1,1,0]
[17,25,-4];[0,2,1]
[-44,34,10];[51,53,52]
[-88,34,-1];[4,4,4]
[-60,33,-10];[21,23,22]
[74,25,-4];[86,90,93]
[-31,53,-6];[243,205,46]
[-17,24,-3];[55,56,51]
[21,23,-3];[2,2,0]
[-33,22,-4];[65,48,0]
[-52,22,-4];[36,30,6]
[-54,22,-4];[23,19,16]
[-41,49,-12];[63,61,46]
[54,20,-3];[20,20,20]
[-57,21,5];[119,119,119]
[-59,20,-3];[44,45,47]
[-55,16,-1];[241,201,79]
[77,19,-4];[99,96,87]
[-22,19,-3];[37,37,37]
[53,19,-4];[17,17,17]
[-1,44,10];[88,116,163]
[-24,50,3];[39,38,33]
[-38,33,7];[40,42,41]
[75,32,0];[55,53,56]
[-23,33,-13];[59,59,57]
[39,8,-1];[18,18,18]
[-55,63,-1];[17,19,18]
[16,18,-3];[23,23,23]
[-16,15,-8];[80,82,79]
[32,16,-4];[36,35,33]
[90,40,-3];[76,76,76]
[16,17,-3];[15,15,15]
[-16,16,-3];[25,27,26]
[-59,16,-3];[80,79,77]
[20,42,-13];[71,132,221]
[-30,16,-2];[67,69,68]
[81,15,-4];[38,38,40]
[57,16,-2];[66,66,66]
[31,54,7];[68,68,68]
[54,20,0];[28,28,26]
[51,16,-4];[11,11,11]
[51,15,-3];[128,128,126]
[-22,15,-3];[91,92,94]
[-9,41,-14];[25,43,79]
[47,15,-4];[38,37,33]
[18,50,13];[76,75,80]
[44,5,0];[76,78,77]
[10,53,-10];[53,55,52]
[87,14,-4];[75,75,75]
[29,37,-16];[27,27,27]
[4,51,-15];[60,60,60]
[49,14,-3];[29,31,30]
[48,10,-4];[61,61,63]
[-45,55,0];[10,10,10]
[52,10,-3];[71,71,71]
[-78,41,-5];[32,32,32]
[52,9,-3];[68,68,66]
[-47,55,-4];[65,64,62]
[44,8,-4];[34,34,32]
[-5,9,13];[237,208,82]
[52,11,3];[99,102,107]
[-13,11,13];[58,58,58]
[77,46,-2];[255,220,8]
[45,8,-3];[3,3,3]
[-16,9,-4];[25,25,23]
[-16,8,-3];[67,67,69]
[48,6,-4];[69,69,69]
[-38,21,3];[18,14,3]
[39,9,3];[27,27,27]
[-50,23,4];[34,29,23]
[46,6,-3];[73,73,73]
[42,4,-3];[74,75,77]
[39,4,-3];[79,77,78]
[15,1,-4];[42,44,43]
[13,0,-3];[70,70,70]
[-49,32,-9];[76,67,34]
[12,0,-3];[69,69,69]
[0,47,8];[1,58,165]
[26,11,-2];[15,14,12]
[-40,48,-12];[49,50,45]
[-33,51,2];[50,52,51]
[-57,40,14];[53,53,53]
[-7,60,-4];[70,70,70]
[-11,60,-4];[114,110,107]
[-30,50,4];[60,62,61]
[82,19,5];[87,88,92]
[15,59,-4];[31,31,29]
[43,42,-13];[16,16,16]
[5,59,-5];[51,53,50]
[32,19,5];[42,41,39]
[5,59,-4];[47,47,45]
[7,56,-9];[78,72,46]
[-42,55,-2];[20,20,20]
[-4,59,-4];[54,51,44]
[23,37,14];[55,56,58]
[-32,32,-9];[27,30,37]
[-59,18,-3];[85,86,90]
[-5,45,-10];[76,119,197]
[-18,14,5];[19,19,19]
[20,58,-4];[5,5,5]
[-1,8,-14];[56,56,56]
[-50,56,-4];[65,65,65]
[-21,30,10];[16,16,18]
[12,42,-15];[37,38,40]
[-37,48,-3];[129,127,106]
[21,56,-4];[37,43,57]
[-12,55,-3];[39,39,39]
[23,54,-3];[54,54,54]
[23,54,-4];[52,52,52]
[-17,54,-4];[21,21,19]
[25,22,-4];[66,67,69]
[36,54,-3];[86,86,86]
[-23,23,7];[1,1,0]
[-54,54,-4];[34,34,34]
[-22,53,-4];[23,18,12]
[-51,47,12];[48,48,46]
[21,55,-4];[23,23,23]
[41,24,0];[36,36,36]
[25,41,-16];[1,1,1]
[75,37,-6];[144,116,43]
[-28,53,-4];[54,42,20]
[-15,14,-14];[57,58,60]
[35,34,-15];[51,51,51]
[-39,24,4];[42,42,42]
[21,27,-8];[1,1,1]
[-29,53,-4];[58,44,17]
[-47,55,3];[36,36,36]
[22,19,-1];[27,29,28]
[-51,33,7];[12,12,12]
[-34,51,3];[189,164,63]
[-12,55,-4];[37,37,35]
[-62,30,-5];[18,18,18]
[-34,53,-4];[51,47,38]
[-79,48,-6];[68,68,68]
[-31,29,-10];[51,49,50]
[-24,54,2];[44,44,44]
[19,53,-10];[56,56,56]
[-37,53,-4];[36,32,29]
[-37,30,0];[19,19,19]
[-34,41,14];[58,58,48]
[-35,45,-14];[74,55,15]
[-38,53,-4];[28,24,21]
[-39,53,-4];[71,63,40]
[-59,66,1];[96,96,98]
[-40,53,-4];[74,67,41]
[-44,53,-4];[33,26,7]
[-45,53,-4];[46,38,15]
[-34,43,11];[60,62,61]
[74,23,5];[70,66,63]
[91,44,-3];[73,73,73]
[-20,53,-4];[81,67,40]
[-21,53,-4];[31,22,13]
[37,51,-3];[58,58,56]
[-34,30,5];[72,72,72]
[-58,22,-6];[62,64,63]
[-22,51,-4];[48,48,48]
[34,13,2];[48,40,27]
[56,15,-2];[68,68,68]
[-41,47,-10];[55,57,54]
[-25,50,-4];[70,72,71]
[-28,51,-4];[65,67,64]
[-90,42,-3];[21,21,21]
[-30,51,-4];[65,67,64]
[30,24,7];[76,76,78]
[-31,51,-4];[41,41,43]
[-52,21,4];[178,145,40]
[-1,49,-9];[48,69,132]
[-42,16,-5];[242,200,28]
[-37,29,-1];[58,60,59]
[-2,10,-14];[55,55,55]
[7,47,8];[1,44,139]
[9,53,10];[55,55,53]
[-37,51,-4];[12,14,13]
[-40,33,13];[62,63,65]
[-39,41,14];[57,56,51]
[-90,42,2];[56,55,53]
[-3,35,-11];[78,115,186]
[-38,51,-4];[16,16,16]
[-16,21,8];[14,14,14]
[-46,51,-4];[21,25,37]
[-53,48,-13];[94,85,42]
[-47,51,-4];[65,67,66]
[-23,37,9];[138,130,83]
[-49,51,-4];[56,56,56]
[60,28,3];[13,13,13]
[-46,30,0];[15,15,15]
[50,44,4];[37,39,38]
[60,25,5];[66,67,69]
[-89,37,-7];[73,71,74]
[5,59,-3];[41,39,26]
[1,2,7];[58,58,58]
[-52,51,-4];[4,4,4]
[-53,51,-4];[6,6,6]
[10,59,5];[210,187,117]
[-55,51,-4];[4,4,2]
[-55,30,-3];[3,3,3]
[-56,48,-4];[6,6,6]
[-13,23,9];[24,24,24]
[-76,48,-4];[31,31,31]
[-81,48,-3];[58,58,58]
[43,43,-11];[14,14,14]
[80,22,5];[63,64,66]
[-80,47,-4];[10,10,10]
[-44,54,3];[80,75,69]
[-43,51,-4];[19,20,24]
[40,47,-3];[56,56,56]
[-43,44,-15];[91,84,55]
[73,46,-4];[77,75,76]
[-34,29,3];[22,22,20]
[-7,18,13];[240,197,22]
[35,28,9];[76,76,78]
[50,45,-4];[18,18,20]
[-56,32,8];[3,3,3]
[-86,44,-4];[1,1,1]
[8,16,-15];[216,186,98]
[17,6,2];[95,95,97]
[82,34,-6];[76,77,79]
[48,44,-4];[38,38,38]
[90,41,-3];[75,75,77]
[-12,45,-16];[10,10,12]
[28,52,10];[58,58,58]
[90,39,-3];[78,78,78]
[-15,52,11];[58,58,58]
[37,12,-5];[52,51,49]
[-10,41,-16];[87,88,93]
[61,30,4];[16,16,16]
[-49,40,-12];[72,74,73]
[83,45,-3];[65,66,68]
[-93,38,-4];[113,114,109]
[-33,38,9];[110,99,53]
[-59,36,8];[1,1,0]
[-56,48,2];[1,1,0]
[-84,37,-4];[32,32,32]
[46,35,-4];[27,19,17]
[22,32,-12];[63,65,64]
[88,36,-3];[67,69,68]
[17,13,7];[95,97,96]
[51,35,-3];[32,28,25]
[0,34,-10];[8,49,163]
[-90,47,2];[62,62,64]
[-47,45,10];[73,97,167]
[-84,34,-4];[56,44,2]
[51,34,-3];[48,47,45]
[0,35,-11];[83,120,190]
[-83,31,-2];[78,78,78]
[88,33,-3];[66,66,66]
[-39,56,0];[30,30,30]
[-45,56,0];[46,46,46]
[-67,49,3];[24,24,24]
[88,32,-3];[66,66,66]
[-38,16,-3];[69,69,69]
[-46,34,13];[64,64,66]
[51,33,-3];[21,21,21]
[22,19,-2];[29,31,30]
[42,33,-4];[67,33,32]
[-29,43,11];[56,57,59]
[51,32,-4];[33,33,31]
[40,32,-4];[71,61,62]
[-78,32,-4];[24,24,24]
[67,37,-6];[72,66,32]
[-2,30,-14];[50,50,50]
[-14,36,-15];[42,42,42]
[74,32,-4];[2,2,0]
[-82,48,-2];[57,57,57]
[-54,17,4];[247,202,21]
[-82,31,-4];[77,79,78]
[-16,11,2];[34,34,34]
[-46,50,10];[76,72,43]
[58,31,-4];[41,41,39]
[57,31,-3];[49,49,47]
[54,31,-3];[48,48,46]
[-74,37,-11];[25,25,25]
[9,58,4];[178,152,59]
[61,30,-3];[1,1,1]
[-18,25,4];[38,38,38]
[-57,29,-4];[5,5,5]
[-53,51,1];[7,7,5]
[47,12,-7];[69,70,72]
[-58,29,-4];[5,5,5]
[29,48,-16];[79,79,77]
[-2,0,3];[66,66,66]
[67,29,-3];[14,14,14]
[16,25,-4];[4,4,2]
[-51,34,9];[16,16,16]
[2,34,-11];[39,82,186]
[18,25,-3];[18,19,14]
[-19,36,-15];[44,45,47]
[88,25,-3];[66,66,66]
[88,24,-3];[67,67,67]
[63,25,-3];[50,50,50]
[64,25,-3];[49,49,49]
[7,45,9];[52,85,152]
[-51,51,-4];[3,3,3]
[19,25,-4];[19,18,14]
[88,25,-4];[62,62,62]
[-53,16,1];[242,204,79]
[63,24,-3];[58,58,58]
[4,42,-12];[46,78,129]
[9,3,-10];[238,198,76]
[-28,23,-4];[14,16,11]
[30,31,-10];[44,44,44]
[-34,55,-1];[46,48,47]
[-16,23,-4];[22,22,20]
[-48,29,4];[108,110,107]
[-49,27,-10];[60,60,58]
[-30,23,-5];[13,13,11]
[-51,22,-4];[19,17,4]
[-66,49,-4];[57,57,57]
[89,44,4];[65,67,66]
[-25,22,-4];[14,15,10]
[-14,26,6];[7,7,7]
[-19,46,-14];[23,21,22]
[42,22,-4];[39,39,37]
[-60,21,-4];[19,20,15]
[54,32,4];[166,166,166]
[81,37,-6];[68,69,71]
[29,28,10];[37,37,35]
[-17,22,-4];[23,23,23]
[-56,17,-6];[79,75,72]
[-10,57,-2];[48,48,48]
[-20,50,1];[51,51,51]
[-51,17,-5];[247,202,21]
[-28,22,-4];[16,15,11]
[-32,27,9];[57,59,58]
[-34,16,0];[240,201,82]
[-28,24,4];[15,15,13]
[25,18,-1];[2,2,2]
[36,53,-3];[60,60,60]
[54,47,-4];[68,68,68]
[-82,38,5];[28,27,25]
[-32,21,-4];[162,130,21]
[-3,55,-9];[224,185,84]
[-50,22,-4];[22,15,0]
[28,21,-4];[22,18,15]
[76,20,-4];[82,80,65]
[43,46,1];[52,52,52]
[23,55,-1];[69,69,71]
[76,21,-4];[79,77,65]
[-23,31,-8];[56,57,52]
[-19,47,6];[47,47,47]
[60,20,-3];[61,63,62]
[-27,50,1];[77,78,80]
[-26,19,-4];[4,3,0]
[38,21,6];[68,69,71]
[-81,31,3];[66,66,66]
[-2,60,2];[181,165,106]
[57,21,-5];[78,78,80]
[-60,19,-3];[83,83,83]
[29,20,-4];[26,26,24]
[-46,21,3];[214,173,3]
[30,19,-4];[32,32,30]
[-41,51,3];[46,48,47]
[32,54,-4];[57,57,55]
[59,18,-4];[65,65,63]
[7,45,-10];[88,126,188]
[34,46,-16];[45,44,42]
[59,19,-3];[62,62,62]
[54,13,-1];[72,74,73]
[-59,18,-4];[47,48,50]
[21,49,-14];[54,54,54]
[-21,18,4];[27,27,27]
[80,16,-4];[58,60,59]
[17,16,9];[15,17,16]
[57,16,-3];[65,67,66]
[46,16,-4];[47,44,37]
[33,15,-4];[39,38,36]
[86,14,-4];[68,72,75]
[71,30,-5];[94,93,91]
[84,14,-4];[71,71,73]
[-50,25,-7];[12,11,7]
[-35,32,-9];[114,118,117]
[45,19,0];[42,42,42]
[50,15,-4];[9,11,10]
[34,14,-4];[40,39,37]
[14,0,2];[67,69,68]
[-41,26,-10];[71,71,71]
[35,13,-4];[42,41,37]
[4,59,-2];[61,48,0]
[57,42,5];[61,61,61]
[-18,13,-4];[108,106,107]
[54,12,-2];[73,73,73]
[54,12,-3];[73,73,73]
[34,29,7];[31,33,32]
[-16,47,-15];[14,14,14]
[46,33,-1];[36,38,37]
[54,11,-4];[76,76,76]
[-58,41,14];[183,163,92]
[16,1,1];[56,56,56]
[-75,47,-8];[67,68,70]
[16,10,-4];[24,24,24]
[-60,44,11];[22,21,19]
[-48,46,10];[4,4,12]
[16,9,-4];[35,36,38]
[-2,25,8];[10,10,8]
[-8,3,9];[245,206,51]
[51,8,-4];[64,66,65]
[-32,20,-6];[64,61,46]
[49,7,-3];[70,70,70]
[-16,18,-3];[13,15,14]
[-16,6,-4];[2,2,2]
[80,34,2];[35,35,35]
[-92,41,-6];[0,0,0]
[29,23,-6];[23,23,21]
[41,4,-4];[72,74,73]
[38,48,14];[57,57,57]
[27,10,-2];[13,12,10]
[-21,27,11];[40,40,40]
[2,0,-4];[68,68,68]
[-34,36,13];[42,64,62]
[-30,17,-5];[62,49,7]
[-8,0,-4];[244,204,82]
[21,27,7];[21,21,21]
[-5,60,-4];[106,105,100]
[-59,63,1];[6,7,9]
[6,59,-5];[65,61,50]
[9,50,-16];[20,20,22]
[28,32,-11];[43,43,45]
[-9,60,-4];[69,70,72]
[11,58,-4];[80,74,48]
[78,28,3];[10,10,10]
[-1,58,-4];[68,62,48]
[87,32,-6];[110,109,105]
[-4,58,-4];[93,82,54]
[0,58,-4];[71,64,38]
[20,57,-4];[29,35,47]
[-58,27,-11];[67,69,68]
[-34,30,-3];[49,49,41]
[59,41,-6];[53,53,53]
[-71,29,2];[30,32,31]
[16,15,-13];[41,43,42]
[-48,55,-4];[72,71,69]
[-14,54,-4];[39,41,40]
[-49,40,11];[56,56,54]
[-22,36,9];[66,68,67]
[22,14,-2];[15,17,16]
[-39,50,4];[74,74,64]
[36,54,-4];[86,86,86]
[40,35,3];[48,48,46]
[-79,32,-1];[36,36,36]
[-46,54,-4];[45,45,47]
[-52,54,-4];[33,33,33]
[-58,54,-4];[47,47,45]
[-28,50,-4];[39,38,33]
[-50,40,11];[56,56,54]
[-30,50,-4];[65,67,64]
[-43,44,8];[201,171,51]
[-17,9,-11];[45,45,45]
[-33,50,-4];[52,52,52]
[-34,50,-4];[54,54,54]
[-86,48,1];[57,57,57]
[26,16,-1];[1,1,1]
[-20,39,-11];[203,168,38]
[-17,11,-2];[21,19,20]
[-41,50,-4];[14,14,14]
[-56,50,-4];[6,8,7]
[-24,50,-4];[49,49,49]
[-65,29,0];[69,71,70]
[-67,34,-8];[13,15,14]
[-27,50,-4];[22,22,20]
[-20,50,-4];[36,34,21]
[-50,31,-6];[31,32,27]
[-7,42,11];[85,116,163]
[-51,33,-10];[65,82,128]
[78,46,0];[254,220,8]
[-26,50,-4];[22,22,20]
[-75,50,-4];[70,70,72]
[-22,50,-4];[10,8,9]
[-21,24,10];[76,77,81]
[-14,51,12];[57,57,57]
[-49,31,-6];[100,102,101]
[28,44,-16];[59,58,56]
[-74,49,-4];[37,37,37]
[-15,25,-6];[1,1,1]
[-23,49,-4];[3,3,1]
[54,41,5];[61,63,62]
[-25,49,-4];[3,3,3]
[58,47,2];[62,62,62]
[-58,54,0];[49,50,52]
[-89,34,-1];[25,25,25]
[37,52,10];[71,71,71]
[-44,48,-4];[3,3,3]
[-46,30,-2];[59,61,60]
[5,51,-14];[58,58,58]
[15,6,11];[47,47,47]
[-25,20,4];[6,6,6]
[-51,48,-4];[5,5,3]
[-61,48,-4];[9,9,9]
[-83,47,-4];[64,64,64]
[-84,47,-4];[64,64,64]
[92,45,0];[97,97,99]
[-4,28,-12];[51,46,40]
[74,35,-3];[26,26,24]
[-77,47,-4];[22,21,19]
[25,24,9];[31,29,30]
[-79,47,-4];[1,1,3]
[-38,38,-10];[19,20,15]
[-33,52,-8];[240,199,45]
[51,46,-2];[42,41,39]
[-85,47,-4];[64,64,64]
[82,26,3];[1,1,0]
[-10,31,-16];[69,66,59]
[57,46,-4];[68,68,68]
[-60,53,0];[102,104,103]
[81,25,2];[2,4,3]
[-79,46,-4];[2,2,2]
[-80,46,-4];[18,18,18]
[-82,46,-4];[65,67,66]
[-20,23,-8];[9,9,9]
[-89,46,-4];[62,62,62]
[-39,53,-7];[62,59,52]
[42,45,6];[58,58,58]
[-76,48,1];[2,2,2]
[-13,41,15];[27,25,28]
[-81,46,-5];[64,64,62]
[71,28,0];[38,38,38]
[-82,46,-5];[19,19,19]
[-84,42,-3];[14,14,12]
[-83,46,-4];[66,66,66]
[-83,45,-4];[30,30,30]
[74,45,-4];[43,40,35]
[16,2,6];[61,63,62]
[43,45,-4];[43,43,41]
[-15,26,-8];[20,20,18]
[17,12,10];[43,44,48]
[9,0,-5];[243,204,77]
[77,45,-4];[251,212,47]
[51,45,2];[24,24,24]
[64,34,-5];[53,53,53]
[76,45,-4];[177,144,11]
[-30,49,1];[58,60,59]
[-47,49,1];[57,57,55]
[-31,52,6];[237,199,38]
[-13,54,5];[25,27,26]
[90,45,-4];[77,79,78]
[42,45,-11];[59,59,59]
[89,45,-4];[74,74,76]
[88,45,-4];[72,73,75]
[-15,26,9];[28,26,29]
[87,45,-4];[72,73,75]
[-80,45,6];[4,4,4]
[79,45,-4];[82,80,68]
[11,42,-15];[55,63,73]
[35,4,-1];[79,79,81]
[77,44,-4];[253,210,54]
[-87,44,-4];[42,42,42]
[92,44,-4];[69,67,68]
[-80,43,-4];[12,12,10]
[-81,43,-4];[1,1,1]
[14,5,11];[60,61,63]
[-59,43,-12];[11,11,9]
[3,57,-8];[89,83,47]
[65,25,2];[26,26,24]
[89,39,4];[44,44,44]
[-38,36,-12];[82,104,162]
[-83,43,-4];[10,10,10]
[-19,16,2];[14,14,14]
[9,30,14];[36,34,22]
[-92,43,-4];[48,46,47]
[-17,41,16];[1,1,1]
[-80,34,-6];[11,11,11]
[-84,48,2];[59,59,59]
[-91,43,-4];[119,120,122]
[4,53,9];[55,55,53]
[-61,27,-2];[146,197,228]
[-85,42,-4];[14,14,12]
[16,51,11];[56,56,56]
[-89,42,-4];[20,20,18]
[-90,45,-3];[34,34,36]
[-91,42,-4];[52,52,52]
[9,58,-5];[77,74,57]
[-35,27,-10];[55,57,54]
[46,15,3];[38,38,38]
[-3,59,-2];[250,219,94]
[-36,52,-7];[67,63,51]
[90,40,-4];[74,74,74]
[-44,48,7];[126,118,81]
[-36,34,10];[45,45,45]
[49,37,-4];[23,24,26]
[-59,59,1];[96,92,93]
[76,35,-1];[28,28,28]
[-6,14,14];[209,185,63]
[-68,42,10];[48,50,49]
[-36,49,0];[57,59,58]
[-88,38,-4];[13,13,11]
[16,4,-1];[8,8,8]
[-13,3,9];[72,73,75]
[-33,36,-10];[5,7,6]
[69,33,4];[50,49,47]
[-91,38,-4];[2,2,2]
[-36,29,-2];[17,17,17]
[-81,37,-4];[1,1,1]
[-60,24,4];[66,66,66]
[-82,37,-4];[14,14,14]
[-86,37,-4];[37,37,35]
[-23,14,1];[61,61,61]
[-87,37,-4];[38,38,38]
[-88,37,-4];[32,32,32]
[-89,37,-4];[25,25,25]
[5,26,7];[19,19,17]
[-59,44,-11];[8,8,10]
[-91,37,-4];[21,21,21]
[-90,34,1];[79,78,83]
[46,36,-4];[36,36,38]
[-24,51,8];[210,177,36]
[-87,35,-4];[24,24,22]
[23,54,8];[67,67,67]
[20,12,2];[84,81,66]
[29,8,0];[18,18,18]
[-52,59,1];[54,54,56]
[-28,28,10];[50,52,51]
[88,35,-4];[61,61,61]
[-18,10,0];[46,46,46]
[82,35,-4];[12,12,14]
[-35,53,-5];[41,41,41]
[36,15,-6];[61,57,54]
[42,34,-4];[65,45,57]
[50,45,2];[39,39,39]
[-42,52,-9];[182,154,54]
[-79,35,-4];[33,33,33]
[12,1,6];[57,57,55]
[-83,34,-4];[43,43,43]
[-80,33,-5];[41,41,41]
[88,32,-4];[60,60,60]
[17,7,8];[47,47,47]
[-49,55,-5];[61,61,59]
[-76,32,-4];[37,37,37]
[45,5,4];[116,116,118]
[47,11,4];[56,56,56]
[-57,31,-4];[3,3,3]
[-83,39,2];[6,6,6]
[-26,20,5];[27,25,26]
[-80,31,-4];[65,65,63]
[-28,46,8];[49,51,50]
[88,31,-4];[62,60,61]
[5,5,-12];[63,63,61]
[59,31,-4];[33,33,31]
[-50,48,11];[51,52,47]
[-66,45,8];[44,45,47]
[-79,45,1];[12,12,12]
[55,31,-4];[44,44,42]
[-56,31,-4];[10,10,10]
[35,4,0];[81,81,83]
[-14,0,1];[68,68,68]
[-54,29,-10];[39,39,39]
[-40,31,-4];[6,8,7]
[-43,23,4];[44,44,44]
[-41,31,-4];[6,8,7]
[-49,31,-4];[81,83,80]
[4,9,-14];[55,55,53]
[6,27,9];[32,28,27]
[-50,31,-4];[81,83,80]
[-84,41,-9];[65,66,70]
[6,15,-15];[70,71,76]
[-54,31,-4];[2,4,3]
[-25,34,13];[64,67,72]
[-56,40,9];[6,6,4]
[-76,31,-4];[46,44,45]
[-33,31,-4];[6,7,2]
[-30,32,12];[248,208,22]
[-45,30,-3];[82,86,87]
[35,11,0];[47,38,29]
[-33,30,-4];[6,6,4]
[-49,41,-12];[16,16,14]
[-25,51,9];[5,5,5]
[-34,30,-4];[49,49,41]
[41,35,3];[42,42,42]
[-86,37,7];[65,66,68]
[16,12,5];[35,35,33]
[16,8,-2];[6,6,6]
[-55,44,-8];[6,6,6]
[88,31,-2];[66,67,69]
[-35,30,-4];[49,49,41]
[-4,43,-11];[82,125,194]
[38,31,3];[29,29,29]
[-87,40,-7];[3,3,3]
[37,30,-4];[53,54,56]
[-64,30,-4];[69,70,72]
[-66,30,-4];[54,54,54]
[-29,29,-4];[202,168,42]
[-34,31,5];[60,62,61]
[-47,29,-4];[197,165,44]
[47,14,4];[14,16,13]
[38,9,0];[45,36,31]
[61,29,-4];[3,3,3]
[-69,29,-4];[25,25,25]
[76,29,-4];[13,13,13]
[24,45,-16];[45,47,46]
[59,27,-4];[16,16,18]
[61,34,5];[83,83,83]
[80,27,-4];[3,3,1]
[88,15,3];[71,71,71]
[-41,21,4];[199,164,2]
[-27,25,-6];[27,29,28]
[38,27,-4];[34,35,30]
[37,28,-4];[21,21,21]
[17,8,4];[22,24,23]
[-60,27,-4];[166,162,159]
[12,29,10];[58,58,56]
[-61,27,-4];[60,84,108]
[-59,44,13];[33,33,33]
[-31,30,-7];[34,41,51]
[81,26,-4];[3,3,3]
[-7,42,-12];[80,122,196]
[73,26,-4];[85,89,92]
[39,25,-4];[37,37,37]
[-61,31,-5];[13,13,13]
[-55,19,5];[225,200,71]
[81,25,-4];[3,2,0]
[-42,52,-8];[209,175,52]
[-57,41,11];[6,6,6]
[-22,38,10];[61,61,51]
[-16,9,1];[19,20,22]
[-15,31,-15];[39,38,36]
[36,11,-2];[9,9,9]
[58,25,-4];[10,10,10]
[-56,46,-7];[5,6,8]
[-38,24,-4];[176,175,181]
[-54,48,4];[6,6,6]
[88,24,-4];[63,63,61]
[56,23,-4];[13,13,13]
[57,24,-4];[14,14,14]
[25,22,-5];[67,69,68]
[-37,50,3];[182,163,87]
[-38,23,-4];[39,38,33]
[15,33,-15];[64,64,62]
[-50,23,-4];[4,4,2]
[-27,23,-4];[16,15,11]
[-39,23,-4];[22,21,16]
[-32,43,-9];[12,14,13]
[14,41,-15];[18,25,33]
[-43,23,-4];[19,15,14]
[-49,23,-4];[13,12,10]
[-40,29,1];[93,95,94]
[27,21,-3];[19,12,4]
[-52,23,-4];[11,11,9]
[75,23,-4];[75,72,63]
[-48,23,-4];[13,13,11]
[-3,59,5];[199,170,30]
[57,23,-4];[12,12,12]
[51,38,5];[18,18,20]
[-83,35,-2];[15,15,13]
[-22,36,10];[185,164,81]
[81,25,-5];[38,37,35]
[-26,22,-4];[1,1,1]
[84,23,5];[64,65,67]
[-44,25,7];[38,39,34]
[47,7,4];[57,57,59]
[-36,22,-4];[13,7,0]
[-25,54,-4];[55,47,34]
[17,60,4];[85,84,80]
[-45,22,-4];[12,11,6]
[-45,49,0];[19,19,19]
[-26,36,-15];[94,148,174]
[-81,46,-4];[33,37,38]
[31,45,15];[29,31,30]
[-56,22,-4];[38,38,30]
[28,25,7];[6,6,6]
[-61,22,-4];[46,69,111]
[-18,11,-2];[29,29,29]
[-17,45,14];[18,18,18]
[-82,46,1];[100,117,161]
[28,22,-4];[31,25,13]
[-82,35,-2];[64,66,65]
[16,22,-4];[17,17,17]
[-53,53,-7];[58,58,58]
[-21,55,0];[44,46,45]
[16,57,7];[248,211,32]
[-24,29,-10];[44,39,33]
[-24,22,-4];[18,18,18]
[-45,55,2];[40,40,40]
[-75,48,3];[47,49,48]
[-44,22,-4];[46,30,0]
[17,5,2];[2,2,2]
[17,58,7];[186,164,81]
[-58,22,-4];[9,9,9]
[-16,24,5];[1,1,1]
[8,25,8];[202,162,4]
[-24,21,-4];[8,8,6]
[-60,31,-11];[42,44,43]
[-57,21,-4];[9,9,9]
[-21,48,-13];[179,134,41]
[61,22,0];[59,59,59]
[-45,21,-4];[45,34,2]
[27,52,-11];[55,55,55]
[-40,25,9];[54,48,36]
[50,15,-1];[76,78,77]
[-42,49,-2];[90,97,105]
[-56,37,14];[55,55,55]
[-48,21,-4];[8,4,0]
[-15,13,13];[56,56,58]
[-40,19,-6];[47,47,45]
[-50,21,-4];[195,150,5]
[-54,47,8];[1,1,1]
[-73,30,4];[31,31,29]
[16,9,4];[59,59,59]
[-55,27,10];[53,51,52]
[-54,21,-4];[12,9,0]
[-36,40,-15];[52,52,52]
[-26,21,-4];[25,25,23]
[52,32,-1];[45,45,43]
[-13,27,-11];[41,41,39]
[-55,54,2];[13,13,15]
[-48,48,3];[56,56,56]
[88,36,1];[68,68,68]
[88,21,-4];[64,64,64]
[-3,40,11];[38,76,139]
[43,20,-4];[40,39,37]
[-28,51,2];[48,50,47]
[-44,47,-9];[79,73,47]
[17,20,-4];[35,35,35]
[16,20,-4];[21,22,24]
[-26,37,11];[20,20,18]
[54,33,-5];[14,14,16]
[78,19,-4];[66,67,62]
[80,18,-4];[41,37,34]
[58,18,-3];[65,65,65]
[38,8,-2];[8,8,8]
[80,17,-4];[46,46,46]
[-16,16,-4];[13,13,13]
[-21,16,-4];[28,28,26]
[-29,16,-4];[2,1,0]
[-30,16,-4];[12,14,13]
[-32,16,-4];[21,21,21]
[-37,16,-4];[59,58,54]
[-32,53,4];[158,138,77]
[-39,16,-4];[57,59,58]
[4,45,9];[82,114,163]
[-47,16,-4];[57,56,52]
[16,18,3];[14,14,14]
[-49,16,-4];[56,57,59]
[-54,16,-4];[242,202,55]
[-27,29,10];[34,34,32]
[62,30,-5];[98,100,99]
[41,6,3];[51,52,54]
[25,12,-1];[7,9,8]
[84,15,-4];[74,74,76]
[52,12,-4];[88,89,91]
[-3,32,13];[48,48,48]
[53,11,-4];[77,76,74]
[50,8,-4];[67,69,68]
[49,7,-4];[68,68,68]
[-51,36,-14];[109,173,201]
[-81,45,2];[19,19,17]
[17,6,-4];[26,25,23]
[17,5,-4];[2,2,2]
[-12,0,-4];[69,68,66]
[-10,60,-4];[68,69,71]
[13,58,-4];[66,63,46]
[-14,54,-5];[43,45,44]
[30,47,-16];[71,71,73]
[75,34,-1];[22,22,22]
[1,58,-4];[32,36,37]
[-11,57,-4];[3,3,5]
[28,36,15];[35,35,35]
[-39,30,6];[70,72,71]
[-49,56,-4];[57,57,59]
[-21,24,-11];[77,78,80]
[57,24,3];[23,23,23]
[-29,30,5];[49,49,49]
[-11,56,-4];[47,47,47]
[-36,17,-5];[42,33,24]
[-23,54,2];[39,39,39]
[23,55,-4];[47,47,47]
[-21,16,5];[29,29,29]
[-51,53,-4];[31,31,31]
[10,40,11];[67,103,155]
[-54,53,-4];[36,36,36]
[2,48,-9];[4,55,180]
[-59,21,2];[1,1,1]
[12,58,6];[231,193,32]
[-59,54,-4];[72,73,75]
[-37,50,-4];[12,14,13]
[90,40,3];[79,79,79]
[-38,50,-4];[16,16,16]
[5,41,11];[81,118,173]
[-43,50,-4];[20,20,20]
[78,46,1];[254,220,11]
[-49,50,-4];[3,3,3]
[-76,29,2];[57,59,58]
[-50,50,-4];[3,3,3]
[15,38,-15];[56,57,59]
[-23,47,-13];[250,204,49]
[-87,36,-3];[20,20,20]
[6,34,9];[0,24,93]
[-39,50,-4];[16,16,16]
[-29,51,3];[60,62,61]
[-47,50,-4];[65,67,66]
[-71,50,-4];[68,72,81]
[-68,50,-4];[29,29,29]
[0,20,-13];[54,54,54]
[-28,49,-4];[39,38,33]
[-29,49,-4];[55,56,51]
[-49,42,11];[19,22,29]
[-75,48,-4];[29,31,30]
[28,52,-11];[56,56,56]
[-5,47,-10];[6,57,185]
[56,14,2];[70,70,70]
[-31,48,-4];[64,66,65]
[-33,48,-4];[37,36,31]
[58,20,-6];[73,74,78]
[46,9,-3];[3,2,0]
[-38,48,-4];[41,39,27]
[-40,48,-4];[24,24,22]
[-41,48,-4];[23,25,22]
[-23,44,10];[113,104,61]
[-50,48,-4];[6,6,6]
[8,32,-13];[56,56,64]
[-61,20,1];[213,211,216]
[-37,48,-4];[201,167,41]
[-47,28,-1];[45,65,124]
[-45,48,-4];[43,43,41]
[-37,48,-5];[196,166,44]
[-23,23,-5];[1,1,1]
[2,1,6];[60,60,58]
[-13,22,-12];[47,49,48]
[-79,47,-5];[1,1,0]
[66,46,-4];[71,71,71]
[61,46,-4];[70,70,70]
[23,16,-2];[18,18,20]
[-30,48,11];[56,56,46]
[59,46,-4];[69,69,69]
[-12,32,-16];[63,62,60]
[23,13,0];[201,186,143]
[-41,45,13];[246,207,16]
[51,43,-5];[2,2,4]
[62,46,-4];[71,71,71]
[18,26,-3];[21,20,16]
[74,46,-4];[53,53,53]
[73,27,-2];[69,68,64]
[-68,50,-2];[21,23,22]
[83,45,-4];[77,79,78]
[-20,50,-5];[77,77,75]
[80,45,-4];[72,74,73]
[80,44,-4];[69,70,72]
[44,45,-5];[44,46,45]
[0,29,-12];[54,56,53]
[-85,46,2];[108,109,111]
[-90,44,-4];[16,16,16]
[-89,44,-4];[1,1,1]
[-87,43,-4];[13,15,14]
[-87,42,-4];[74,76,75]
[49,38,-4];[34,34,36]
[-81,38,-4];[4,4,4]
[47,35,1];[37,34,25]
[-58,52,8];[54,54,52]
[-82,38,-4];[4,4,4]
[34,41,15];[36,38,37]
[-34,38,-10];[187,161,64]
[50,37,-4];[9,11,10]
[-80,37,-4];[17,17,15]
[-92,37,-4];[24,24,26]
[17,30,-11];[13,13,13]
[53,18,1];[29,29,29]
[9,47,13];[10,49,144]
[-89,35,-4];[3,3,3]
[74,35,-4];[30,31,26]
[51,35,-4];[55,52,47]
[-31,29,10];[40,39,35]
[42,35,-5];[7,3,2]
[54,44,5];[69,69,71]
[-90,35,-4];[1,3,2]
[20,14,2];[39,43,42]
[-54,49,0];[4,6,5]
[22,12,-3];[62,58,47]
[-79,34,-4];[89,89,89]
[41,34,-4];[99,27,30]
[51,34,1];[52,55,60]
[-15,20,12];[47,47,47]
[17,8,0];[69,69,71]
[-14,6,11];[70,69,74]
[52,32,-4];[20,20,18]
[-79,32,-5];[2,2,0]
[-15,38,14];[52,52,54]
[-60,31,-4];[8,8,8]
[-61,31,-4];[13,13,13]
[-60,28,-8];[105,104,99]
[-38,31,-4];[49,49,41]
[72,41,-6];[48,49,51]
[-39,31,-4];[48,49,44]
[1,48,-9];[11,61,192]
[-47,31,-4];[69,71,70]
[-3,60,5];[205,175,41]
[-30,31,-4];[61,63,62]
[82,30,-4];[6,6,8]
[47,32,-1];[42,42,34]
[51,15,0];[38,38,38]
[29,35,-16];[69,73,76]
[79,28,1];[55,60,56]
[74,29,-4];[11,11,11]
[-37,55,2];[46,46,46]
[31,54,-6];[58,58,58]
[63,46,-4];[69,69,69]
[-32,29,-4];[28,28,28]
[-68,29,-1];[3,3,3]
[-66,38,10];[48,49,51]
[-37,29,-4];[59,61,60]
[-38,29,-4];[54,56,53]
[-17,13,-11];[44,44,44]
[88,33,0];[67,67,67]
[-39,29,-4];[54,56,53]
[15,20,11];[57,58,60]
[40,25,-2];[20,20,20]
[76,46,1];[251,216,13]
[9,59,4];[199,184,129]
[-40,29,-4];[54,56,53]
[-44,29,-4];[199,168,51]
[-49,29,-4];[16,16,16]
[-44,51,-3];[97,115,153]
[-52,29,-4];[6,4,5]
[-53,29,-4];[1,1,0]
[8,48,13];[13,52,145]
[-31,24,6];[72,76,77]
[-55,29,-4];[5,5,3]
[-53,48,3];[6,6,4]
[-56,29,-4];[5,5,3]
[-28,53,4];[47,39,24]
[-73,29,-4];[53,55,54]
[-73,51,0];[44,43,41]
[-72,29,-4];[18,18,20]
[67,47,-3];[57,57,57]
[60,28,-4];[15,15,15]
[39,32,10];[25,25,25]
[-35,41,9];[65,67,66]
[-40,31,4];[56,58,57]
[82,27,-4];[6,6,6]
[-91,37,-2];[28,28,28]
[38,26,-4];[35,35,35]
[-58,53,-5];[62,61,59]
[-34,23,4];[17,18,20]
[88,27,-4];[62,62,62]
[-58,51,1];[10,10,10]
[-29,30,-12];[51,50,48]
[-91,38,-7];[60,60,62]
[-18,26,-4];[26,26,24]
[-10,5,11];[71,71,61]
[-36,33,-14];[63,63,65]
[40,24,-4];[38,38,36]
[-27,24,-4];[5,5,5]
[19,24,-4];[2,2,0]
[40,23,-4];[35,35,33]
[39,41,-16];[56,56,56]
[-40,23,-4];[14,14,14]
[-35,22,-4];[138,106,7]
[-16,7,-3];[45,47,46]
[-37,22,-4];[28,17,0]
[11,50,-14];[44,43,41]
[44,8,3];[33,33,33]
[22,55,-2];[50,46,47]
[-78,44,-8];[21,21,23]
[-69,29,0];[36,37,39]
[-46,22,-4];[18,14,2]
[56,22,-4];[18,18,18]
[26,22,-3];[34,31,26]
[-49,43,-15];[65,54,26]
[-2,45,-11];[85,123,194]
[-59,22,-4];[6,6,4]
[-50,43,8];[74,76,73]
[10,2,-9];[170,149,70]
[-16,22,-4];[40,40,38]
[-89,44,2];[12,12,10]
[77,28,-2];[16,16,16]
[35,29,-8];[1,1,1]
[-80,35,1];[14,14,12]
[17,22,-4];[2,2,2]
[-51,32,-9];[82,93,121]
[88,17,0];[68,68,70]
[-28,21,-4];[9,9,1]
[-30,21,-4];[24,19,0]
[-37,21,-4];[32,24,3]
[-10,43,-16];[74,77,82]
[-11,56,-3];[49,49,49]
[-44,16,4];[246,199,8]
[-38,21,-4];[30,24,2]
[-39,21,-4];[9,9,1]
[-92,42,-1];[65,67,66]
[-27,21,-4];[13,13,11]
[-54,65,0];[55,55,55]
[-47,21,-4];[5,4,0]
[-41,49,1];[56,58,55]
[-23,29,-11];[35,32,25]
[-56,30,-1];[10,11,13]
[-53,49,-11];[78,74,49]
[25,42,16];[44,44,44]
[-52,21,-4];[186,152,44]
[42,21,-4];[39,38,36]
[29,21,-4];[27,26,24]
[29,27,-10];[10,10,12]
[-26,51,2];[92,94,93]
[80,19,-4];[40,39,37]
[-36,51,-4];[57,57,57]
[-46,16,-5];[61,47,0]
[58,42,-6];[53,53,51]
[16,2,-4];[44,45,47]
[-84,41,1];[199,164,34]
[-60,19,-4];[78,76,77]
[88,19,-4];[63,63,63]
[81,18,4];[45,45,45]
[30,19,-5];[35,35,33]
[-58,16,-4];[69,68,66]
[-18,25,9];[2,1,0]
[-48,34,-10];[30,31,35]
[58,18,-4];[64,64,62]
[-31,34,7];[13,13,11]
[-46,43,-12];[56,58,57]
[45,17,-4];[47,44,39]
[14,59,-3];[171,142,74]
[-47,20,-6];[40,41,36]
[81,16,-5];[52,54,53]
[-35,51,1];[33,33,31]
[57,17,-4];[67,67,65]
[-8,4,9];[247,209,50]
[-36,16,-4];[241,203,96]
[-23,14,-1];[73,77,80]
[-40,16,-4];[54,54,54]
[-57,65,2];[65,65,65]
[-45,16,-4];[239,199,67]
[88,35,-3];[65,67,66]
[-81,35,7];[80,80,80]
[34,15,-4];[38,38,36]
[-74,31,-6];[18,18,18]
[-88,45,2];[14,14,12]
[69,47,3];[71,72,74]
[87,15,-4];[103,105,104]
[17,14,-4];[1,1,1]
[49,14,-4];[12,12,12]
[36,12,-4];[42,41,39]
[54,13,-4];[73,73,71]
[16,11,8];[3,3,3]
[-48,36,-9];[18,24,46]
[-62,31,-3];[32,32,34]
[-34,47,8];[13,15,14]
[22,16,0];[87,89,67]
[-5,51,13];[64,64,64]
[49,11,-4];[39,39,41]
[84,32,-6];[69,70,72]
[37,11,-4];[44,43,39]
[38,11,-4];[43,44,39]
[50,9,-4];[22,23,25]
[52,34,4];[42,42,40]
[40,33,-5];[54,25,29]
[48,9,-4];[68,69,71]
[-23,43,11];[196,165,48]
[-59,52,6];[78,78,80]
[38,49,-1];[56,56,56]
[16,8,-4];[34,34,34]
[46,7,-4];[1,1,1]
[-46,46,-14];[62,56,34]
[37,6,-4];[15,15,15]
[41,5,-4];[15,15,15]
[-70,46,-9];[50,51,53]
[41,22,3];[73,72,77]
[-85,39,-9];[65,66,70]
[45,5,-4];[72,72,72]
[43,5,-4];[35,35,33]
[-28,25,-6];[27,29,28]
[-17,3,-4];[49,50,52]
[-16,2,-4];[49,49,51]
[-48,38,11];[56,56,54]
[53,46,4];[56,57,59]
[-16,1,-4];[53,53,53]
[12,0,-4];[69,69,69]
[10,0,-4];[244,205,84]
[10,36,-12];[11,41,151]
[54,31,-4];[43,43,41]
[-16,54,6];[57,57,57]
[43,38,4];[6,8,7]
[5,0,-4];[67,67,65]
[-56,43,-15];[77,59,13]
[-6,52,11];[56,58,57]
[4,0,-4];[68,68,68]
[-16,16,-10];[22,23,25]
[-53,47,-5];[5,5,5]
[1,0,-4];[68,68,68]
[-5,0,-4];[69,69,69]
[2,50,14];[23,24,26]
[-55,48,2];[1,1,0]
[74,26,-5];[52,54,53]
[-10,0,-4];[242,203,82]
[-35,25,9];[65,64,62]
[-19,46,-16];[23,22,20]
[-14,0,-4];[71,71,71]
[15,60,-4];[57,56,52]
[67,46,3];[74,75,77]
[19,59,-4];[0,0,0]
[-20,35,10];[52,78,152]
[2,59,-5];[178,153,61]
[-29,40,-12];[39,41,40]
[20,56,-4];[32,38,52]
[-82,46,-3];[206,209,218]
[29,22,-5];[37,32,26]
[26,54,-4];[57,57,55]
[-56,48,0];[1,1,1]
[-28,27,9];[56,58,57]
[-16,54,-4];[44,46,45]
[-18,9,-1];[63,63,63]
[-50,54,-4];[25,25,23]
[15,0,-5];[21,21,21]
[-29,50,-4];[55,56,50]
[17,11,-1];[8,8,8]
[-33,42,8];[201,169,46]
[-71,28,-2];[70,71,73]
[-40,50,-4];[16,16,16]
[-71,50,-5];[36,36,38]
[-73,50,-4];[53,53,53]
[-70,42,-11];[32,32,34]
[-45,50,10];[66,63,44]
[5,46,9];[60,100,159]
[12,0,5];[62,62,60]
[-71,38,-12];[34,34,34]
[37,7,0];[20,20,20]
[22,25,-10];[3,3,3]
[-19,49,-4];[62,54,17]
[-26,49,-5];[45,46,41]
[8,37,11];[84,115,159]
[43,43,-16];[94,93,98]
[46,16,3];[37,37,37]
[-58,48,-4];[1,1,1]
[80,28,-3];[39,39,41]
[70,46,-4];[70,70,72]
[52,31,3];[64,64,62]
[-62,49,-4];[1,1,1]
[1,25,6];[17,17,19]
[69,46,-4];[73,73,73]
[-26,20,-3];[28,28,26]
[55,46,-4];[68,68,68]
[-79,33,-7];[50,50,48]
[65,46,-4];[70,70,70]
[-67,49,0];[34,34,34]
[-31,33,9];[49,49,41]
[64,46,-4];[69,69,69]
[9,4,-10];[246,206,75]
[12,0,-1];[72,72,72]
[16,16,-3];[1,1,0]
[-6,33,13];[14,54,152]
[37,17,-6];[60,55,52]
[6,31,-17];[77,77,67]
[41,47,-4];[48,48,48]
[40,47,-4];[56,56,56]
[59,19,-4];[64,64,62]
[42,46,-4];[35,35,33]
[-79,46,-5];[50,52,49]
[-23,24,-11];[69,71,70]
[-64,49,3];[26,26,26]
[45,45,-5];[43,45,44]
[-93,42,1];[75,74,70]
[-35,51,3];[189,164,63]
[47,45,-4];[31,31,31]
[-15,17,-13];[57,59,58]
[48,43,-5];[39,39,39]
[81,24,5];[44,46,45]
[24,24,8];[6,6,6]
[21,31,-9];[19,19,19]
[17,6,7];[42,44,43]
[-17,21,1];[15,15,13]
[-17,21,-1];[27,28,23]
[81,46,0];[58,58,58]
[-78,41,-4];[8,8,6]
[-20,23,6];[1,1,3]
[-46,31,12];[62,62,60]
[-87,38,-4];[14,14,14]
[-78,39,-4];[24,26,25]
[66,39,5];[13,13,11]
[23,14,1];[155,153,140]
[90,39,-5];[114,110,111]
[-40,33,-14];[62,62,60]
[-53,30,-7];[4,4,4]
[-74,50,-2];[13,13,13]
[-17,18,-9];[3,3,3]
[41,21,4];[27,27,29]
[-38,31,-12];[59,59,57]
[-46,27,-10];[57,59,56]
[81,27,0];[28,28,26]
[-46,20,-6];[43,40,35]
[49,38,-5];[32,33,35]
[3,54,-10];[55,55,53]
[44,36,-4];[2,2,0]
[-48,38,-10];[25,27,26]
[43,36,-5];[4,4,2]
[-67,30,-6];[31,31,31]
[-61,31,3];[18,18,18]
[-29,29,-5];[61,63,62]
[-83,37,-4];[14,14,14]
[47,36,-4];[1,0,0]
[88,37,-4];[60,62,61]
[6,26,-8];[84,71,36]
[88,36,-4];[64,64,64]
[77,26,-6];[60,52,49]
[-79,39,-3];[22,22,22]
[75,35,-4];[30,32,31]
[12,29,-12];[56,56,56]
[76,35,-4];[35,35,35]
[-12,0,3];[66,65,63]
[-16,26,2];[22,23,18]
[22,54,-2];[6,6,6]
[-90,35,-5];[130,130,132]
[-61,41,9];[13,13,15]
[-70,33,-9];[28,32,31]
[80,14,-1];[77,78,80]
[11,48,16];[79,79,79]
[20,22,1];[32,33,28]
[-87,33,-4];[76,77,79]
[58,37,-6];[229,189,65]
[-88,34,-4];[76,78,77]
[-47,36,-15];[128,190,215]
[-86,33,-4];[77,79,78]
[38,31,10];[55,56,58]
[40,33,-4];[73,18,23]
[59,24,5];[61,62,66]
[-85,33,-4];[77,79,78]
[74,31,-4];[1,1,1]
[-16,12,-10];[39,41,40]
[-54,48,-2];[6,6,6]
[-76,32,-5];[2,2,0]
[14,42,13];[7,9,8]
[-6,32,-13];[40,40,40]
[-59,62,1];[81,79,82]
[-43,53,3];[4,4,4]
[-22,25,-11];[47,47,47]
[-77,32,-5];[1,1,1]
[-36,31,-4];[51,48,39]
[17,3,-1];[43,43,43]
[66,45,4];[54,58,59]
[11,7,-13];[58,58,56]
[-43,29,-4];[187,159,50]
[16,26,3];[26,27,21]
[70,29,-4];[70,71,73]
[35,12,-1];[37,36,34]
[67,28,-4];[21,21,21]
[-59,33,11];[41,42,44]
[-60,28,-4];[46,48,47]
[-38,54,2];[42,42,42]
[-11,45,15];[41,43,42]
[-28,21,4];[72,67,47]
[-19,46,-17];[106,107,112]
[88,28,-4];[63,62,60]
[37,28,-5];[12,11,9]
[88,44,-4];[68,69,71]
[64,26,-4];[50,50,48]
[47,16,-2];[25,25,25]
[-55,23,-4];[14,13,11]
[39,25,-5];[34,34,34]
[-86,42,-8];[67,68,70]
[74,23,-4];[76,72,69]
[7,23,-10];[222,180,20]
[62,22,-4];[59,59,57]
[-60,22,-4];[71,72,76]
[-55,42,11];[31,31,31]
[-46,22,-5];[49,43,31]
[-77,45,-9];[66,66,68]
[-56,22,-5];[2,2,2]
[75,22,-4];[75,74,70]
[24,22,-3];[57,55,56]
[-80,47,-1];[14,16,15]
[24,22,-4];[52,54,53]
[-20,22,-4];[0,0,0]
[-25,21,-4];[13,13,13]
[86,21,-6];[69,70,72]
[48,15,2];[26,26,28]
[7,32,13];[40,41,43]
[-34,21,-4];[181,141,7]
[-14,44,14];[30,31,33]
[8,59,2];[116,83,14]
[-17,21,-4];[29,29,27]
[81,20,-4];[40,40,40]
[74,31,4];[19,19,19]
[81,20,-5];[15,17,16]
[-51,56,-1];[1,1,1]
[57,22,-5];[64,64,64]
[-52,59,-1];[51,51,51]
[30,54,-4];[58,58,56]
[-59,20,-4];[4,3,1]
[22,39,-13];[73,131,213]
[32,15,2];[47,39,26]
[11,25,-7];[192,164,99]
[26,15,-2];[16,16,16]
[-69,30,6];[67,68,70]
[80,19,-5];[48,48,50]
[81,19,-4];[30,30,30]
[81,19,-5];[18,20,19]
[-62,39,-10];[24,24,24]
[23,15,-1];[21,20,16]
[-59,19,-4];[78,76,77]
[31,18,-5];[38,38,36]
[16,18,-5];[14,14,16]
[-53,17,-6];[238,193,64]
[48,45,1];[57,49,38]
[-41,54,2];[41,41,41]
[-59,17,-4];[68,68,68]
[-14,30,-14];[55,53,54]
[81,17,-5];[45,46,48]
[42,21,3];[64,64,66]
[27,22,5];[61,62,64]
[-11,34,15];[6,6,6]
[83,15,-5];[71,71,73]
[-62,35,-8];[42,44,43]
[-75,29,3];[61,62,64]
[-22,43,11];[201,174,69]
[-23,15,-4];[73,74,76]
[28,54,-6];[58,58,58]
[-16,14,-4];[1,1,1]
[47,14,-4];[36,35,31]
[22,57,7];[76,74,77]
[37,47,15];[87,87,89]
[47,14,-5];[37,36,32]
[-82,32,-1];[45,45,45]
[18,13,-4];[4,4,4]
[-4,48,9];[51,69,119]
[-12,25,-9];[8,8,8]
[-16,12,-4];[17,17,17]
[-16,11,-4];[34,34,34]
[-25,22,5];[2,2,2]
[1,18,-14];[54,54,54]
[-48,49,11];[60,58,45]
[48,11,-4];[17,17,17]
[33,42,-16];[57,57,55]
[18,39,12];[61,120,248]
[52,10,-5];[117,118,120]
[40,9,-4];[25,24,22]
[48,9,-5];[75,77,76]
[19,51,-12];[54,54,54]
[-16,8,-4];[23,25,24]
[-58,25,-9];[67,71,74]
[41,38,-16];[87,88,90]
[-57,29,4];[6,8,7]
[-17,8,-5];[124,120,117]
[-90,40,5];[4,4,4]
[48,8,-5];[38,38,38]
[-24,37,10];[2,1,0]
[-58,55,1];[69,70,74]
[-25,33,13];[61,62,64]
[-36,49,-1];[80,85,91]
[49,8,-5];[88,88,90]
[44,7,-5];[4,4,4]
[59,18,1];[63,63,63]
[-6,34,-10];[0,30,113]
[50,44,-5];[15,15,17]
[17,7,-4];[87,85,90]
[46,7,-5];[60,60,60]
[-30,34,9];[29,28,26]
[-43,30,-6];[195,163,42]
[35,27,-9];[78,78,78]
[45,7,-5];[73,72,77]
[37,6,-5];[50,52,51]
[-33,32,-10];[34,37,42]
[-55,50,4];[4,4,2]
[-29,25,8];[28,27,25]
[37,10,2];[43,37,25]
[-17,4,2];[47,48,50]
[39,6,-5];[83,84,86]
[85,15,-4];[76,76,76]
[44,5,-5];[85,87,86]
[-9,24,8];[30,24,0]
[16,19,5];[25,27,26]
[88,20,4];[72,72,72]
[42,4,-5];[97,99,98]
[42,5,-5];[90,91,93]
[37,50,0];[56,56,56]
[17,4,-4];[50,51,53]
[38,27,-3];[30,30,30]
[39,4,-5];[52,52,52]
[22,56,-7];[53,54,56]
[17,2,-4];[39,40,44]
[-49,39,-15];[65,62,53]
[16,1,-4];[42,43,47]
[-87,35,-2];[13,13,13]
[36,30,-11];[60,62,59]
[-7,59,-6];[77,78,80]
[-8,60,-5];[63,65,64]
[-54,50,4];[5,5,3]
[-50,20,4];[37,34,17]
[0,59,-5];[84,71,26]
[-2,59,-5];[122,109,67]
[-2,58,-4];[66,62,51]
[-11,57,-5];[2,4,3]
[-4,31,15];[29,29,29]
[-44,20,4];[41,38,19]
[31,18,3];[59,56,49]
[-16,10,1];[21,21,21]
[2,49,11];[14,54,141]
[22,55,-4];[76,74,77]
[16,13,-12];[40,40,40]
[47,10,4];[72,72,72]
[29,54,-5];[57,57,55]
[27,54,-4];[57,57,57]
[-27,45,-11];[87,91,94]
[-41,30,11];[59,56,51]
[-44,31,3];[26,27,32]
[-72,50,-5];[52,54,53]
[3,35,-11];[79,117,190]
[-70,50,-5];[46,47,49]
[-16,18,2];[32,32,30]
[38,49,-4];[56,56,56]
[69,29,1];[31,31,31]
[-64,49,-5];[39,39,39]
[-30,22,4];[22,23,15]
[39,48,-4];[57,57,57]
[12,18,-13];[54,54,54]
[-53,16,0];[242,204,81]
[-35,30,2];[44,44,42]
[-7,45,-11];[77,120,198]
[-25,48,4];[48,50,49]
[16,18,5];[21,21,21]
[-74,36,-11];[27,27,29]
[-54,22,3];[41,34,8]
[-39,48,-5];[38,38,36]
[0,14,-14];[54,54,52]
[-46,50,5];[5,5,5]
[-41,53,4];[119,101,61]
[-44,48,-5];[5,5,5]
[-48,48,-5];[43,43,41]
[-29,22,6];[86,92,90]
[88,35,-1];[67,69,68]
[-34,33,-8];[65,67,64]
[-60,48,-4];[2,1,0]
[-15,24,-9];[12,12,12]
[20,16,2];[8,8,8]
[-61,48,-5];[8,8,8]
[-11,45,-17];[86,90,91]
[91,43,-4];[69,68,66]
[-67,46,-7];[29,29,29]
[-90,45,-5];[115,115,113]
[55,21,3];[35,35,35]
[-37,37,8];[16,16,16]
[-59,51,7];[25,25,25]
[-57,54,-4];[39,39,39]
[-90,44,-5];[52,52,52]
[43,19,3];[63,62,67]
[-6,2,7];[55,56,50]
[21,22,-1];[23,23,21]
[-85,33,0];[191,176,117]
[-55,29,9];[21,21,21]
[50,41,-5];[2,2,2]
[-3,58,5];[72,64,41]
[16,17,-12];[41,41,41]
[84,44,-5];[70,71,73]
[-25,34,-14];[61,61,61]
[79,44,-5];[93,81,29]
[-67,29,1];[4,3,8]
[91,44,-5];[60,60,58]
[46,17,2];[20,20,22]
[-80,43,-5];[31,31,29]
[-84,43,-5];[13,13,13]
[79,18,-4];[59,59,51]
[49,43,-5];[37,37,39]
[52,31,2];[54,54,52]
[-54,31,3];[23,24,26]
[50,37,-5];[22,22,20]
[88,37,-5];[17,16,14]
[-83,35,-5];[23,24,26]
[40,42,15];[92,92,90]
[-77,43,-10];[63,63,65]
[3,26,-10];[25,25,25]
[47,35,2];[40,37,32]
[-89,34,-5];[84,84,86]
[-33,49,6];[82,80,67]
[-53,51,-9];[54,55,50]
[-79,34,-5];[3,3,5]
[-88,34,-5];[80,80,82]
[-86,33,-5];[76,77,79]
[-83,32,-5];[75,76,78]
[-60,40,-10];[3,3,3]
[40,32,-5];[60,58,59]
[-93,36,2];[36,34,37]
[61,31,-1];[30,31,26]
[-43,31,-4];[69,71,70]
[-37,48,3];[44,44,44]
[78,28,4];[15,15,15]
[-87,48,0];[58,58,58]
[-44,31,-4];[69,71,70]
[-51,29,-5];[5,5,5]
[63,31,4];[61,63,62]
[45,32,-3];[40,39,35]
[-52,29,-5];[5,5,5]
[-67,35,-9];[33,34,36]
[69,29,-3];[49,49,49]
[69,29,-4];[57,57,55]
[23,16,-1];[20,19,14]
[-30,29,-1];[55,57,54]
[-92,44,2];[57,59,58]
[-16,37,14];[47,49,48]
[15,13,-14];[43,45,44]
[68,29,-4];[22,22,24]
[-45,31,-7];[64,68,69]
[41,35,6];[55,55,53]
[-1,48,-9];[15,68,200]
[-81,47,4];[64,64,64]
[-16,6,4];[2,2,2]
[68,29,-3];[19,19,19]
[-32,30,0];[21,23,22]
[-44,29,-11];[31,30,28]
[-72,29,-5];[52,52,52]
[-37,47,9];[3,3,3]
[75,29,-5];[46,48,47]
[-35,16,-4];[244,202,68]
[74,29,-5];[49,50,52]
[73,29,-5];[55,59,62]
[60,28,-5];[11,11,13]
[21,32,-11];[51,51,51]
[39,32,-3];[68,70,69]
[-46,53,4];[73,53,26]
[-37,27,-10];[59,61,58]
[-55,45,7];[6,6,6]
[73,28,-5];[55,56,58]
[80,27,-5];[22,19,14]
[26,14,-2];[9,9,9]
[-89,40,-2];[71,73,70]
[-10,6,12];[64,64,56]
[-27,44,14];[244,203,17]
[73,26,-5];[53,53,53]
[-21,15,-6];[45,44,42]
[-32,55,-3];[40,40,40]
[18,26,-4];[23,24,19]
[-52,45,-8];[93,85,48]
[-81,32,-6];[78,80,79]
[-84,41,-3];[83,115,164]
[-30,31,7];[27,28,22]
[-16,25,-4];[18,18,16]
[17,9,-11];[37,37,37]
[-26,41,-15];[64,57,38]
[73,25,-4];[88,89,93]
[4,54,-10];[54,53,51]
[-19,55,1];[24,24,24]
[19,24,-5];[7,6,4]
[-17,24,-4];[16,16,14]
[17,24,-4];[15,15,13]
[11,59,-3];[115,100,69]
[-86,32,2];[65,67,66]
[21,24,-5];[4,4,4]
[-27,23,-5];[18,20,19]
[-44,36,-14];[40,69,83]
[36,11,1];[48,42,30]
[40,47,-5];[66,65,63]
[-53,23,-5];[17,17,15]
[-61,23,-5];[75,84,99]
[-25,23,-5];[3,3,1]
[-90,35,-3];[29,29,29]
[-25,25,-7];[12,12,12]
[-13,41,-16];[33,33,33]
[45,9,5];[14,14,14]
[-25,37,9];[60,57,50]
[-47,23,-5];[71,69,70]
[-20,23,-4];[0,0,0]
[-17,22,-5];[20,20,20]
[40,47,6];[58,58,58]
[-51,48,4];[25,25,25]
[16,60,-2];[55,55,57]
[41,22,-5];[37,37,35]
[34,25,-7];[52,49,44]
[16,22,-5];[20,20,20]
[-58,21,-4];[9,7,8]
[23,22,-2];[1,1,1]
[-29,31,-6];[61,63,62]
[-72,36,10];[55,55,55]
[-40,21,-5];[9,8,6]
[-33,21,-5];[194,154,7]
[-36,28,-1];[17,17,17]
[-30,54,-3];[33,33,33]
[11,38,-14];[10,23,153]
[-47,21,-5];[8,7,3]
[-78,50,0];[165,129,19]
[55,21,-5];[19,19,19]
[12,26,-9];[22,21,19]
[-57,47,-4];[7,7,5]
[2,60,-6];[249,210,45]
[16,20,-5];[19,21,20]
[-22,18,-4];[1,1,1]
[-59,53,-6];[88,87,92]
[-47,46,-10];[2,2,0]
[-22,17,-5];[17,19,18]
[-34,35,-9];[51,53,52]
[32,17,-5];[41,40,38]
[33,16,-5];[44,44,46]
[-39,16,-5];[33,33,31]
[0,52,11];[57,59,58]
[-53,55,2];[61,61,61]
[-84,35,6];[1,1,1]
[-19,46,16];[79,79,79]
[44,16,-5];[27,27,27]
[84,15,-5];[68,68,70]
[88,34,-2];[66,66,66]
[85,15,-5];[78,78,80]
[75,30,-2];[20,20,20]
[39,40,15];[60,60,62]
[28,21,-3];[19,18,14]
[57,16,-4];[68,68,66]
[0,54,8];[36,31,11]
[60,29,-3];[9,9,9]
[16,38,15];[43,44,48]
[56,15,-4];[70,70,68]
[63,46,3];[73,74,76]
[35,14,-5];[50,49,47]
[-9,50,13];[46,46,44]
[-16,15,-4];[9,9,9]
[36,13,-5];[49,49,47]
[54,13,-5];[78,78,78]
[-2,58,-7];[56,50,50]
[40,9,-5];[39,37,38]
[22,14,-3];[27,27,27]
[44,8,-5];[18,20,19]
[26,29,10];[105,105,103]
[87,17,5];[96,97,99]
[-83,40,2];[55,56,58]
[-91,45,1];[2,2,0]
[-16,23,-9];[5,5,5]
[8,0,-4];[243,203,79]
[3,46,-10];[61,100,193]
[3,60,-5];[238,200,73]
[19,60,-4];[96,96,98]
[23,18,1];[65,65,65]
[-55,61,-2];[14,12,13]
[19,12,-3];[29,28,23]
[-3,38,-11];[83,118,182]
[-48,54,-5];[38,38,38]
[30,54,-5];[56,56,56]
[-93,33,0];[99,101,100]
[10,44,-11];[20,83,189]
[-17,30,13];[97,101,104]
[-28,53,-5];[77,70,52]
[-33,50,-11];[251,206,42]
[-25,19,-2];[30,30,28]
[-43,53,-5];[56,58,55]
[-47,24,-5];[46,46,44]
[-60,51,-4];[67,67,67]
[-87,39,-2];[51,52,54]
[39,48,4];[58,58,58]
[-19,50,-5];[50,52,51]
[-34,25,-7];[10,9,4]
[-68,50,-5];[41,41,41]
[-64,29,0];[60,60,58]
[-34,21,4];[211,168,3]
[-69,42,11];[47,47,47]
[46,33,-2];[53,53,51]
[-25,27,-10];[54,54,54]
[-93,34,0];[86,87,89]
[-30,48,-5];[64,66,65]
[-69,43,10];[55,54,52]
[-93,46,-1];[39,39,37]
[-47,48,3];[56,56,56]
[-42,48,-5];[6,6,6]
[-81,48,-5];[67,67,69]
[17,21,-3];[2,2,0]
[-55,48,-5];[4,4,4]
[-85,47,-5];[64,64,64]
[63,45,-6];[49,49,49]
[-20,15,-3];[27,27,29]
[-84,47,-5];[64,64,64]
[69,46,-5];[50,50,50]
[39,6,4];[24,24,24]
[-85,44,-5];[27,27,27]
[-88,44,-5];[25,23,24]
[78,44,-5];[250,207,51]
[-10,41,15];[121,119,120]
[-21,44,14];[49,49,49]
[7,60,4];[164,116,6]
[77,44,-5];[252,207,52]
[75,44,-5];[75,70,41]
[89,44,-5];[72,73,75]
[87,44,-5];[72,73,75]
[39,38,15];[63,63,65]
[86,44,-5];[71,72,76]
[19,59,4];[63,63,63]
[80,44,-5];[70,72,71]
[82,44,-5];[68,69,71]
[-33,30,11];[55,52,43]
[-20,41,11];[50,50,48]
[58,40,-6];[54,54,54]
[91,43,-5];[115,115,115]
[48,42,-5];[39,39,41]
[49,41,-5];[27,28,30]
[-62,48,1];[13,13,13]
[-46,22,3];[50,33,0]
[73,25,2];[44,35,30]
[48,39,-5];[39,39,41]
[89,38,-5];[118,115,110]
[-34,16,4];[244,200,5]
[88,38,-5];[71,69,70]
[13,26,-10];[31,31,31]
[-38,29,-5];[66,68,67]
[90,44,4];[67,69,68]
[73,27,3];[33,32,28]
[86,38,-5];[65,66,70]
[-39,30,2];[50,52,49]
[-80,38,-5];[3,3,3]
[-49,20,-5];[152,122,34]
[-7,0,-4];[66,55,23]
[-47,50,5];[5,5,5]
[-12,57,5];[52,52,52]
[28,54,5];[57,57,57]
[-4,60,-5];[241,205,82]
[-91,38,-5];[8,8,8]
[-47,56,-2];[54,54,54]
[-79,35,-5];[34,34,32]
[51,35,-5];[20,20,18]
[-86,35,-5];[74,75,77]
[-84,35,-5];[66,67,71]
[71,32,-5];[47,47,47]
[-59,31,-5];[11,11,11]
[88,32,-5];[104,108,109]
[-32,55,2];[46,46,46]
[70,32,-5];[47,49,46]
[57,31,-5];[65,65,63]
[43,35,0];[27,28,23]
[-17,33,-16];[65,65,65]
[-56,31,-5];[2,2,2]
[28,25,-10];[8,8,8]
[-85,43,-2];[5,5,5]
[61,30,-5];[46,48,47]
[-30,29,-5];[26,26,24]
[-74,30,-4];[16,16,18]
[-47,29,-5];[192,165,62]
[67,28,-5];[33,33,33]
[-41,44,7];[202,168,44]
[65,26,-5];[63,61,62]
[60,27,-5];[30,30,30]
[17,26,-4];[29,30,24]
[-56,31,-3];[9,9,9]
[-18,25,-4];[34,32,33]
[59,26,-5];[35,35,35]
[-61,25,-5];[38,62,88]
[-18,25,-5];[30,30,30]
[6,60,0];[252,214,69]
[-46,21,-4];[7,6,2]
[-3,27,9];[21,21,19]
[59,25,-5];[74,74,74]
[20,24,-5];[8,8,8]
[54,37,5];[120,102,20]
[-61,24,-5];[56,86,120]
[-92,42,4];[77,79,76]
[-4,4,-10];[71,71,71]
[74,23,-5];[99,92,84]
[58,24,-5];[48,48,46]
[-33,30,-1];[18,20,19]
[-19,24,-4];[7,7,7]
[-33,23,-5];[17,17,9]
[-34,23,-5];[102,85,31]
[-49,29,-5];[43,43,41]
[-79,45,-6];[7,7,7]
[-40,23,-5];[28,28,28]
[-85,35,-2];[15,15,13]
[-8,7,-13];[249,205,56]
[-41,23,-5];[21,20,18]
[8,29,-12];[162,143,74]
[-7,38,-12];[80,123,192]
[77,29,-3];[7,7,7]
[-49,23,-5];[5,4,0]
[74,31,-5];[2,2,2]
[-51,23,-5];[17,17,9]
[-52,23,-5];[42,39,22]
[39,23,-5];[31,31,29]
[81,42,-5];[69,71,70]
[-55,23,3];[24,24,24]
[19,47,-16];[63,64,66]
[-26,23,-5];[3,2,0]
[-35,23,-5];[25,23,11]
[-85,46,3];[151,156,152]
[-36,23,-5];[61,62,56]
[-38,23,-5];[45,42,33]
[3,30,14];[32,32,30]
[-43,23,-5];[43,40,35]
[-39,43,-15];[249,203,45]
[-44,23,-5];[47,43,40]
[-15,3,7];[50,50,50]
[-45,23,-5];[39,39,37]
[-46,23,-5];[56,54,55]
[62,23,-4];[57,57,57]
[27,22,-4];[40,37,32]
[25,37,-16];[48,50,49]
[-28,22,-5];[15,14,12]
[74,34,-5];[1,1,1]
[81,21,-5];[39,39,39]
[-27,21,-5];[13,14,9]
[-30,21,-5];[34,28,14]
[10,52,10];[60,58,59]
[-52,21,-5];[225,178,14]
[-29,21,-5];[38,31,12]
[37,26,-6];[23,21,22]
[17,50,-13];[57,57,57]
[50,39,4];[41,40,36]
[-32,21,-5];[34,25,7]
[-1,26,7];[18,18,18]
[-36,21,-5];[225,178,26]
[72,27,-1];[19,16,9]
[-11,56,-5];[4,4,4]
[-41,21,-5];[198,157,13]
[-41,46,-14];[69,55,20]
[34,27,7];[41,42,44]
[-46,21,-5];[14,13,11]
[-86,39,6];[40,42,41]
[-48,21,-5];[6,3,0]
[45,10,5];[18,18,18]
[40,5,4];[49,49,51]
[-55,21,-5];[9,8,6]
[56,21,-5];[71,73,72]
[30,20,-5];[36,35,33]
[-22,19,-4];[37,37,37]
[4,57,7];[51,53,50]
[-26,21,0];[58,60,59]
[6,59,-4];[45,47,44]
[80,25,6];[61,61,63]
[-16,16,-5];[11,9,10]
[-16,17,-4];[11,13,12]
[88,17,-5];[108,108,106]
[-28,44,-10];[35,37,36]
[-16,2,3];[39,39,39]
[-31,16,-5];[240,202,31]
[-76,40,-10];[170,174,175]
[-80,42,0];[52,52,52]
[16,11,-2];[2,2,2]
[-32,16,-5];[251,204,13]
[-33,16,-5];[245,202,9]
[-38,16,-5];[35,35,33]
[50,15,1];[33,33,35]
[-26,43,10];[80,81,76]
[60,31,4];[71,73,72]
[10,45,13];[21,62,150]
[-29,24,4];[34,28,16]
[-49,57,1];[51,51,51]
[-44,16,-5];[245,200,21]
[-78,47,5];[61,60,56]
[-84,34,1];[22,22,22]
[-46,48,-5];[43,43,41]
[-47,16,-5];[37,38,33]
[-48,16,-5];[37,37,37]
[7,59,-5];[90,81,50]
[-50,16,-5];[33,33,31]
[-40,45,13];[37,37,39]
[-25,21,-2];[1,1,1]
[-53,16,-5];[244,202,28]
[-55,16,-5];[242,198,15]
[-66,43,9];[49,50,52]
[-58,16,-5];[57,57,55]
[82,26,0];[6,6,6]
[-21,53,5];[109,95,82]
[53,17,-5];[56,56,56]
[-25,15,-5];[69,73,74]
[52,15,-5];[65,66,68]
[-22,20,-2];[73,75,74]
[-27,49,3];[182,163,87]
[-59,16,-5];[76,75,73]
[-22,39,11];[17,19,18]
[50,13,-5];[72,72,74]
[-38,54,-3];[33,33,33]
[48,13,-5];[11,11,11]
[67,47,2];[63,63,63]
[60,31,-4];[25,24,20]
[70,47,2];[60,60,60]
[-59,34,10];[4,4,4]
[46,7,4];[30,30,30]
[49,11,-5];[35,35,35]
[-29,46,-10];[59,59,57]
[-43,28,0];[64,88,152]
[-88,42,-1];[11,11,11]
[47,10,-5];[119,118,116]
[-17,22,1];[23,23,21]
[-72,50,-2];[45,43,44]
[38,20,-7];[36,35,33]
[39,10,-5];[54,53,51]
[-16,5,-5];[0,0,0]
[-17,4,-4];[54,54,56]
[29,39,16];[49,49,51]
[38,30,-2];[39,39,39]
[-35,33,6];[41,41,33]
[-17,3,-5];[51,50,55]
[66,46,-5];[51,51,51]
[9,0,-4];[243,203,79]
[10,60,-5];[251,218,102]
[10,59,-5];[177,143,69]
[-1,59,-5];[151,123,57]
[-51,30,5];[49,49,47]
[7,58,-5];[204,179,87]
[-31,54,-4];[54,46,35]
[4,13,13];[53,53,51]
[-50,55,-5];[55,56,58]
[-25,31,7];[82,84,83]
[-12,55,-5];[29,31,30]
[-49,54,-5];[39,39,39]
[-50,54,-5];[18,18,18]
[39,48,10];[78,76,79]
[-49,34,-11];[91,96,92]
[-36,53,-5];[23,23,23]
[-73,41,-11];[40,40,40]
[-83,40,-3];[5,5,5]
[-40,53,-5];[63,60,51]
[-55,60,-1];[20,20,20]
[-49,53,-5];[52,52,52]
[39,49,7];[57,57,57]
[-31,19,-6];[67,64,49]
[-53,53,-5];[43,42,40]
[41,47,5];[55,55,53]
[29,18,1];[48,40,29]
[-43,55,-2];[44,44,46]
[-59,53,-5];[64,65,69]
[-31,50,-5];[35,37,36]
[-16,17,0];[1,1,1]
[-49,51,-3];[54,56,55]
[-35,50,-5];[59,61,60]
[-37,50,-5];[12,12,12]
[-56,50,4];[4,4,2]
[-38,50,-5];[12,14,13]
[23,26,-10];[14,14,14]
[-4,59,5];[47,26,0]
[-39,50,-5];[16,16,16]
[35,54,6];[60,58,59]
[-45,50,-5];[16,16,14]
[-54,31,11];[56,56,56]
[-27,53,6];[161,135,76]
[-88,44,4];[6,6,6]
[21,26,7];[50,51,53]
[-53,56,2];[62,63,65]
[-46,50,-5];[21,25,37]
[-49,50,-5];[3,3,3]
[-47,30,10];[50,47,40]
[27,10,0];[13,13,15]
[-60,30,8];[54,54,54]
[-56,51,-1];[9,9,7]
[87,30,4];[83,83,85]
[-50,50,-5];[3,3,3]
[-57,47,8];[7,7,7]
[-25,50,-5];[53,53,53]
[-56,52,-9];[58,58,58]
[-52,50,-4];[3,3,3]
[33,16,-4];[38,37,35]
[17,17,1];[0,0,0]
[-70,49,-5];[45,44,40]
[60,21,-2];[61,61,61]
[41,47,8];[57,59,58]
[-13,24,8];[10,10,10]
[-71,49,-5];[47,48,43]
[-27,49,-5];[46,46,44]
[56,47,2];[62,62,62]
[-28,49,-5];[44,45,39]
[-29,49,-5];[73,77,76]
[-14,6,-12];[63,63,65]
[-26,48,-5];[43,44,39]
[-78,48,-5];[12,12,10]
[-29,48,-5];[64,66,65]
[-44,47,-5];[5,5,5]
[-46,47,-5];[43,43,41]
[-48,47,-5];[43,43,41]
[82,28,-4];[9,9,9]
[-43,38,-10];[166,139,36]
[-56,47,-5];[5,5,5]
[-20,22,3];[2,2,2]
[6,57,-9];[192,170,85]
[57,24,-5];[12,12,12]
[71,46,-5];[50,50,50]
[-52,53,-5];[39,39,39]
[-15,48,15];[62,60,61]
[-38,16,-2];[69,69,69]
[-12,49,-15];[55,55,53]
[74,34,4];[2,2,4]
[70,46,-5];[51,51,51]
[27,13,-1];[1,1,1]
[61,46,-5];[51,51,51]
[52,46,-5];[53,53,53]
[41,35,9];[53,53,53]
[43,45,-5];[36,36,36]
[-88,45,-5];[65,67,66]
[-14,22,11];[56,56,56]
[-56,29,-10];[10,10,10]
[-85,45,-5];[18,18,18]
[28,11,-2];[41,41,41]
[-57,59,-2];[1,1,1]
[-20,54,-4];[30,25,22]
[42,45,5];[55,55,55]
[85,43,-5];[73,74,78]
[-48,31,-7];[56,58,57]
[13,31,-13];[59,59,59]
[-79,41,-6];[51,53,50]
[88,43,-5];[73,73,75]
[88,44,4];[66,67,69]
[75,43,-5];[75,69,37]
[47,43,-5];[6,6,6]
[-70,50,-4];[115,118,127]
[28,11,0];[1,1,1]
[-8,54,8];[49,48,46]
[28,34,14];[69,69,69]
[-16,11,-2];[20,19,17]
[20,35,15];[64,68,77]
[18,18,0];[46,46,46]
[-86,35,-4];[15,15,15]
[84,43,-5];[71,72,74]
[21,56,-5];[39,41,40]
[76,43,-5];[248,204,83]
[53,11,-1];[71,73,72]
[-77,49,1];[204,181,139]
[90,43,-5];[72,73,75]
[43,46,-2];[49,49,47]
[82,43,-5];[68,69,71]
[-49,35,8];[27,28,23]
[-88,41,3];[73,75,74]
[91,42,-5];[113,114,116]
[-10,16,13];[55,55,53]
[7,53,9];[55,55,53]
[78,42,-5];[244,203,61]
[-5,60,-1];[54,53,51]
[27,54,5];[57,57,57]
[47,42,-5];[23,23,25]
[-78,40,-3];[11,11,11]
[88,42,-5];[71,72,74]
[29,43,15];[49,51,50]
[13,51,11];[182,182,182]
[-11,59,-1];[2,2,2]
[83,42,-5];[68,69,71]
[-83,42,-5];[66,67,62]
[-63,31,6];[58,59,61]
[-84,45,2];[10,10,10]
[-89,42,-6];[8,8,8]
[30,43,-16];[33,33,35]
[89,42,-5];[71,72,76]
[79,42,-6];[190,173,83]
[-84,36,7];[66,67,71]
[87,42,-5];[68,69,71]
[-49,16,-5];[34,34,32]
[17,9,7];[6,6,6]
[84,42,-5];[75,76,78]
[-49,20,4];[22,22,22]
[-63,29,-3];[36,44,57]
[-53,25,7];[30,30,28]
[75,42,-6];[74,56,8]
[-76,32,-3];[41,41,41]
[-78,47,-3];[33,32,30]
[-15,30,-13];[72,71,69]
[-15,12,13];[56,56,56]
[-15,19,12];[48,48,48]
[75,41,-6];[248,214,91]
[17,3,6];[52,54,53]
[21,14,2];[71,75,76]
[34,34,13];[16,18,15]
[74,41,-5];[28,24,13]
[84,41,-5];[72,76,77]
[11,53,-11];[97,99,98]
[50,40,-5];[0,2,1]
[16,19,-4];[20,21,23]
[-14,19,12];[67,67,69]
[-17,14,3];[1,1,0]
[-46,38,-15];[233,198,70]
[79,41,-5];[149,138,80]
[63,34,-6];[86,77,68]
[6,60,-5];[238,205,89]
[87,41,-5];[70,71,73]
[82,41,-5];[63,65,64]
[90,41,-5];[104,104,106]
[88,40,-5];[66,67,69]
[87,38,-5];[66,67,69]
[88,39,-5];[65,66,68]
[87,39,-5];[68,70,69]
[18,28,-8];[0,0,0]
[17,29,8];[27,28,30]
[86,40,-5];[67,68,70]
[85,40,-5];[69,70,72]
[84,30,-6];[70,71,73]
[-79,31,-2];[27,27,25]
[17,12,2];[4,4,4]
[84,39,-5];[62,63,67]
[-61,21,0];[100,99,107]
[-23,25,8];[4,4,4]
[82,40,-5];[60,61,63]
[-42,24,-6];[54,54,54]
[55,47,1];[60,60,60]
[80,40,-5];[53,55,54]
[-86,41,-8];[65,65,67]
[76,40,-5];[235,193,81]
[79,39,-5];[101,98,89]
[-44,54,-3];[26,26,24]
[47,39,-5];[5,5,5]
[-8,41,-12];[58,108,195]
[50,38,-5];[16,16,16]
[-64,49,-1];[40,40,40]
[-29,49,1];[59,59,61]
[-71,44,-11];[24,22,23]
[-84,38,-3];[4,4,4]
[-87,38,-5];[15,15,15]
[-58,37,-9];[9,9,9]
[-31,29,3];[56,60,61]
[-92,38,-5];[104,104,104]
[46,7,-3];[2,1,0]
[47,38,-5];[13,13,13]
[-37,45,7];[200,170,50]
[-7,0,-3];[58,49,31]
[47,37,-5];[55,54,52]
[46,37,-5];[42,42,42]
[51,37,-5];[14,13,8]
[-21,36,-15];[53,53,53]
[-37,54,-4];[40,33,25]
[-82,37,-5];[21,21,21]
[-83,37,-5];[17,17,15]
[9,42,11];[83,116,161]
[-86,37,-5];[23,23,23]
[-27,27,-10];[55,55,55]
[-87,37,-5];[27,27,27]
[-75,41,-10];[142,143,145]
[87,37,-5];[104,103,101]
[-51,19,5];[62,60,47]
[86,37,-5];[88,88,88]
[85,37,-5];[78,78,78]
[-22,30,10];[18,20,19]
[-72,51,0];[48,47,45]
[-60,29,-4];[3,3,3]
[-55,30,-12];[44,44,44]
[-88,36,-5];[9,11,10]
[67,45,4];[57,58,60]
[-83,39,0];[68,68,66]
[-35,49,-7];[27,27,25]
[87,36,-6];[63,65,64]
[-31,45,-8];[35,35,35]
[24,49,13];[56,56,56]
[-16,13,3];[27,27,25]
[5,53,10];[56,56,56]
[-7,1,-7];[104,85,26]
[-43,51,-2];[81,98,142]
[85,35,-6];[69,70,72]
[82,35,-5];[3,3,3]
[-69,49,6];[46,47,49]
[-87,35,-5];[3,3,3]
[21,40,12];[57,117,250]
[-33,20,-6];[218,179,50]
[13,25,6];[17,17,17]
[-40,51,0];[46,48,47]
[88,35,-5];[106,108,107]
[30,24,-8];[117,116,121]
[87,35,-5];[59,59,59]
[-87,33,-3];[78,78,78]
[-84,34,-5];[12,12,14]
[7,0,-3];[241,212,110]
[-88,43,-3];[28,30,29]
[-55,32,-6];[4,4,2]
[88,34,-5];[105,109,108]
[84,35,-6];[67,68,70]
[-6,48,9];[0,31,113]
[40,34,-5];[18,12,12]
[82,34,-5];[15,17,16]
[7,58,-4];[151,137,74]
[-9,21,-12];[230,192,49]
[68,33,-6];[40,40,42]
[-56,34,-8];[6,6,6]
[67,34,-5];[99,97,100]
[64,33,-5];[33,35,32]
[-22,50,4];[55,57,56]
[48,13,-3];[11,11,11]
[64,34,-6];[92,82,70]
[63,34,-5];[40,40,40]
[88,45,-2];[57,59,58]
[7,6,12];[249,214,34]
[7,33,9];[1,40,135]
[57,34,-5];[78,75,66]
[-82,33,-3];[23,23,23]
[-19,49,-15];[124,124,122]
[-64,44,9];[18,18,18]
[56,34,-6];[78,73,67]
[53,34,-5];[89,89,89]
[17,6,-2];[120,123,128]
[-40,44,14];[247,206,16]
[71,33,-6];[42,42,40]
[-79,35,4];[30,30,30]
[70,33,-5];[44,46,45]
[73,27,-5];[51,51,51]
[-4,53,9];[56,56,56]
[69,33,-5];[44,44,44]
[62,33,-5];[42,42,40]
[60,33,-6];[16,15,13]
[60,33,-5];[55,53,54]
[-60,32,8];[4,4,4]
[59,33,-5];[55,56,58]
[-61,22,1];[118,137,170]
[58,33,-5];[65,65,67]
[-34,23,-4];[17,18,13]
[-10,60,3];[84,85,87]
[55,33,-5];[36,37,39]
[74,33,-5];[1,1,3]
[52,34,-5];[45,46,41]
[-53,51,-3];[7,7,5]
[86,33,-6];[70,71,73]
[-38,17,-5];[30,30,30]
[-26,53,4];[144,125,83]
[38,30,-3];[36,36,34]
[72,33,-6];[33,33,33]
[88,33,-5];[106,110,109]
[32,23,6];[62,63,65]
[65,32,-5];[55,55,55]
[84,34,-6];[66,67,69]
[-57,32,-5];[7,7,7]
[-72,31,6];[65,66,68]
[85,33,-6];[68,69,71]
[-8,21,11];[235,199,23]
[74,32,-5];[1,1,1]
[-11,59,-4];[62,63,65]
[-82,47,-6];[65,65,67]
[-44,51,-4];[100,115,148]
[72,32,-5];[38,40,37]
[10,1,7];[216,177,14]
[10,58,-5];[89,83,67]
[60,32,-5];[80,81,83]
[56,32,-5];[71,72,76]
[55,32,-5];[73,74,79]
[54,32,-5];[74,75,79]
[-11,35,-17];[65,69,70]
[40,35,4];[52,52,50]
[53,31,-5];[53,53,53]
[2,51,-15];[59,60,62]
[10,33,13];[23,23,25]
[-29,51,-1];[77,79,76]
[-60,31,-5];[8,6,7]
[-21,17,1];[27,28,30]
[-80,32,-5];[2,2,2]
[59,25,4];[55,56,58]
[11,50,13];[41,41,41]
[38,32,-12];[86,87,89]
[71,31,-5];[35,35,35]
[-6,40,11];[79,109,161]
[-22,53,2];[85,77,66]
[59,31,-5];[43,44,46]
[-73,49,-5];[36,38,37]
[58,31,-5];[58,58,56]
[5,16,-14];[54,54,52]
[2,47,-9];[9,57,181]
[77,19,1];[77,66,44]
[-49,31,-5];[96,98,97]
[-51,31,-5];[101,101,101]
[88,31,-5];[107,108,110]
[-27,21,4];[10,12,9]
[1,18,13];[56,56,56]
[5,59,2];[255,214,62]
[3,3,-10];[73,75,74]
[70,31,-5];[22,22,24]
[-29,51,-3];[65,67,64]
[61,32,-5];[68,68,66]
[-11,57,-2];[47,49,48]
[-73,50,2];[37,39,36]
[-43,24,4];[20,20,20]
[-44,47,9];[54,56,53]
[-23,48,4];[82,79,62]
[-73,46,-9];[42,43,45]
[-36,42,-15];[58,55,48]
[14,0,4];[63,65,64]
[25,39,-14];[6,9,16]
[60,31,-5];[7,5,6]
[-69,32,7];[55,55,55]
[31,38,-17];[32,34,33]
[-81,31,-4];[75,77,76]
[87,39,4];[69,70,72]
[16,2,2];[55,55,55]
[13,30,-12];[59,59,59]
[-67,31,-5];[48,49,51]
[65,31,-5];[25,25,27]
[63,31,-5];[57,59,58]
[39,26,-4];[36,36,36]
[-76,31,-5];[1,1,1]
[-93,39,-2];[88,90,89]
[82,31,-5];[11,11,11]
[64,30,-5];[79,79,81]
[85,31,-6];[68,68,70]
[84,31,-6];[66,67,69]
[62,29,-5];[97,99,98]
[16,50,12];[83,83,85]
[32,25,8];[73,73,73]
[-60,32,4];[10,10,10]
[42,8,5];[53,53,51]
[-35,29,-5];[66,67,69]
[16,7,0];[25,25,27]
[-31,53,-4];[59,47,21]
[17,24,5];[0,0,0]
[-37,29,-5];[77,79,78]
[-43,29,-5];[198,164,38]
[-80,38,-4];[4,4,4]
[-59,30,11];[74,74,76]
[-16,54,-7];[54,55,57]
[2,0,-6];[65,65,65]
[-48,29,-5];[26,26,24]
[7,0,0];[247,216,100]
[63,30,-5];[82,83,85]
[-69,30,-5];[8,8,8]
[-50,46,6];[56,58,55]
[78,16,-1];[62,61,57]
[-32,31,-13];[63,62,60]
[-30,17,-6];[196,162,73]
[1,2,-8];[59,59,59]
[64,47,-4];[66,66,66]
[-2,29,11];[54,56,55]
[-90,42,3];[10,10,8]
[50,41,-6];[44,44,44]
[88,30,-5];[110,111,113]
[67,29,-5];[27,27,27]
[-24,23,6];[1,1,0]
[-29,29,9];[64,57,51]
[22,54,-8];[5,5,5]
[-54,44,-8];[6,6,6]
[-27,48,-12];[54,49,43]
[-56,53,3];[29,29,29]
[55,47,-2];[59,59,59]
[-45,31,4];[64,68,69]
[87,29,-6];[65,65,67]
[42,15,6];[73,73,75]
[-16,5,4];[0,0,0]
[-25,19,2];[43,45,44]
[-79,35,-6];[35,35,35]
[6,0,-5];[64,63,61]
[-45,24,-6];[62,64,63]
[-56,53,-5];[49,49,47]
[-15,52,-11];[57,57,57]
[45,5,-2];[75,75,75]
[-1,51,-15];[63,63,63]
[84,29,-6];[67,68,70]
[41,16,5];[33,33,31]
[-9,31,-14];[60,48,34]
[66,28,-5];[41,41,41]
[-59,65,1];[96,96,94]
[37,10,-2];[11,11,11]
[86,28,-6];[67,67,69]
[-28,37,14];[64,59,56]
[-65,47,-8];[49,49,47]
[-83,33,-1];[103,110,116]
[-26,37,-10];[40,40,40]
[65,27,-5];[63,63,61]
[32,25,-7];[27,27,27]
[16,53,9];[56,56,54]
[-55,64,-2];[12,12,12]
[-58,46,-14];[211,186,86]
[88,26,-5];[110,112,111]
[-25,20,-1];[77,79,76]
[-58,16,4];[62,62,62]
[87,40,4];[67,69,68]
[-11,0,0];[245,208,93]
[82,46,-2];[57,59,58]
[-59,26,-5];[2,2,2]
[17,26,6];[43,43,41]
[-57,67,-2];[88,88,90]
[43,38,-8];[16,16,16]
[-58,57,2];[68,67,72]
[8,45,-10];[77,120,198]
[-79,41,1];[47,49,48]
[83,38,-6];[74,78,79]
[-68,44,-10];[2,2,2]
[-17,37,-17];[78,78,80]
[69,45,-6];[49,51,50]
[84,27,-6];[66,67,69]
[-53,29,2];[1,1,0]
[84,26,-6];[66,67,71]
[42,8,-5];[63,63,63]
[-49,24,-5];[80,76,77]
[-83,39,7];[17,17,15]
[-7,16,-14];[105,97,76]
[39,44,15];[69,69,71]
[38,22,6];[68,69,71]
[36,7,1];[18,18,18]
[41,46,-5];[49,49,49]
[-29,24,-5];[19,19,17]
[-36,47,12];[100,81,51]
[-32,16,0];[241,202,81]
[-45,24,-5];[54,55,57]
[87,24,-5];[109,109,111]
[82,14,0];[52,52,52]
[17,20,3];[53,53,51]
[-35,36,-14];[109,169,195]
[55,13,-4];[72,72,72]
[84,25,-6];[66,67,71]
[-33,35,13];[72,67,64]
[60,21,0];[61,61,61]
[-62,48,-6];[1,1,0]
[-59,32,-9];[17,18,20]
[87,23,-5];[64,62,63]
[87,23,-6];[67,67,69]
[42,42,-16];[48,48,48]
[-25,15,2];[80,80,80]
[46,35,2];[26,25,20]
[-30,22,-5];[16,16,16]
[-6,51,-14];[60,60,60]
[73,25,1];[44,35,26]
[-43,39,-10];[23,23,23]
[58,22,-5];[101,101,103]
[27,54,4];[57,57,57]
[17,34,-16];[14,14,14]
[85,24,-6];[71,72,74]
[-76,32,-7];[78,80,79]
[14,52,-12];[95,97,96]
[-58,40,-12];[7,7,7]
[2,34,9];[0,29,91]
[-45,18,-6];[249,204,61]
[61,22,-5];[69,68,66]
[-44,30,-6];[199,168,51]
[-1,20,-12];[53,53,51]
[54,45,-5];[50,50,50]
[-88,41,1];[76,78,77]
[56,16,-1];[65,67,66]
[-51,55,-3];[58,60,59]
[61,21,-5];[68,68,66]
[-61,30,-3];[9,9,7]
[84,22,-6];[66,67,69]
[83,21,-5];[65,66,70]
[-26,44,14];[253,207,26]
[16,25,5];[6,6,6]
[-57,63,-3];[67,68,72]
[-34,20,-5];[203,165,22]
[-5,53,10];[56,58,57]
[-52,18,-6];[247,201,63]
[-50,20,-5];[229,186,30]
[-11,17,13];[55,57,56]
[-42,18,5];[56,55,50]
[-28,23,4];[56,56,56]
[-16,1,-2];[52,53,55]
[56,39,-6];[41,40,36]
[-28,20,-5];[24,19,15]
[68,29,4];[38,38,38]
[-53,45,7];[8,8,8]
[44,6,-4];[9,9,11]
[-68,31,-8];[54,54,54]
[-20,42,-15];[50,50,50]
[-41,20,-5];[184,150,43]
[53,33,-5];[69,69,69]
[-53,20,-5];[160,134,39]
[-65,34,-9];[54,54,56]
[9,55,-9];[3,2,0]
[-67,38,-10];[39,39,39]
[-59,20,-5];[55,57,56]
[79,29,-1];[15,17,16]
[38,8,1];[25,20,14]
[49,13,-5];[42,43,45]
[-40,33,-10];[109,113,112]
[-33,27,-11];[52,54,53]
[-45,48,8];[60,60,60]
[-54,23,-4];[26,26,24]
[85,21,-6];[66,67,69]
[-86,45,-4];[49,49,49]
[87,20,-5];[57,57,57]
[-23,19,-5];[17,17,17]
[-20,49,0];[76,78,75]
[-63,33,-9];[44,45,47]
[14,53,-10];[95,96,100]
[84,20,-6];[65,66,68]
[-23,34,-14];[59,59,61]
[83,19,-5];[67,68,70]
[88,18,-5];[108,106,107]
[27,34,-14];[65,63,64]
[84,19,-6];[67,68,70]
[16,5,0];[1,1,1]
[82,18,-5];[39,39,37]
[60,46,-5];[50,50,50]
[32,18,-5];[50,49,47]
[-31,17,-6];[85,79,55]
[-63,30,-6];[66,66,68]
[87,18,-6];[65,65,67]
[53,32,-5];[93,97,98]
[86,18,-6];[67,68,70]
[-12,55,-2];[42,42,42]
[54,18,-5];[67,65,66]
[84,17,-6];[66,67,71]
[58,18,-5];[70,69,67]
[13,3,8];[78,78,78]
[12,2,-8];[59,59,59]
[42,22,2];[21,21,21]
[-80,45,-6];[60,62,61]
[-9,38,-12];[38,64,123]
[-49,50,5];[5,5,5]
[58,17,-5];[74,73,71]
[26,22,-8];[178,176,177]
[20,24,0];[23,24,19]
[-34,31,-5];[192,162,50]
[-59,50,-4];[11,11,11]
[42,22,1];[25,25,25]
[0,40,-12];[66,103,171]
[-54,29,-11];[35,35,35]
[-58,41,-10];[2,2,0]
[86,17,-5];[73,73,75]
[51,10,3];[70,71,76]
[54,17,-5];[86,87,89]
[83,16,-5];[72,72,72]
[38,5,2];[32,32,32]
[83,37,-5];[5,7,6]
[-28,48,7];[65,66,61]
[-37,17,-5];[31,32,27]
[-56,47,8];[6,6,6]
[-40,17,-5];[30,30,30]
[35,54,-2];[55,55,55]
[86,45,2];[62,63,65]
[-44,17,-5];[240,197,20]
[38,31,-7];[45,45,45]
[-41,24,-5];[41,41,41]
[-50,17,-5];[36,35,33]
[-64,44,-10];[41,41,41]
[85,16,-5];[69,69,71]
[-48,51,0];[46,48,47]
[3,30,-17];[110,110,110]
[-91,39,-7];[1,1,1]
[56,23,-3];[20,20,20]
[53,18,-3];[22,22,22]
[82,17,-5];[87,87,87]
[55,21,-2];[27,28,30]
[45,16,-5];[33,33,33]
[53,15,-5];[93,94,99]
[16,15,-4];[7,7,9]
[-25,53,-4];[0,0,0]
[-51,44,7];[82,84,83]
[35,17,-6];[60,56,53]
[55,14,-5];[76,75,73]
[17,13,-5];[15,15,13]
[79,33,-3];[44,44,46]
[55,13,-5];[79,78,76]
[16,10,-5];[32,32,34]
[7,25,-9];[202,158,9]
[11,18,-14];[52,52,50]
[45,9,-5];[70,71,75]
[44,20,1];[36,37,39]
[-7,4,-10];[172,139,70]
[42,9,-5];[72,73,75]
[-9,2,-8];[242,199,24]
[45,13,-7];[67,68,72]
[41,9,-5];[27,29,28]
[16,1,-5];[53,53,53]
[5,38,11];[63,100,155]
[-52,44,-11];[2,1,0]
[-84,42,-2];[10,10,10]
[14,0,-5];[68,68,68]
[11,0,-6];[67,63,60]
[-30,24,5];[4,3,1]
[10,49,-15];[50,48,51]
[8,0,-5];[243,201,80]
[25,54,5];[56,56,56]
[64,31,-5];[49,49,49]
[54,31,1];[49,49,47]
[8,0,-6];[242,203,76]
[2,0,-5];[67,67,67]
[-17,50,-15];[157,161,162]
[-34,36,-9];[26,26,24]
[8,60,-5];[229,196,91]
[-20,55,1];[44,44,44]
[72,42,5];[63,63,61]
[20,41,12];[57,120,249]
[0,60,-5];[210,169,79]
[-60,30,-6];[4,4,4]
[-1,60,-5];[120,89,42]
[16,60,-5];[73,77,78]
[-24,21,4];[34,34,32]
[-89,36,-2];[76,78,75]
[-3,59,-5];[129,102,46]
[16,15,-3];[1,1,0]
[-13,1,5];[60,60,60]
[-25,29,-10];[48,45,40]
[16,46,-17];[52,56,59]
[-17,10,-9];[15,15,15]
[17,11,-8];[9,9,9]
[-25,46,-8];[27,28,30]
[-4,59,-5];[55,55,53]
[10,25,7];[6,3,0]
[41,22,-4];[38,38,36]
[-35,48,-13];[251,206,45]
[4,59,-5];[46,48,47]
[-29,54,2];[42,42,42]
[-25,50,-10];[51,48,41]
[-58,40,8];[8,8,8]
[-37,36,-11];[80,105,162]
[-84,38,-2];[110,112,109]
[-3,58,-5];[91,82,41]
[86,45,-4];[72,73,75]
[30,44,16];[41,45,44]
[-29,22,4];[25,23,8]
[-12,58,-5];[46,46,46]
[-52,50,-11];[88,82,46]
[32,39,-17];[18,18,18]
[-31,31,-9];[27,30,39]
[22,55,-5];[30,32,31]
[-32,33,6];[55,57,56]
[87,17,4];[64,65,67]
[-49,55,-6];[48,48,48]
[-43,16,2];[242,202,78]
[26,54,-5];[57,57,57]
[-19,53,-5];[29,17,0]
[-54,33,-14];[59,59,61]
[13,17,-14];[53,55,54]
[-44,46,-6];[46,48,47]
[-60,31,-9];[41,43,42]
[65,25,3];[64,64,62]
[-22,53,-5];[63,63,61]
[-27,53,-5];[73,69,58]
[-82,32,3];[65,67,66]
[-76,50,1];[61,61,61]
[-41,53,-5];[60,60,58]
[24,25,10];[66,66,64]
[-74,30,-5];[16,16,16]
[-53,36,8];[5,5,5]
[72,38,-6];[212,179,66]
[-27,50,-1];[48,48,48]
[-67,45,8];[1,1,1]
[-92,33,0];[82,80,83]
[51,33,-1];[57,58,60]
[-43,50,-5];[20,20,20]
[-28,41,-11];[27,29,28]
[-40,33,9];[53,53,53]
[-33,50,-5];[53,53,53]
[-26,44,-10];[21,25,36]
[80,24,-6];[55,54,52]
[-47,50,-5];[3,3,3]
[15,52,-11];[56,56,56]
[-67,32,-6];[46,47,49]
[40,34,0];[54,54,52]
[-51,50,-5];[3,3,3]
[-57,50,-5];[2,2,2]
[-7,26,-7];[186,153,56]
[-58,50,-5];[10,10,10]
[-73,50,-5];[59,59,59]
[43,46,2];[48,48,48]
[34,15,-5];[47,47,45]
[-65,42,-10];[40,42,41]
[-22,49,-5];[3,3,1]
[-44,37,-10];[168,140,30]
[0,33,12];[11,78,182]
[-13,8,-13];[56,56,56]
[-35,29,2];[21,21,19]
[-22,49,-6];[3,3,1]
[-74,49,-5];[33,33,33]
[-60,32,5];[5,5,5]
[-61,29,-1];[31,34,41]
[-16,25,2];[25,27,24]
[-62,37,-10];[7,7,7]
[-31,48,12];[56,56,46]
[28,35,-16];[75,79,82]
[35,28,-10];[65,67,66]
[-56,40,-9];[6,6,6]
[-64,48,-5];[44,42,43]
[62,22,-2];[58,58,58]
[-41,52,-7];[193,159,61]
[-88,41,2];[18,20,19]
[-54,50,3];[7,7,5]
[-25,48,-5];[39,40,35]
[-20,48,-5];[176,157,80]
[17,6,-6];[1,1,0]
[16,10,-13];[44,45,47]
[-37,47,-5];[196,165,48]
[27,42,-16];[55,57,56]
[-40,47,-5];[70,71,66]
[-12,46,14];[14,14,14]
[-51,47,-5];[5,5,3]
[-38,42,-15];[119,86,17]
[-56,38,9];[5,5,5]
[-35,51,0];[33,33,31]
[75,33,-2];[68,68,70]
[-18,47,15];[76,78,77]
[-52,47,-5];[5,5,5]
[-83,47,-2];[44,44,44]
[-81,47,-5];[65,65,65]
[43,41,10];[18,18,18]
[-61,47,-5];[9,9,9]
[91,43,-1];[76,76,78]
[1,59,-3];[221,194,63]
[-39,48,-4];[38,38,36]
[-46,44,-9];[33,33,31]
[69,45,-5];[51,53,52]
[-10,37,15];[83,79,78]
[68,46,-5];[51,51,51]
[-27,17,4];[55,48,22]
[74,43,-6];[35,34,29]
[-29,22,-5];[8,8,8]
[68,45,-5];[51,53,52]
[64,46,-5];[52,52,52]
[-72,48,8];[53,53,53]
[32,16,-3];[16,15,11]
[-21,35,-10];[180,155,63]
[60,45,-5];[50,52,51]
[-31,42,-12];[54,56,55]
[57,46,-5];[52,52,52]
[-56,16,-5];[229,191,66]
[54,46,-5];[51,51,51]
[83,15,-4];[71,71,73]
[-43,32,-13];[64,64,62]
[-33,55,2];[45,45,45]
[-83,45,-5];[30,30,30]
[-86,45,-5];[29,29,29]
[-38,47,-10];[60,56,31]
[-58,29,-2];[1,1,1]
[-48,52,6];[239,202,33]
[-3,28,-12];[44,43,41]
[74,45,-5];[36,36,34]
[74,45,-6];[33,33,35]
[17,4,6];[33,33,33]
[-45,34,-8];[196,166,50]
[-17,37,14];[1,1,1]
[46,44,-5];[43,43,43]
[15,10,-14];[59,59,61]
[-49,29,4];[108,110,107]
[-19,24,-2];[68,70,67]
[-79,42,-5];[54,56,55]
[-82,38,-8];[34,35,27]
[-34,30,-11];[51,49,50]
[-76,30,3];[66,62,61]
[-81,42,-5];[66,66,64]
[2,38,-12];[84,124,193]
[44,38,-5];[19,19,19]
[-15,0,1];[69,69,67]
[-92,37,-5];[37,37,37]
[-59,31,-4];[6,6,4]
[-87,37,-6];[44,46,45]
[-60,37,11];[11,11,11]
[-70,42,10];[45,46,48]
[-89,36,-5];[0,0,0]
[81,35,-5];[26,28,27]
[-14,26,7];[16,16,16]
[-3,1,6];[59,59,59]
[-50,46,-14];[240,196,48]
[-24,53,-6];[64,62,50]
[-56,32,4];[0,0,0]
[-8,52,-11];[57,59,58]
[80,35,-4];[22,22,22]
[24,35,-16];[71,75,78]
[-38,39,-15];[52,52,50]
[79,35,-4];[24,24,24]
[-42,41,14];[245,206,23]
[-34,49,-11];[250,207,42]
[-32,39,-12];[46,48,47]
[41,35,-5];[6,2,1]
[61,34,-6];[82,81,77]
[-32,40,-15];[252,206,48]
[-2,32,14];[82,81,86]
[59,34,-6];[76,72,61]
[-24,47,-9];[46,48,47]
[-19,45,-17];[90,90,98]
[70,34,-6];[105,95,85]
[2,32,15];[28,28,28]
[69,34,-6];[87,73,62]
[2,47,9];[36,84,150]
[67,34,-6];[94,85,78]
[66,34,-6];[87,80,72]
[55,34,-6];[73,74,69]
[36,53,-4];[60,60,60]
[-66,34,9];[56,57,59]
[54,34,-6];[74,73,68]
[-32,47,-6];[124,125,117]
[-86,34,-5];[12,12,10]
[-83,34,-5];[43,43,43]
[83,34,-6];[68,69,71]
[31,20,-6];[51,51,51]
[68,32,-6];[149,148,153]
[19,60,-3];[73,73,73]
[10,10,-14];[58,55,48]
[-59,32,-5];[10,10,12]
[3,52,11];[56,56,56]
[72,32,-6];[10,10,10]
[19,29,8];[56,58,57]
[-19,45,-10];[3,5,4]
[-38,31,-5];[187,161,64]
[-32,47,4];[11,11,9]
[13,12,-14];[54,54,54]
[-42,31,-5];[204,168,32]
[-46,16,3];[245,207,70]
[-43,31,-5];[197,166,49]
[-45,31,-5];[59,61,60]
[-67,35,-10];[3,3,5]
[-50,36,-12];[3,4,6]
[-30,50,3];[60,62,61]
[-48,31,-5];[64,66,65]
[3,1,-6];[65,65,65]
[51,34,-1];[52,53,55]
[66,47,-2];[57,57,57]
[34,36,15];[32,32,34]
[-55,54,-1];[37,37,37]
[-19,36,11];[55,79,143]
[-26,51,-4];[16,16,16]
[-29,35,-11];[89,93,94]
[28,12,-1];[1,1,1]
[-51,31,-6];[18,17,15]
[-53,31,-5];[2,2,2]
[24,21,-2];[12,13,15]
[-27,52,-7];[137,115,39]
[-31,31,-5];[60,62,61]
[-80,46,-5];[50,52,49]
[60,23,5];[72,73,75]
[-77,36,-10];[66,68,67]
[-35,31,-5];[192,162,50]
[-28,31,-13];[62,62,60]
[41,21,-6];[20,21,23]
[-36,31,-5];[192,162,48]
[36,36,-16];[50,51,53]
[-62,31,-5];[31,31,33]
[-11,51,11];[56,56,56]
[28,25,-8];[11,11,11]
[-57,33,12];[58,58,58]
[-41,48,-5];[24,24,22]
[-56,46,10];[7,7,5]
[-89,32,0];[74,74,74]
[-70,40,10];[37,38,40]
[52,41,5];[61,63,62]
[13,32,-14];[62,62,60]
[-44,26,9];[64,66,65]
[82,31,-6];[76,77,79]
[88,17,-4];[64,64,66]
[-89,35,3];[11,11,11]
[23,42,-13];[74,130,223]
[74,30,-5];[23,23,21]
[68,31,-6];[137,135,140]
[-21,46,-9];[21,21,19]
[-75,30,-5];[70,70,70]
[-41,29,-5];[45,45,45]
[-13,55,-6];[39,39,37]
[62,23,1];[58,58,58]
[-44,29,-5];[199,168,51]
[-45,30,-5];[199,168,52]
[-12,37,-16];[8,8,8]
[-53,29,-5];[5,5,5]
[2,18,-13];[53,53,53]
[26,22,4];[62,63,65]
[34,54,-2];[55,55,55]
[-87,38,3];[8,8,6]
[-54,29,-5];[5,5,5]
[-17,8,-6];[105,105,107]
[-58,29,-5];[5,5,5]
[-32,37,-12];[68,68,66]
[-36,30,3];[44,44,42]
[11,13,13];[55,55,55]
[5,60,-5];[223,198,105]
[-43,42,-9];[36,38,37]
[-52,34,13];[62,62,64]
[6,18,-13];[71,66,44]
[-16,19,-5];[24,24,26]
[80,14,0];[75,76,78]
[68,30,-6];[72,72,74]
[-14,33,-16];[67,67,69]
[82,29,-5];[11,11,13]
[69,29,-6];[88,89,91]
[-32,17,-6];[76,73,56]
[82,30,-6];[72,73,77]
[66,29,-6];[75,74,79]
[76,28,-5];[41,41,41]
[32,24,6];[35,35,35]
[-88,33,-4];[76,78,77]
[-45,48,2];[17,17,17]
[27,9,1];[13,13,13]
[63,29,-6];[77,77,77]
[79,27,-5];[28,25,20]
[82,28,-6];[91,92,96]
[-84,38,-4];[4,4,4]
[-38,42,11];[34,34,34]
[3,8,-14];[56,56,56]
[63,28,-6];[61,62,64]
[-11,55,-5];[47,47,47]
[5,50,15];[35,38,43]
[-49,33,-7];[55,56,51]
[-47,17,5];[245,204,36]
[-22,52,-7];[61,55,39]
[-19,37,-12];[13,13,11]
[37,27,-5];[25,25,25]
[64,27,-6];[68,69,71]
[-28,36,-11];[55,76,133]
[-39,51,-2];[52,78,152]
[-78,38,-5];[14,14,14]
[-32,44,-9];[12,14,13]
[29,44,-16];[63,63,63]
[15,19,-13];[59,59,59]
[-44,41,-10];[27,27,27]
[73,45,5];[68,67,63]
[-33,52,-7];[241,203,66]
[80,26,-5];[31,26,22]
[83,26,-6];[65,66,68]
[-61,31,-3];[10,10,8]
[-22,20,0];[66,68,67]
[16,30,-11];[2,2,2]
[83,46,-2];[59,61,60]
[-51,34,-11];[117,103,42]
[19,25,-5];[19,18,16]
[4,0,0];[69,69,69]
[53,10,-1];[71,71,71]
[-73,46,-10];[40,41,43]
[61,25,-6];[59,57,58]
[74,24,-5];[76,67,58]
[54,31,-2];[50,50,48]
[-28,24,-5];[22,24,23]
[42,20,5];[23,23,23]
[-58,48,8];[5,5,5]
[-81,38,0];[135,121,60]
[-45,54,2];[35,35,33]
[-34,24,-5];[70,69,74]
[-43,24,-5];[15,15,13]
[-52,41,-15];[231,192,53]
[78,35,1];[27,27,27]
[-21,23,10];[84,84,86]
[-49,29,2];[17,17,17]
[-82,39,0];[36,36,36]
[-48,24,-5];[85,76,79]
[-86,37,5];[25,25,25]
[-32,31,-8];[22,25,32]
[30,33,-12];[61,63,62]
[-52,24,-5];[120,120,118]
[-22,47,7];[33,34,28]
[-71,48,-9];[28,28,30]
[-62,32,-6];[30,30,32]
[-32,24,-5];[53,49,46]
[44,5,1];[74,76,75]
[90,42,-5];[58,58,56]
[-62,49,1];[35,35,37]
[-37,24,-5];[66,65,60]
[40,17,5];[43,42,40]
[-26,51,-3];[28,30,29]
[6,25,-9];[27,21,5]
[-78,31,5];[65,65,67]
[0,3,-10];[75,75,77]
[61,24,-6];[75,76,78]
[-67,50,1];[5,5,5]
[-26,45,-11];[87,91,92]
[58,23,-6];[67,67,69]
[16,20,-1];[5,5,5]
[-93,46,2];[99,99,97]
[37,46,-16];[55,55,55]
[22,23,-4];[2,2,2]
[-7,48,13];[105,99,99]
[89,37,2];[66,66,64]
[-53,42,-15];[232,190,46]
[82,23,-6];[75,76,78]
[-14,50,12];[55,55,53]
[-54,63,-3];[71,72,74]
[8,11,-14];[247,205,59]
[59,23,-6];[71,69,72]
[-54,51,1];[7,7,5]
[82,24,-6];[73,74,76]
[-86,43,-2];[3,3,3]
[61,22,-6];[93,95,94]
[15,21,-11];[34,34,34]
[60,22,-6];[65,65,65]
[50,45,-1];[43,42,38]
[78,20,-5];[56,56,54]
[-35,20,-5];[211,169,31]
[-5,32,14];[59,59,59]
[-36,20,-5];[237,192,41]
[26,34,-15];[60,61,63]
[-36,40,11];[53,53,53]
[71,28,-3];[31,33,30]
[39,33,-6];[63,62,60]
[-29,40,10];[66,66,58]
[-39,34,9];[53,53,53]
[-22,38,11];[62,64,61]
[-33,39,14];[232,194,49]
[-17,19,0];[60,60,60]
[-39,20,-5];[27,26,22]
[39,48,-15];[76,76,76]
[-54,20,-5];[27,24,19]
[-55,20,-5];[19,18,14]
[-16,55,1];[25,25,25]
[60,42,-6];[53,53,51]
[60,20,-6];[113,111,112]
[-17,7,3];[137,138,142]
[-87,33,3];[64,66,65]
[30,51,11];[57,57,57]
[18,50,-13];[68,68,68]
[72,44,5];[63,65,64]
[59,21,-6];[65,66,70]
[-17,23,4];[12,12,12]
[-30,20,-5];[45,39,23]
[-13,53,-10];[56,57,59]
[53,12,-6];[49,49,51]
[17,54,8];[31,27,16]
[-26,20,-5];[167,131,57]
[-58,43,-12];[4,4,4]
[-20,15,2];[49,50,52]
[72,27,2];[32,29,24]
[-36,50,5];[195,171,73]
[-25,22,2];[7,7,7]
[-25,34,10];[176,157,80]
[88,24,-5];[110,110,110]
[72,30,-6];[115,116,121]
[-19,52,-7];[154,126,27]
[-49,31,-8];[58,59,61]
[83,20,-6];[65,67,66]
[0,8,-14];[56,56,56]
[-26,19,-5];[10,6,5]
[-82,45,-6];[31,31,31]
[-27,34,9];[5,5,5]
[59,20,-6];[71,71,73]
[83,19,-6];[67,68,70]
[-39,53,-6];[122,103,70]
[-59,19,-5];[83,82,78]
[-18,47,-16];[78,79,81]
[-59,18,-5];[38,39,41]
[-30,39,-12];[51,51,51]
[57,18,-6];[64,66,65]
[-22,49,-1];[56,58,57]
[-40,53,3];[13,13,13]
[56,18,-6];[63,63,65]
[-1,4,-11];[68,70,69]
[-59,50,-6];[1,1,0]
[-16,26,3];[22,22,20]
[83,17,-5];[68,69,71]
[-32,17,-5];[245,198,7]
[-82,41,-1];[3,3,3]
[-35,17,-5];[243,200,10]
[37,33,-12];[15,16,18]
[0,60,-6];[245,209,59]
[2,60,-5];[251,222,96]
[14,53,10];[131,131,133]
[-20,31,-13];[44,44,44]
[-74,49,-6];[20,20,20]
[85,17,-5];[69,70,74]
[23,55,-3];[17,17,17]
[-15,24,-8];[10,10,12]
[-17,47,14];[11,12,14]
[-39,43,-9];[48,46,47]
[62,45,-5];[51,51,51]
[28,51,-12];[55,55,55]
[41,36,14];[52,52,52]
[-67,47,5];[31,31,31]
[-19,16,1];[3,3,3]
[-33,51,-4];[54,56,55]
[-89,38,7];[151,128,97]
[1,22,-12];[51,51,51]
[-62,32,4];[23,23,21]
[80,41,-5];[63,63,61]
[5,57,7];[236,207,54]
[85,25,-6];[67,69,68]
[-57,35,10];[5,5,5]
[-45,17,-5];[234,193,25]
[-47,17,-5];[37,34,29]
[34,16,-5];[52,52,52]
[57,16,-5];[75,74,72]
[64,32,-5];[52,52,50]
[-51,16,-3];[69,70,65]
[55,16,-6];[80,79,84]
[29,37,15];[31,31,31]
[10,50,15];[65,66,70]
[56,16,-6];[65,65,65]
[45,15,-5];[45,45,45]
[-45,45,-11];[62,62,62]
[-25,20,-3];[42,42,40]
[-15,0,-3];[70,70,68]
[-21,15,-5];[114,114,112]
[-43,49,-11];[67,61,39]
[56,15,-6];[111,111,113]
[24,22,-6];[57,57,59]
[-39,51,0];[44,46,45]
[54,15,-6];[67,67,69]
[55,14,-6];[111,112,116]
[-16,4,-9];[49,50,54]
[57,20,-6];[65,65,67]
[-24,22,-7];[2,2,2]
[52,14,-6];[71,72,74]
[-41,48,8];[111,97,36]
[54,13,-6];[113,114,116]
[40,34,7];[48,48,48]
[-49,44,8];[19,19,19]
[81,46,1];[60,60,58]
[-46,29,-3];[52,54,49]
[54,12,-6];[115,115,115]
[18,57,8];[132,133,128]
[4,0,-3];[69,69,69]
[-86,45,1];[15,16,18]
[-39,27,10];[56,58,57]
[-11,14,-14];[61,58,49]
[25,34,15];[71,71,73]
[-56,28,-11];[18,18,18]
[38,12,-6];[58,54,51]
[44,11,-5];[20,20,20]
[47,11,-5];[37,35,36]
[4,59,5];[76,63,29]
[56,14,-5];[76,75,73]
[-81,42,0];[67,69,68]
[41,10,-5];[44,44,44]
[43,10,-6];[53,57,58]
[44,9,-6];[87,91,92]
[-40,49,-11];[53,52,47]
[87,27,-6];[63,63,65]
[-12,23,-11];[43,43,43]
[-50,46,-6];[93,85,48]
[16,9,-5];[38,38,38]
[17,7,-5];[106,106,106]
[-49,50,-6];[3,3,3]
[10,0,-5];[242,204,81]
[-35,19,-6];[227,185,49]
[-13,0,-5];[69,69,69]
[-55,55,-1];[39,41,40]
[-30,30,-2];[66,67,69]
[27,25,10];[28,28,28]
[-54,29,4];[6,6,6]
[49,8,-4];[44,45,47]
[-60,28,-5];[48,48,46]
[-6,60,-5];[74,76,75]
[90,44,-5];[73,74,76]
[20,59,-5];[69,67,68]
[1,58,-5];[70,64,40]
[-46,49,-7];[5,5,5]
[-26,48,-13];[230,192,59]
[-59,50,8];[27,27,27]
[-79,33,1];[45,45,45]
[6,50,-15];[24,27,34]
[16,16,8];[1,1,1]
[-4,58,-5];[63,50,5]
[20,58,-5];[3,3,3]
[1,44,-11];[77,116,191]
[-45,31,-12];[59,59,57]
[-31,34,-9];[65,77,101]
[26,31,10];[56,54,55]
[-80,43,7];[1,1,1]
[54,11,-1];[72,74,73]
[-2,25,-8];[4,4,4]
[34,54,-4];[56,56,54]
[-21,17,0];[12,14,13]
[36,52,-10];[80,80,80]
[63,42,-6];[53,53,53]
[33,54,-5];[57,57,57]
[17,19,-11];[36,36,36]
[18,44,-14];[47,71,119]
[13,20,12];[54,56,55]
[31,54,-5];[57,57,57]
[-40,45,7];[202,168,44]
[-43,53,-6];[157,132,48]
[74,28,-5];[57,58,60]
[-70,44,-10];[50,51,53]
[3,17,13];[54,54,54]
[-58,30,-2];[0,0,0]
[32,48,15];[60,58,61]
[15,23,-10];[34,36,35]
[-40,35,-11];[76,93,136]
[16,21,-11];[37,37,37]
[-25,53,-5];[65,62,53]
[-55,63,2];[62,64,63]
[-48,49,0];[56,58,57]
[-34,53,-5];[36,36,36]
[-60,44,-12];[33,33,31]
[-42,53,-5];[56,58,55]
[-32,50,-10];[251,208,43]
[5,51,15];[64,66,65]
[-68,50,-3];[22,22,22]
[-58,54,-2];[82,86,87]
[-45,53,-5];[64,49,18]
[-41,31,4];[56,58,57]
[-9,40,14];[27,39,63]
[-40,47,4];[65,69,78]
[-48,53,-5];[55,54,52]
[22,56,-9];[104,95,96]
[-33,51,-9];[239,199,41]
[-7,35,10];[4,47,142]
[82,19,-6];[76,77,79]
[-85,34,-3];[16,16,16]
[87,43,-5];[72,73,75]
[40,24,3];[60,62,61]
[-64,47,-8];[43,43,43]
[-33,48,-5];[22,22,14]
[-5,39,-12];[86,121,189]
[-80,47,-5];[1,1,1]
[-41,47,-5];[6,6,6]
[-81,34,-6];[3,3,3]
[-7,32,13];[70,80,90]
[-29,49,-3];[57,57,49]
[-58,53,5];[54,54,54]
[-65,31,-7];[67,68,70]
[-80,39,6];[3,3,1]
[-45,47,-5];[43,43,41]
[26,53,-10];[54,56,55]
[69,35,-6];[123,89,28]
[7,0,5];[246,206,74]
[-43,31,-9];[64,68,69]
[-48,50,-11];[239,198,46]
[39,42,-16];[58,58,58]
[-82,47,-5];[64,64,64]
[-42,34,-11];[62,78,127]
[-86,46,-5];[63,63,63]
[-86,45,-6];[111,111,111]
[-20,53,-5];[52,52,50]
[-8,5,-12];[248,206,58]
[-26,16,-6];[166,166,166]
[-52,37,14];[41,43,55]
[-3,30,-14];[48,50,47]
[47,43,-6];[56,56,56]
[-57,29,-12];[57,61,62]
[-82,38,-3];[4,4,4]
[50,39,-6];[8,8,8]
[-73,47,-9];[51,52,56]
[-16,26,0];[35,35,33]
[6,0,-2];[66,66,64]
[-92,42,5];[61,62,64]
[-50,40,-12];[62,64,63]
[-25,33,8];[63,66,73]
[-88,43,-5];[19,19,17]
[78,35,-5];[28,28,28]
[-25,51,1];[9,6,0]
[14,38,-14];[2,3,7]
[-40,39,-10];[125,127,126]
[-30,25,-9];[63,64,66]
[-85,34,-6];[58,59,61]
[3,54,-9];[14,9,3]
[18,32,-13];[60,60,60]
[53,16,-6];[78,78,80]
[-34,31,-6];[192,162,50]
[39,31,-5];[47,49,48]
[73,37,5];[83,77,65]
[74,31,-6];[63,63,65]
[17,8,5];[129,130,135]
[-39,29,-5];[62,64,61]
[-60,27,-5];[8,6,9]
[0,42,-12];[79,114,178]
[74,27,-5];[52,53,55]
[0,5,10];[65,67,66]
[-82,32,-5];[76,77,79]
[-60,47,-5];[2,1,0]
[-32,46,-7];[124,125,117]
[-17,26,-4];[29,29,29]
[-17,26,-5];[28,28,26]
[-11,37,15];[16,21,27]
[-51,24,-5];[26,26,18]
[-57,23,-5];[4,3,1]
[0,16,-14];[54,54,54]
[3,27,10];[28,27,25]
[-87,47,-3];[64,64,64]
[23,30,-10];[13,13,13]
[-9,34,15];[14,21,37]
[70,30,-6];[64,65,69]
[-20,22,-1];[47,49,46]
[-74,46,7];[3,3,5]
[81,23,-5];[48,48,48]
[47,10,-7];[55,57,56]
[-33,53,-4];[57,45,31]
[-16,54,-6];[55,56,58]
[-25,15,0];[78,78,80]
[9,30,12];[38,37,32]
[17,24,-5];[13,13,11]
[-11,36,-16];[11,11,13]
[27,23,6];[17,17,17]
[-60,51,-3];[71,71,71]
[80,21,-5];[53,53,53]
[1,43,10];[88,116,163]
[-44,30,-7];[199,168,51]
[-84,43,2];[5,5,7]
[4,24,-9];[12,12,12]
[30,21,-6];[52,51,47]
[-2,1,-7];[62,62,60]
[-25,25,5];[18,18,20]
[-22,19,-5];[33,33,31]
[-60,46,-7];[2,2,0]
[-84,39,8];[62,63,65]
[-89,42,-7];[66,66,66]
[-61,48,-3];[7,7,7]
[-86,38,-5];[13,13,11]
[-44,20,-6];[245,199,43]
[-45,33,6];[55,57,54]
[77,28,-4];[4,4,4]
[-87,46,-1];[55,55,53]
[-44,50,-11];[213,177,55]
[-59,20,-6];[53,53,53]
[-44,50,5];[31,31,29]
[-53,21,3];[185,148,0]
[-29,29,4];[53,53,53]
[-41,20,-6];[53,43,18]
[2,49,7];[36,57,120]
[3,60,-3];[93,72,17]
[38,50,-5];[58,58,58]
[43,39,-6];[3,3,3]
[-45,20,-6];[226,189,75]
[-77,46,-8];[71,73,72]
[-71,34,9];[36,37,39]
[24,23,7];[70,70,72]
[-35,41,-15];[51,51,49]
[-2,20,-12];[53,53,51]
[-35,53,4];[98,91,81]
[-49,20,-6];[32,33,27]
[-41,48,7];[111,97,36]
[-9,18,-13];[232,193,54]
[-52,20,-6];[245,201,44]
[2,7,-13];[57,59,58]
[-86,42,5];[12,14,13]
[-40,49,6];[111,96,37]
[-54,20,-6];[38,35,28]
[-36,37,11];[53,53,53]
[31,29,8];[61,63,60]
[6,59,5];[120,109,87]
[-16,6,-6];[2,2,2]
[-85,38,4];[8,8,8]
[32,54,-5];[58,58,58]
[39,15,-6];[67,58,53]
[-24,19,-5];[14,14,12]
[-31,30,3];[40,42,41]
[-75,34,-9];[73,74,76]
[-33,17,-6];[83,76,57]
[31,46,15];[40,40,40]
[-30,31,-5];[61,63,62]
[0,33,-12];[6,32,119]
[11,44,10];[7,49,133]
[52,32,2];[42,42,40]
[7,59,-4];[45,47,44]
[24,32,9];[27,27,25]
[-56,16,1];[241,206,90]
[72,28,-4];[52,54,53]
[-39,17,-6];[61,61,63]
[-42,25,-9];[14,14,14]
[-42,17,-6];[90,80,53]
[-80,38,1];[197,176,93]
[9,30,-15];[166,152,123]
[0,30,13];[54,54,52]
[-19,50,-4];[57,56,52]
[-48,17,-6];[63,59,56]
[-49,17,-6];[69,65,56]
[-49,46,-14];[240,196,48]
[30,29,-8];[46,48,47]
[-50,17,-6];[72,65,47]
[-16,2,-7];[34,35,39]
[49,14,0];[65,66,68]
[-29,33,-9];[43,44,39]
[-52,17,-6];[246,200,65]
[-42,42,14];[246,207,16]
[-60,22,-5];[94,97,102]
[14,17,-14];[53,55,54]
[-57,31,-1];[8,8,8]
[30,34,-16];[57,58,60]
[26,22,-1];[33,34,29]
[37,24,6];[65,69,70]
[-73,35,-10];[32,34,33]
[-67,45,-9];[38,39,41]
[-25,21,2];[12,12,12]
[-57,17,-6];[65,64,62]
[41,35,-14];[25,25,25]
[-21,17,-5];[19,21,20]
[-8,47,13];[91,91,103]
[87,17,-6];[86,86,84]
[1,48,8];[12,73,177]
[86,17,-6];[74,74,74]
[86,16,-6];[157,156,154]
[-31,51,8];[207,175,62]
[-79,35,6];[49,51,50]
[-17,14,-5];[1,1,0]
[36,27,-7];[53,53,53]
[-33,23,-4];[16,16,8]
[37,13,-6];[60,55,52]
[39,48,-12];[61,61,63]
[9,0,2];[244,203,75]
[-17,8,-7];[120,120,120]
[-18,14,-5];[43,43,41]
[-8,30,-16];[96,90,76]
[48,12,-5];[70,71,73]
[56,15,0];[68,68,68]
[60,25,-6];[86,87,89]
[42,10,-6];[44,43,41]
[-16,9,-5];[49,49,49]
[-57,48,-8];[2,2,2]
[22,34,-15];[48,52,51]
[17,3,-5];[40,40,42]
[41,39,-16];[53,53,53]
[21,34,-14];[60,60,58]
[-17,19,-11];[29,31,30]
[11,60,-6];[245,208,68]
[-42,38,-15];[235,197,74]
[3,60,-6];[247,212,48]
[-5,60,-6];[118,110,89]
[-54,31,2];[23,24,26]
[9,60,-6];[241,204,64]
[-45,29,-4];[201,167,43]
[4,60,-6];[242,204,61]
[-59,62,-3];[126,126,124]
[-70,38,11];[40,41,43]
[38,50,1];[56,56,56]
[-7,60,-6];[73,75,74]
[8,58,-5];[82,80,59]
[2,33,-12];[5,35,131]
[-39,32,-10];[102,104,103]
[-68,30,4];[8,8,10]
[30,21,-5];[38,36,39]
[-86,44,2];[2,2,0]
[-60,47,4];[6,6,6]
[-56,24,-5];[7,7,7]
[52,42,5];[60,61,65]
[-83,38,-6];[14,14,14]
[0,27,-10];[28,28,28]
[23,24,7];[24,24,22]
[-12,57,-5];[2,2,0]
[5,44,10];[70,110,172]
[-85,44,-3];[101,103,100]
[26,54,-6];[57,57,57]
[-19,45,-9];[2,4,3]
[-18,54,-5];[55,55,57]
[-87,38,5];[32,32,32]
[59,24,-6];[98,99,103]
[-17,54,-6];[54,55,57]
[22,54,7];[66,66,66]
[-23,50,-5];[49,51,48]
[-82,39,-6];[63,65,64]
[-27,50,-6];[52,52,50]
[38,31,-5];[44,46,45]
[3,47,9];[4,49,132]
[15,0,-2];[49,49,49]
[-65,49,-5];[53,53,53]
[-27,51,-9];[51,50,48]
[-30,52,-7];[249,208,38]
[68,45,-6];[50,50,50]
[1,27,-10];[28,28,26]
[-85,42,-6];[22,22,20]
[-38,27,10];[55,57,56]
[-21,51,3];[62,62,60]
[78,42,-6];[240,201,62]
[-80,38,-6];[14,16,15]
[-89,38,-6];[67,69,68]
[-89,34,0];[14,14,14]
[36,4,0];[80,80,82]
[-92,38,-6];[1,1,1]
[-17,19,9];[23,25,24]
[88,29,-2];[65,67,66]
[76,35,-5];[31,31,29]
[-84,33,-6];[96,97,99]
[-33,39,-15];[248,202,55]
[-84,31,0];[75,77,76]
[8,28,-11];[219,179,65]
[-24,53,5];[150,132,96]
[-25,35,13];[72,71,69]
[9,26,7];[246,199,5]
[-20,36,-11];[196,169,66]
[31,53,-10];[61,63,62]
[-36,31,-6];[192,162,50]
[-1,51,12];[58,58,58]
[-3,50,-16];[26,27,31]
[-49,30,-1];[45,45,45]
[-31,48,-13];[63,59,47]
[86,32,-6];[129,129,127]
[30,41,15];[4,4,4]
[72,29,4];[56,57,59]
[11,38,-15];[73,80,106]
[-58,29,-1];[8,8,8]
[-42,28,-1];[62,64,63]
[63,34,5];[77,78,80]
[-2,22,-11];[48,48,48]
[26,39,-16];[63,65,62]
[-29,19,-6];[69,60,31]
[-63,31,-7];[44,45,47]
[-60,29,-5];[2,2,2]
[58,25,-3];[18,20,19]
[-11,56,-8];[57,57,57]
[17,7,0];[24,25,29]
[-59,28,-6];[75,75,73]
[-1,45,-11];[80,120,192]
[79,22,6];[61,62,64]
[-60,27,-6];[55,56,60]
[-46,34,-8];[103,92,47]
[75,28,-6];[56,56,56]
[-49,46,13];[68,65,48]
[-74,50,-4];[16,18,17]
[62,27,-6];[67,69,68]
[-58,30,5];[9,9,9]
[-76,39,8];[7,7,7]
[-40,29,4];[24,28,39]
[76,20,-2];[66,62,50]
[-84,45,-3];[51,51,49]
[-62,46,-8];[1,1,0]
[27,36,-16];[23,23,23]
[15,25,-6];[5,5,5]
[-85,47,2];[58,58,58]
[-22,36,-15];[58,57,55]
[-25,24,-6];[3,3,3]
[-24,49,-3];[52,54,53]
[-27,45,-10];[41,42,44]
[-58,22,7];[79,79,79]
[-41,34,-10];[62,79,125]
[82,30,-5];[18,18,20]
[-39,52,6];[67,67,67]
[-26,24,-6];[28,28,28]
[-56,23,4];[7,6,2]
[-85,41,-6];[22,22,22]
[90,40,-5];[110,110,110]
[6,26,-9];[27,28,23]
[-30,34,-14];[54,54,56]
[-74,48,-6];[9,9,9]
[-49,32,6];[143,145,142]
[17,6,-5];[1,1,1]
[56,46,-4];[67,67,67]
[-38,24,-6];[67,67,67]
[-20,23,-5];[9,9,9]
[17,7,-10];[39,39,39]
[-27,40,-11];[134,119,60]
[-24,23,-6];[1,1,1]
[-34,27,9];[57,59,58]
[-5,52,11];[56,58,57]
[-2,32,-15];[25,26,30]
[-14,42,-15];[43,45,44]
[-57,22,-5];[2,2,2]
[52,9,3];[68,70,69]
[-38,25,-9];[69,69,69]
[-47,52,7];[231,199,62]
[80,21,-6];[54,54,54]
[-22,56,-1];[17,17,17]
[27,22,-5];[63,63,63]
[19,38,-14];[5,9,18]
[79,21,-6];[56,56,56]
[-17,21,-6];[18,18,16]
[-42,30,-6];[46,46,46]
[-27,20,-6];[181,145,48]
[-8,25,-9];[210,165,2]
[1,10,-14];[56,56,56]
[28,30,-11];[66,67,69]
[-72,30,-5];[24,24,24]
[-25,19,-5];[5,4,2]
[79,46,-1];[74,59,30]
[-28,19,-6];[197,168,74]
[2,38,11];[90,119,163]
[-55,38,-12];[3,3,3]
[83,13,0];[76,76,74]
[-31,39,-12];[82,84,83]
[62,23,-2];[58,58,58]
[82,19,-5];[15,17,16]
[-35,27,10];[56,58,57]
[-39,19,-6];[49,49,47]
[-45,19,-6];[245,202,61]
[17,58,-8];[103,102,98]
[-50,41,9];[45,45,45]
[-32,19,-6];[61,55,31]
[-47,29,4];[197,170,63]
[-23,34,9];[46,48,45]
[-37,19,-6];[230,194,58]
[56,20,4];[42,43,45]
[-15,12,-14];[8,8,8]
[-30,26,-10];[63,65,64]
[-41,19,-6];[57,54,39]
[-23,44,-11];[52,54,53]
[-70,50,0];[61,60,58]
[-43,19,-6];[245,199,51]
[-57,48,-2];[7,7,7]
[-47,19,-6];[51,50,46]
[-49,19,-6];[47,47,39]
[-52,19,-6];[249,204,51]
[4,60,-5];[224,192,81]
[-27,30,-12];[51,50,48]
[57,23,-3];[20,20,20]
[-4,33,-11];[3,29,116]
[64,28,-6];[72,73,77]
[16,2,-8];[58,58,58]
[-55,19,-6];[53,52,47]
[-42,51,-10];[66,55,35]
[-59,19,-6];[160,161,165]
[-28,18,-6];[167,137,41]
[-7,22,-11];[213,174,43]
[-40,29,-2];[2,2,2]
[16,13,13];[68,70,69]
[-6,34,-12];[21,80,174]
[50,36,-4];[22,21,19]
[-4,30,-15];[35,35,35]
[-35,33,9];[45,45,45]
[-16,47,16];[81,82,84]
[-21,16,-3];[4,6,5]
[-56,67,1];[91,91,93]
[-22,39,10];[61,61,51]
[-34,19,-6];[225,186,57]
[-66,42,-11];[49,50,52]
[-22,18,-5];[31,31,29]
[-29,18,-6];[227,198,96]
[-31,18,-6];[71,68,51]
[25,41,-13];[68,118,205]
[-10,27,-10];[68,44,6]
[14,39,-14];[7,6,11]
[-46,29,-2];[58,58,50]
[-61,45,-7];[11,11,13]
[-87,38,-6];[13,13,13]
[-35,18,-6];[231,187,62]
[-81,35,-3];[28,28,30]
[-37,18,-6];[236,196,64]
[-17,4,4];[49,51,50]
[41,46,4];[51,51,51]
[1,6,11];[62,64,63]
[-53,61,0];[53,53,53]
[-38,18,-6];[178,148,49]
[-36,49,2];[44,44,44]
[-53,54,-4];[34,34,34]
[-42,18,-6];[195,161,63]
[-80,39,-3];[22,22,22]
[-46,29,-10];[49,49,49]
[-51,17,-6];[247,203,78]
[53,31,-2];[51,51,49]
[-21,16,-5];[28,28,28]
[-93,41,-3];[91,91,89]
[-63,40,-11];[51,52,54]
[-40,31,6];[70,71,73]
[-25,16,-5];[77,77,79]
[-16,12,9];[85,87,86]
[9,50,14];[137,135,136]
[-11,0,-5];[231,199,112]
[41,35,-11];[25,25,25]
[-81,47,3];[24,25,20]
[-17,21,-9];[1,1,1]
[6,32,-14];[9,9,11]
[46,15,-6];[16,16,16]
[-58,31,11];[50,50,50]
[51,35,4];[29,29,27]
[-3,43,-11];[85,122,192]
[-26,26,-10];[60,62,61]
[-58,22,-7];[44,46,45]
[-57,51,9];[49,49,47]
[68,32,-5];[47,47,47]
[48,12,-6];[64,64,62]
[80,26,-1];[26,26,26]
[-42,16,-3];[246,211,95]
[45,41,5];[50,43,33]
[-80,38,2];[64,61,42]
[-21,44,11];[197,169,59]
[41,36,-8];[37,38,40]
[16,11,-4];[20,20,20]
[-86,34,-3];[16,16,16]
[-42,29,3];[197,170,63]
[16,11,-5];[29,29,31]
[88,37,1];[66,66,66]
[16,8,-6];[44,44,44]
[-24,15,-3];[77,77,79]
[-16,42,-15];[41,42,44]
[-17,4,-5];[47,47,49]
[0,28,-12];[47,46,44]
[49,11,4];[56,55,60]
[0,0,-6];[64,66,65]
[-6,0,-6];[62,64,61]
[-2,60,-5];[238,207,101]
[-59,42,8];[3,3,3]
[-19,28,-12];[75,75,75]
[23,24,-10];[1,1,1]
[76,29,0];[35,35,35]
[7,48,-10];[30,53,123]
[-58,28,-13];[71,72,76]
[11,59,-6];[46,43,26]
[-24,42,11];[58,60,59]
[-9,38,-15];[26,30,41]
[-25,49,-7];[57,59,58]
[-4,41,-12];[83,118,186]
[0,60,1];[236,206,74]
[-53,48,-3];[5,5,5]
[0,48,-8];[38,72,161]
[-47,36,-14];[32,71,84]
[3,59,-6];[31,22,0]
[-36,44,-8];[52,52,50]
[-54,20,4];[214,178,6]
[24,22,5];[44,45,47]
[-72,50,-4];[35,33,34]
[-15,50,-14];[142,146,147]
[-9,24,-9];[199,158,4]
[11,2,-9];[68,67,65]
[-12,55,-6];[51,51,51]
[-16,9,-9];[0,0,0]
[0,59,-6];[184,159,59]
[46,45,3];[64,52,36]
[-34,33,7];[55,57,56]
[-21,55,2];[39,41,40]
[3,53,-11];[54,54,54]
[-1,59,-6];[152,130,44]
[32,19,-5];[52,51,49]
[-3,59,-6];[99,85,36]
[-10,59,-6];[61,63,62]
[-77,47,2];[28,29,24]
[10,14,13];[101,105,72]
[-55,53,-6];[59,59,59]
[-53,54,3];[24,24,24]
[-19,50,-6];[76,76,74]
[-28,50,-6];[95,82,37]
[10,21,-12];[62,59,50]
[-50,50,-6];[3,3,3]
[-51,50,-6];[3,3,3]
[-57,50,-6];[1,1,1]
[-27,39,11];[65,69,68]
[-16,12,8];[2,2,2]
[-65,30,-5];[64,66,65]
[-75,49,-6];[68,68,70]
[42,45,-5];[38,38,38]
[50,8,-3];[68,68,68]
[-18,48,-15];[59,59,59]
[82,22,-5];[60,61,63]
[70,45,-6];[49,49,49]
[-89,34,-4];[76,78,77]
[-17,16,8];[58,63,69]
[-38,36,13];[76,171,191]
[-50,42,14];[66,64,49]
[66,45,-6];[49,49,49]
[65,45,-6];[48,50,49]
[12,23,-10];[37,37,37]
[43,36,2];[2,2,2]
[-26,47,-9];[14,14,12]
[-25,22,-5];[25,25,23]
[-82,48,-3];[63,63,63]
[-2,37,-11];[85,123,188]
[61,45,-6];[51,51,51]
[-19,38,-16];[43,44,46]
[-90,37,1];[16,16,16]
[-59,48,-11];[49,49,51]
[26,24,-11];[57,57,57]
[59,45,-6];[50,50,50]
[58,22,5];[69,70,74]
[-57,45,-8];[6,6,6]
[56,45,-6];[49,49,47]
[74,44,-6];[32,32,30]
[47,10,5];[65,65,65]
[-53,30,1];[18,20,19]
[-3,47,-9];[4,52,176]
[68,44,-6];[58,58,56]
[74,30,-4];[4,4,4]
[63,44,-6];[54,54,54]
[72,44,-6];[54,54,52]
[-71,46,-9];[42,43,45]
[-93,45,-2];[70,71,75]
[69,44,-6];[56,56,56]
[-24,19,-7];[25,24,22]
[71,44,-6];[53,53,53]
[67,44,-6];[57,57,55]
[70,35,-6];[118,84,21]
[20,31,8];[42,42,40]
[17,13,-7];[25,27,26]
[51,37,3];[6,6,8]
[59,44,-6];[56,56,56]
[-29,48,3];[59,59,59]
[2,39,11];[90,118,165]
[52,14,4];[68,69,74]
[61,44,-6];[55,55,55]
[-46,24,5];[10,10,8]
[-49,52,7];[237,199,28]
[-8,3,-10];[249,205,56]
[57,44,-6];[54,54,52]
[16,38,14];[129,131,130]
[-1,33,-11];[4,33,125]
[71,43,-6];[52,52,52]
[16,23,-8];[11,11,11]
[-30,55,-1];[47,47,47]
[10,45,-13];[3,22,142]
[59,43,-6];[52,52,52]
[16,2,5];[46,47,49]
[-87,45,3];[15,16,20]
[-79,37,-4];[36,36,36]
[51,43,-6];[5,5,5]
[-59,43,-15];[101,100,98]
[73,43,-6];[53,54,56]
[-38,32,-13];[63,63,61]
[75,29,-4];[12,12,12]
[18,31,-10];[8,8,8]
[63,43,-6];[53,53,51]
[56,14,-2];[70,70,70]
[62,43,-6];[53,53,51]
[25,42,-17];[7,8,12]
[87,14,3];[72,72,74]
[-55,50,-5];[7,7,5]
[81,24,-6];[52,52,52]
[-46,51,2];[52,52,52]
[56,43,-6];[53,53,51]
[16,13,-4];[20,22,21]
[82,23,-5];[12,14,13]
[-33,43,11];[192,175,106]
[-55,36,-12];[4,4,4]
[55,43,-6];[52,52,50]
[-53,62,-3];[92,93,95]
[-27,22,-5];[20,20,20]
[-89,44,-3];[17,15,16]
[67,43,-6];[54,54,52]
[-15,26,8];[33,34,29]
[-77,48,6];[59,59,57]
[58,31,-2];[49,49,47]
[39,8,-4];[2,2,0]
[53,43,-6];[52,52,50]
[-29,49,3];[60,62,61]
[-22,41,-15];[53,53,51]
[-54,33,-10];[3,3,1]
[62,42,-6];[53,53,53]
[1,30,15];[4,4,6]
[-82,34,5];[5,5,5]
[-26,22,-5];[2,2,0]
[-26,24,-5];[9,9,9]
[74,25,6];[50,50,50]
[-17,30,-13];[176,176,174]
[-19,44,-16];[25,24,20]
[52,42,-6];[42,43,45]
[-25,20,-6];[75,71,68]
[-55,57,-3];[65,66,70]
[-47,20,-5];[26,26,24]
[-60,38,-10];[2,2,2]
[-51,53,-7];[55,55,55]
[-36,21,4];[21,18,9]
[-18,55,-2];[50,50,52]
[66,42,-6];[55,55,55]
[44,6,3];[16,16,16]
[-36,46,13];[55,55,43]
[79,40,-6];[196,165,83]
[7,1,7];[253,213,38]
[-89,46,0];[17,17,17]
[-50,28,0];[17,17,17]
[53,42,-6];[50,50,50]
[-89,38,-2];[26,26,26]
[47,41,-6];[44,44,44]
[23,25,-11];[71,71,71]
[84,38,-5];[62,63,67]
[-42,42,-12];[119,121,120]
[-9,18,-14];[232,193,54]
[67,41,-6];[52,52,50]
[-29,50,-5];[40,41,35]
[-38,48,-2];[117,126,143]
[-75,29,-2];[65,66,60]
[-46,52,-9];[239,198,44]
[-41,48,-8];[55,57,56]
[-11,17,-14];[63,59,47]
[53,41,-6];[48,48,46]
[-14,29,11];[50,50,50]
[-3,49,-11];[72,90,140]
[-26,53,-6];[144,123,60]
[45,41,-6];[52,54,53]
[79,40,-5];[105,83,59]
[-42,31,-12];[57,57,55]
[-80,41,-6];[26,25,20]
[-43,34,-10];[69,90,147]
[-19,41,9];[50,50,48]
[-42,51,2];[46,48,47]
[-29,43,-9];[6,6,4]
[-26,42,-10];[25,23,11]
[-83,41,-6];[203,167,29]
[-49,36,-14];[122,180,204]
[-32,16,-1];[237,204,91]
[-82,40,-6];[57,59,58]
[-88,37,2];[32,32,32]
[-63,50,-1];[21,21,21]
[9,44,-11];[77,125,201]
[68,41,-6];[52,52,52]
[0,26,-9];[27,28,23]
[-18,55,1];[48,49,51]
[57,41,-6];[53,53,51]
[-24,50,4];[39,39,39]
[-44,39,11];[80,82,79]
[46,14,-5];[39,39,37]
[31,44,-16];[61,61,61]
[-34,29,-4];[35,36,40]
[-62,33,-7];[29,27,30]
[-85,40,-6];[5,5,5]
[-62,47,6];[1,1,1]
[-48,48,-3];[51,52,54]
[-88,40,-6];[126,127,129]
[73,41,-6];[53,53,53]
[-1,3,8];[77,77,77]
[-12,34,-17];[84,86,85]
[74,40,-6];[96,78,32]
[66,41,-6];[54,54,54]
[-68,38,-11];[3,3,3]
[23,55,-7];[70,71,73]
[-45,29,-10];[47,47,47]
[31,24,-7];[21,21,21]
[57,24,-1];[29,29,27]
[-2,58,-3];[62,47,24]
[64,41,-6];[52,52,50]
[-80,45,-5];[9,11,10]
[60,41,-6];[53,53,51]
[43,39,11];[63,63,63]
[5,12,-14];[55,55,53]
[-77,48,-6];[83,83,85]
[-26,32,-8];[53,54,56]
[34,50,12];[57,57,57]
[16,26,-5];[24,23,18]
[21,28,-9];[4,4,4]
[-78,40,-6];[18,18,18]
[-51,44,-9];[41,42,37]
[-32,41,-10];[53,53,53]
[66,40,-6];[53,53,53]
[24,44,-15];[17,18,23]
[28,12,0];[1,1,1]
[-31,41,11];[29,29,27]
[65,40,-6];[53,53,53]
[29,48,-15];[51,53,52]
[63,47,1];[57,57,57]
[9,11,-14];[229,197,84]
[61,40,-6];[53,55,54]
[-41,50,5];[73,74,69]
[57,40,-6];[55,55,55]
[-82,42,-7];[18,18,18]
[-70,49,-7];[44,44,46]
[54,40,-6];[39,39,39]
[-28,35,-11];[75,79,82]
[9,34,-11];[13,51,174]
[53,40,-6];[33,32,30]
[48,44,2];[55,47,36]
[16,48,-15];[90,90,90]
[-11,1,-7];[245,205,74]
[45,40,-6];[67,68,70]
[-71,30,4];[38,40,39]
[-35,28,0];[64,66,65]
[39,35,-16];[68,69,71]
[45,39,-6];[20,20,18]
[44,39,-6];[16,16,16]
[-59,47,-5];[1,1,1]
[-49,40,-10];[71,73,72]
[-79,39,-6];[13,13,13]
[-80,39,-6];[15,17,16]
[79,25,-7];[104,77,47]
[-63,49,-4];[26,26,26]
[-54,21,-5];[14,11,4]
[86,25,-6];[76,77,79]
[63,26,5];[76,76,78]
[-84,39,-6];[47,49,48]
[-86,37,-2];[80,82,81]
[78,39,-6];[103,103,91]
[60,23,-6];[62,63,67]
[88,23,-3];[67,67,67]
[87,16,5];[50,48,49]
[77,39,-6];[112,91,26]
[-42,37,-12];[45,62,106]
[16,7,1];[33,33,33]
[-24,22,6];[8,8,8]
[-53,19,-6];[232,193,53]
[62,39,-6];[40,39,37]
[-86,39,-6];[9,9,9]
[-86,38,-6];[15,15,13]
[-89,39,-6];[14,14,14]
[60,27,0];[16,16,16]
[52,40,-6];[43,43,43]
[-17,15,2];[1,1,1]
[71,37,5];[244,206,33]
[-26,48,4];[53,55,54]
[-62,47,4];[4,4,4]
[53,39,-6];[41,40,38]
[65,39,-6];[30,26,25]
[-19,24,10];[5,5,5]
[80,46,-1];[58,58,58]
[-33,36,-9];[40,66,140]
[-32,34,-11];[23,22,17]
[-59,41,-15];[104,104,104]
[48,14,-3];[19,19,19]
[-78,37,-10];[67,68,70]
[58,38,-6];[226,187,66]
[-49,37,-12];[3,4,6]
[-34,51,-4];[52,52,52]
[70,38,-6];[230,203,100]
[-16,8,5];[1,1,1]
[72,47,2];[58,60,59]
[17,10,9];[49,49,51]
[44,9,4];[48,48,48]
[27,27,-11];[50,52,51]
[61,38,-6];[120,99,34]
[40,33,-11];[29,27,28]
[10,0,4];[242,203,74]
[-51,42,-10];[68,65,48]
[58,17,-4];[65,65,65]
[60,38,-6];[244,200,69]
[-52,16,-4];[246,205,65]
[-3,51,11];[57,57,57]
[-45,42,8];[32,32,24]
[49,12,4];[58,58,58]
[-79,45,-2];[30,15,0]
[41,14,-6];[55,54,50]
[-89,36,-7];[88,88,88]
[3,1,5];[62,62,60]
[-68,31,7];[61,61,59]
[52,38,-6];[223,183,59]
[-37,33,-7];[198,175,81]
[51,38,-6];[3,3,5]
[77,37,-6];[77,74,65]
[47,45,1];[28,23,17]
[15,44,-13];[59,111,184]
[-58,60,-3];[67,68,70]
[54,38,-6];[237,197,66]
[14,58,2];[170,145,52]
[-55,42,-9];[2,4,3]
[17,40,12];[56,119,248]
[37,50,-13];[59,59,59]
[-15,50,-15];[75,76,78]
[52,12,-5];[83,83,85]
[-36,17,5];[66,65,60]
[79,30,-2];[64,66,65]
[54,37,-6];[251,211,79]
[-36,49,11];[253,210,18]
[-27,53,4];[122,112,76]
[-85,45,-6];[86,86,86]
[38,9,-2];[13,13,13]
[-50,29,4];[108,110,107]
[41,46,0];[46,46,44]
[-28,22,-7];[66,66,68]
[-24,36,14];[80,187,205]
[61,36,-6];[80,71,40]
[10,35,-13];[4,26,137]
[60,37,-6];[247,205,71]
[-51,20,-6];[242,197,42]
[-81,43,-8];[27,27,29]
[72,36,-6];[249,212,71]
[4,45,10];[80,110,160]
[36,6,0];[2,2,2]
[-37,49,-12];[235,194,52]
[-17,4,-3];[54,54,54]
[55,36,-6];[63,56,28]
[65,36,-6];[239,200,61]
[-71,49,6];[46,47,49]
[35,41,-16];[36,37,39]
[-21,43,-11];[105,112,128]
[-8,58,7];[56,55,63]
[82,14,1];[90,88,89]
[82,32,5];[71,72,77]
[-49,34,-8];[25,25,25]
[-54,49,-12];[64,61,46]
[56,36,-6];[186,157,53]
[-38,35,8];[45,45,45]
[-42,48,2];[12,12,12]
[51,35,-6];[52,48,37]
[16,59,-6];[74,76,75]
[66,35,-6];[55,49,35]
[63,35,-6];[88,56,18]
[-89,42,4];[8,8,6]
[-33,55,-1];[46,46,46]
[-68,49,6];[35,35,35]
[17,5,-5];[3,3,3]
[-27,53,-6];[235,191,60]
[-34,46,-8];[19,19,17]
[-12,2,8];[76,76,76]
[53,35,-6];[48,37,17]
[52,35,-6];[50,46,35]
[26,37,-16];[39,39,39]
[25,42,12];[19,22,27]
[-9,4,10];[188,172,87]
[-28,24,-6];[18,20,19]
[-79,44,1];[8,8,8]
[-59,46,-6];[2,2,0]
[-40,24,-6];[32,32,32]
[-53,45,10];[5,5,5]
[-54,24,-6];[43,43,41]
[5,32,15];[30,29,27]
[-36,44,-9];[61,63,62]
[41,33,-4];[103,19,19]
[-81,37,-5];[24,24,24]
[76,28,-6];[52,54,53]
[11,27,-10];[36,34,35]
[-19,24,-5];[6,6,6]
[-68,33,-9];[3,3,3]
[-1,17,-14];[54,54,54]
[-82,45,-5];[29,29,29]
[84,16,4];[69,70,72]
[-56,45,-11];[8,8,8]
[21,23,-5];[4,4,4]
[72,43,-6];[52,52,52]
[40,23,-6];[28,26,27]
[-30,46,-7];[198,164,38]
[59,36,-6];[251,208,69]
[-40,29,-5];[54,54,52]
[27,22,-6];[61,62,64]
[28,26,-11];[74,74,74]
[79,28,-3];[0,0,0]
[-80,42,-10];[66,66,68]
[30,54,4];[57,57,57]
[-48,32,-13];[62,62,62]
[16,19,-5];[22,23,25]
[-53,48,-5];[5,5,3]
[-57,31,11];[45,45,45]
[33,18,-6];[57,56,52]
[-58,17,-6];[97,84,68]
[37,50,12];[54,54,54]
[-22,17,-6];[24,24,24]
[-16,15,-5];[4,4,4]
[-19,48,-4];[62,64,63]
[39,13,-6];[66,58,55]
[-30,32,8];[27,28,22]
[-6,44,10];[82,114,161]
[4,31,-17];[55,52,47]
[40,12,-6];[60,56,53]
[10,0,-3];[243,204,85]
[-1,22,-11];[48,48,48]
[12,58,4];[175,156,79]
[13,58,-5];[57,54,39]
[-17,13,-5];[48,49,51]
[-9,3,-10];[246,205,55]
[-60,43,-13];[92,91,97]
[-53,29,1];[46,46,46]
[41,13,-6];[55,54,52]
[-46,48,-4];[45,45,43]
[1,45,-10];[81,123,199]
[42,13,-6];[53,52,50]
[-3,35,-10];[79,112,189]
[40,13,-6];[60,56,53]
[-30,32,5];[49,52,57]
[-47,16,-2];[67,67,65]
[-32,33,-8];[66,68,67]
[-38,19,-6];[72,65,46]
[17,3,-6];[40,42,41]
[7,0,-6];[246,211,91]
[-26,44,10];[50,51,45]
[0,0,-5];[67,65,66]
[5,59,-6];[165,152,108]
[89,39,-5];[113,111,112]
[-42,16,-1];[238,205,89]
[-41,41,-15];[250,204,48]
[-36,48,0];[66,68,67]
[-8,30,-14];[172,141,48]
[-53,24,-6];[41,41,43]
[-78,39,-5];[15,15,15]
[42,37,-5];[14,14,14]
[14,58,-6];[70,62,41]
[-8,18,-14];[248,204,53]
[11,41,-14];[3,30,171]
[-59,29,-9];[1,1,1]
[-88,34,4];[89,89,89]
[-83,43,-2];[10,10,10]
[73,35,-6];[69,58,38]
[-23,38,-12];[28,29,24]
[67,45,-5];[52,52,52]
[8,58,-6];[94,84,46]
[-75,39,-11];[98,99,101]
[54,42,-6];[50,50,48]
[-86,36,-8];[70,71,73]
[1,58,-6];[142,125,56]
[44,6,-5];[64,64,64]
[-1,58,-6];[177,153,63]
[-22,39,-11];[203,168,38]
[-67,30,-5];[48,49,51]
[34,29,-9];[47,47,47]
[51,36,-6];[57,50,24]
[-42,48,-2];[89,96,106]
[-57,26,11];[58,58,58]
[45,32,-2];[60,58,46]
[-16,55,-3];[46,46,46]
[-25,30,11];[44,44,44]
[-43,27,9];[56,58,57]
[-12,58,-6];[75,74,72]
[22,57,-6];[46,46,46]
[-19,54,-6];[33,32,27]
[-1,2,-9];[68,68,68]
[-40,51,-10];[63,61,48]
[-33,53,-6];[137,115,65]
[16,5,1];[2,0,1]
[-36,30,-7];[77,79,78]
[55,19,-5];[57,58,60]
[-17,11,-10];[5,4,2]
[-3,44,9];[59,96,164]
[-56,60,-2];[17,15,16]
[-24,50,-6];[58,60,59]
[-24,31,-12];[62,61,57]
[-7,22,10];[227,189,16]
[-50,21,-5];[210,165,10]
[31,31,-9];[46,46,46]
[7,54,9];[58,57,55]
[-40,30,-7];[62,64,61]
[-56,50,-6];[1,1,1]
[-28,49,-6];[66,70,69]
[-36,34,-9];[49,51,48]
[-25,48,-6];[29,29,31]
[64,37,5];[236,219,150]
[-9,38,11];[50,96,173]
[79,41,-6];[175,161,86]
[-67,48,-6];[40,40,40]
[-47,33,-8];[55,56,51]
[-20,45,9];[72,74,73]
[-8,36,10];[18,65,157]
[-32,52,-7];[241,203,42]
[-4,59,-6];[13,5,0]
[-89,43,-5];[31,33,32]
[-41,20,5];[223,189,38]
[33,48,-15];[59,61,60]
[-38,21,-5];[36,31,9]
[-81,47,-6];[65,65,63]
[6,1,-8];[62,59,54]
[12,35,-16];[7,7,7]
[-50,24,-6];[36,36,36]
[-38,55,1];[51,51,51]
[-83,46,-6];[66,66,66]
[39,10,4];[49,48,46]
[-88,43,-6];[20,22,21]
[42,46,-1];[52,52,50]
[-16,23,-2];[20,20,18]
[-87,43,-6];[19,19,17]
[-8,19,12];[244,208,26]
[-24,47,-8];[2,2,2]
[-84,43,-6];[18,18,16]
[-79,42,-6];[31,31,31]
[-80,37,-2];[125,119,85]
[17,4,2];[11,11,11]
[-52,28,10];[50,50,50]
[-50,48,1];[25,25,25]
[-79,37,1];[15,15,15]
[17,20,9];[36,36,38]
[-59,33,6];[2,1,0]
[-92,39,-6];[2,2,2]
[62,37,-6];[73,67,41]
[88,31,-1];[67,67,67]
[55,20,4];[53,57,58]
[-85,34,-2];[14,14,12]
[44,40,-6];[13,13,13]
[-31,47,-13];[49,49,47]
[-85,37,5];[32,32,34]
[3,32,-16];[42,43,45]
[35,35,-16];[37,39,38]
[-79,40,-6];[52,54,53]
[26,44,-17];[17,18,20]
[-83,40,-7];[195,168,63]
[-50,16,1];[64,69,75]
[88,30,-4];[63,63,63]
[8,34,-11];[12,38,151]
[55,47,-4];[67,67,67]
[-88,40,-7];[124,128,129]
[-36,26,-10];[71,70,68]
[-6,15,-15];[88,93,97]
[-53,50,3];[6,6,4]
[-91,39,-6];[1,1,1]
[80,38,-6];[68,69,73]
[-30,31,4];[53,54,58]
[-35,17,-6];[239,194,77]
[-49,54,4];[17,17,17]
[-44,49,-7];[50,39,0]
[70,47,-1];[56,58,57]
[-23,29,-10];[38,37,33]
[-13,43,-16];[35,36,38]
[-16,12,11];[44,46,45]
[-93,38,-6];[140,142,141]
[-60,53,3];[54,52,53]
[76,38,-6];[76,56,0]
[-82,37,-6];[38,40,39]
[-31,36,14];[67,153,176]
[82,37,-6];[69,70,72]
[75,31,-1];[14,12,13]
[-85,37,-7];[15,15,15]
[-7,24,-10];[210,172,27]
[-84,37,-6];[37,37,35]
[12,60,-1];[254,215,60]
[53,40,5];[64,64,64]
[-40,31,-12];[56,56,56]
[-45,29,-3];[44,44,36]
[-56,36,14];[56,56,56]
[82,36,-6];[68,69,73]
[19,11,-2];[21,18,9]
[12,30,12];[62,62,60]
[74,37,-6];[225,190,90]
[-43,36,-15];[104,170,202]
[-46,47,-13];[228,196,73]
[-87,36,-6];[2,2,2]
[80,36,-6];[70,71,73]
[-29,17,-6];[204,166,67]
[28,25,6];[44,44,42]
[55,31,1];[48,48,46]
[-51,44,14];[65,63,50]
[82,24,-5];[26,26,26]
[-1,9,-14];[55,55,55]
[75,36,-6];[138,126,88]
[83,35,-6];[47,47,47]
[-78,36,-1];[13,14,9]
[-27,50,2];[53,53,51]
[81,35,-6];[76,78,77]
[-57,54,-3];[31,31,31]
[79,35,-6];[1,1,1]
[-58,38,9];[7,7,5]
[-37,35,7];[38,38,36]
[-52,51,-1];[53,55,54]
[82,32,-5];[10,10,12]
[77,35,-6];[40,40,38]
[-21,28,9];[26,26,26]
[76,35,-6];[93,93,91]
[-16,20,-7];[15,15,13]
[-59,32,-13];[111,111,109]
[-45,17,-6];[250,203,63]
[48,34,-1];[65,66,61]
[-88,33,-2];[78,78,78]
[48,40,4];[65,53,37]
[41,18,6];[65,65,65]
[75,35,-6];[25,32,42]
[22,44,-14];[17,23,39]
[-54,38,-12];[3,3,3]
[-54,19,-6];[57,51,35]
[-16,9,11];[58,59,61]
[-40,48,-13];[60,57,42]
[19,34,-13];[15,15,15]
[62,24,-6];[69,70,72]
[-23,23,-7];[1,1,0]
[74,36,-6];[64,53,21]
[0,0,0];[70,70,70]
[39,33,-1];[63,65,64]
[21,27,9];[9,9,11]
[67,31,-6];[132,132,134]
[55,42,-6];[51,51,49]
[-49,53,-6];[50,50,50]
[21,24,3];[4,3,1]
[-46,49,-6];[5,5,5]
[39,49,2];[55,55,55]
[44,18,-5];[32,31,29]
[-45,50,-10];[237,197,47]
[52,14,-5];[84,84,86]
[15,46,-17];[59,63,66]
[-51,36,8];[44,44,44]
[61,47,-1];[58,58,58]
[25,41,-15];[0,1,3]
[-50,34,10];[35,35,33]
[67,32,-6];[129,129,129]
[23,34,-14];[60,60,60]
[-38,32,5];[26,27,29]
[-17,40,-16];[0,0,0]
[-29,35,13];[48,44,35]
[-83,41,-7];[18,18,18]
[11,31,-17];[90,90,92]
[-65,30,-6];[65,65,67]
[-70,30,-6];[22,22,22]
[-11,58,4];[56,58,57]
[10,4,-11];[89,83,61]
[12,30,-13];[55,55,53]
[76,27,-6];[53,55,54]
[-15,26,-6];[16,17,12]
[-9,6,-12];[240,199,57]
[-43,54,-3];[30,30,30]
[-42,31,-8];[55,54,52]
[9,1,-7];[242,202,71]
[17,7,4];[161,162,167]
[76,25,-6];[124,93,64]
[-52,28,-1];[5,5,5]
[-24,15,1];[75,76,78]
[-53,31,-4];[3,3,3]
[-16,26,-9];[39,40,35]
[-25,25,-6];[24,26,25]
[-23,21,-8];[73,77,78]
[-43,25,-6];[57,36,0]
[-53,25,-6];[221,197,91]
[-43,49,-7];[55,57,56]
[-4,33,11];[13,58,161]
[-35,53,-6];[80,72,57]
[76,23,-6];[89,66,50]
[-1,49,9];[43,64,127]
[87,25,-6];[74,74,74]
[19,32,11];[61,62,64]
[-48,50,3];[5,5,5]
[30,54,0];[58,58,56]
[-52,49,-2];[6,6,6]
[75,23,-6];[132,93,52]
[-9,26,-10];[238,194,33]
[-3,33,-13];[28,42,89]
[5,49,-13];[0,18,80]
[16,23,0];[35,36,31]
[39,24,-6];[20,20,22]
[14,26,8];[24,24,22]
[-57,22,-6];[3,3,3]
[79,21,-5];[55,55,55]
[-25,22,-6];[2,2,2]
[83,13,-2];[77,77,77]
[59,39,-6];[49,44,38]
[42,20,-6];[8,8,8]
[-32,34,8];[30,31,26]
[4,14,-14];[54,54,54]
[-17,23,-5];[9,9,7]
[-16,54,-5];[55,55,57]
[-42,31,4];[56,58,57]
[60,28,0];[11,11,11]
[-25,19,-6];[11,10,8]
[16,18,-7];[4,8,9]
[-58,27,-9];[61,62,66]
[-58,18,-6];[250,231,137]
[65,29,-6];[60,61,63]
[-57,54,3];[27,27,27]
[14,45,-17];[19,19,17]
[36,16,-6];[60,56,55]
[-2,60,-2];[246,215,75]
[16,18,-6];[21,22,24]
[34,40,15];[23,25,24]
[24,25,-9];[5,5,5]
[-25,17,-6];[89,89,87]
[15,47,16];[69,71,70]
[-56,56,2];[63,63,63]
[81,33,-4];[26,28,27]
[14,51,-12];[55,55,55]
[80,37,-6];[68,69,71]
[-24,17,-6];[90,91,95]
[-30,31,-6];[61,63,62]
[-39,49,0];[54,56,55]
[-21,16,-6];[62,66,67]
[-20,39,-15];[45,45,43]
[-87,35,2];[25,25,25]
[-25,16,-6];[164,166,165]
[67,38,-6];[218,187,104]
[-25,15,-6];[158,158,158]
[-22,15,-6];[184,184,182]
[4,6,-12];[60,60,60]
[-41,48,-12];[53,52,48]
[-20,50,4];[64,66,63]
[-72,49,-7];[60,60,62]
[40,15,-6];[59,56,51]
[61,27,-5];[50,52,51]
[-36,31,11];[62,62,60]
[-4,51,14];[63,63,65]
[-7,36,-11];[31,75,170]
[18,13,-5];[13,13,13]
[80,43,-5];[73,73,71]
[16,12,-5];[20,20,20]
[-77,31,1];[17,21,20]
[16,9,-6];[55,55,55]
[7,26,-10];[225,181,33]
[-93,46,-2];[112,111,107]
[17,9,-6];[72,67,64]
[17,13,-6];[15,15,13]
[65,44,-6];[55,55,55]
[-55,31,12];[62,62,62]
[28,25,-11];[79,72,79]
[-52,23,4];[14,14,14]
[-51,38,-15];[64,62,49]
[-30,53,-6];[240,199,45]
[7,0,-4];[243,212,96]
[-1,43,-11];[82,122,194]
[-60,51,-5];[66,68,67]
[6,28,11];[43,39,27]
[-29,50,-6];[33,34,36]
[58,25,-5];[15,15,15]
[22,29,-11];[67,68,72]
[-53,50,-6];[4,4,4]
[59,32,4];[64,65,67]
[-19,48,-6];[7,7,7]
[-23,48,-6];[4,4,0]
[-27,48,5];[53,55,54]
[80,33,-1];[1,1,1]
[88,19,2];[68,68,68]
[3,6,12];[60,60,60]
[40,34,-8];[32,32,32]
[-24,48,-6];[3,3,1]
[-39,21,4];[217,177,4]
[34,26,-8];[44,44,44]
[-35,48,-12];[251,206,43]
[-64,48,-6];[41,41,41]
[-25,41,-12];[51,51,41]
[17,17,-11];[39,39,37]
[-30,47,-6];[102,98,71]
[-32,44,-15];[52,52,50]
[-48,29,1];[194,167,60]
[-84,48,-1];[58,58,58]
[-33,47,-6];[121,123,120]
[-56,37,-12];[7,7,5]
[-16,16,9];[12,12,12]
[42,19,-6];[20,22,21]
[-34,47,-6];[122,122,120]
[-22,51,-10];[242,200,52]
[5,0,4];[63,63,61]
[-48,52,-9];[125,105,19]
[-36,47,-6];[70,71,66]
[50,15,-2];[28,28,28]
[87,14,-2];[47,49,48]
[-38,47,-6];[70,71,66]
[-85,40,1];[35,35,35]
[-38,20,-6];[61,55,39]
[-9,43,-15];[35,45,70]
[-54,34,13];[58,58,56]
[-36,30,1];[42,42,42]
[-44,47,-6];[54,56,55]
[-37,25,-7];[10,9,7]
[-4,16,-14];[53,53,53]
[-46,47,-6];[43,43,41]
[-10,36,15];[79,71,69]
[27,43,-16];[58,58,56]
[-43,16,-1];[241,201,79]
[61,39,-6];[45,40,34]
[-42,30,2];[55,59,58]
[-34,33,-13];[65,65,65]
[2,52,-11];[53,55,54]
[-37,28,-10];[53,53,53]
[-28,51,8];[60,60,50]
[-52,47,-6];[5,5,5]
[17,14,-10];[11,11,11]
[-53,47,-6];[5,5,5]
[-52,48,-4];[5,6,1]
[-3,39,-12];[82,117,181]
[-55,46,-6];[5,5,5]
[-13,48,15];[58,58,50]
[-36,47,4];[13,15,14]
[-63,44,-10];[48,49,51]
[-55,48,-12];[80,75,55]
[-58,47,-6];[2,2,0]
[38,5,-3];[50,50,50]
[-19,43,-12];[13,13,11]
[-60,46,-6];[1,1,1]
[17,11,-12];[36,36,36]
[3,47,-9];[8,55,184]
[-2,52,-12];[51,51,51]
[-35,50,5];[189,164,63]
[-81,45,-6];[28,28,28]
[-85,43,-6];[22,22,22]
[82,25,-1];[27,26,24]
[-53,45,-11];[2,2,0]
[-86,43,-6];[1,1,1]
[-90,42,-6];[9,9,7]
[38,30,10];[69,70,74]
[-17,5,2];[16,16,16]
[54,45,-6];[49,49,47]
[24,18,1];[74,78,81]
[-84,42,-7];[69,71,68]
[77,21,-5];[59,59,57]
[43,41,-6];[5,5,5]
[-91,37,-6];[54,54,54]
[-56,33,-6];[6,6,4]
[43,44,6];[83,81,82]
[-59,32,-6];[6,6,6]
[-63,30,-4];[52,52,52]
[-22,47,-14];[108,85,31]
[-58,51,8];[50,52,51]
[14,23,-11];[48,48,48]
[-56,32,-6];[4,4,2]
[-58,35,14];[57,57,57]
[-80,33,-6];[88,90,89]
[-20,49,-7];[12,12,12]
[-41,51,-4];[14,14,14]
[39,48,-9];[62,62,62]
[40,33,12];[45,45,45]
[-66,31,-6];[47,47,45]
[-67,31,-6];[36,38,37]
[74,23,-2];[73,66,56]
[18,60,-5];[76,77,79]
[5,52,-11];[53,55,54]
[77,41,-6];[137,136,116]
[4,25,-7];[2,2,4]
[37,6,-2];[23,23,25]
[-35,30,-6];[66,67,69]
[-45,30,-6];[199,168,51]
[-45,32,5];[65,69,70]
[-23,37,-14];[32,39,45]
[-43,54,3];[75,71,62]
[-58,22,4];[32,34,33]
[63,41,5];[62,62,62]
[-17,15,-4];[1,1,0]
[-56,30,-6];[32,34,33]
[-30,41,14];[245,207,18]
[23,45,-15];[49,50,54]
[-38,55,2];[46,46,46]
[-39,29,-10];[49,51,50]
[8,38,-12];[87,126,195]
[-22,51,-2];[99,101,100]
[39,49,-9];[60,60,60]
[-69,30,-6];[6,6,6]
[37,30,-6];[52,54,53]
[10,31,-15];[25,22,13]
[-21,41,-12];[36,53,99]
[-52,51,-2];[54,56,55]
[-50,32,9];[56,56,56]
[36,27,-6];[27,27,27]
[37,35,-16];[76,80,83]
[-27,51,3];[92,94,93]
[76,26,-7];[56,55,53]
[-59,42,13];[73,73,73]
[-55,24,-5];[35,37,36]
[79,25,-6];[68,56,42]
[-78,37,9];[66,67,69]
[-22,31,7];[88,90,89]
[-93,41,2];[112,114,113]
[-28,40,-15];[219,183,69]
[-56,42,-9];[4,4,4]
[18,11,0];[29,27,28]
[-26,25,-6];[25,25,25]
[12,28,10];[48,50,49]
[-10,59,4];[86,86,86]
[-36,25,-6];[45,33,7]
[-78,31,-5];[79,80,82]
[53,14,-6];[63,65,64]
[-38,25,-6];[19,19,17]
[-79,31,5];[76,76,76]
[-21,38,11];[62,64,61]
[-23,25,-10];[17,19,18]
[-41,25,-6];[107,104,95]
[-42,25,-6];[88,73,16]
[25,40,-16];[11,11,13]
[-37,37,-10];[19,19,17]
[-72,45,-10];[24,24,24]
[-81,34,1];[2,2,2]
[-23,37,-10];[64,64,64]
[-44,25,-6];[52,36,0]
[-47,25,-6];[20,13,0]
[83,39,-5];[37,38,40]
[-49,25,-6];[21,21,19]
[-50,25,-6];[16,16,14]
[38,28,2];[25,26,21]
[-45,34,10];[54,54,52]
[-61,21,-1];[111,111,113]
[69,41,-6];[52,52,52]
[-36,31,2];[44,44,42]
[37,50,4];[57,57,57]
[-19,51,0];[118,120,117]
[75,24,-6];[116,92,66]
[48,15,-1];[30,30,28]
[-30,24,-6];[3,2,0]
[-12,56,7];[97,97,99]
[-36,53,3];[0,0,0]
[30,45,-16];[19,20,24]
[-42,19,-6];[241,200,58]
[-42,36,-12];[62,79,123]
[79,24,-7];[61,57,54]
[-23,33,-14];[58,58,56]
[-23,23,-6];[1,1,3]
[-20,22,-5];[7,7,7]
[-8,44,-11];[10,35,76]
[-79,36,-5];[33,33,31]
[-80,31,2];[7,7,7]
[6,49,-9];[31,52,117]
[-2,59,-3];[200,174,77]
[-20,23,-6];[9,9,11]
[-56,60,2];[64,64,64]
[42,9,-6];[69,70,72]
[-57,21,3];[0,0,0]
[-29,50,-10];[65,60,41]
[-5,0,5];[61,61,61]
[54,46,4];[55,57,56]
[42,37,-10];[52,52,52]
[28,22,-6];[47,46,44]
[-56,38,-15];[221,182,53]
[25,22,-6];[69,69,71]
[12,33,-17];[75,77,76]
[-17,23,-6];[15,15,13]
[-58,26,-8];[55,57,56]
[-53,50,-11];[67,63,51]
[-54,35,-9];[7,7,5]
[-17,22,-6];[21,21,19]
[-58,20,-6];[69,68,63]
[58,25,-2];[4,4,2]
[-28,52,-9];[72,60,34]
[62,26,-6];[66,67,69]
[21,55,-3];[30,31,35]
[13,53,-11];[91,93,92]
[10,27,9];[28,28,26]
[82,26,-1];[1,1,0]
[43,15,6];[64,66,65]
[49,43,3];[53,45,34]
[-25,51,-2];[15,15,13]
[-34,37,-15];[68,58,31]
[10,36,11];[11,55,154]
[-33,32,5];[197,164,35]
[-53,55,-3];[57,57,57]
[40,22,-6];[35,36,38]
[17,21,-6];[2,2,2]
[-68,40,-12];[51,51,53]
[-17,17,7];[87,90,95]
[-15,54,2];[37,37,37]
[-28,21,-6];[21,18,13]
[-60,22,4];[63,63,63]
[-16,8,-11];[46,46,46]
[-33,28,-1];[65,67,66]
[-83,39,-9];[60,61,65]
[-62,30,4];[16,16,16]
[32,21,-7];[61,56,53]
[24,39,-14];[56,88,139]
[16,14,-4];[1,1,1]
[-8,0,2];[237,198,79]
[-32,25,-8];[45,45,45]
[-27,21,-6];[17,17,15]
[-5,3,-10];[73,71,72]
[34,19,-7];[58,54,51]
[57,36,5];[67,64,57]
[-68,29,4];[57,57,57]
[-45,36,-12];[74,93,149]
[-44,24,-6];[27,27,25]
[5,56,8];[237,212,93]
[35,18,-6];[59,55,52]
[-85,38,-5];[8,8,8]
[39,17,-7];[58,55,50]
[40,16,-6];[56,55,50]
[-58,51,9];[49,49,47]
[24,43,-14];[81,133,219]
[39,17,-6];[58,54,51]
[32,23,-7];[58,55,50]
[-22,16,-7];[54,54,56]
[-27,21,5];[46,46,46]
[-16,5,0];[3,3,3]
[-26,16,-7];[117,118,113]
[-25,18,6];[74,75,79]
[59,45,-5];[51,51,51]
[82,13,0];[99,97,98]
[9,51,-12];[72,70,71]
[-48,47,-6];[43,43,41]
[55,32,4];[201,203,202]
[-51,44,8];[58,59,54]
[61,29,3];[5,5,3]
[13,60,-3];[184,154,64]
[-54,52,-8];[60,60,60]
[44,16,-6];[39,39,39]
[46,13,-6];[18,18,18]
[2,59,5];[121,103,53]
[43,13,-6];[9,9,9]
[44,11,-6];[12,14,13]
[48,11,-7];[112,116,119]
[-57,46,-11];[10,10,8]
[45,10,-6];[74,75,79]
[39,31,-4];[56,56,56]
[-7,57,-9];[130,130,128]
[17,7,-6];[2,2,2]
[-16,6,-7];[1,1,1]
[4,32,15];[30,26,25]
[-17,6,-6];[44,44,46]
[16,3,-6];[41,40,45]
[-44,45,7];[206,170,34]
[15,1,-6];[43,43,43]
[-39,30,10];[53,50,43]
[89,46,-2];[56,58,57]
[-92,42,-7];[62,62,62]
[-68,43,10];[48,48,48]
[17,29,-10];[11,12,14]
[-47,50,-6];[3,3,3]
[1,1,-6];[64,64,64]
[-51,34,7];[48,50,49]
[-37,36,14];[46,56,57]
[-1,1,-6];[64,66,65]
[54,14,-6];[59,59,61]
[-3,1,-6];[64,64,64]
[-9,1,-6];[239,202,70]
[-48,46,-7];[44,45,40]
[-8,38,-12];[53,104,193]
[17,6,-10];[35,37,36]
[-32,47,-9];[16,16,16]
[-17,22,-8];[1,1,1]
[-11,1,-6];[239,212,123]
[-43,49,-1];[85,89,98]
[-13,1,-6];[65,67,66]
[-15,1,-6];[47,47,47]
[19,59,-6];[65,65,67]
[44,5,-4];[72,72,70]
[18,59,-6];[73,74,76]
[16,22,3];[20,21,16]
[-55,44,10];[4,4,2]
[-44,49,10];[65,62,43]
[17,59,-6];[70,71,73]
[6,52,-11];[53,57,58]
[32,5,1];[35,35,33]
[51,35,2];[43,47,50]
[-16,17,-1];[20,20,20]
[45,46,2];[61,54,46]
[45,33,-2];[8,8,10]
[-5,59,-6];[90,85,81]
[-56,51,-3];[5,5,3]
[18,57,-8];[95,94,92]
[12,58,-4];[67,62,43]
[-11,58,-6];[137,137,139]
[-11,5,10];[72,71,66]
[-30,52,3];[1,1,0]
[55,45,-5];[49,49,49]
[-47,48,-5];[43,43,41]
[-9,58,-7];[55,57,56]
[-58,63,-3];[75,76,78]
[-77,29,-2];[83,81,82]
[-12,56,-6];[2,2,2]
[-55,41,-12];[3,3,3]
[35,54,-5];[57,57,57]
[-21,52,-7];[162,137,53]
[32,54,-6];[58,58,58]
[43,7,-4];[36,37,39]
[51,44,-6];[1,1,1]
[-48,47,13];[65,62,43]
[24,22,1];[39,36,29]
[17,45,-17];[33,35,34]
[-61,26,-4];[121,149,171]
[-88,39,-7];[110,112,111]
[-15,54,-5];[49,51,50]
[-16,7,-8];[1,1,1]
[-4,12,-14];[53,53,51]
[22,19,1];[21,21,21]
[-71,28,-3];[61,65,68]
[-44,31,-5];[49,50,45]
[-16,29,-12];[52,52,52]
[-3,49,7];[46,64,112]
[-62,49,3];[9,9,9]
[-37,32,12];[63,65,64]
[-52,32,-7];[18,17,15]
[-31,53,-5];[77,69,54]
[44,19,-4];[44,40,37]
[32,40,-16];[16,16,18]
[-54,37,14];[54,54,54]
[-26,20,4];[18,18,18]
[-22,51,3];[98,100,99]
[-22,53,-6];[55,52,45]
[27,39,-17];[43,45,44]
[-35,47,-6];[13,13,11]
[-23,53,-6];[60,59,54]
[-19,37,15];[23,22,27]
[-76,47,3];[17,19,16]
[-34,48,-9];[22,22,22]
[43,21,-2];[24,24,24]
[-53,21,-4];[50,49,45]
[-29,53,-6];[250,206,49]
[76,29,-1];[30,30,30]
[-26,25,-8];[9,9,11]
[-42,53,-6];[168,133,33]
[86,15,-5];[80,80,82]
[31,35,15];[68,68,70]
[-49,38,-10];[25,26,28]
[52,10,4];[83,81,82]
[-16,12,-5];[28,28,28]
[-37,25,8];[53,50,41]
[-25,48,6];[53,55,54]
[-45,53,-6];[213,170,57]
[21,24,-6];[7,7,7]
[-68,44,-11];[55,50,54]
[-16,9,-11];[30,30,30]
[-46,53,-6];[179,142,54]
[-22,50,-6];[57,59,58]
[-54,33,-8];[19,19,17]
[-48,35,-14];[35,49,62]
[-58,49,-6];[4,4,6]
[-42,16,0];[243,208,88]
[-23,49,-6];[58,60,59]
[82,25,-4];[0,0,0]
[39,48,0];[56,56,56]
[-3,25,-8];[2,2,0]
[-19,45,-15];[14,14,14]
[-38,50,-6];[12,12,12]
[-77,42,9];[67,69,68]
[14,7,-13];[54,58,61]
[34,34,-14];[62,62,62]
[47,16,-1];[34,34,32]
[-52,51,9];[231,192,13]
[-60,52,4];[57,57,57]
[-25,54,-3];[23,23,23]
[18,26,-9];[68,68,68]
[-45,50,-6];[0,4,23]
[-6,33,-13];[39,55,91]
[-87,42,-5];[77,79,78]
[-46,50,-6];[5,5,5]
[-19,49,-6];[48,50,49]
[61,33,4];[42,42,42]
[-59,30,-2];[12,14,13]
[-20,48,-6];[141,134,92]
[-19,46,8];[69,71,70]
[26,33,-12];[53,53,53]
[-1,35,-11];[85,122,192]
[-22,48,-6];[3,3,1]
[-33,55,1];[49,49,49]
[19,43,12];[56,115,243]
[-16,11,-5];[39,41,40]
[79,24,-6];[58,57,53]
[-75,48,-6];[48,48,50]
[-69,41,10];[51,52,54]
[41,47,-8];[59,59,59]
[32,24,-7];[54,51,46]
[17,8,-5];[91,87,88]
[-24,48,-7];[127,126,108]
[-5,4,10];[227,202,84]
[-57,24,5];[56,56,56]
[-29,48,-6];[60,62,61]
[-64,48,-7];[42,42,42]
[-23,52,6];[69,68,64]
[-44,50,-4];[9,13,24]
[24,22,-7];[55,56,58]
[-25,51,-1];[26,28,27]
[-44,33,-7];[197,166,49]
[70,33,-6];[44,44,42]
[-54,29,9];[46,45,51]
[-37,44,8];[200,169,52]
[18,45,-15];[42,42,44]
[31,9,-2];[10,10,10]
[-47,24,-6];[61,61,59]
[-62,47,-6];[20,20,20]
[-30,34,-8];[70,73,80]
[-2,2,-8];[60,60,60]
[-88,36,-6];[1,1,0]
[-41,47,9];[54,56,53]
[23,43,-13];[79,136,226]
[-35,47,-7];[18,18,16]
[-21,33,-14];[53,53,51]
[23,25,9];[2,0,1]
[16,9,-12];[38,38,38]
[82,20,5];[85,86,90]
[-52,44,-8];[93,85,48]
[-41,47,-6];[45,47,46]
[-58,46,-6];[6,6,6]
[-40,29,-1];[2,2,2]
[-74,49,5];[5,5,5]
[-21,56,0];[45,45,45]
[-44,16,-4];[239,199,67]
[10,54,9];[59,57,60]
[-16,13,-9];[9,9,9]
[-82,46,-7];[101,99,100]
[2,36,-11];[87,124,194]
[-6,47,-13];[0,26,91]
[-42,54,3];[98,89,74]
[-64,37,-11];[43,44,46]
[-80,45,-7];[29,27,28]
[-79,44,-6];[16,16,16]
[-46,53,3];[58,54,45]
[-89,38,-7];[72,72,72]
[-81,33,-7];[98,99,101]
[-35,29,-10];[50,50,50]
[75,21,-2];[63,56,46]
[-58,32,-6];[8,8,8]
[26,22,-4];[66,66,66]
[-61,32,-6];[14,14,14]
[-80,36,-3];[40,40,38]
[-59,42,-15];[87,87,87]
[-34,39,11];[52,52,50]
[-41,32,-6];[205,169,33]
[-12,7,-13];[57,57,57]
[65,26,4];[18,18,18]
[56,47,-3];[58,58,58]
[-42,32,-6];[204,168,32]
[14,58,4];[181,160,81]
[-26,49,-7];[65,65,63]
[21,23,-4];[2,0,1]
[45,14,-7];[73,74,76]
[-48,32,-6];[100,102,101]
[-49,32,-7];[56,57,51]
[-53,32,-6];[18,18,16]
[-55,32,-7];[19,19,17]
[41,46,-6];[54,54,54]
[-31,32,-6];[60,62,61]
[-16,11,-3];[30,28,29]
[-89,43,4];[15,15,15]
[-38,48,12];[245,206,17]
[42,38,-14];[52,52,50]
[-13,32,15];[53,53,53]
[-63,31,-6];[16,16,16]
[-76,31,-6];[79,79,81]
[41,37,-10];[52,52,52]
[-56,47,-6];[5,5,5]
[-40,32,-10];[109,113,112]
[-49,18,5];[48,50,47]
[-5,30,-17];[102,106,105]
[69,31,-6];[64,64,66]
[-57,47,-9];[5,5,3]
[-10,0,4];[240,203,73]
[-31,36,-14];[121,186,208]
[-47,30,-6];[28,32,44]
[59,46,-5];[51,51,51]
[-49,51,-1];[50,52,49]
[-49,30,-6];[56,58,57]
[-84,31,-2];[77,79,78]
[-53,25,8];[95,76,36]
[88,28,-2];[65,67,66]
[87,22,-6];[67,69,68]
[-51,36,-15];[120,184,212]
[-59,27,-6];[12,12,12]
[17,26,-6];[24,25,20]
[-60,19,-1];[84,85,87]
[-28,33,12];[60,61,63]
[-16,1,-5];[58,59,63]
[78,26,-7];[87,68,38]
[-60,45,-7];[2,2,2]
[16,25,-6];[1,1,1]
[-58,24,-6];[2,2,0]
[68,33,-5];[46,46,44]
[-1,1,-7];[62,62,62]
[-30,53,-5];[77,71,59]
[16,24,-6];[1,1,1]
[-59,37,8];[1,1,1]
[25,48,-16];[72,74,73]
[38,24,-6];[45,45,45]
[-56,58,-3];[64,65,69]
[82,22,5];[86,84,85]
[91,43,3];[77,77,77]
[26,11,-1];[11,11,11]
[5,32,-16];[49,56,64]
[-48,20,-6];[39,38,36]
[3,27,-11];[33,32,30]
[-17,7,-7];[25,25,27]
[35,23,-7];[56,53,48]
[-5,28,-11];[60,56,44]
[-36,24,-6];[66,66,66]
[12,14,13];[54,56,55]
[-14,16,13];[59,59,59]
[18,60,1];[54,54,54]
[-69,29,-5];[7,7,9]
[-40,43,8];[44,45,40]
[43,43,-7];[5,5,5]
[35,22,-7];[57,54,49]
[-26,52,8];[64,64,54]
[-11,52,-12];[55,57,56]
[41,21,-7];[62,64,63]
[-45,23,-4];[5,4,2]
[33,22,-7];[62,57,53]
[-69,48,-7];[29,29,29]
[-27,55,-2];[46,48,47]
[34,21,-7];[63,55,52]
[66,35,5];[71,59,33]
[-33,53,-5];[69,65,56]
[12,57,-9];[177,172,142]
[-26,41,-11];[135,119,60]
[74,39,5];[229,200,98]
[17,4,5];[59,60,62]
[17,23,6];[2,1,0]
[-21,48,-8];[47,48,50]
[26,25,-9];[42,43,47]
[-22,19,-7];[73,72,68]
[-5,0,-5];[65,67,64]
[-22,20,-5];[43,43,41]
[-48,20,-5];[27,26,24]
[-71,46,8];[61,62,64]
[-35,29,1];[79,81,78]
[-55,41,-10];[3,3,3]
[-22,20,-6];[7,7,7]
[21,34,-15];[58,60,59]
[2,19,12];[55,55,55]
[81,26,0];[31,31,31]
[-33,31,6];[71,71,69]
[41,20,-6];[24,25,27]
[-61,26,-2];[150,199,231]
[35,21,-7];[59,55,52]
[-51,46,-11];[2,2,0]
[1,50,12];[63,73,98]
[-32,33,-10];[36,37,41]
[-10,54,-10];[58,60,59]
[-48,51,-10];[243,204,51]
[-32,20,-5];[34,28,14]
[-24,46,10];[59,59,59]
[19,50,-13];[55,55,53]
[-79,35,-8];[55,56,51]
[37,20,-7];[56,55,51]
[-90,42,-5];[9,9,7]
[-36,37,9];[12,12,12]
[37,19,-7];[54,53,51]
[82,22,4];[21,21,21]
[38,19,-7];[55,54,52]
[89,39,-2];[78,78,76]
[35,54,-8];[56,56,56]
[-38,33,6];[15,16,18]
[82,34,-4];[13,13,15]
[-27,17,-7];[159,160,155]
[-54,50,-4];[7,7,5]
[77,24,-7];[154,107,63]
[-57,53,-7];[59,59,59]
[-59,18,-6];[165,165,165]
[-33,53,-7];[170,144,69]
[22,15,2];[91,85,61]
[40,44,-16];[55,55,53]
[1,51,-15];[59,59,59]
[-81,38,-6];[15,17,16]
[41,15,-6];[57,53,50]
[-16,16,-6];[7,7,7]
[-76,38,8];[2,2,2]
[-32,46,-10];[46,48,47]
[-42,47,-6];[54,56,55]
[-51,40,-15];[64,57,38]
[42,14,-6];[27,27,27]
[-17,13,-6];[25,26,28]
[-17,11,7];[106,106,108]
[-38,47,-14];[238,196,48]
[-27,49,-12];[50,51,46]
[47,11,-6];[67,67,67]
[72,34,-6];[91,90,86]
[24,22,0];[39,40,34]
[39,48,-2];[54,54,54]
[-53,30,10];[36,35,33]
[-76,31,2];[26,26,26]
[12,1,-6];[64,66,65]
[-43,49,1];[22,24,23]
[11,1,-6];[67,60,50]
[-26,54,3];[91,83,72]
[6,0,4];[60,60,58]
[-50,30,-1];[45,45,45]
[-48,45,-11];[2,2,0]
[27,37,-16];[18,18,18]
[4,1,-6];[65,65,65]
[-49,28,0];[17,17,17]
[-32,32,5];[180,162,86]
[-5,1,-6];[64,64,64]
[61,30,-1];[10,11,15]
[-52,42,-9];[3,1,2]
[-42,52,-7];[236,201,47]
[-70,34,-11];[46,46,46]
[-6,1,-6];[63,63,61]
[-24,25,-9];[50,50,50]
[-45,31,-13];[60,60,58]
[15,59,-6];[80,68,44]
[40,20,-7];[66,68,67]
[-6,48,-10];[22,48,109]
[6,59,-6];[224,185,82]
[58,35,5];[237,204,73]
[-10,58,-7];[56,57,59]
[-82,41,1];[78,80,79]
[-15,52,-12];[58,58,58]
[-38,37,-10];[19,19,19]
[-29,17,-5];[102,82,31]
[35,54,-6];[57,57,55]
[-7,25,7];[130,101,9]
[80,18,3];[53,54,56]
[-37,53,-6];[88,82,58]
[38,34,13];[67,68,70]
[3,30,12];[48,49,44]
[-6,60,-4];[68,68,68]
[-38,53,-6];[79,71,56]
[-81,46,-7];[109,109,109]
[-30,38,11];[202,165,33]
[-79,43,-7];[14,14,14]
[2,28,10];[34,34,32]
[2,21,-12];[51,51,51]
[-89,43,-7];[83,83,83]
[16,22,4];[42,42,40]
[31,44,-17];[65,65,65]
[79,19,3];[64,63,61]
[-84,41,-7];[18,18,18]
[-48,23,4];[15,14,10]
[-15,23,-10];[30,30,32]
[-93,38,-7];[131,132,134]
[19,13,-4];[67,71,72]
[5,26,-9];[31,30,28]
[-87,37,3];[31,33,32]
[-19,53,-8];[19,16,0]
[-37,32,-7];[202,175,68]
[-42,32,-7];[204,168,32]
[74,24,-3];[61,61,59]
[-53,16,-3];[240,200,78]
[-27,17,-6];[98,103,99]
[-47,32,-7];[49,49,47]
[-47,54,-4];[47,47,47]
[-50,32,-7];[23,24,19]
[-53,32,-7];[35,36,30]
[-54,32,-7];[35,36,30]
[-46,35,10];[57,59,58]
[34,49,-14];[55,55,57]
[-89,33,2];[67,67,67]
[-34,43,-12];[46,48,47]
[-79,32,-7];[85,86,88]
[-17,3,0];[49,50,52]
[-1,43,11];[89,117,164]
[-57,30,-1];[6,6,6]
[-21,20,4];[0,2,1]
[19,45,-15];[43,47,50]
[16,26,-6];[22,23,18]
[0,33,-11];[3,42,135]
[-58,56,-2];[1,1,1]
[-13,34,-15];[2,2,2]
[-16,26,-6];[24,24,22]
[2,58,5];[66,61,41]
[33,25,-7];[37,36,34]
[34,24,-7];[55,51,48]
[-41,50,-10];[64,61,46]
[9,31,16];[87,88,90]
[-74,30,-6];[22,20,21]
[0,60,-3];[120,109,64]
[33,23,-7];[60,57,52]
[-29,23,-7];[57,57,59]
[-26,22,-7];[52,52,52]
[-27,22,-7];[18,18,16]
[-42,54,-4];[63,51,29]
[12,58,-8];[137,141,126]
[-80,42,-6];[44,44,44]
[-26,21,-7];[125,106,66]
[21,48,-16];[94,94,94]
[74,42,5];[162,150,98]
[-25,20,-7];[96,93,86]
[-92,39,-7];[2,2,2]
[17,20,-6];[1,1,1]
[52,17,-1];[35,35,37]
[-40,48,4];[63,70,78]
[3,8,-13];[57,57,57]
[-79,45,-5];[27,27,27]
[-30,46,9];[65,67,66]
[-17,19,-6];[32,32,32]
[17,14,-6];[0,0,0]
[1,24,-9];[13,13,13]
[2,58,-5];[101,96,67]
[-42,48,-12];[65,62,47]
[45,15,-7];[62,64,63]
[-16,12,-6];[34,34,34]
[-41,28,10];[51,53,52]
[76,35,-2];[20,20,20]
[30,54,-6];[58,58,58]
[-50,48,-13];[237,194,53]
[-23,27,-10];[37,29,26]
[4,51,-16];[76,79,84]
[16,11,-6];[33,33,33]
[-30,22,-7];[50,45,39]
[-36,38,-10];[184,160,62]
[-31,32,-7];[60,67,75]
[16,10,-7];[27,27,27]
[-61,26,3];[137,171,198]
[-30,48,7];[48,48,46]
[31,24,-8];[113,113,115]
[36,53,-5];[60,60,60]
[17,5,-6];[14,14,14]
[-14,1,-6];[63,63,63]
[30,32,-11];[51,51,51]
[-47,25,-9];[67,67,67]
[-60,53,-4];[74,74,76]
[-38,16,-4];[58,58,58]
[-56,61,2];[65,65,65]
[-58,16,1];[71,71,71]
[16,59,-7];[92,93,87]
[7,32,-16];[36,42,42]
[3,16,-14];[54,54,54]
[6,59,-7];[45,38,12]
[74,33,-4];[1,1,0]
[20,31,10];[53,53,51]
[3,59,-7];[72,70,57]
[2,59,-7];[74,72,49]
[-3,59,-7];[172,147,55]
[-4,59,-7];[202,170,71]
[-80,49,-2];[100,101,103]
[66,39,-6];[23,22,20]
[-6,59,-7];[74,74,74]
[-1,0,0];[69,69,69]
[60,26,-5];[61,62,64]
[43,44,-13];[70,69,67]
[19,59,-7];[73,72,77]
[7,59,-7];[82,79,62]
[21,57,-6];[40,40,38]
[-17,54,4];[54,56,55]
[-48,40,-15];[62,59,50]
[9,58,-6];[85,80,51]
[17,13,11];[47,47,49]
[87,18,-5];[62,60,63]
[39,48,-5];[49,49,49]
[4,27,-10];[28,28,26]
[-38,53,-7];[66,64,52]
[-58,53,-7];[59,59,59]
[-67,39,10];[3,3,3]
[-51,50,-4];[3,3,3]
[4,60,0];[251,214,71]
[-28,49,-7];[73,73,65]
[-66,48,-7];[50,50,52]
[74,42,-5];[32,28,16]
[77,28,-6];[49,49,49]
[-58,27,11];[68,69,71]
[-55,54,-4];[37,37,37]
[-80,47,-6];[64,64,64]
[-49,51,1];[60,60,60]
[-60,53,-1];[115,117,116]
[-80,46,-7];[66,66,66]
[-83,37,-7];[72,73,67]
[-46,25,5];[196,179,107]
[48,6,-1];[75,75,75]
[-34,32,-7];[4,4,4]
[58,18,-1];[62,64,63]
[43,42,10];[19,17,18]
[37,30,2];[44,44,44]
[-9,40,-15];[30,42,66]
[-47,30,-7];[64,68,71]
[-82,42,-6];[17,17,17]
[-54,30,-7];[4,4,4]
[-68,30,-7];[57,57,55]
[-28,55,2];[46,46,46]
[52,31,-5];[77,79,76]
[-72,30,-7];[57,57,59]
[-59,51,-3];[3,3,3]
[-30,42,-15];[252,209,45]
[-26,16,-1];[57,56,54]
[-6,1,7];[55,55,53]
[3,10,-14];[55,55,55]
[52,31,-4];[59,59,57]
[4,43,-12];[74,105,160]
[-18,26,-6];[79,81,78]
[63,25,1];[46,46,46]
[58,17,-1];[64,64,64]
[-42,53,-4];[77,67,42]
[19,27,-9];[32,32,34]
[-45,25,-7];[11,10,5]
[41,46,-9];[60,60,60]
[19,25,-6];[72,67,61]
[-26,29,9];[41,39,42]
[-41,22,-4];[89,72,3]
[-18,24,-7];[12,12,12]
[38,24,-7];[71,71,73]
[-11,30,12];[45,45,43]
[76,45,2];[246,209,30]
[-77,31,-5];[4,4,2]
[-33,38,-12];[68,68,66]
[14,38,-16];[26,28,27]
[73,47,1];[64,63,68]
[-33,16,-4];[241,200,74]
[39,23,-7];[65,66,68]
[76,28,5];[37,37,37]
[-17,23,-7];[18,18,18]
[48,6,-2];[73,73,73]
[-39,38,14];[55,55,47]
[70,39,-6];[29,25,22]
[43,40,-9];[6,6,6]
[-48,30,-7];[45,47,46]
[-48,22,-4];[13,9,0]
[38,16,-6];[61,56,52]
[0,8,13];[57,57,57]
[-6,60,-1];[53,55,54]
[49,42,4];[50,43,33]
[-24,20,-7];[73,75,74]
[27,45,16];[31,31,31]
[-79,43,-4];[1,1,1]
[-21,20,-7];[11,11,11]
[-36,36,14];[83,186,203]
[-33,24,5];[29,29,21]
[-36,43,-15];[64,61,44]
[-71,32,-9];[51,52,54]
[-7,21,-12];[224,184,53]
[-52,16,-1];[243,209,86]
[-20,41,-12];[36,53,99]
[26,36,-16];[24,25,27]
[-27,18,-7];[144,145,147]
[42,19,-7];[66,68,67]
[12,55,8];[180,149,32]
[-4,7,-13];[57,57,55]
[-21,20,0];[72,72,70]
[-31,31,-4];[61,63,62]
[-44,44,-9];[55,55,55]
[61,22,5];[108,106,109]
[-16,1,4];[53,54,56]
[-87,42,7];[63,65,62]
[35,36,-16];[51,51,53]
[-56,29,-5];[5,5,3]
[16,17,-7];[22,23,25]
[3,50,14];[29,30,34]
[-29,23,-5];[20,20,20]
[-66,49,4];[50,50,50]
[43,17,-7];[70,70,70]
[-73,32,-9];[53,54,56]
[-43,47,-6];[54,56,55]
[-21,21,-8];[3,3,3]
[-4,49,8];[40,57,103]
[-78,32,-6];[77,77,77]
[41,15,-7];[51,51,49]
[22,52,10];[58,58,58]
[-90,37,-5];[27,28,30]
[70,29,-1];[67,68,70]
[42,5,0];[76,78,77]
[16,13,-6];[18,18,18]
[-93,37,5];[92,91,96]
[10,35,-11];[24,66,178]
[-34,40,-12];[54,56,55]
[-33,29,-3];[76,78,75]
[-10,26,-10];[32,23,6]
[44,11,-7];[65,65,63]
[-80,34,5];[2,0,1]
[23,18,-1];[23,24,28]
[4,32,-13];[35,36,38]
[45,10,-7];[24,24,22]
[-39,46,-11];[107,102,72]
[-26,19,-6];[15,14,12]
[-28,37,10];[53,53,51]
[-28,50,-1];[36,46,73]
[-80,39,-8];[1,1,1]
[7,50,-16];[59,62,67]
[-93,37,-5];[169,170,172]
[33,54,-6];[57,57,55]
[20,38,14];[129,129,129]
[32,54,-7];[57,57,55]
[26,54,-7];[56,56,56]
[82,28,1];[123,108,51]
[52,32,-3];[40,40,38]
[25,54,-7];[57,57,55]
[29,54,-6];[58,58,58]
[23,54,-6];[52,52,50]
[-52,33,6];[64,71,87]
[33,29,-8];[50,50,48]
[1,1,7];[59,59,59]
[36,54,-7];[93,93,93]
[36,53,-7];[61,61,61]
[85,32,5];[75,75,75]
[-54,16,-1];[241,201,79]
[17,14,12];[96,97,101]
[-20,53,-7];[149,127,44]
[-22,53,-7];[54,51,46]
[-83,38,7];[14,13,11]
[-60,41,-9];[3,3,1]
[-4,35,-11];[77,115,190]
[6,55,8];[149,123,28]
[-75,46,7];[53,53,53]
[-79,46,0];[207,177,63]
[-22,41,-12];[1,5,16]
[12,24,-10];[25,25,25]
[-50,37,-9];[67,82,115]
[-23,53,-7];[58,57,52]
[24,27,-11];[20,20,22]
[-60,52,-6];[50,50,52]
[-28,53,-7];[236,196,49]
[-6,0,-1];[67,67,67]
[-25,36,-12];[60,62,61]
[-30,53,-7];[246,209,40]
[-92,36,2];[97,101,100]
[57,24,-3];[23,23,23]
[-41,16,-4];[106,85,32]
[29,33,-13];[62,62,62]
[84,46,-2];[59,59,59]
[84,46,1];[60,60,60]
[14,36,16];[66,67,69]
[-71,42,-12];[26,26,26]
[-12,40,-17];[21,21,21]
[25,41,-14];[5,12,22]
[3,59,4];[201,177,69]
[-29,47,-8];[198,165,36]
[-44,53,-7];[245,203,31]
[-48,48,-2];[51,52,54]
[-12,19,12];[56,56,56]
[23,38,-14];[22,30,43]
[-47,53,-7];[147,122,21]
[-38,47,9];[36,36,36]
[-78,41,-3];[30,30,30]
[-52,30,5];[49,49,47]
[-50,53,-7];[54,54,52]
[-34,55,2];[45,45,45]
[-16,54,1];[6,6,6]
[17,15,-10];[10,10,10]
[24,34,13];[67,68,70]
[-54,52,-7];[58,60,59]
[-59,48,2];[2,2,2]
[-52,51,-3];[54,56,55]
[38,50,-6];[58,58,56]
[3,31,-17];[39,36,31]
[38,50,-7];[59,59,59]
[-53,33,-8];[32,31,27]
[8,4,-10];[244,201,62]
[-55,29,5];[6,6,6]
[60,39,-6];[55,50,44]
[-24,49,-7];[57,59,58]
[-33,49,-7];[10,12,11]
[-54,27,-10];[51,51,51]
[-57,49,-7];[1,1,1]
[51,15,-4];[11,11,11]
[6,10,-14];[74,68,46]
[-74,48,-7];[21,21,21]
[-25,33,9];[62,64,61]
[69,30,-6];[62,62,62]
[-11,25,-9];[8,8,6]
[-19,51,10];[26,20,8]
[-59,55,-2];[117,117,117]
[-78,44,-9];[89,89,89]
[-55,40,-15];[222,180,44]
[-78,47,-6];[66,68,67]
[-58,46,-7];[1,1,1]
[41,7,-5];[80,81,83]
[5,57,-8];[230,195,67]
[43,44,-6];[59,57,60]
[-17,26,2];[30,30,28]
[80,23,-6];[56,54,55]
[-22,37,-12];[44,45,40]
[-37,37,-12];[82,104,162]
[-6,9,-14];[61,58,53]
[-82,41,-7];[16,16,16]
[13,33,13];[29,28,24]
[-54,56,-3];[66,67,71]
[-92,38,-7];[62,67,70]
[-80,38,-7];[2,2,2]
[-13,4,-11];[66,66,66]
[-10,55,-8];[55,53,54]
[-83,38,-7];[15,15,15]
[-83,38,-8];[129,131,130]
[-7,53,-10];[53,53,53]
[-23,34,-9];[55,57,56]
[-26,42,-11];[134,119,60]
[42,37,-6];[8,8,8]
[11,49,-14];[36,36,36]
[-87,36,-7];[104,106,105]
[26,38,-16];[16,16,16]
[-85,35,-7];[80,84,87]
[-81,36,-7];[31,31,31]
[-24,37,-15];[54,71,81]
[34,43,-17];[34,34,36]
[47,12,-6];[57,56,54]
[41,35,-6];[14,14,14]
[85,23,-6];[66,67,69]
[2,49,-10];[46,69,136]
[-30,32,-7];[61,63,62]
[47,9,-5];[104,104,102]
[-5,18,13];[181,160,77]
[-5,5,10];[208,187,106]
[-30,30,-4];[172,144,44]
[-81,33,-1];[38,38,38]
[-36,32,-7];[199,166,37]
[38,39,15];[64,65,67]
[39,32,-6];[77,81,82]
[26,33,-13];[65,63,66]
[-64,31,-7];[57,59,58]
[19,24,-3];[18,19,14]
[39,7,0];[14,14,14]
[-51,39,-15];[64,61,46]
[-58,39,-9];[7,7,5]
[-16,4,-3];[1,1,1]
[-67,31,-7];[10,12,11]
[-54,31,-5];[2,2,2]
[-42,32,6];[26,27,29]
[-30,31,-7];[61,63,62]
[-33,30,-7];[29,35,49]
[-34,30,-7];[52,52,52]
[-4,48,-8];[60,78,128]
[-37,30,-7];[66,68,67]
[-31,30,2];[79,81,78]
[-25,34,9];[62,64,61]
[82,29,-3];[14,14,14]
[16,27,-10];[39,38,36]
[-4,33,-9];[2,37,139]
[35,31,-10];[31,31,33]
[21,50,-13];[54,54,54]
[-43,30,-7];[193,163,43]
[71,28,-2];[33,33,33]
[19,42,-13];[72,132,220]
[-56,42,11];[5,5,3]
[41,20,6];[116,116,118]
[-43,55,2];[41,41,41]
[-81,32,-5];[75,77,76]
[-46,30,-7];[64,68,69]
[-49,30,-7];[56,58,57]
[-59,46,-11];[11,11,11]
[-51,30,-7];[43,45,44]
[-55,30,-7];[3,4,8]
[86,24,5];[75,75,75]
[35,26,-7];[68,70,69]
[-46,46,-10];[5,5,5]
[-17,23,3];[16,16,16]
[-35,35,-9];[37,37,37]
[35,25,-7];[39,39,39]
[-5,58,-7];[103,96,88]
[38,49,5];[57,57,57]
[-7,54,-9];[31,30,28]
[37,25,-7];[67,69,68]
[3,60,1];[239,210,84]
[-30,29,-4];[21,21,21]
[-20,51,2];[18,18,18]
[42,36,4];[16,16,16]
[-87,45,-2];[14,14,12]
[-58,35,-8];[2,2,2]
[36,26,-7];[65,66,68]
[-92,45,-3];[80,80,80]
[-50,56,1];[52,52,52]
[-23,26,9];[45,47,46]
[-51,40,-12];[65,67,66]
[90,39,-1];[77,77,77]
[16,25,-7];[2,2,2]
[16,17,-2];[1,1,1]
[54,14,5];[68,69,73]
[-83,33,0];[82,84,81]
[7,52,10];[57,57,57]
[-24,24,-7];[3,3,1]
[-55,54,1];[31,31,31]
[-46,25,-7];[12,11,6]
[-16,25,-7];[1,1,1]
[-93,41,0];[37,37,35]
[-40,36,13];[137,223,238]
[-87,39,-6];[9,9,9]
[22,25,-9];[53,53,53]
[-33,24,-7];[8,7,5]
[82,33,-6];[78,79,81]
[-18,24,-8];[10,10,10]
[-57,24,-7];[26,28,27]
[27,24,-7];[40,40,40]
[25,24,-7];[11,9,12]
[28,24,-7];[36,36,34]
[-35,30,10];[47,44,35]
[-4,60,-6];[228,192,46]
[11,36,-15];[63,70,78]
[-16,23,-7];[18,18,18]
[37,23,-7];[74,74,76]
[61,43,-6];[53,53,51]
[4,50,15];[33,38,44]
[45,19,-2];[27,27,27]
[39,22,-7];[78,79,83]
[7,41,-12];[81,116,184]
[60,35,5];[189,165,65]
[49,33,-1];[56,56,46]
[38,22,-7];[64,64,64]
[38,21,-7];[56,56,58]
[-79,38,-4];[20,20,18]
[-23,18,-7];[26,26,26]
[-67,34,-10];[4,4,4]
[-56,44,-8];[5,5,5]
[79,42,-5];[177,159,77]
[-38,38,14];[58,57,52]
[-59,42,11];[9,9,7]
[-1,38,11];[86,117,163]
[-39,29,10];[38,37,35]
[-25,18,-7];[124,128,129]
[42,18,-7];[66,70,69]
[-56,59,-2];[60,62,61]
[32,44,-17];[32,32,34]
[-64,47,7];[19,21,20]
[-22,18,-7];[8,8,8]
[-26,18,-7];[25,21,18]
[-25,17,-7];[101,100,98]
[-22,17,-7];[14,14,16]
[36,53,-10];[105,103,106]
[-23,17,-7];[48,48,50]
[-31,40,-15];[253,205,45]
[-27,37,-11];[56,58,57]
[-2,19,-13];[54,54,54]
[36,54,-6];[92,92,92]
[-17,17,-7];[8,8,10]
[-75,48,-5];[56,58,57]
[-16,17,-7];[42,42,42]
[-34,31,11];[63,63,65]
[71,47,-2];[55,57,56]
[11,45,13];[37,77,164]
[17,22,-5];[14,14,14]
[41,17,-7];[91,91,91]
[-7,49,-14];[63,65,64]
[16,16,-8];[24,26,25]
[42,16,-7];[76,76,78]
[-29,31,5];[51,52,56]
[-51,34,-14];[68,68,68]
[69,31,-5];[36,38,37]
[43,14,-7];[74,75,79]
[-42,49,6];[35,35,35]
[27,40,-16];[40,42,41]
[-47,43,-15];[65,61,49]
[-50,55,-2];[1,1,0]
[-74,50,-3];[29,29,29]
[-6,60,3];[90,92,91]
[44,13,-7];[72,73,77]
[-4,20,-13];[51,53,52]
[35,31,-9];[41,41,41]
[15,7,-12];[34,34,34]
[-60,44,-11];[32,34,33]
[44,12,-7];[82,81,79]
[-58,53,3];[37,37,39]
[46,12,-7];[75,77,76]
[28,39,16];[51,51,49]
[47,11,-7];[99,100,104]
[-16,11,-7];[95,97,96]
[67,29,-4];[17,17,17]
[45,12,-7];[75,79,80]
[-28,38,-15];[52,49,42]
[-54,54,-3];[25,25,25]
[0,51,-16];[66,71,74]
[-26,36,-14];[32,63,83]
[-80,37,3];[16,16,14]
[3,25,-8];[2,2,0]
[-29,54,-4];[56,48,37]
[-51,49,-7];[3,3,3]
[17,11,-7];[14,14,14]
[-53,17,-5];[239,198,20]
[-86,42,2];[15,15,15]
[-56,30,-3];[5,5,3]
[13,44,15];[52,54,53]
[-16,7,-7];[25,25,25]
[-22,19,4];[8,8,8]
[-45,40,-12];[88,90,89]
[56,16,5];[82,84,83]
[-92,47,-2];[71,71,73]
[-93,39,0];[105,106,108]
[36,44,-16];[56,56,56]
[-38,34,-11];[86,110,172]
[6,58,-7];[111,96,37]
[-27,51,-4];[54,54,54]
[-87,41,7];[62,64,63]
[-11,53,-11];[56,58,57]
[-49,47,4];[53,55,54]
[17,58,-7];[68,68,68]
[-39,31,11];[64,64,64]
[-52,38,-12];[3,4,6]
[-58,54,2];[27,27,27]
[36,52,0];[58,58,58]
[-24,47,-7];[99,96,77]
[-41,44,-8];[38,40,39]
[5,58,-7];[233,197,77]
[-55,46,6];[6,6,6]
[-70,51,-2];[180,179,184]
[44,35,-2];[50,51,43]
[21,57,-7];[36,38,37]
[71,45,-5];[51,53,52]
[-57,42,11];[6,6,6]
[58,19,5];[74,73,78]
[-22,30,-11];[37,36,31]
[-15,54,-7];[51,52,54]
[3,30,-15];[48,49,53]
[-72,29,0];[18,20,19]
[18,14,-7];[8,8,8]
[-23,24,6];[2,2,2]
[-17,26,10];[0,0,0]
[-60,31,-10];[63,63,61]
[-20,52,-7];[159,134,44]
[-75,30,-6];[61,63,62]
[-33,20,4];[231,193,6]
[21,11,-2];[222,198,92]
[37,52,-10];[54,54,52]
[-40,53,-7];[111,96,57]
[27,54,-9];[81,81,81]
[-43,53,-7];[238,200,37]
[-21,45,-10];[3,5,4]
[88,19,-5];[105,106,108]
[-56,45,7];[5,5,5]
[3,0,-1];[69,71,70]
[-37,40,-12];[73,70,53]
[-14,52,11];[57,57,55]
[78,21,-6];[56,56,56]
[-54,28,10];[44,44,44]
[22,44,14];[106,101,98]
[-45,53,-7];[249,205,34]
[-55,32,-9];[3,3,3]
[82,41,5];[64,66,65]
[-41,49,-7];[16,16,16]
[-3,29,-13];[55,55,55]
[-32,45,10];[24,26,25]
[-40,49,-7];[16,16,16]
[41,7,-4];[74,75,77]
[15,53,-10];[55,55,53]
[-57,52,-8];[57,57,57]
[-7,46,-11];[16,38,79]
[-48,49,-7];[3,3,3]
[-21,16,3];[51,55,58]
[16,7,-7];[0,0,0]
[-14,51,-12];[53,53,53]
[-84,48,-4];[63,65,64]
[-23,24,-10];[17,17,17]
[80,33,3];[70,70,72]
[17,14,7];[5,3,4]
[-28,48,-7];[78,79,73]
[-42,32,-13];[66,66,66]
[-74,47,-7];[7,8,10]
[-43,40,-10];[23,23,23]
[78,15,1];[53,53,53]
[35,7,1];[8,8,8]
[-16,23,1];[30,30,30]
[3,15,-14];[53,53,53]
[41,47,-7];[57,57,57]
[-16,14,3];[2,1,0]
[-67,47,-7];[40,41,43]
[-87,41,1];[45,49,52]
[16,13,12];[74,75,77]
[-33,48,-12];[234,197,56]
[-20,47,-7];[6,6,4]
[-17,42,-17];[86,86,94]
[-36,49,-7];[54,56,55]
[-19,47,-7];[7,7,5]
[-64,34,8];[25,25,27]
[61,23,5];[72,71,76]
[-78,46,-7];[39,37,38]
[-78,39,-1];[30,30,30]
[-34,46,-7];[19,19,17]
[-20,12,-2];[175,161,100]
[2,1,-6];[64,64,64]
[13,44,-16];[92,100,103]
[-79,30,-1];[80,80,80]
[-52,49,6];[5,5,3]
[9,48,-14];[60,69,86]
[19,26,8];[61,59,64]
[11,40,-12];[28,55,146]
[-69,30,-7];[42,42,44]
[-62,45,-7];[38,39,41]
[5,19,-13];[54,54,52]
[-42,27,-11];[57,57,57]
[-37,45,-7];[55,55,55]
[-86,38,5];[30,30,30]
[30,36,-16];[23,23,25]
[51,41,-6];[3,3,5]
[-8,38,11];[46,77,134]
[-56,45,-7];[6,6,4]
[-79,43,-8];[26,24,25]
[-80,43,-7];[16,16,16]
[-60,29,-1];[27,29,26]
[1,33,9];[0,29,83]
[86,41,5];[67,68,70]
[-16,43,14];[52,54,53]
[-86,43,-7];[81,81,81]
[-22,40,-11];[203,168,38]
[39,31,-6];[46,46,46]
[7,30,-17];[112,114,113]
[63,25,-4];[54,54,54]
[66,45,5];[65,66,68]
[43,42,-7];[6,6,6]
[43,39,-7];[42,42,42]
[-33,44,14];[59,56,49]
[-30,37,9];[51,52,47]
[-27,29,-11];[28,28,28]
[-29,47,6];[110,112,109]
[-49,25,-8];[52,51,49]
[-90,39,-7];[21,21,21]
[-81,48,4];[82,71,65]
[-40,30,-11];[53,53,53]
[45,5,1];[74,76,75]
[-17,21,5];[3,3,3]
[59,26,3];[22,22,22]
[-88,37,-7];[69,69,69]
[-79,36,-7];[37,37,37]
[-86,33,-2];[104,106,103]
[-80,37,-7];[33,33,33]
[-30,22,-6];[14,14,12]
[-22,50,2];[48,48,46]
[-12,12,-14];[51,53,52]
[-88,43,1];[12,12,10]
[-42,29,4];[197,170,63]
[-83,37,-9];[70,70,72]
[-34,16,1];[242,202,78]
[25,18,-2];[0,0,0]
[21,12,-2];[201,175,65]
[60,43,-6];[53,53,51]
[13,46,16];[92,93,97]
[-18,31,-14];[71,69,70]
[41,37,-7];[14,14,14]
[34,5,-1];[75,75,75]
[-35,35,-14];[33,33,35]
[-6,5,10];[231,197,38]
[-84,35,-7];[47,48,52]
[16,13,3];[21,23,22]
[-79,35,-7];[44,44,44]
[83,29,-6];[66,67,71]
[-93,37,-6];[55,55,55]
[53,46,-4];[63,63,63]
[40,34,-7];[19,19,19]
[-67,41,-10];[37,37,37]
[-56,34,-7];[2,2,0]
[-54,25,-8];[46,46,46]
[-24,44,-10];[13,15,14]
[-59,33,-7];[3,3,3]
[-80,33,-1];[20,20,20]
[2,43,11];[88,117,161]
[-40,21,-4];[3,3,3]
[-42,33,-7];[205,169,33]
[-43,33,-7];[204,168,32]
[81,26,2];[4,4,4]
[-5,52,10];[55,57,56]
[-7,60,-3];[56,56,54]
[-53,29,-2];[5,5,5]
[-46,33,-7];[50,51,45]
[9,60,-5];[252,217,101]
[-56,33,-7];[4,4,2]
[41,47,-14];[60,58,59]
[65,47,-2];[57,57,57]
[28,23,-7];[9,9,9]
[63,46,-5];[51,51,51]
[15,5,-12];[66,67,69]
[-55,33,-7];[19,19,17]
[-61,32,-5];[14,14,14]
[-34,33,-7];[200,166,33]
[87,33,4];[73,69,66]
[33,45,-16];[28,28,28]
[-57,51,-2];[19,19,17]
[39,48,8];[63,63,63]
[-30,42,-12];[38,40,39]
[88,20,-5];[107,107,109]
[79,27,4];[1,1,1]
[8,48,-13];[34,58,190]
[-34,31,-7];[52,52,52]
[-35,31,-7];[67,67,67]
[31,18,-4];[32,31,29]
[-55,35,14];[60,60,60]
[-84,32,-4];[78,78,78]
[-20,16,-1];[6,6,6]
[-35,30,-7];[66,67,69]
[-7,45,9];[0,19,80]
[35,32,-12];[61,62,66]
[-26,31,7];[82,84,81]
[-13,53,-11];[57,58,60]
[-24,24,5];[1,1,1]
[16,2,-5];[42,42,42]
[-21,40,-11];[203,168,38]
[-25,33,-9];[30,30,30]
[11,37,-14];[65,95,193]
[-48,36,-12];[77,79,76]
[-73,49,-7];[52,52,52]
[-2,25,6];[15,15,15]
[-43,31,-7];[193,168,68]
[49,40,-5];[31,31,33]
[-50,31,-7];[3,3,3]
[-54,31,-7];[4,4,4]
[-51,44,11];[3,4,6]
[-57,31,-7];[4,4,4]
[-17,8,7];[54,55,57]
[55,31,-1];[51,51,49]
[-21,53,-7];[156,133,53]
[-38,50,-10];[49,50,45]
[16,20,4];[14,16,15]
[-58,31,-7];[7,7,7]
[-37,40,14];[61,61,51]
[-36,29,3];[16,16,16]
[-60,47,10];[25,25,25]
[-59,31,-7];[9,9,7]
[57,17,-1];[64,64,64]
[-11,53,-10];[57,58,60]
[-59,28,-7];[42,42,42]
[31,42,-17];[46,45,43]
[24,54,-4];[55,55,55]
[-36,52,-9];[55,54,49]
[15,26,-7];[63,63,63]
[59,40,-6];[53,53,53]
[-31,55,0];[26,26,26]
[-10,32,-16];[71,67,64]
[39,32,-4];[68,68,68]
[17,47,-17];[83,83,81]
[4,49,-9];[34,57,125]
[4,46,9];[77,108,162]
[0,28,-11];[48,48,48]
[-93,35,1];[129,133,134]
[13,26,-7];[20,20,18]
[-10,52,-11];[57,59,58]
[54,17,-6];[79,79,81]
[47,42,4];[91,70,39]
[-79,37,3];[44,44,44]
[42,45,7];[63,63,63]
[-22,37,-11];[19,20,15]
[15,14,-14];[48,48,48]
[-81,32,0];[45,45,43]
[-10,26,-7];[39,32,4]
[-74,29,-4];[14,14,16]
[0,0,-4];[68,68,68]
[8,26,-7];[46,23,0]
[27,54,-7];[57,57,55]
[-23,23,-10];[75,75,75]
[-12,26,-7];[8,7,5]
[70,29,1];[64,65,67]
[-17,15,-3];[24,22,25]
[-10,25,-7];[23,12,0]
[-68,37,-11];[11,11,13]
[-11,25,-7];[2,2,2]
[15,25,-7];[0,0,0]
[-16,12,12];[77,78,80]
[81,36,-6];[66,67,69]
[-82,43,1];[79,81,78]
[54,20,-4];[18,18,18]
[-51,32,-6];[18,17,15]
[-92,35,-3];[69,70,72]
[-22,33,-8];[59,60,55]
[16,8,7];[34,36,35]
[32,6,-1];[27,27,27]
[23,32,-10];[4,4,4]
[28,25,-7];[6,8,7]
[15,18,12];[58,60,59]
[-49,47,-6];[43,43,41]
[-43,28,-11];[53,53,53]
[-85,39,-2];[60,63,68]
[-15,25,-7];[8,8,8]
[-26,25,-7];[17,17,15]
[-43,33,6];[19,19,19]
[-13,0,-3];[70,70,72]
[41,16,-7];[72,72,72]
[-47,50,9];[69,64,44]
[14,0,-1];[70,70,70]
[-35,25,-7];[12,11,6]
[-11,26,7];[37,33,21]
[-36,25,-7];[11,10,6]
[-12,35,-16];[6,6,6]
[-23,44,-10];[3,3,3]
[-37,22,4];[14,16,13]
[55,40,-6];[31,31,29]
[-43,33,13];[62,63,65]
[-21,27,-11];[32,32,32]
[11,39,11];[23,58,126]
[-19,31,7];[82,77,47]
[-44,25,-7];[10,9,4]
[17,2,-1];[46,46,46]
[-63,48,-5];[46,46,46]
[-31,52,-7];[241,203,40]
[-87,38,-2];[16,16,16]
[-47,25,-7];[14,13,9]
[-48,25,-7];[11,10,8]
[-2,47,8];[0,33,120]
[-55,25,-7];[9,8,4]
[-41,48,2];[25,25,25]
[-63,43,-10];[10,10,12]
[-51,25,-7];[10,9,5]
[23,35,-16];[76,79,84]
[14,0,0];[69,71,70]
[-19,49,-7];[12,12,12]
[43,40,6];[6,6,6]
[-53,25,-7];[17,14,7]
[29,25,-7];[29,29,31]
[-39,20,5];[233,196,17]
[16,11,5];[39,39,39]
[-60,51,2];[10,10,10]
[-49,57,-1];[59,59,59]
[88,22,-5];[110,110,110]
[-73,30,-7];[67,68,70]
[32,29,-8];[50,50,50]
[27,23,-7];[3,3,3]
[54,31,2];[47,47,45]
[-83,43,-8];[68,69,73]
[14,48,-16];[51,51,51]
[24,23,-7];[11,10,8]
[29,23,-7];[26,26,26]
[-60,52,3];[55,55,55]
[-60,21,-3];[41,42,46]
[-67,42,-11];[2,2,2]
[22,23,-6];[8,8,8]
[-67,44,-9];[42,43,45]
[-4,39,-12];[83,121,186]
[-23,49,-12];[251,206,42]
[17,20,-7];[2,2,2]
[-79,43,5];[24,24,22]
[-85,48,1];[57,59,58]
[-57,39,-12];[9,11,10]
[-22,20,-7];[33,33,31]
[-16,19,-7];[2,2,0]
[-39,34,10];[53,53,53]
[75,28,5];[59,61,60]
[40,33,-12];[52,52,52]
[-8,5,10];[245,210,44]
[-20,45,10];[73,75,74]
[-12,1,-7];[61,61,59]
[-57,63,-2];[1,1,1]
[-16,16,-8];[65,67,66]
[43,44,8];[34,34,36]
[-36,49,1];[58,58,58]
[1,60,-6];[247,209,48]
[36,53,-1];[59,59,57]
[-16,14,-7];[3,3,3]
[-17,13,-7];[38,40,39]
[-16,14,-9];[9,11,10]
[17,10,-7];[31,31,31]
[-37,46,-11];[143,124,48]
[-30,43,-15];[241,199,55]
[0,10,-14];[54,54,54]
[-32,47,-14];[64,60,48]
[17,7,-7];[2,2,2]
[-25,36,-14];[122,188,214]
[16,2,-7];[55,55,55]
[-23,47,6];[199,164,34]
[29,54,2];[57,57,57]
[-9,43,-11];[7,32,88]
[7,1,-7];[186,156,66]
[-61,25,-1];[148,197,229]
[-20,22,7];[2,2,0]
[-36,29,-3];[52,53,55]
[5,1,-7];[63,63,61]
[-31,56,-1];[45,45,45]
[-19,35,16];[75,76,78]
[-46,32,-6];[47,47,47]
[-9,1,-7];[240,198,38]
[19,58,-7];[76,77,79]
[14,58,-7];[126,115,83]
[-29,53,-5];[32,30,31]
[0,58,-7];[49,46,41]
[64,30,-6];[66,66,66]
[15,3,9];[69,71,70]
[-17,3,4];[37,37,37]
[4,32,14];[76,75,80]
[39,26,1];[13,13,13]
[70,47,1];[59,59,59]
[-12,39,16];[58,59,63]
[-56,46,-14];[77,78,80]
[-36,19,-6];[247,202,47]
[-47,51,9];[71,67,42]
[32,17,-4];[36,35,33]
[10,58,-7];[49,46,41]
[32,34,13];[69,71,70]
[-32,50,5];[55,55,45]
[44,9,-5];[59,60,62]
[2,58,-7];[45,49,52]
[-15,51,-14];[150,152,151]
[-1,58,-7];[46,45,43]
[-4,58,-7];[48,41,35]
[-58,35,7];[6,6,6]
[-6,18,-13];[53,50,43]
[-16,26,-4];[18,18,16]
[-86,47,-4];[62,64,63]
[-20,38,-12];[13,13,11]
[16,9,-8];[0,2,1]
[-15,47,15];[86,96,98]
[17,30,-10];[65,66,70]
[-11,57,-7];[62,62,62]
[-65,29,-3];[70,72,71]
[-16,19,-4];[8,8,8]
[-23,32,8];[44,45,39]
[22,54,-7];[7,7,7]
[-26,17,-7];[144,136,123]
[-63,29,0];[41,39,40]
[-50,45,-11];[2,2,0]
[-57,45,-7];[5,5,5]
[-47,47,9];[87,114,191]
[29,54,-7];[57,57,57]
[-40,52,-7];[66,58,37]
[42,45,-6];[50,50,50]
[80,31,-1];[30,24,24]
[-53,52,-7];[58,58,58]
[-43,31,-3];[6,8,7]
[-44,48,11];[64,63,45]
[-85,43,2];[4,4,4]
[1,0,-3];[69,69,69]
[18,25,-4];[36,36,34]
[73,47,-2];[70,70,72]
[3,20,-12];[54,54,54]
[-55,52,-7];[59,59,59]
[-43,51,0];[54,56,55]
[6,49,-12];[48,67,146]
[-16,51,-12];[118,118,120]
[-39,52,-7];[64,61,52]
[-7,34,-14];[62,70,83]
[-46,52,-7];[250,206,37]
[-92,43,-2];[2,2,2]
[32,54,-3];[58,58,58]
[-20,47,-6];[6,6,4]
[4,22,-11];[48,50,49]
[88,16,-4];[63,63,63]
[34,54,-8];[60,62,61]
[1,23,-11];[42,42,42]
[-60,51,-7];[79,79,81]
[-92,41,-3];[18,18,20]
[-32,40,-12];[51,53,52]
[-40,48,-3];[81,85,94]
[28,37,-16];[32,32,32]
[-30,49,-7];[30,30,32]
[-56,36,11];[5,5,5]
[-31,16,2];[74,68,52]
[-38,49,-7];[11,11,11]
[-42,49,-7];[55,57,56]
[-25,25,-8];[5,5,5]
[16,8,-5];[43,43,43]
[-41,46,-7];[38,40,39]
[-66,43,-10];[54,54,54]
[-44,48,2];[17,17,17]
[-60,49,-7];[1,1,1]
[-42,48,-9];[55,57,54]
[23,54,-7];[51,51,51]
[-32,49,-7];[13,13,13]
[65,46,-5];[50,50,50]
[23,22,-3];[5,5,3]
[-14,35,-15];[27,29,28]
[26,15,1];[1,1,1]
[-75,48,-7];[61,62,64]
[61,21,-4];[60,60,58]
[-23,47,-7];[98,94,82]
[40,26,0];[29,29,29]
[-12,36,-16];[1,0,2]
[-20,48,-7];[6,6,4]
[-60,37,-12];[42,42,42]
[-34,46,-14];[67,57,30]
[-93,41,-7];[131,135,138]
[-51,52,-9];[64,61,52]
[-21,48,-7];[5,5,5]
[-66,47,-7];[50,50,50]
[-83,36,-7];[62,63,58]
[-22,47,-7];[2,2,2]
[42,45,-7];[58,60,59]
[-35,46,-10];[49,49,47]
[-31,46,-8];[198,164,38]
[-46,25,-6];[169,142,69]
[-58,23,-6];[3,3,5]
[-58,66,-1];[39,40,42]
[-20,34,-11];[13,13,11]
[-50,16,-3];[66,68,67]
[54,46,-4];[66,66,66]
[7,53,-11];[56,56,56]
[-28,50,2];[35,36,40]
[42,45,-15];[52,52,52]
[-75,49,-2];[1,1,1]
[5,22,-11];[46,48,47]
[-81,43,-7];[55,55,55]
[-33,16,-1];[240,202,79]
[14,32,-14];[61,61,59]
[4,58,2];[229,187,49]
[-86,43,-8];[61,62,64]
[-88,42,-8];[65,65,65]
[24,44,-14];[37,48,76]
[-7,60,2];[58,58,56]
[42,46,2];[42,42,42]
[-82,40,-8];[50,52,49]
[90,41,0];[76,76,76]
[-16,25,-5];[3,3,3]
[-9,55,-8];[52,52,52]
[21,44,-15];[19,22,27]
[60,36,-6];[104,86,40]
[-24,15,2];[76,78,77]
[-23,50,9];[240,202,15]
[-47,17,-6];[67,62,59]
[-79,37,-7];[30,30,30]
[-57,49,-11];[55,55,53]
[-8,2,7];[250,200,25]
[-84,33,4];[72,72,72]
[83,46,0];[58,58,58]
[11,42,-13];[4,16,124]
[-84,35,-8];[85,86,88]
[-20,49,-6];[55,60,56]
[-60,33,-7];[4,6,5]
[-31,20,5];[68,53,32]
[-53,49,-12];[79,74,44]
[42,38,7];[53,51,52]
[-57,16,-3];[73,69,66]
[-29,54,3];[92,82,70]
[68,45,5];[57,58,60]
[-61,33,-7];[11,11,11]
[-23,54,-3];[25,27,26]
[-37,33,-8];[200,175,75]
[-39,33,-7];[200,175,72]
[-12,12,13];[56,56,56]
[-27,49,-7];[57,59,56]
[22,27,-9];[7,7,7]
[72,45,-6];[49,51,50]
[-17,12,-12];[45,45,45]
[-47,31,7];[54,56,55]
[-17,30,-15];[135,139,138]
[-35,32,-7];[200,166,33]
[-41,33,-7];[203,169,43]
[-43,33,-8];[204,168,32]
[35,50,12];[57,57,57]
[-16,25,3];[20,22,19]
[-46,33,-8];[51,51,39]
[-89,47,0];[57,57,55]
[1,54,-10];[53,51,52]
[-27,39,-15];[54,51,46]
[78,35,-6];[13,9,8]
[-79,39,6];[22,22,22]
[-49,33,-8];[30,30,30]
[-44,24,-5];[41,41,39]
[40,8,4];[59,60,62]
[-76,41,-9];[6,6,6]
[-3,3,-9];[74,74,74]
[61,23,-6];[67,67,69]
[-13,25,8];[8,8,8]
[-16,48,-15];[58,58,58]
[-51,33,-8];[26,27,21]
[-54,33,-7];[19,19,17]
[-71,29,4];[35,35,35]
[17,49,13];[75,75,75]
[-31,33,-7];[112,121,136]
[-42,33,-10];[70,90,143]
[-33,33,-7];[30,30,28]
[-1,56,8];[54,54,52]
[37,28,3];[3,3,3]
[1,52,11];[56,58,57]
[41,35,4];[48,48,48]
[-35,33,-7];[200,166,33]
[-1,0,-4];[69,69,69]
[-67,32,-7];[40,41,43]
[-57,48,-3];[8,8,6]
[16,0,-3];[51,51,49]
[21,27,-10];[7,7,7]
[-75,32,-7];[55,55,55]
[-37,31,-7];[66,68,67]
[-3,32,14];[91,91,93]
[-33,33,-14];[56,56,54]
[-59,36,-15];[135,136,138]
[37,29,-7];[34,34,34]
[-60,28,-7];[73,72,68]
[-54,25,-7];[14,11,4]
[-45,29,9];[33,33,33]
[3,53,-10];[55,55,53]
[-23,40,11];[61,63,62]
[-88,41,-3];[91,93,92]
[10,30,14];[34,31,24]
[12,58,-7];[55,51,39]
[5,30,12];[49,50,45]
[-59,27,-7];[7,7,7]
[35,27,-7];[10,10,10]
[1,0,-5];[66,66,66]
[17,26,-7];[27,27,25]
[38,31,-4];[49,49,49]
[10,54,-9];[94,80,54]
[-37,45,6];[14,16,15]
[-24,31,12];[59,61,60]
[-20,28,10];[5,5,5]
[-18,26,-7];[32,32,30]
[32,16,-2];[22,22,22]
[-41,17,-5];[239,199,24]
[73,33,-6];[71,72,76]
[-89,43,-6];[1,1,1]
[67,27,2];[8,6,7]
[-47,34,-11];[97,101,102]
[-51,46,9];[5,5,5]
[-17,26,-7];[27,27,25]
[12,26,-7];[10,10,8]
[7,4,-11];[242,202,68]
[88,24,4];[71,71,71]
[5,44,-11];[47,62,81]
[24,29,-10];[47,49,48]
[-6,51,15];[56,60,59]
[-59,26,4];[17,17,17]
[-44,21,-4];[215,165,8]
[12,25,-7];[208,176,91]
[-6,47,-14];[28,68,155]
[-57,65,-3];[69,70,72]
[78,22,-6];[57,57,55]
[39,18,-7];[26,26,26]
[43,35,-4];[29,17,17]
[-10,20,-13];[235,196,59]
[-51,54,-4];[28,28,28]
[14,25,-7];[7,7,7]
[-50,34,9];[35,35,33]
[-92,43,1];[42,43,47]
[5,25,-7];[3,2,0]
[-16,3,-8];[45,46,48]
[-12,25,-7];[2,2,2]
[41,22,4];[35,35,37]
[-13,25,-7];[1,1,1]
[-24,25,-7];[19,19,19]
[-57,23,-7];[1,1,0]
[-78,38,-10];[107,107,107]
[30,23,-7];[17,17,17]
[-57,22,-7];[35,34,32]
[-16,4,0];[2,2,2]
[-54,34,9];[3,3,3]
[-72,31,-7];[49,51,50]
[-17,21,-7];[17,17,15]
[-34,49,-8];[52,52,50]
[69,38,-6];[75,60,27]
[-50,43,11];[3,4,6]
[-17,21,6];[0,0,0]
[-49,51,-2];[54,56,55]
[-17,19,-8];[112,110,115]
[-52,45,-14];[251,207,48]
[16,13,-8];[15,15,15]
[17,8,-7];[1,1,1]
[25,54,-1];[57,57,57]
[-28,36,14];[86,172,187]
[-41,30,5];[68,72,71]
[-92,42,-6];[64,62,63]
[-36,41,-15];[51,51,49]
[-16,8,-7];[3,3,3]
[81,14,-1];[73,74,76]
[87,24,-6];[112,112,112]
[38,5,-4];[46,46,46]
[80,41,5];[64,65,67]
[64,43,-6];[53,53,53]
[76,37,-6];[147,139,118]
[16,31,-13];[97,97,99]
[-36,41,-12];[73,70,53]
[-17,5,-7];[49,51,50]
[8,59,-3];[66,38,0]
[7,26,-9];[27,26,21]
[-32,51,-3];[40,40,40]
[-39,37,8];[11,11,11]
[79,32,-3];[42,42,44]
[17,4,-7];[40,40,40]
[14,1,-7];[63,63,63]
[9,58,-7];[49,49,25]
[-20,44,-10];[3,5,4]
[-91,41,-6];[23,23,23]
[-31,24,-7];[66,62,59]
[21,16,1];[16,16,16]
[38,31,-11];[63,63,63]
[21,30,-9];[23,23,23]
[3,58,-8];[76,71,42]
[-23,40,-15];[54,54,52]
[53,13,-6];[76,76,78]
[-48,32,-7];[48,48,46]
[-46,37,8];[29,29,27]
[-83,42,-2];[10,10,10]
[87,31,4];[52,48,47]
[68,31,-5];[31,31,33]
[1,58,-7];[46,47,49]
[-1,58,-8];[103,85,19]
[-70,41,-12];[52,54,53]
[-82,31,-2];[78,78,78]
[-3,58,-8];[242,212,78]
[-5,58,-8];[100,92,77]
[-16,9,2];[45,46,48]
[56,16,0];[66,66,66]
[33,34,-15];[47,47,47]
[43,5,-5];[94,98,101]
[-7,58,-8];[97,97,97]
[26,24,-7];[3,3,3]
[-20,51,-2];[87,89,88]
[-76,43,-10];[63,65,64]
[-37,47,-10];[64,55,26]
[-25,41,-15];[51,50,46]
[15,17,-14];[57,57,59]
[42,11,-6];[52,50,51]
[-22,51,0];[65,65,65]
[-14,1,-7];[62,64,63]
[22,56,-6];[52,54,66]
[-4,58,-6];[124,106,42]
[-93,34,-2];[80,78,81]
[6,9,13];[232,205,64]
[-18,54,2];[37,37,39]
[-37,46,-14];[252,207,46]
[-51,52,-7];[55,55,55]
[-78,45,-9];[73,74,76]
[-39,48,-3];[118,125,141]
[-81,48,-4];[69,69,69]
[-9,32,-17];[82,82,82]
[-37,43,-9];[53,55,54]
[-16,7,4];[2,2,0]
[-54,49,-8];[1,1,1]
[-16,54,4];[53,55,54]
[53,16,-5];[70,70,72]
[-19,43,14];[8,8,10]
[-43,44,-12];[55,56,51]
[-55,49,-8];[2,2,2]
[-19,49,5];[58,60,59]
[-20,23,3];[2,2,0]
[-16,9,12];[60,62,61]
[-7,1,-5];[142,122,63]
[-36,34,-10];[102,104,103]
[-26,49,-8];[75,77,74]
[6,13,13];[240,206,55]
[-33,50,-6];[36,40,39]
[-48,32,-9];[58,59,61]
[-44,50,3];[39,41,40]
[36,14,-6];[58,54,51]
[-79,41,3];[87,90,95]
[-2,51,12];[59,59,59]
[37,51,-10];[59,59,57]
[-64,42,-11];[45,46,48]
[-54,48,-8];[2,2,2]
[-43,17,-6];[250,207,69]
[-44,32,-6];[154,135,58]
[-30,45,-8];[31,31,29]
[7,30,-14];[45,45,45]
[-16,22,-10];[14,14,16]
[-61,46,-7];[8,8,10]
[-74,44,9];[3,3,5]
[21,13,-3];[75,75,73]
[71,38,-6];[232,201,93]
[-73,48,-7];[48,50,49]
[21,20,1];[51,53,52]
[-71,33,8];[34,34,34]
[9,53,-11];[54,54,54]
[-56,48,-1];[1,1,1]
[41,46,-4];[48,48,48]
[-65,29,-1];[68,70,69]
[-29,39,14];[254,215,34]
[-62,47,-7];[1,1,0]
[-33,53,4];[64,63,59]
[6,50,-14];[32,35,44]
[43,41,-12];[13,13,13]
[-79,42,-8];[100,105,101]
[-61,35,-9];[4,6,5]
[-43,30,1];[41,41,41]
[-52,50,-5];[3,3,3]
[-81,41,-8];[170,163,137]
[-36,46,-8];[55,55,55]
[-16,21,-7];[12,12,12]
[5,6,11];[61,61,61]
[-2,51,14];[64,64,64]
[-16,9,4];[63,56,37]
[42,46,-5];[48,48,48]
[-92,38,5];[36,37,39]
[-48,33,-7];[53,52,47]
[-80,41,-8];[109,99,61]
[-22,19,1];[34,35,30]
[-71,49,-7];[44,44,46]
[-23,52,-8];[57,54,47]
[-19,23,5];[1,1,1]
[87,40,-5];[67,68,70]
[-80,37,-8];[25,27,26]
[82,30,3];[11,11,11]
[39,5,4];[80,81,83]
[-57,34,-8];[6,6,6]
[16,26,1];[30,30,20]
[64,38,5];[61,60,58]
[66,47,-1];[58,58,58]
[13,54,-10];[91,92,94]
[-29,32,-7];[61,63,62]
[-44,50,-5];[20,22,21]
[-87,37,-8];[66,66,68]
[-60,30,-7];[9,9,9]
[5,60,1];[245,214,87]
[-6,38,-12];[80,123,191]
[-47,47,-6];[43,43,41]
[88,14,2];[70,70,68]
[59,47,-4];[69,69,69]
[-60,29,-6];[44,44,42]
[-86,36,-3];[77,77,75]
[-60,29,-7];[53,53,51]
[-59,29,-8];[25,25,23]
[-80,38,-3];[65,67,64]
[30,27,-8];[41,41,43]
[33,25,-8];[94,94,94]
[-35,46,-8];[19,19,17]
[82,29,-6];[73,74,78]
[-23,24,-7];[1,1,1]
[-4,47,-9];[3,53,184]
[-41,48,-9];[55,57,56]
[3,29,-13];[54,54,52]
[-47,53,-6];[53,50,35]
[9,47,-14];[29,53,123]
[-19,24,-7];[10,10,10]
[-52,30,1];[15,15,17]
[-19,23,-7];[9,9,9]
[-17,10,-7];[36,38,37]
[-35,47,-10];[22,22,22]
[-44,28,-1];[68,120,230]
[17,5,-7];[38,38,40]
[-13,28,-11];[45,45,43]
[58,34,-6];[82,75,67]
[74,35,-6];[12,12,12]
[-15,11,-14];[57,57,59]
[13,1,-8];[60,62,61]
[-4,49,-9];[59,79,130]
[3,1,-7];[63,63,63]
[72,29,-5];[55,56,58]
[-7,3,9];[220,183,42]
[82,18,4];[39,39,39]
[2,1,-8];[60,60,60]
[80,26,-2];[39,39,39]
[0,1,-8];[61,61,61]
[-46,47,4];[66,68,67]
[-9,33,-16];[36,38,37]
[-3,1,-8];[60,60,60]
[9,25,-7];[185,143,5]
[-6,1,-8];[59,59,57]
[-23,46,7];[198,174,76]
[-4,33,-13];[44,58,95]
[79,36,-6];[71,72,74]
[18,15,3];[13,13,13]
[-77,40,-9];[83,87,88]
[68,46,4];[57,57,57]
[17,26,-5];[29,29,27]
[-33,41,-15];[60,53,34]
[-16,9,-3];[68,68,68]
[8,59,6];[29,23,11]
[-32,41,14];[225,196,60]
[14,59,-2];[106,86,35]
[-8,1,-8];[240,193,19]
[15,58,-8];[228,192,78]
[20,16,-3];[23,22,27]
[11,58,-8];[105,112,105]
[15,44,-15];[17,21,32]
[-19,32,-9];[60,62,61]
[13,1,-6];[66,68,67]
[0,33,-13];[4,30,105]
[-58,31,-8];[10,10,8]
[-22,18,1];[17,18,20]
[37,28,-3];[25,25,23]
[-69,51,-2];[171,171,173]
[38,49,-13];[61,61,61]
[9,58,-8];[231,196,70]
[8,58,-8];[252,213,84]
[7,58,-8];[74,70,43]
[-57,44,-12];[3,3,3]
[-36,50,-11];[236,195,51]
[34,54,-9];[79,78,83]
[-4,58,-8];[230,195,67]
[-15,29,11];[127,127,125]
[2,20,-13];[54,54,54]
[-17,18,-8];[100,99,105]
[-12,56,-8];[106,109,114]
[-29,52,-7];[249,207,43]
[-53,41,-12];[2,2,2]
[16,15,-10];[10,10,10]
[28,34,-16];[78,79,83]
[-27,53,-4];[56,41,18]
[87,34,-5];[57,57,57]
[-38,32,12];[65,65,65]
[38,49,-7];[59,59,59]
[-26,38,-11];[59,54,34]
[-21,49,-8];[47,48,50]
[21,11,0];[200,171,67]
[-22,49,-8];[47,48,50]
[-25,25,-10];[46,46,46]
[-43,25,-7];[12,9,2]
[69,46,4];[57,57,57]
[-29,49,-8];[43,43,43]
[-30,49,-8];[33,33,25]
[21,28,7];[5,5,5]
[71,35,5];[88,82,60]
[-46,35,-14];[22,31,44]
[-32,49,-8];[33,33,25]
[-7,52,-11];[56,57,59]
[52,11,-5];[68,68,70]
[74,44,5];[84,83,79]
[-37,16,-1];[69,68,64]
[-37,49,-8];[54,55,50]
[-17,5,-2];[4,4,4]
[-17,10,-11];[44,44,44]
[-26,27,-11];[53,55,54]
[-48,49,-8];[3,3,3]
[40,33,4];[57,59,58]
[76,39,-5];[245,203,69]
[-34,55,-2];[55,55,55]
[-45,32,-6];[50,51,46]
[84,17,4];[68,69,71]
[16,45,-15];[49,50,52]
[-50,49,-8];[3,3,3]
[11,34,-15];[7,8,10]
[-28,41,-12];[33,33,33]
[-18,11,2];[23,23,21]
[-38,31,-9];[62,64,61]
[42,33,-3];[82,57,53]
[-51,49,-8];[3,3,3]
[22,33,11];[58,59,63]
[75,45,-4];[116,105,60]
[-50,51,3];[5,5,5]
[-8,1,-7];[245,202,45]
[-45,24,4];[4,4,4]
[-53,49,-8];[1,1,1]
[-77,31,-2];[20,20,18]
[-58,49,-8];[1,1,1]
[-15,9,-14];[60,60,60]
[-59,49,-8];[1,1,1]
[-59,46,-13];[54,54,56]
[61,21,4];[65,65,63]
[-57,49,-8];[1,1,1]
[27,9,-1];[14,14,14]
[70,45,-5];[50,52,51]
[-21,16,1];[2,2,0]
[-11,5,11];[65,66,61]
[-63,47,-8];[43,43,43]
[-66,42,-10];[52,52,52]
[-62,46,-7];[11,11,13]
[12,36,-15];[29,33,34]
[37,32,-12];[65,66,68]
[-42,55,2];[43,43,43]
[10,43,-12];[25,76,185]
[-59,45,-8];[2,2,0]
[-74,46,-8];[9,9,9]
[7,20,-13];[234,195,58]
[34,54,-6];[56,56,56]
[7,25,-8];[192,150,4]
[-46,30,-11];[48,48,46]
[-51,51,-9];[64,62,49]
[-16,30,-15];[85,87,86]
[-58,45,-8];[2,2,0]
[14,53,-11];[93,96,101]
[-34,32,-9];[79,81,80]
[-7,7,-13];[237,199,72]
[-79,40,-8];[4,4,4]
[-87,38,-8];[70,70,72]
[-35,34,10];[6,6,6]
[42,38,-8];[34,34,32]
[-25,38,9];[36,33,26]
[-22,43,-15];[52,52,50]
[-39,23,3];[25,24,22]
[4,29,-13];[55,55,53]
[-17,26,7];[26,26,24]
[-83,35,-8];[92,92,92]
[-77,32,-8];[88,90,89]
[-56,23,-5];[2,2,2]
[-10,11,-14];[72,59,27]
[-85,46,-6];[63,64,66]
[-50,32,-6];[31,32,27]
[-26,33,-14];[59,59,59]
[32,27,-8];[39,39,39]
[-16,22,4];[18,18,18]
[-79,49,1];[112,107,103]
[80,22,-6];[55,55,55]
[-67,47,-6];[38,40,39]
[34,34,14];[70,70,70]
[-59,26,-8];[43,45,44]
[22,22,-8];[18,18,20]
[-17,12,10];[42,42,42]
[-88,35,-3];[29,29,29]
[-22,20,-8];[80,84,87]
[-16,20,-8];[9,9,7]
[59,32,-5];[68,68,68]
[74,24,-2];[57,52,48]
[-60,35,13];[61,64,69]
[59,19,4];[66,66,66]
[-17,6,-7];[54,54,54]
[-85,34,1];[22,22,22]
[-18,27,-12];[77,77,77]
[-4,1,-8];[60,60,60]
[-4,45,-11];[78,124,199]
[59,24,-5];[57,59,58]
[-5,1,-8];[59,59,59]
[-42,49,1];[60,60,60]
[-29,29,-2];[11,11,11]
[-29,30,-5];[61,63,62]
[-49,36,-9];[20,26,48]
[-25,51,-10];[51,50,48]
[-9,1,-8];[242,200,28]
[-55,36,11];[5,5,5]
[16,9,5];[59,61,60]
[-23,53,-4];[23,22,18]
[18,14,-6];[3,3,3]
[-13,1,-7];[62,64,63]
[9,4,10];[241,202,37]
[-32,24,-6];[39,39,37]
[-31,23,6];[78,82,81]
[-11,11,-14];[60,59,55]
[-80,35,-7];[1,1,1]
[86,26,-6];[68,69,71]
[-23,52,-7];[58,58,50]
[-6,58,-8];[70,64,48]
[7,43,-12];[87,125,188]
[-78,41,2];[18,20,19]
[47,6,-1];[74,76,75]
[6,32,-13];[38,39,43]
[32,6,0];[32,32,32]
[7,56,8];[253,226,35]
[43,44,-8];[69,65,66]
[64,33,4];[59,59,59]
[-54,46,-11];[2,2,2]
[13,20,-13];[54,54,54]
[-48,55,-3];[51,51,51]
[-74,37,-10];[8,8,8]
[13,58,-8];[110,107,76]
[18,25,-5];[16,17,12]
[86,19,-6];[67,68,72]
[18,58,-8];[97,97,97]
[-14,14,-14];[59,59,61]
[-50,55,3];[1,1,1]
[15,44,14];[60,58,59]
[-8,57,-8];[47,49,48]
[23,50,-13];[54,54,54]
[-10,56,-8];[56,56,56]
[47,13,4];[14,14,14]
[-16,14,-8];[94,96,93]
[35,54,-7];[57,57,55]
[-18,26,-3];[40,40,40]
[-84,39,-3];[140,130,79]
[42,38,-11];[52,52,50]
[30,54,-8];[64,63,61]
[-20,55,0];[44,46,45]
[47,8,-4];[3,3,3]
[10,58,-8];[206,181,81]
[29,54,-8];[63,63,61]
[-81,38,-7];[14,12,13]
[-33,48,-8];[29,29,21]
[21,28,-11];[62,63,68]
[5,49,-12];[47,72,152]
[-36,48,-8];[45,46,40]
[-26,49,-4];[49,49,49]
[-41,49,-8];[55,57,56]
[-57,31,0];[8,8,8]
[-25,48,-8];[46,46,44]
[-11,28,-12];[48,49,43]
[16,14,4];[2,2,2]
[-40,48,-8];[60,62,61]
[-79,48,5];[61,61,59]
[45,5,-3];[75,75,75]
[-48,48,-8];[1,1,0]
[-90,36,-6];[77,78,82]
[-76,47,-8];[64,65,67]
[30,23,-8];[102,102,102]
[-40,30,-6];[54,54,52]
[-79,33,0];[25,25,25]
[-29,47,-10];[10,10,8]
[74,23,0];[72,65,57]
[-57,64,-3];[68,69,71]
[81,45,-4];[72,73,75]
[-56,45,-8];[6,6,4]
[-4,32,12];[49,65,91]
[38,49,-6];[58,58,58]
[43,45,-7];[50,50,50]
[32,42,16];[34,36,35]
[-45,55,-1];[18,18,18]
[43,45,-8];[60,60,60]
[31,36,-16];[90,92,91]
[-88,46,1];[68,70,69]
[47,46,0];[75,72,67]
[19,34,-14];[57,57,55]
[53,11,-3];[73,73,73]
[43,44,-7];[55,55,55]
[-3,50,15];[44,52,54]
[37,29,-6];[42,44,43]
[86,24,-6];[122,123,118]
[-18,16,-1];[11,11,9]
[0,0,4];[64,64,64]
[-37,45,-8];[52,52,52]
[13,57,-9];[209,191,129]
[60,20,-2];[62,62,62]
[-43,45,-8];[54,56,55]
[-44,45,-8];[54,56,55]
[-48,45,-8];[41,42,36]
[-61,24,-2];[152,202,229]
[92,46,0];[59,59,61]
[7,21,-12];[233,194,57]
[36,18,-7];[58,54,51]
[-53,45,-8];[93,85,48]
[-61,45,-8];[13,13,13]
[-58,31,-5];[10,10,12]
[8,23,-11];[236,195,25]
[46,40,-6];[42,42,42]
[-82,44,-8];[107,107,105]
[25,35,-16];[75,79,82]
[42,38,-7];[8,10,9]
[11,58,-5];[78,73,54]
[-52,48,-8];[1,1,1]
[-23,34,-11];[35,35,33]
[-57,44,-8];[7,7,5]
[-16,10,-3];[56,58,57]
[-58,16,-1];[73,72,70]
[-89,47,2];[55,54,52]
[-46,48,-9];[78,74,47]
[-88,38,-8];[70,70,72]
[8,34,-12];[3,19,115]
[-30,33,-8];[66,68,67]
[-31,33,-8];[66,68,67]
[15,17,-13];[41,39,40]
[-2,56,-9];[94,82,34]
[17,15,7];[6,8,7]
[54,45,5];[65,65,65]
[-49,37,-9];[92,101,118]
[-50,24,-5];[48,47,45]
[87,45,2];[61,61,63]
[-21,37,11];[62,64,61]
[-30,39,-10];[45,45,45]
[-13,47,16];[61,61,63]
[-25,52,8];[64,64,54]
[-58,25,11];[78,80,79]
[-53,57,-3];[70,71,73]
[17,26,2];[25,25,17]
[-10,31,-14];[56,55,50]
[-1,37,11];[90,117,162]
[-25,32,-8];[53,54,49]
[-24,32,-8];[54,55,50]
[-64,32,-8];[55,57,56]
[-56,61,-3];[63,64,66]
[-63,32,-8];[54,56,55]
[-41,42,8];[34,33,28]
[-13,5,-12];[62,62,62]
[-74,32,-8];[25,25,25]
[-51,53,-6];[55,55,55]
[-20,47,5];[28,28,28]
[-23,49,-8];[60,62,61]
[-59,40,-10];[2,2,2]
[-81,37,4];[31,31,31]
[-22,32,-8];[56,57,52]
[-85,35,2];[27,25,26]
[-3,60,-1];[222,183,44]
[-35,51,-4];[57,57,57]
[8,22,-11];[242,199,34]
[-33,31,-8];[22,25,32]
[-47,31,-8];[64,68,69]
[60,21,-6];[94,94,96]
[6,0,3];[62,62,60]
[-54,42,8];[3,3,3]
[-11,0,3];[244,208,86]
[42,45,-13];[59,59,59]
[-79,39,-7];[33,33,33]
[82,33,4];[16,16,16]
[-56,43,-9];[6,6,6]
[33,28,-8];[52,52,52]
[16,47,15];[24,24,24]
[-22,20,5];[1,1,1]
[-73,29,-2];[27,29,26]
[-45,20,-5];[71,51,1]
[1,29,11];[54,56,55]
[17,22,2];[17,16,12]
[32,28,-8];[50,50,50]
[-34,21,3];[193,152,0]
[30,28,-8];[45,45,47]
[-5,54,-10];[54,54,54]
[36,28,-8];[32,32,30]
[18,25,-8];[27,23,22]
[22,28,9];[43,45,44]
[-93,37,-4];[68,70,67]
[-8,4,-11];[247,205,57]
[22,25,-8];[63,63,65]
[-23,54,-4];[61,49,37]
[18,34,-13];[40,39,37]
[-1,30,16];[57,58,60]
[-42,17,-5];[238,196,22]
[-27,46,-14];[250,206,49]
[16,8,0];[19,19,19]
[-23,24,-8];[1,1,0]
[29,24,-8];[3,3,3]
[4,59,-7];[73,65,50]
[39,32,-11];[59,59,59]
[22,24,-8];[1,1,0]
[-46,27,-11];[55,55,53]
[-87,40,-3];[17,17,17]
[-16,24,-8];[7,7,7]
[75,25,-6];[54,50,49]
[23,23,-8];[65,65,67]
[28,23,-8];[16,16,18]
[-7,30,13];[51,51,41]
[13,8,12];[56,57,59]
[0,27,-11];[32,32,32]
[-59,47,-13];[81,81,83]
[-4,0,-5];[66,68,67]
[-34,45,10];[90,98,117]
[-54,50,-11];[58,55,48]
[-19,35,-15];[31,31,31]
[30,39,15];[42,42,42]
[27,23,-8];[6,6,6]
[-17,48,14];[57,57,57]
[-22,42,-15];[53,53,53]
[24,43,-13];[75,130,220]
[60,44,-6];[53,55,52]
[69,29,3];[45,45,43]
[30,32,11];[66,66,66]
[57,19,-6];[68,69,71]
[-27,47,8];[55,57,54]
[75,21,1];[66,56,44]
[-84,46,-6];[62,62,62]
[17,9,-8];[1,1,1]
[55,21,4];[48,49,51]
[84,18,-6];[67,68,70]
[-15,49,-15];[60,60,62]
[43,41,14];[21,21,21]
[23,55,-2];[7,7,9]
[-16,8,-8];[27,29,28]
[17,4,-8];[38,40,39]
[-30,39,9];[59,57,45]
[69,32,4];[61,62,64]
[-38,37,-9];[19,19,17]
[-84,41,2];[8,8,8]
[-69,50,1];[112,113,115]
[32,8,-1];[0,0,0]
[21,58,-6];[48,50,49]
[-22,42,-11];[166,145,56]
[14,57,-8];[248,210,85]
[46,14,4];[15,15,15]
[-91,47,0];[52,52,54]
[70,31,-6];[68,69,71]
[-81,47,0];[44,44,44]
[28,34,11];[54,55,57]
[17,12,-11];[36,36,36]
[-4,9,13];[58,58,58]
[-2,34,-10];[5,39,163]
[16,57,-8];[138,135,116]
[19,41,-13];[71,133,218]
[0,58,-8];[248,209,80]
[-38,56,-1];[47,47,47]
[5,32,14];[91,91,101]
[16,23,-2];[19,19,17]
[-8,55,-8];[48,48,48]
[33,54,-8];[61,61,59]
[82,37,5];[63,63,63]
[-60,49,-9];[60,60,60]
[2,5,11];[63,63,63]
[78,26,-6];[72,56,40]
[-17,54,-8];[57,57,59]
[58,47,-3];[58,58,56]
[16,10,11];[65,66,68]
[37,52,-7];[60,60,58]
[-4,22,10];[47,47,45]
[-51,55,1];[16,15,13]
[-21,20,-3];[42,44,41]
[37,52,-8];[61,61,61]
[-25,52,-8];[54,55,50]
[-26,52,-8];[54,53,51]
[-42,25,-10];[70,71,66]
[-20,34,-9];[66,68,67]
[-51,17,4];[251,210,56]
[-14,25,-9];[6,6,6]
[-48,52,-8];[123,106,28]
[29,22,-6];[70,62,49]
[16,16,5];[41,43,42]
[-50,40,-15];[64,61,46]
[-51,52,6];[191,157,24]
[-39,46,-7];[55,55,55]
[-58,52,-8];[58,58,58]
[-3,20,12];[54,56,55]
[-81,44,7];[26,26,26]
[-79,37,-5];[41,43,42]
[4,53,-10];[52,54,53]
[-71,33,-10];[43,44,46]
[4,0,-5];[67,67,67]
[23,44,-14];[33,46,65]
[-12,43,-17];[95,95,95]
[-17,9,-8];[54,56,55]
[9,58,7];[57,56,52]
[-59,51,-8];[61,61,61]
[37,50,-8];[60,60,60]
[-83,37,5];[12,12,12]
[-19,31,-14];[22,20,21]
[39,8,-5];[59,60,62]
[-20,48,-8];[47,48,50]
[-27,22,-6];[3,3,3]
[18,15,-4];[16,16,16]
[87,25,-5];[99,99,97]
[-43,30,-3];[6,8,7]
[-35,40,-12];[73,70,53]
[-35,48,-8];[17,18,12]
[-10,0,2];[240,201,80]
[63,37,5];[80,75,56]
[44,16,5];[40,42,41]
[37,4,0];[79,80,82]
[-60,44,-13];[51,52,56]
[-77,47,-5];[1,1,1]
[-44,38,14];[243,206,29]
[15,50,12];[117,115,116]
[-26,16,-5];[199,163,69]
[-80,36,-7];[36,38,37]
[-3,4,-10];[71,71,71]
[-53,40,-10];[68,68,58]
[40,48,-8];[60,60,60]
[-89,34,-2];[93,95,94]
[-22,48,-8];[47,48,50]
[-15,0,2];[48,48,48]
[-26,48,-8];[75,77,74]
[78,35,0];[19,21,20]
[-29,48,-8];[10,10,8]
[45,16,-6];[19,19,21]
[-39,52,7];[54,56,55]
[0,49,-8];[54,74,133]
[-31,48,-8];[33,32,27]
[-44,48,-8];[79,73,47]
[17,26,5];[30,31,26]
[71,29,-5];[77,77,77]
[41,12,-6];[56,55,53]
[-53,48,-8];[1,1,1]
[-52,31,-4];[3,3,3]
[44,6,4];[40,40,40]
[29,31,8];[53,53,55]
[-6,22,11];[232,197,17]
[60,21,1];[60,62,61]
[-29,48,-9];[10,10,8]
[45,45,-4];[46,46,46]
[-73,48,-8];[47,49,48]
[-37,52,7];[53,54,56]
[-27,42,-15];[246,204,60]
[-23,51,0];[192,173,104]
[16,4,1];[1,1,1]
[16,1,-1];[49,49,49]
[-78,31,-6];[79,81,80]
[-53,62,2];[74,72,73]
[-7,51,11];[59,59,57]
[-2,4,-10];[73,73,73]
[-48,42,-15];[64,60,48]
[36,51,-12];[59,61,60]
[1,50,-16];[49,54,60]
[-69,47,-8];[43,43,43]
[-10,58,3];[28,28,28]
[24,30,-10];[4,4,4]
[-82,37,-2];[61,63,62]
[-74,47,-8];[24,24,26]
[40,47,10];[61,61,61]
[-67,44,-10];[2,2,4]
[10,30,-14];[30,31,26]
[-67,47,-8];[1,1,1]
[-36,48,7];[14,14,14]
[-23,33,7];[82,83,85]
[19,15,2];[16,16,16]
[11,37,-13];[9,23,130]
[-34,44,-8];[35,35,33]
[47,36,1];[1,1,1]
[-36,47,5];[14,16,15]
[75,22,-2];[59,54,48]
[-22,20,-3];[41,41,41]
[6,1,7];[55,55,53]
[-41,31,2];[56,58,57]
[-64,50,1];[35,35,35]
[29,34,-16];[91,92,94]
[-47,45,-8];[44,44,42]
[-79,37,-8];[107,109,106]
[34,42,-17];[48,49,51]
[-39,44,-8];[55,55,57]
[-38,33,-8];[199,175,75]
[-90,47,-2];[88,86,87]
[10,59,-6];[207,183,95]
[36,32,-11];[14,14,16]
[17,46,16];[61,60,58]
[-93,42,0];[89,88,84]
[-37,44,-8];[53,55,54]
[33,20,-7];[59,56,51]
[34,27,-8];[11,11,11]
[-79,44,-8];[85,84,89]
[-56,30,-12];[41,41,39]
[22,23,7];[64,65,67]
[-84,43,-8];[74,74,76]
[14,12,-14];[53,55,54]
[81,46,-1];[57,57,57]
[-51,48,-12];[102,75,4]
[16,12,-13];[41,42,44]
[73,32,-6];[77,81,84]
[-80,48,1];[175,119,56]
[16,49,-14];[65,65,65]
[-85,41,-9];[65,65,67]
[21,23,-7];[6,6,8]
[-80,40,-8];[1,1,1]
[-57,60,2];[64,65,67]
[43,40,-8];[8,8,8]
[-42,22,3];[14,14,14]
[39,4,2];[84,84,84]
[-35,31,3];[44,44,42]
[-88,39,-8];[111,111,111]
[42,20,-5];[36,36,36]
[-47,31,-9];[64,68,69]
[-57,33,-7];[3,1,2]
[-39,34,-8];[199,175,75]
[41,47,12];[62,62,62]
[14,14,-14];[55,55,55]
[-54,16,-3];[241,201,77]
[-27,48,-7];[57,59,56]
[-20,37,14];[49,49,49]
[-41,34,-8];[200,170,58]
[16,19,4];[18,20,19]
[-80,36,1];[202,189,136]
[-32,53,-7];[241,202,45]
[-44,34,-8];[202,168,34]
[-30,46,-8];[197,163,37]
[-47,34,-8];[56,58,55]
[-76,33,-9];[90,91,93]
[-48,34,-8];[33,33,33]
[-54,34,-8];[5,5,5]
[58,39,-6];[46,43,38]
[-46,23,4];[21,17,14]
[22,51,-12];[54,54,54]
[-26,36,13];[84,183,206]
[-12,6,-12];[60,60,60]
[-55,34,-8];[5,5,5]
[-54,47,-10];[5,5,5]
[-31,34,-8];[66,67,69]
[-22,35,-15];[60,60,58]
[-51,25,-8];[56,54,55]
[-35,34,-8];[43,37,21]
[16,9,-1];[8,8,10]
[-78,34,-8];[35,35,35]
[72,46,3];[71,72,74]
[14,45,15];[45,45,43]
[81,24,-5];[1,1,1]
[-66,32,-8];[63,64,66]
[-44,46,-7];[48,48,48]
[-85,47,-3];[62,64,61]
[-75,32,-8];[68,69,71]
[22,45,-15];[43,47,48]
[-44,41,-15];[240,196,61]
[-26,33,-8];[54,55,50]
[-25,31,-8];[54,55,50]
[-54,16,3];[233,190,33]
[-56,29,-11];[4,4,4]
[-26,31,-8];[23,30,49]
[55,31,4];[63,65,62]
[-35,31,-8];[52,50,51]
[-52,58,-1];[50,50,50]
[-4,6,-13];[59,59,59]
[-8,48,14];[7,7,7]
[-79,31,4];[11,13,12]
[-37,31,-8];[66,68,67]
[-16,7,-11];[49,49,47]
[-82,37,4];[15,15,15]
[-35,46,-7];[19,19,17]
[-38,31,-8];[62,64,61]
[-52,40,9];[34,34,32]
[35,20,-7];[58,54,51]
[-41,31,-9];[54,54,52]
[-79,41,-10];[15,15,17]
[-43,31,-8];[66,67,69]
[-46,31,-8];[64,68,69]
[-42,35,-14];[6,16,26]
[-50,31,-8];[3,3,3]
[-22,36,-10];[58,60,57]
[39,34,15];[67,67,67]
[37,20,6];[49,48,46]
[31,18,4];[42,41,37]
[42,34,-3];[76,27,20]
[14,38,-15];[43,44,46]
[-60,30,1];[11,11,11]
[-85,45,-2];[101,103,100]
[-62,48,-5];[8,8,10]
[-1,52,-12];[51,53,52]
[-51,31,-8];[3,3,3]
[21,56,3];[41,47,61]
[-46,52,-8];[245,203,39]
[-83,34,-6];[17,17,17]
[8,32,-15];[10,12,11]
[-78,48,-6];[84,84,84]
[-53,31,-8];[3,3,3]
[-56,48,-8];[2,2,2]
[-40,31,8];[70,72,71]
[-27,40,-12];[119,106,53]
[16,11,12];[60,60,62]
[-19,39,10];[50,50,48]
[-54,31,-8];[4,4,4]
[44,14,-7];[72,73,75]
[-79,45,-7];[0,0,0]
[16,17,-9];[15,15,15]
[49,8,3];[59,59,59]
[-56,54,2];[16,16,16]
[45,18,2];[19,19,19]
[87,20,-6];[69,69,71]
[-35,20,-6];[227,184,43]
[-42,48,1];[60,60,60]
[59,31,-3];[35,36,31]
[-36,54,2];[39,39,39]
[5,58,-8];[231,193,70]
[20,56,-2];[36,44,57]
[-56,31,-8];[4,4,4]
[-11,0,-4];[233,197,109]
[-73,31,-8];[66,67,71]
[-15,2,-7];[66,67,69]
[-8,54,-9];[10,10,10]
[38,26,-5];[30,30,28]
[-59,46,-7];[1,1,0]
[-5,51,14];[69,69,67]
[-7,30,12];[251,209,13]
[-12,14,13];[57,57,57]
[35,27,-8];[24,24,22]
[-48,16,2];[69,69,71]
[17,3,4];[52,52,52]
[29,29,-8];[24,26,25]
[17,28,-8];[46,46,46]
[22,27,-8];[62,63,67]
[17,27,-8];[72,72,74]
[-40,52,8];[53,53,51]
[-16,15,8];[24,24,24]
[-87,32,-2];[77,77,77]
[39,32,4];[47,46,44]
[15,26,-8];[33,33,31]
[11,26,-8];[22,22,20]
[-55,50,-6];[7,7,7]
[9,26,-8];[25,15,6]
[-47,48,2];[56,58,55]
[14,4,-10];[73,73,73]
[-54,53,-6];[56,56,56]
[-79,38,-5];[17,17,17]
[-58,26,-9];[58,62,63]
[-52,52,-7];[61,61,59]
[89,37,1];[88,88,88]
[7,26,-8];[220,193,86]
[-11,26,-10];[29,28,23]
[-81,37,-8];[38,39,33]
[-1,26,-8];[37,36,34]
[-41,33,-13];[65,65,63]
[-33,51,3];[19,19,19]
[-26,19,5];[17,17,19]
[-87,32,2];[64,64,64]
[-83,38,-5];[4,4,4]
[0,26,-8];[20,19,17]
[-57,35,-11];[5,5,3]
[-3,26,-8];[28,27,23]
[16,17,-5];[27,27,27]
[-48,41,9];[45,45,45]
[-82,42,-5];[83,85,82]
[1,0,3];[66,66,66]
[-6,34,11];[2,30,111]
[12,41,-15];[37,41,42]
[-29,31,-13];[64,64,62]
[76,26,-6];[55,55,55]
[-67,48,-5];[39,39,39]
[-12,26,-8];[22,22,22]
[34,17,-6];[57,56,52]
[-10,26,-8];[39,32,4]
[-20,49,2];[73,75,74]
[11,22,-11];[50,50,48]
[-71,48,-7];[32,33,35]
[-38,24,3];[73,49,21]
[-16,54,5];[58,58,58]
[-11,26,-8];[36,33,18]
[-17,13,-9];[210,209,207]
[57,47,-4];[69,69,69]
[-48,53,-6];[48,48,46]
[32,25,-9];[82,83,85]
[19,25,-8];[50,49,47]
[-23,24,7];[3,3,3]
[0,31,-17];[73,69,68]
[15,0,4];[31,31,31]
[-36,51,-1];[50,52,51]
[2,25,-8];[2,2,2]
[-34,51,1];[70,72,69]
[32,25,-8];[128,128,128]
[10,25,6];[2,2,2]
[31,25,-9];[5,5,5]
[-30,30,1];[32,32,32]
[-6,9,13];[239,205,35]
[-93,35,-3];[114,118,119]
[-79,34,-6];[15,15,15]
[-12,25,-8];[3,3,1]
[-14,25,-8];[1,1,1]
[49,43,-4];[37,37,39]
[-28,25,-8];[41,39,42]
[-47,48,-9];[2,2,0]
[-15,4,9];[80,80,80]
[-33,24,-8];[28,28,28]
[17,19,10];[62,62,64]
[-11,2,7];[241,197,26]
[65,30,-6];[83,82,87]
[-37,25,-8];[61,60,56]
[-4,34,-10];[7,45,152]
[-47,46,-7];[44,45,40]
[-42,25,-8];[58,58,58]
[-72,34,-11];[57,59,58]
[-45,25,-8];[55,54,52]
[-46,25,-8];[62,58,57]
[63,24,-4];[55,55,55]
[1,49,10];[57,77,130]
[16,26,0];[28,25,16]
[-48,25,-8];[55,54,52]
[51,33,-2];[37,37,37]
[-50,25,-8];[52,51,49]
[-72,34,-10];[54,55,57]
[14,51,11];[61,61,61]
[-54,30,2];[21,21,23]
[-30,47,8];[61,63,62]
[11,47,-15];[35,35,35]
[46,13,-7];[60,61,63]
[-1,6,11];[62,62,62]
[-2,33,-11];[5,32,121]
[-55,25,-8];[42,44,43]
[-49,32,-6];[31,32,27]
[1,3,-9];[74,74,72]
[-6,0,-5];[64,64,62]
[-53,47,-10];[5,5,5]
[65,45,-5];[52,52,52]
[20,24,-8];[27,27,29]
[-31,46,-11];[72,74,71]
[27,25,-8];[4,4,4]
[-55,65,-1];[35,35,35]
[20,32,-11];[31,31,31]
[-17,48,15];[61,61,61]
[88,13,-1];[55,55,55]
[-57,45,-15];[207,182,92]
[77,35,-4];[22,22,22]
[-58,30,-6];[48,50,49]
[-24,23,-8];[1,1,1]
[43,45,6];[74,74,72]
[-89,40,5];[4,4,4]
[-57,22,-8];[82,84,81]
[8,15,-15];[160,143,91]
[-33,30,-6];[24,30,44]
[-56,46,-6];[4,4,4]
[-17,20,-8];[9,9,7]
[26,43,-16];[60,60,58]
[40,42,-16];[55,57,56]
[17,18,-8];[0,0,2]
[-17,17,-8];[4,4,4]
[-65,49,3];[51,55,54]
[-21,48,8];[21,20,16]
[-88,46,-2];[122,127,123]
[17,14,-8];[94,93,98]
[17,13,-8];[19,19,21]
[-16,30,-14];[124,126,125]
[-22,23,-10];[69,71,70]
[56,20,-5];[61,61,63]
[-17,8,-8];[8,8,8]
[42,45,14];[72,72,72]
[17,8,-8];[18,18,18]
[38,49,6];[58,58,58]
[-85,41,-3];[15,15,15]
[17,5,-8];[40,40,40]
[4,2,-8];[60,60,58]
[-22,46,-14];[60,54,42]
[-46,40,-10];[24,24,24]
[16,12,-8];[12,12,12]
[17,57,-8];[152,149,132]
[-90,37,5];[38,40,39]
[-66,30,-3];[16,16,16]
[-15,6,10];[93,94,96]
[14,57,-9];[204,172,63]
[4,58,-7];[232,192,78]
[-5,57,-8];[138,121,77]
[55,13,5];[122,120,121]
[15,57,-8];[226,190,78]
[-78,49,1];[202,176,123]
[-22,30,11];[27,27,27]
[3,49,-10];[45,70,137]
[1,57,-8];[229,196,83]
[-33,46,-7];[124,125,119]
[-34,31,-8];[22,25,34]
[-20,50,3];[55,57,56]
[-10,57,2];[44,44,44]
[47,8,-5];[21,21,21]
[45,40,5];[58,49,34]
[41,11,-6];[54,54,52]
[1,57,-9];[228,194,86]
[16,16,4];[13,13,13]
[-60,48,7];[107,109,108]
[-54,48,2];[8,7,5]
[-2,57,-8];[94,86,47]
[-82,49,0];[57,57,57]
[-25,40,-11];[134,119,60]
[-57,48,12];[212,179,46]
[-7,32,-15];[33,34,36]
[22,55,-8];[61,63,62]
[-50,57,1];[84,84,86]
[-24,49,11];[243,204,11]
[9,33,-14];[55,59,62]
[23,55,-8];[54,56,55]
[23,44,13];[60,55,77]
[-85,33,4];[73,73,73]
[-76,31,-2];[30,30,30]
[-11,55,-8];[54,54,54]
[-56,64,2];[64,66,65]
[-34,49,11];[71,62,47]
[-2,28,-11];[49,48,46]
[26,22,0];[19,18,13]
[-78,47,-7];[65,65,65]
[-83,39,-7];[63,65,64]
[-51,47,-13];[239,198,54]
[28,54,-8];[66,66,66]
[26,54,-8];[64,64,62]
[-53,48,-12];[90,82,45]
[-36,21,-4];[209,163,26]
[-53,47,9];[0,0,0]
[23,54,-8];[61,61,61]
[-19,54,-8];[50,49,47]
[42,7,3];[54,55,57]
[49,7,1];[72,74,73]
[-11,55,-2];[41,41,39]
[71,45,4];[53,55,54]
[11,6,11];[61,61,61]
[-22,52,-8];[172,146,71]
[-27,16,-2];[68,68,66]
[-6,32,-16];[19,19,19]
[-93,39,-7];[129,130,132]
[-47,56,-1];[56,56,56]
[16,11,-13];[44,46,45]
[-32,52,-8];[240,200,40]
[-88,34,0];[41,43,42]
[-38,52,-8];[66,62,50]
[-52,44,-15];[239,195,47]
[-43,52,-8];[238,198,38]
[79,35,-1];[36,36,36]
[2,43,10];[88,117,161]
[1,31,-17];[51,50,48]
[-51,52,-8];[55,55,53]
[-16,11,-13];[46,46,48]
[-22,49,2];[44,43,38]
[-43,52,-9];[239,199,42]
[28,39,-16];[37,37,37]
[11,23,-11];[44,44,42]
[-52,52,-8];[54,54,52]
[-13,47,-17];[85,86,90]
[-60,49,-8];[52,52,52]
[0,30,-16];[1,1,1]
[34,39,-17];[51,53,52]
[30,24,-7];[27,27,27]
[50,36,1];[25,25,23]
[73,38,5];[223,195,72]
[-11,13,13];[56,56,56]
[36,21,6];[50,50,50]
[8,48,-8];[42,66,138]
[-62,31,5];[1,1,1]
[5,48,-8];[45,69,141]
[-35,28,10];[53,55,54]
[-50,49,-1];[7,6,4]
[4,52,10];[57,57,57]
[-29,31,-9];[60,60,60]
[-52,49,-11];[86,80,44]
[-41,53,-7];[236,199,59]
[54,20,3];[34,34,34]
[-71,31,-7];[16,16,18]
[-29,30,-1];[56,58,57]
[-45,37,-14];[52,45,35]
[12,43,-15];[40,41,43]
[40,47,-14];[70,70,70]
[-5,60,-5];[82,82,80]
[-84,38,3];[8,8,8]
[-25,43,-10];[22,22,20]
[6,47,-8];[2,18,67]
[10,26,6];[22,23,17]
[25,41,12];[22,26,37]
[-1,7,-13];[58,58,58]
[-46,39,14];[239,201,42]
[56,32,4];[61,62,64]
[-68,48,-8];[42,42,42]
[-19,46,-8];[6,6,4]
[-21,20,2];[87,89,86]
[24,34,15];[40,41,43]
[71,29,3];[64,65,67]
[-45,45,-8];[44,44,42]
[-26,46,-8];[27,28,30]
[-78,45,-8];[25,25,25]
[-32,45,-8];[34,34,32]
[-16,3,-3];[46,47,51]
[-39,46,-14];[238,198,49]
[-17,45,-17];[104,103,109]
[-38,44,-8];[52,54,53]
[-80,34,-3];[10,10,10]
[-6,23,10];[224,187,8]
[79,46,1];[108,84,22]
[44,45,4];[38,40,39]
[-16,24,-5];[20,20,18]
[-19,41,-11];[77,102,182]
[-26,47,-8];[29,29,29]
[-89,36,-6];[28,29,31]
[80,33,-4];[32,32,34]
[2,11,-14];[55,55,55]
[-13,37,14];[8,8,8]
[79,20,-5];[54,54,54]
[22,22,-3];[34,33,29]
[-76,32,-8];[79,80,82]
[-59,44,-8];[2,2,2]
[-53,49,-1];[5,5,5]
[-16,5,-1];[0,0,0]
[-2,47,-9];[6,59,191]
[-12,1,-6];[64,63,61]
[21,26,-8];[5,5,5]
[-60,44,-8];[3,3,3]
[6,0,0];[66,66,64]
[35,48,-16];[80,81,83]
[-53,40,-12];[44,46,45]
[7,32,12];[123,127,130]
[-15,19,-13];[51,51,51]
[-1,48,-8];[52,76,146]
[-69,35,10];[49,49,51]
[-16,20,-5];[20,20,20]
[-5,44,-11];[84,128,199]
[-56,29,-12];[60,56,55]
[-6,47,-9];[18,54,138]
[-60,20,-1];[54,54,54]
[17,20,-5];[36,36,36]
[86,45,-2];[58,58,58]
[74,23,2];[63,51,37]
[-33,30,-11];[53,51,52]
[-81,44,-8];[70,70,68]
[-19,46,15];[76,76,76]
[-26,43,11];[67,69,66]
[66,27,3];[194,195,200]
[29,34,-15];[61,61,61]
[-82,43,-8];[58,58,58]
[-47,45,-11];[2,2,0]
[-39,21,-5];[14,13,11]
[10,22,-12];[61,57,46]
[-70,51,1];[143,144,146]
[-56,43,-8];[4,4,4]
[9,49,13];[45,44,42]
[16,16,-4];[29,30,32]
[7,23,-11];[225,186,47]
[-45,47,-10];[5,5,5]
[47,13,-6];[49,51,50]
[-21,38,-15];[48,48,48]
[-57,43,-9];[5,5,3]
[-46,16,-4];[231,195,75]
[-85,41,-8];[62,63,67]
[-51,43,-12];[51,51,51]
[-78,40,-8];[21,21,21]
[-16,20,0];[47,49,48]
[-23,35,-10];[55,57,56]
[16,11,-12];[37,39,38]
[88,19,3];[71,71,73]
[78,28,-5];[14,14,14]
[16,45,-16];[9,9,9]
[-78,38,-1];[55,57,56]
[-16,18,-1];[62,64,61]
[-89,43,5];[23,23,23]
[-92,38,-4];[34,34,34]
[-78,39,-8];[44,45,47]
[43,43,8];[14,14,14]
[-37,29,-11];[25,25,25]
[-60,35,-8];[2,2,2]
[28,10,1];[68,68,68]
[-56,35,-8];[5,5,5]
[34,26,7];[50,50,52]
[-24,49,-2];[52,54,53]
[-80,35,-8];[1,1,1]
[5,0,1];[68,68,68]
[-28,46,-11];[35,37,36]
[9,58,-4];[64,63,45]
[-29,51,-4];[65,67,64]
[-5,26,-10];[33,30,23]
[-44,35,-8];[199,165,32]
[-53,34,-8];[27,26,22]
[-57,39,8];[6,6,6]
[37,51,-9];[60,60,60]
[-38,16,-1];[70,70,70]
[-29,42,-11];[6,6,4]
[29,19,-2];[35,37,36]
[-77,33,-8];[66,67,69]
[-11,46,-17];[89,91,90]
[-63,33,-8];[1,1,1]
[-20,29,9];[6,6,6]
[11,3,8];[77,77,79]
[-10,24,8];[19,16,11]
[-44,36,-15];[103,144,162]
[-64,33,-8];[54,54,54]
[-45,50,-4];[21,25,36]
[39,48,-10];[62,62,62]
[-66,33,-8];[5,5,5]
[-92,34,-1];[67,67,69]
[16,17,11];[77,77,79]
[39,33,-8];[53,54,49]
[-21,32,-8];[60,61,55]
[-44,31,-9];[64,68,69]
[74,36,5];[68,67,63]
[5,3,-10];[73,75,74]
[-45,31,-9];[64,68,71]
[61,22,-4];[58,58,58]
[33,15,1];[53,45,34]
[17,21,-1];[35,35,33]
[9,13,-14];[244,205,76]
[60,40,-6];[51,51,51]
[-19,54,3];[34,36,35]
[75,23,6];[58,58,60]
[79,28,4];[10,10,10]
[23,54,-5];[51,51,51]
[8,39,11];[39,62,114]
[-57,31,-9];[4,4,4]
[-51,41,11];[57,61,62]
[-88,35,1];[25,25,23]
[-34,20,-6];[215,175,41]
[-91,34,-2];[3,3,3]
[-75,39,9];[1,1,1]
[2,51,-12];[68,65,58]
[-70,31,-8];[32,30,31]
[-49,30,0];[58,58,56]
[-36,42,11];[53,53,53]
[91,44,2];[77,77,79]
[-71,29,-5];[70,71,73]
[-60,31,-8];[1,1,1]
[16,12,-6];[25,25,25]
[-67,49,-5];[16,14,19]
[21,29,-8];[7,7,7]
[-26,31,-13];[63,62,60]
[23,33,11];[54,55,57]
[-37,44,-9];[53,55,54]
[-44,48,8];[60,60,60]
[-4,8,-13];[56,56,54]
[34,29,-8];[21,21,21]
[39,33,4];[49,45,42]
[-15,8,12];[58,58,60]
[-19,52,-11];[18,17,12]
[31,29,-8];[48,50,49]
[37,29,-8];[38,38,38]
[-41,40,-15];[234,189,48]
[23,39,-14];[56,85,127]
[-28,36,11];[39,40,35]
[20,29,-8];[22,24,23]
[-34,17,-5];[239,198,8]
[56,22,4];[27,27,27]
[-75,38,-10];[7,7,7]
[-56,48,1];[1,1,1]
[-8,23,-10];[230,188,14]
[17,26,-8];[74,74,76]
[34,26,-9];[84,85,87]
[-9,60,-2];[52,54,53]
[20,26,-8];[35,35,33]
[-33,36,-12];[53,54,48]
[-56,25,7];[10,10,10]
[1,26,-8];[21,21,19]
[-19,29,12];[47,47,47]
[42,35,0];[23,23,21]
[-20,23,1];[34,34,32]
[-8,26,-8];[50,35,0]
[-13,26,-8];[23,22,20]
[-79,48,0];[85,86,88]
[46,6,-1];[74,74,74]
[-50,53,5];[177,147,25]
[40,34,-14];[72,72,72]
[-86,36,-6];[6,6,4]
[12,57,7];[243,206,30]
[9,49,-13];[44,45,49]
[-14,26,-8];[23,23,23]
[-60,49,8];[68,70,69]
[-59,23,-5];[21,20,18]
[14,44,-15];[0,4,13]
[-57,24,-10];[76,76,76]
[-58,60,2];[67,67,69]
[-16,26,-8];[32,33,28]
[32,26,-9];[77,76,81]
[-38,25,-8];[50,50,48]
[-83,31,-3];[77,77,77]
[-38,34,-8];[200,175,75]
[36,25,-7];[67,68,70]
[-39,28,10];[53,53,53]
[33,26,-8];[77,77,77]
[-26,41,-12];[96,90,54]
[39,8,3];[10,10,10]
[-25,48,-7];[29,29,29]
[-39,25,-8];[55,55,55]
[-80,32,-6];[78,80,79]
[-49,30,11];[57,54,47]
[-49,31,-7];[56,58,57]
[55,14,3];[69,69,69]
[-86,45,3];[39,39,39]
[-84,44,6];[2,2,2]
[-30,51,2];[64,66,63]
[3,51,-16];[100,105,111]
[-7,45,-13];[2,28,77]
[-53,25,-8];[48,48,48]
[-19,32,-8];[29,29,29]
[-48,39,-15];[62,60,48]
[-19,15,-3];[5,5,5]
[-46,28,0];[39,60,115]
[-30,34,8];[35,36,38]
[11,25,-8];[7,7,5]
[-30,48,3];[60,60,60]
[-35,24,-6];[43,43,41]
[10,25,-8];[21,17,6]
[72,46,4];[55,55,55]
[73,47,3];[115,115,117]
[67,35,-6];[66,53,34]
[8,25,-8];[203,159,0]
[-1,25,-8];[2,2,2]
[-72,48,-7];[33,33,33]
[62,38,5];[62,56,42]
[88,33,1];[67,67,67]
[58,46,-4];[69,69,69]
[-4,25,-8];[3,2,0]
[-21,26,-12];[81,81,81]
[-6,25,-8];[12,9,2]
[-66,45,-9];[48,48,48]
[8,50,14];[72,75,80]
[83,17,4];[69,69,71]
[-21,51,-10];[244,201,37]
[5,25,-8];[3,1,2]
[4,25,-8];[2,2,4]
[15,24,-8];[6,6,6]
[-3,33,9];[2,29,118]
[-11,6,-13];[67,64,55]
[-43,51,2];[44,46,45]
[40,5,-4];[14,12,15]
[-57,37,-15];[217,185,74]
[-21,49,6];[63,65,64]
[-22,21,-8];[69,73,74]
[15,34,-16];[32,31,29]
[-16,19,-9];[15,15,15]
[-47,23,4];[17,13,10]
[38,27,3];[29,27,28]
[-58,42,-15];[217,193,95]
[8,60,-1];[252,211,71]
[-42,48,-4];[127,129,128]
[17,16,-8];[42,43,45]
[-26,53,-4];[0,0,0]
[-35,37,-10];[25,20,1]
[-59,29,4];[0,0,0]
[17,10,-8];[60,59,57]
[-17,10,-8];[90,90,90]
[44,15,6];[73,73,75]
[-87,37,6];[68,67,72]
[-14,54,-9];[72,72,70]
[56,22,-5];[39,39,39]
[-17,5,-8];[54,55,59]
[16,4,-8];[39,39,39]
[5,37,-11];[45,62,82]
[-88,47,3];[58,58,58]
[-35,30,-5];[66,67,69]
[-27,55,-3];[36,36,36]
[-81,46,-6];[66,66,66]
[-39,31,-8];[62,64,61]
[17,13,-12];[41,41,41]
[-16,4,-8];[39,40,42]
[-84,42,8];[64,65,69]
[56,16,1];[66,66,66]
[17,3,2];[78,78,78]
[13,60,-5];[248,219,101]
[-55,27,-11];[40,40,40]
[-33,31,-7];[32,38,52]
[38,31,-12];[87,89,88]
[-8,31,-17];[83,82,80]
[-65,45,8];[50,51,53]
[56,22,2];[26,26,26]
[-15,2,-8];[53,54,56]
[-4,7,12];[59,61,60]
[27,54,-8];[64,64,64]
[-42,51,-2];[80,97,143]
[11,2,-8];[59,58,53]
[83,14,1];[74,74,74]
[40,34,12];[33,33,33]
[-30,51,-10];[223,183,49]
[-46,19,-6];[54,50,41]
[-24,28,9];[42,42,42]
[5,2,-8];[58,58,56]
[17,14,-5];[1,1,1]
[0,2,-8];[60,60,60]
[-34,49,6];[83,81,68]
[-26,32,-13];[62,63,58]
[-50,30,5];[37,37,37]
[-54,30,1];[18,20,19]
[-6,2,-8];[57,57,55]
[17,16,2];[2,2,2]
[-11,2,-8];[243,199,64]
[-43,50,3];[44,46,45]
[-63,44,-9];[33,34,36]
[-85,37,-6];[15,15,13]
[41,24,2];[21,21,21]
[-53,26,9];[59,59,61]
[39,19,-7];[68,68,68]
[-38,30,-11];[52,52,52]
[-5,57,-9];[164,153,121]
[6,25,-8];[16,10,0]
[39,17,5];[44,44,42]
[67,42,5];[62,62,62]
[-58,20,-4];[9,9,9]
[18,57,-9];[102,97,101]
[19,30,-10];[36,36,38]
[43,39,-9];[51,51,53]
[17,57,-9];[111,111,101]
[-38,48,-8];[35,35,33]
[-51,33,-7];[47,47,47]
[-33,16,1];[241,202,75]
[-25,36,9];[2,1,0]
[-22,34,-14];[56,56,56]
[-37,34,-8];[56,52,27]
[21,57,-8];[100,94,96]
[76,42,-5];[251,209,75]
[-91,37,-3];[20,20,20]
[7,57,-8];[79,73,47]
[4,57,-8];[237,198,69]
[75,26,-6];[56,56,56]
[53,44,5];[67,68,70]
[-24,44,-15];[71,53,13]
[39,24,-5];[36,36,34]
[11,0,-4];[71,67,56]
[17,47,15];[82,83,85]
[-8,0,3];[234,195,78]
[23,54,4];[51,51,49]
[5,57,-9];[232,194,67]
[55,20,3];[32,34,33]
[-32,30,-4];[67,69,68]
[85,30,-6];[66,68,67]
[42,32,-4];[61,59,47]
[-14,54,-8];[47,47,47]
[-15,54,-8];[53,54,56]
[-18,54,-8];[69,69,69]
[8,18,12];[244,204,21]
[-10,35,-15];[91,94,101]
[-13,29,-12];[49,49,47]
[6,49,7];[35,56,121]
[-20,52,-8];[171,142,46]
[-46,36,-14];[112,168,189]
[-19,11,-2];[167,145,72]
[-29,52,-8];[250,208,48]
[-29,52,-9];[216,178,51]
[5,47,-9];[0,6,30]
[-57,47,-5];[6,6,4]
[-2,58,-6];[169,150,71]
[3,51,15];[60,62,61]
[-6,47,8];[0,19,80]
[-41,52,-9];[80,62,26]
[-43,32,-6];[198,166,43]
[-91,35,-3];[78,79,81]
[25,23,-7];[27,27,27]
[15,0,-3];[48,50,49]
[-49,52,-8];[114,104,53]
[9,0,-6];[243,204,75]
[37,37,15];[61,63,62]
[39,23,-6];[40,40,40]
[-19,33,-14];[53,53,53]
[-5,7,-13];[58,58,56]
[-50,32,-9];[78,67,22]
[38,50,-8];[60,60,60]
[3,49,-8];[43,67,139]
[-74,46,8];[2,2,2]
[-45,48,-9];[79,73,47]
[82,27,4];[15,15,15]
[33,7,1];[64,64,66]
[16,15,-5];[19,19,21]
[-53,53,-6];[57,57,57]
[17,8,-11];[34,36,35]
[-35,48,-9];[45,47,42]
[-31,48,-5];[59,61,60]
[4,30,-14];[46,46,44]
[-45,48,-5];[5,5,5]
[-50,48,-9];[2,2,0]
[67,36,-6];[80,72,36]
[-53,48,-9];[2,2,2]
[-60,50,5];[2,2,0]
[-54,48,-9];[2,2,2]
[44,43,-6];[21,21,21]
[3,13,-14];[54,54,54]
[-38,41,-10];[47,47,47]
[81,25,0];[22,23,25]
[29,27,7];[19,18,16]
[23,54,-2];[54,54,52]
[-86,43,-4];[11,11,11]
[-25,21,-7];[73,75,74]
[-42,45,-8];[38,40,39]
[53,19,-3];[21,21,21]
[43,12,5];[26,26,28]
[-21,47,-8];[12,12,10]
[-24,46,-8];[17,16,14]
[-29,51,1];[46,46,44]
[1,49,-8];[56,79,147]
[-18,26,2];[30,30,28]
[-63,46,-8];[44,45,47]
[-63,46,-9];[46,46,46]
[-38,44,-9];[54,56,55]
[-58,34,-10];[6,5,3]
[-53,34,7];[42,42,42]
[77,29,4];[13,13,13]
[2,60,2];[206,195,141]
[-18,54,-3];[38,40,39]
[-50,44,-9];[41,42,36]
[-82,46,0];[16,16,14]
[-57,36,-12];[7,7,7]
[-77,39,-9];[87,91,94]
[-26,51,9];[66,62,50]
[-33,37,-14];[38,55,62]
[-20,52,6];[242,200,28]
[-55,59,-3];[63,64,66]
[-85,38,-9];[62,62,64]
[-16,5,-8];[46,47,49]
[41,47,14];[66,66,68]
[-8,30,-15];[31,32,27]
[43,35,1];[23,24,19]
[-18,13,4];[81,82,84]
[-48,35,-9];[18,25,44]
[-4,2,-8];[59,59,59]
[44,19,-3];[30,29,27]
[-54,37,9];[1,1,1]
[-56,59,2];[64,64,64]
[-22,45,-15];[51,50,46]
[-92,35,-2];[9,8,13]
[-88,41,-6];[22,22,20]
[-24,24,-5];[6,6,6]
[17,9,-9];[22,24,23]
[-19,34,8];[52,78,152]
[-16,2,-6];[49,51,50]
[-16,5,-9];[49,50,52]
[64,25,4];[63,63,63]
[-51,22,3];[13,15,14]
[-31,41,-12];[54,56,55]
[-56,35,-9];[6,6,4]
[-57,56,-2];[0,0,0]
[-34,36,-12];[52,78,152]
[-78,32,-5];[1,1,3]
[40,34,15];[82,83,87]
[-70,35,10];[50,51,53]
[-32,34,-9];[45,52,62]
[-22,19,0];[44,42,43]
[17,26,-1];[30,28,16]
[77,18,-2];[85,79,63]
[16,48,15];[38,38,38]
[-28,46,-9];[36,37,39]
[69,28,2];[1,1,0]
[-12,23,9];[25,25,25]
[10,34,-14];[53,55,54]
[-34,34,-8];[189,165,69]
[-33,34,-9];[50,52,51]
[83,25,-6];[66,67,71]
[40,10,-5];[54,53,51]
[-62,34,-8];[27,27,29]
[51,36,5];[17,18,20]
[0,21,-12];[53,53,53]
[-93,40,-2];[87,87,89]
[12,52,10];[81,82,84]
[4,33,-11];[3,22,91]
[-17,39,-16];[2,0,1]
[40,33,-8];[46,48,43]
[0,60,4];[245,198,24]
[36,54,-5];[91,91,91]
[-50,47,-5];[5,5,3]
[39,33,-9];[61,61,59]
[30,34,-14];[63,63,61]
[-13,46,-15];[8,8,8]
[57,36,-6];[239,197,63]
[64,39,-6];[34,33,31]
[-68,32,-8];[6,7,9]
[-53,50,-5];[4,4,4]
[43,39,8];[62,62,62]
[-45,46,9];[55,57,54]
[-87,41,-6];[22,22,20]
[-59,57,1];[79,74,78]
[-92,35,2];[70,71,73]
[-59,41,-12];[8,8,6]
[41,35,1];[36,36,36]
[-73,32,-8];[49,51,50]
[-72,31,-8];[33,33,31]
[38,30,-8];[38,38,38]
[-86,38,4];[15,15,15]
[19,13,2];[78,80,79]
[-50,34,-8];[30,30,30]
[-36,49,-11];[237,196,46]
[34,28,-8];[3,3,3]
[33,27,-9];[67,67,69]
[20,25,-8];[17,15,16]
[-54,50,10];[243,204,21]
[81,44,-5];[66,70,69]
[-31,34,-10];[23,22,17]
[5,26,-8];[37,32,28]
[-56,24,-6];[1,1,1]
[-6,43,-11];[78,122,193]
[-16,21,4];[31,31,29]
[42,45,12];[65,65,65]
[-18,15,-4];[112,112,112]
[66,33,-6];[164,164,162]
[-24,31,-13];[63,62,60]
[8,56,-9];[222,193,99]
[76,32,-2];[14,12,15]
[-34,25,-8];[48,47,45]
[-73,36,-11];[51,51,53]
[23,25,-8];[34,32,37]
[-38,49,-6];[12,12,12]
[-33,32,-7];[65,67,66]
[-43,50,10];[65,64,44]
[12,25,-9];[13,13,13]
[-85,37,-4];[54,56,53]
[8,51,-14];[58,58,58]
[-54,44,-12];[4,4,4]
[15,45,-15];[50,51,53]
[82,26,-4];[2,2,2]
[82,22,-6];[77,78,82]
[0,25,-9];[11,11,11]
[-5,25,-8];[17,14,9]
[-17,7,-8];[43,43,45]
[16,14,-13];[43,44,46]
[-13,25,-8];[3,3,3]
[15,25,-8];[13,13,13]
[-45,48,-13];[80,56,10]
[36,24,-7];[85,85,87]
[-16,23,-8];[9,9,9]
[-47,31,-13];[62,62,62]
[-29,47,-6];[199,165,39]
[21,23,1];[30,31,26]
[-46,36,-9];[168,140,30]
[-17,21,-8];[2,2,2]
[47,6,1];[74,76,75]
[-70,49,5];[40,40,40]
[-11,8,-13];[61,60,55]
[-16,55,2];[32,32,32]
[9,59,-7];[216,184,71]
[-51,34,-8];[27,26,21]
[79,15,0];[76,77,79]
[29,54,-4];[58,58,58]
[17,21,-8];[26,27,29]
[-17,6,-8];[47,47,49]
[80,35,4];[21,21,21]
[-69,49,-7];[28,28,28]
[-58,19,5];[43,43,43]
[14,2,-8];[58,58,58]
[-40,33,6];[20,21,23]
[22,44,-15];[18,21,30]
[-3,2,-8];[59,59,59]
[61,47,3];[72,73,75]
[-10,3,9];[98,93,71]
[77,25,-7];[53,40,23]
[-72,44,9];[53,54,56]
[-46,30,1];[103,108,112]
[10,30,15];[119,116,97]
[77,26,-7];[66,56,46]
[-8,2,-8];[250,201,20]
[14,40,15];[10,11,15]
[-2,0,-5];[67,69,68]
[-38,30,10];[48,48,40]
[-31,52,-8];[250,207,40]
[-85,40,5];[16,16,16]
[44,5,-1];[74,76,75]
[-60,45,7];[9,9,9]
[37,13,-5];[58,54,51]
[-19,48,-16];[93,92,88]
[-37,52,-9];[63,61,49]
[-11,59,-3];[63,63,65]
[-41,48,3];[65,69,78]
[-50,52,-9];[69,64,45]
[51,9,2];[69,69,69]
[-25,39,-12];[49,49,47]
[-54,46,-6];[6,6,6]
[-23,52,-9];[105,82,30]
[39,26,-3];[26,26,26]
[20,50,12];[58,58,56]
[-52,43,-12];[2,2,2]
[-30,52,-9];[252,209,42]
[17,11,-3];[2,2,2]
[-24,30,-12];[58,55,50]
[-28,46,-10];[35,37,36]
[-31,52,-9];[252,210,40]
[56,35,-6];[67,50,22]
[-25,52,3];[3,3,0]
[-80,38,3];[55,57,56]
[-55,43,-15];[237,195,57]
[-39,52,-9];[64,60,48]
[59,37,-6];[249,204,63]
[16,19,-6];[17,19,18]
[-43,50,-6];[14,14,14]
[-5,30,-13];[54,54,54]
[38,30,9];[21,23,22]
[39,20,-7];[85,84,89]
[-5,50,-15];[27,27,29]
[-16,22,-8];[1,1,1]
[-7,36,-12];[19,58,137]
[22,40,-13];[73,134,223]
[-58,64,-2];[1,1,1]
[-56,63,-2];[18,18,18]
[-44,52,-9];[238,198,38]
[-72,39,11];[53,53,53]
[-45,52,-9];[238,198,40]
[23,46,-16];[37,36,34]
[-60,24,-5];[80,84,85]
[16,3,6];[49,49,51]
[-49,52,-9];[110,98,37]
[-55,42,-10];[4,4,2]
[-21,22,-7];[5,5,5]
[-84,42,-1];[38,38,36]
[-54,52,-9];[59,59,59]
[-55,52,-9];[59,59,59]
[4,49,-8];[43,67,137]
[-44,31,7];[30,30,30]
[-44,44,-12];[55,56,51]
[-53,63,-3];[72,73,75]
[18,16,-2];[16,16,16]
[77,20,-4];[89,86,79]
[5,49,-8];[32,53,120]
[-73,30,-6];[65,66,68]
[-1,30,14];[39,41,38]
[86,29,-6];[66,68,67]
[-24,48,-9];[62,64,61]
[16,21,-10];[30,30,30]
[39,32,-7];[72,76,77]
[-48,37,8];[191,163,54]
[16,60,1];[56,56,58]
[-9,40,11];[46,86,158]
[44,9,-4];[5,4,2]
[-69,30,5];[41,43,42]
[-26,48,-9];[14,15,10]
[-22,47,-10];[58,60,57]
[-27,48,-9];[14,14,12]
[-30,48,-9];[29,29,29]
[-9,56,-8];[55,55,55]
[-31,48,-9];[29,29,29]
[54,12,2];[71,71,71]
[-84,42,-6];[17,17,15]
[-16,20,4];[25,25,25]
[-38,48,-9];[54,55,50]
[38,30,-1];[26,26,26]
[46,10,-6];[63,63,63]
[8,54,-9];[4,3,0]
[27,31,9];[8,8,8]
[41,10,-6];[52,51,49]
[72,45,-5];[51,53,52]
[8,25,-7];[205,161,0]
[-91,45,-2];[55,55,57]
[-89,38,-5];[13,13,13]
[-52,39,9];[13,15,14]
[46,5,-1];[75,75,75]
[-56,48,-9];[1,1,1]
[-90,36,3];[72,74,73]
[-57,32,-6];[5,5,5]
[15,3,-9];[47,47,49]
[-45,41,9];[32,31,26]
[23,22,-7];[38,38,38]
[-55,47,-9];[2,2,0]
[-59,39,-12];[11,13,12]
[-57,48,-9];[12,12,12]
[31,17,2];[46,38,25]
[-42,56,-1];[29,29,31]
[-4,1,6];[59,59,59]
[-16,55,-1];[26,26,26]
[69,36,-6];[246,203,65]
[-28,48,-9];[14,14,12]
[-12,57,-7];[146,146,148]
[-42,46,-14];[55,52,43]
[-53,44,-11];[57,57,47]
[-59,17,3];[154,155,157]
[-76,41,-11];[142,143,147]
[20,28,-8];[32,32,32]
[15,59,6];[210,195,162]
[42,45,15];[72,70,71]
[-68,47,-8];[38,38,38]
[-25,19,-7];[20,20,18]
[-4,54,-10];[52,52,52]
[-40,47,-13];[77,62,23]
[-65,46,-9];[51,53,52]
[-35,25,-8];[46,45,41]
[-46,40,9];[41,35,11]
[4,1,-8];[61,61,59]
[-29,22,-7];[86,85,81]
[-34,47,-10];[22,22,22]
[-24,52,6];[70,69,67]
[-84,44,-8];[71,71,73]
[16,12,12];[76,77,79]
[3,18,13];[55,55,55]
[42,45,-8];[59,59,59]
[-51,19,-6];[246,202,53]
[70,42,5];[60,62,61]
[-29,49,0];[15,25,50]
[-12,32,14];[49,48,46]
[-52,44,-9];[93,85,49]
[-37,20,-5];[85,58,2]
[-13,17,-14];[52,52,52]
[-8,27,10];[244,204,31]
[-40,25,-6];[35,34,30]
[-54,46,6];[6,6,6]
[43,39,7];[65,63,66]
[-76,34,9];[77,76,81]
[72,28,0];[20,20,18]
[10,33,-16];[26,27,31]
[-35,47,-9];[22,22,22]
[-61,43,-9];[12,12,14]
[-12,26,-10];[27,27,27]
[6,25,7];[172,143,15]
[25,13,0];[7,7,7]
[16,27,9];[36,36,36]
[59,26,-2];[20,20,20]
[-29,50,-11];[62,59,44]
[39,26,2];[24,26,25]
[-5,0,2];[65,67,66]
[54,46,3];[71,70,75]
[-40,40,-12];[119,121,118]
[29,46,-16];[17,18,13]
[-59,52,-6];[51,49,50]
[-69,33,-10];[43,43,43]
[88,34,-4];[62,62,62]
[-54,29,1];[2,2,2]
[-45,49,-12];[218,182,62]
[86,37,4];[82,80,81]
[64,35,5];[75,62,30]
[-38,29,-11];[26,26,26]
[64,44,-6];[55,56,51]
[-39,56,-1];[31,33,30]
[-79,40,-7];[5,5,3]
[-43,34,-14];[65,67,66]
[10,45,-12];[0,23,136]
[59,35,-6];[60,49,31]
[-37,35,-9];[49,51,48]
[-34,50,-11];[250,207,42]
[-2,32,15];[23,24,26]
[-65,36,-10];[54,54,56]
[-2,33,12];[11,76,176]
[-38,35,-9];[54,43,0]
[-22,45,-14];[54,51,44]
[-72,38,-12];[52,53,55]
[-19,54,6];[15,13,14]
[-39,35,-9];[198,176,75]
[-34,41,-15];[53,52,48]
[8,37,-12];[88,127,196]
[-82,42,-4];[10,10,10]
[-42,35,-9];[44,44,44]
[-12,55,6];[42,42,42]
[-78,41,-10];[55,55,55]
[-68,49,-6];[33,35,34]
[9,58,2];[146,125,58]
[-43,35,-9];[199,164,34]
[-21,37,-12];[13,13,11]
[-1,57,-8];[110,92,28]
[-53,60,2];[72,72,74]
[-15,4,-11];[171,157,120]
[43,41,-16];[88,88,90]
[-52,41,9];[3,3,3]
[17,49,-14];[95,95,95]
[-47,35,-9];[199,165,32]
[25,25,-11];[76,76,74]
[-5,31,-17];[24,22,23]
[21,56,8];[59,59,59]
[-16,12,-7];[59,61,60]
[67,31,4];[24,24,24]
[-14,31,14];[42,42,40]
[6,35,10];[38,76,149]
[-39,50,-11];[47,49,46]
[-51,35,-9];[27,26,21]
[-16,8,0];[9,9,11]
[12,15,13];[54,56,55]
[-52,35,-9];[7,7,5]
[-1,29,-12];[55,55,55]
[-25,46,9];[19,19,17]
[-30,34,-9];[72,76,85]
[-85,32,-4];[77,77,77]
[24,54,6];[56,58,57]
[-5,21,11];[102,84,34]
[-87,42,-3];[14,16,15]
[-22,45,9];[59,59,59]
[-62,34,-9];[1,1,1]
[-43,47,-9];[78,73,51]
[34,18,-6];[56,55,51]
[-64,33,-9];[52,52,52]
[13,29,-12];[56,58,57]
[-6,60,4];[159,145,98]
[-42,42,-9];[20,21,23]
[-38,37,-15];[44,44,44]
[-24,33,-8];[54,55,50]
[-63,30,2];[55,55,55]
[-4,58,3];[196,182,109]
[56,31,-3];[56,58,57]
[-41,33,-8];[202,171,44]
[-24,33,-9];[54,54,54]
[39,47,-16];[89,89,91]
[-29,49,-7];[33,34,36]
[17,27,-9];[9,9,9]
[-25,16,-2];[91,90,86]
[-5,33,-11];[10,59,154]
[34,27,-9];[69,69,69]
[-30,23,3];[24,24,22]
[-59,20,3];[26,26,28]
[20,26,-9];[60,60,62]
[-19,53,-7];[14,11,0]
[-56,54,-4];[37,37,37]
[12,23,-11];[47,47,47]
[76,24,-7];[66,48,26]
[-28,54,3];[96,84,70]
[79,17,-4];[46,46,44]
[0,45,-11];[80,122,196]
[-15,34,16];[87,86,92]
[22,27,9];[36,36,36]
[-40,43,-9];[57,59,56]
[12,15,-14];[54,54,54]
[-34,16,-1];[240,202,77]
[33,8,0];[3,3,3]
[-47,44,-9];[54,56,55]
[-18,26,-8];[8,8,8]
[-16,34,-14];[3,3,3]
[-5,59,-4];[106,96,86]
[-32,33,-7];[93,98,104]
[-11,43,-16];[64,63,61]
[1,47,-10];[7,57,180]
[5,25,-9];[10,10,10]
[4,25,-9];[12,12,12]
[2,25,-9];[12,12,12]
[80,33,2];[50,50,52]
[-1,25,-9];[12,12,12]
[78,42,4];[67,63,51]
[-2,25,-9];[11,11,11]
[-27,17,-5];[78,65,13]
[-58,46,-10];[10,10,8]
[-16,41,-15];[42,44,43]
[-3,25,-9];[12,12,10]
[-10,25,-9];[30,22,1]
[-69,40,11];[51,52,54]
[23,24,-8];[8,10,9]
[-58,25,6];[48,48,48]
[-56,53,-7];[60,60,60]
[-57,45,6];[7,7,7]
[4,42,11];[91,118,163]
[51,35,0];[34,35,37]
[17,23,-3];[16,16,14]
[13,40,15];[56,57,59]
[17,56,-9];[114,112,99]
[39,10,-4];[36,36,34]
[-41,30,-12];[54,54,52]
[70,47,-3];[57,57,57]
[13,56,-9];[232,200,117]
[12,56,-9];[220,183,112]
[-7,37,-11];[79,121,193]
[-15,2,7];[54,52,53]
[-86,37,-8];[66,66,66]
[47,8,2];[45,45,43]
[49,37,2];[50,42,29]
[18,60,3];[58,58,58]
[-41,37,11];[50,50,48]
[4,56,-9];[234,196,71]
[-5,56,-9];[89,70,53]
[-37,54,-3];[28,26,27]
[-30,27,-11];[55,55,57]
[-24,22,-5];[0,0,0]
[16,18,10];[70,71,73]
[88,19,-3];[68,68,68]
[49,10,-4];[42,43,45]
[-14,29,-12];[45,45,45]
[19,17,0];[69,72,77]
[-26,27,9];[59,60,62]
[-63,37,-11];[47,48,50]
[4,30,14];[34,34,34]
[-49,50,-11];[237,198,67]
[0,56,-9];[244,204,82]
[-33,40,-12];[54,56,55]
[-23,26,8];[17,19,18]
[-3,0,-6];[64,66,65]
[5,49,12];[70,85,126]
[-58,22,-5];[13,11,12]
[2,44,10];[88,116,163]
[-8,55,-9];[30,30,30]
[-83,42,4];[30,30,28]
[22,55,-9];[58,57,62]
[-26,34,-10];[57,59,56]
[8,4,9];[248,208,32]
[20,55,-9];[19,20,22]
[11,55,-9];[14,17,10]
[-32,37,9];[74,72,59]
[-34,42,14];[58,58,48]
[-19,48,-5];[151,133,67]
[-12,38,-16];[7,7,9]
[-33,25,-8];[55,54,52]
[51,16,-3];[18,20,19]
[-15,6,-11];[64,64,64]
[-66,48,-6];[50,50,50]
[-33,36,9];[19,19,17]
[64,25,2];[19,19,19]
[74,42,-6];[39,39,31]
[-44,44,-8];[55,55,55]
[-7,2,-9];[224,192,73]
[8,55,-9];[3,2,0]
[-21,42,-11];[165,144,55]
[6,9,-14];[76,68,45]
[38,30,7];[19,20,22]
[-34,54,-4];[56,46,34]
[7,55,-9];[55,48,30]
[32,54,5];[57,57,57]
[18,59,-7];[79,81,80]
[76,40,5];[122,104,68]
[-32,27,-10];[56,56,56]
[-39,25,-9];[68,68,68]
[4,55,-9];[3,2,0]
[0,55,-9];[33,22,4]
[11,29,11];[59,59,57]
[-19,24,5];[0,0,0]
[-19,36,-17];[94,94,92]
[43,38,-7];[6,6,6]
[4,13,-14];[54,54,54]
[-9,1,7];[240,198,15]
[1,13,-14];[54,54,54]
[-2,55,-9];[12,12,12]
[55,33,4];[70,68,69]
[-5,55,-9];[1,1,0]
[40,35,-13];[28,28,30]
[2,49,-8];[41,64,132]
[-9,25,8];[100,83,5]
[-59,45,-11];[13,13,11]
[-12,16,-14];[51,53,52]
[-5,47,9];[16,63,131]
[-5,18,12];[211,187,87]
[-42,41,-12];[88,90,89]
[-14,26,8];[30,30,28]
[-52,53,-6];[57,57,57]
[-15,29,-13];[68,68,66]
[31,9,-1];[2,2,2]
[-49,56,-5];[62,62,62]
[-45,37,-12];[74,94,147]
[-56,49,10];[229,195,35]
[11,44,-11];[8,40,141]
[-6,55,-9];[6,6,6]
[-57,52,-9];[57,59,58]
[-20,52,-9];[230,190,33]
[-34,38,9];[118,105,52]
[54,19,-4];[19,19,19]
[-24,52,-9];[52,53,47]
[-71,39,11];[54,54,54]
[-35,52,-9];[110,89,36]
[83,43,-5];[70,71,73]
[26,23,7];[66,64,65]
[16,38,-14];[2,3,8]
[-23,29,9];[23,23,25]
[48,38,3];[60,48,32]
[-71,49,4];[41,41,41]
[65,27,-3];[44,44,44]
[-52,52,-9];[54,54,52]
[8,57,7];[71,68,51]
[-55,51,-9];[59,59,59]
[-73,46,9];[58,56,59]
[-5,48,-8];[81,96,135]
[-14,49,13];[57,57,55]
[28,37,15];[31,31,31]
[-73,29,-3];[41,41,41]
[-5,20,-12];[55,55,55]
[49,14,2];[63,65,64]
[-52,24,-6];[37,37,37]
[-21,34,-14];[53,53,51]
[42,37,-8];[41,41,41]
[-49,16,-1];[68,70,69]
[-21,48,-9];[48,49,51]
[0,1,7];[58,58,58]
[57,23,-5];[35,35,35]
[-25,48,-9];[15,15,13]
[-8,44,-13];[6,26,63]
[-78,41,0];[65,67,66]
[-6,28,11];[239,198,22]
[10,46,-10];[30,66,178]
[-62,31,-4];[11,11,13]
[87,30,-6];[68,68,68]
[-58,49,-12];[56,56,54]
[-14,39,14];[56,56,58]
[-19,47,-9];[7,7,7]
[-40,50,-6];[16,16,16]
[80,41,-6];[64,63,61]
[22,11,1];[121,104,60]
[-20,46,-11];[55,57,56]
[67,35,5];[73,67,51]
[-59,47,-9];[10,10,10]
[8,33,10];[13,62,181]
[37,29,-5];[43,45,44]
[-2,31,15];[25,25,27]
[-12,55,-9];[56,57,59]
[-52,33,-8];[25,26,21]
[-67,46,-9];[2,2,2]
[42,46,6];[57,57,59]
[-54,49,-1];[7,7,7]
[-58,26,8];[58,60,59]
[-13,54,-5];[27,27,27]
[19,59,1];[47,48,52]
[-80,44,-9];[102,102,102]
[-30,44,-9];[35,35,35]
[36,33,-13];[55,55,57]
[21,56,5];[3,4,9]
[-50,46,-7];[93,85,48]
[-45,36,11];[66,66,66]
[64,26,-6];[71,71,71]
[81,18,3];[53,53,53]
[-19,33,-8];[28,28,28]
[6,51,14];[67,67,67]
[-31,44,-9];[35,35,35]
[-73,51,1];[43,42,40]
[-81,39,6];[1,1,3]
[-50,47,13];[66,66,66]
[-11,59,5];[82,81,79]
[30,37,-16];[24,24,24]
[-13,24,-10];[21,21,21]
[-34,44,-9];[35,35,33]
[22,23,-8];[16,16,18]
[43,42,-8];[6,6,6]
[-17,15,-11];[36,36,36]
[-88,44,2];[1,1,3]
[-35,44,-9];[61,63,60]
[-28,49,4];[90,92,89]
[-3,60,-2];[244,214,80]
[-43,43,-9];[40,41,43]
[-8,27,-11];[237,195,33]
[21,42,-13];[71,132,221]
[-38,43,-9];[55,55,55]
[62,32,-5];[74,75,77]
[-42,38,-12];[86,89,94]
[17,44,-14];[58,83,137]
[16,32,12];[50,50,50]
[-45,44,14];[49,49,49]
[-52,43,-9];[121,108,55]
[9,14,-14];[246,207,80]
[-59,43,-9];[1,1,1]
[-45,30,0];[15,15,13]
[16,15,-8];[13,15,14]
[-25,52,-7];[57,56,54]
[76,35,3];[20,20,20]
[40,34,-10];[30,28,29]
[7,58,5];[62,56,24]
[55,20,2];[25,25,25]
[-57,41,-9];[6,6,6]
[33,38,-17];[63,63,65]
[-63,39,10];[53,54,58]
[-52,16,-3];[241,201,90]
[-33,29,-11];[28,28,28]
[-57,38,-9];[6,6,6]
[77,21,5];[68,67,63]
[-48,42,-9];[60,62,61]
[-20,43,-12];[13,13,11]
[22,31,-9];[10,10,10]
[11,26,-7];[24,24,24]
[-88,39,6];[16,16,14]
[-60,36,-9];[2,2,4]
[-76,30,-4];[76,74,77]
[8,8,-14];[248,206,60]
[-30,35,-9];[55,72,116]
[8,53,-11];[54,56,55]
[-32,35,-9];[54,77,145]
[-21,42,-15];[53,53,53]
[43,16,-7];[74,75,77]
[-75,33,-9];[72,73,75]
[-21,20,3];[0,0,0]
[37,22,6];[76,80,81]
[-57,52,-7];[59,59,59]
[-43,20,5];[43,40,31]
[-66,33,-9];[232,197,69]
[-15,51,-13];[193,193,191]
[88,26,-4];[65,65,65]
[14,35,-17];[73,75,72]
[-49,49,-12];[238,195,57]
[41,46,-13];[58,60,59]
[-61,24,0];[148,195,225]
[-27,25,-7];[21,21,21]
[38,18,6];[54,56,55]
[-59,65,-2];[133,135,134]
[-71,30,-6];[41,41,41]
[40,47,-10];[78,78,78]
[37,5,1];[71,72,74]
[10,6,-12];[70,66,54]
[-29,21,-6];[4,3,1]
[3,25,6];[2,2,2]
[55,46,4];[55,57,56]
[-90,43,-5];[6,6,4]
[-27,32,-9];[79,87,108]
[-31,32,-9];[27,30,39]
[29,18,-1];[49,48,46]
[-58,32,-9];[11,13,12]
[-39,46,10];[12,12,10]
[66,37,-6];[240,201,64]
[-55,53,-7];[59,59,59]
[35,54,-3];[59,59,59]
[-40,51,-9];[64,61,44]
[-73,44,-10];[38,40,39]
[-37,38,-12];[82,104,162]
[20,32,11];[62,63,65]
[39,11,4];[61,62,64]
[-50,31,4];[50,52,49]
[-88,46,3];[70,75,81]
[-60,26,-5];[23,25,24]
[-72,32,-9];[60,61,63]
[31,23,-7];[54,51,46]
[33,29,-9];[50,50,50]
[17,9,-7];[82,82,80]
[-56,26,10];[7,7,7]
[-40,55,-2];[44,45,47]
[-47,47,-5];[43,43,41]
[-16,3,-5];[39,40,42]
[-10,36,-15];[80,84,83]
[41,9,4];[54,55,57]
[34,28,-9];[28,29,31]
[28,26,-9];[8,8,10]
[20,58,7];[61,61,61]
[-15,10,-13];[51,50,55]
[-35,22,3];[24,20,9]
[4,1,6];[60,60,60]
[-18,25,-8];[14,14,14]
[-80,38,-8];[38,35,26]
[88,29,3];[67,67,67]
[27,34,-16];[75,79,82]
[-35,50,-6];[27,27,25]
[-22,17,-1];[13,15,14]
[8,33,-11];[2,17,116]
[25,24,-8];[16,16,14]
[21,55,-5];[15,15,15]
[-52,31,-5];[2,2,2]
[84,45,-3];[65,67,66]
[59,20,0];[62,62,62]
[17,22,-9];[22,23,25]
[-79,42,-2];[12,14,13]
[-37,46,6];[7,7,7]
[-49,44,-8];[41,42,36]
[-37,53,-5];[58,59,61]
[-76,49,1];[13,8,2]
[39,46,-16];[45,45,45]
[-58,36,-9];[2,2,0]
[-27,31,-12];[62,61,59]
[-16,11,-9];[12,12,12]
[17,5,-9];[30,30,32]
[17,21,-9];[19,19,19]
[-53,50,4];[5,5,3]
[-83,45,-2];[101,103,100]
[6,2,-9];[71,70,66]
[-16,11,1];[16,16,16]
[60,47,-4];[68,68,68]
[4,54,-9];[5,4,0]
[-23,31,11];[48,50,49]
[-39,34,-10];[78,93,132]
[-59,22,3];[4,6,5]
[81,30,1];[51,50,45]
[1,49,-12];[24,67,161]
[-44,49,-11];[204,171,76]
[-1,5,-12];[63,64,66]
[-43,48,-8];[55,57,56]
[-6,54,-9];[19,19,19]
[-53,44,-15];[235,194,52]
[-17,56,0];[48,48,48]
[54,43,-6];[51,51,51]
[87,16,4];[73,71,72]
[-44,47,13];[51,50,45]
[0,50,-15];[31,32,36]
[-17,33,15];[64,65,67]
[-12,31,-14];[55,55,53]
[-15,54,-9];[71,71,69]
[-19,48,-12];[37,32,26]
[13,54,-9];[53,48,44]
[-37,41,-15];[63,59,47]
[-90,46,0];[9,11,8]
[-44,16,3];[241,195,14]
[56,34,-5];[79,78,74]
[78,41,-6];[208,188,93]
[66,28,-6];[67,67,69]
[-29,43,-12];[8,8,6]
[12,54,-9];[49,44,38]
[6,60,-1];[245,207,74]
[32,54,-9];[87,87,87]
[-57,16,-5];[50,49,45]
[-78,41,4];[21,23,22]
[19,49,14];[78,78,80]
[16,54,-9];[49,48,46]
[-13,18,13];[57,59,58]
[48,38,-5];[38,39,41]
[30,22,-6];[52,48,45]
[80,39,-5];[68,70,69]
[-21,51,-9];[245,204,52]
[-44,51,-9];[238,198,40]
[-43,51,-9];[237,197,50]
[-9,0,-3];[243,203,79]
[-85,37,-8];[64,64,64]
[9,47,-11];[7,20,132]
[5,49,-9];[35,56,123]
[-6,48,-9];[81,97,148]
[-16,19,0];[52,54,53]
[-23,47,-9];[46,48,47]
[63,45,-5];[51,53,52]
[-13,26,9];[20,20,20]
[22,31,9];[41,41,41]
[-13,20,-13];[50,50,50]
[-33,49,-8];[31,28,21]
[85,14,-4];[71,71,73]
[87,28,4];[47,47,47]
[70,30,-5];[70,72,71]
[-30,47,-9];[29,29,29]
[-7,46,-13];[18,55,136]
[-16,24,-7];[5,5,7]
[-51,36,13];[30,50,59]
[-2,43,-12];[84,121,192]
[22,42,-13];[73,130,219]
[61,33,5];[63,64,66]
[-31,47,-9];[29,29,29]
[86,43,-5];[73,74,76]
[-27,31,12];[60,62,61]
[-21,23,-11];[81,82,84]
[-33,47,-9];[16,16,16]
[-23,37,-12];[68,68,66]
[-45,33,13];[61,62,64]
[-57,46,5];[6,6,6]
[-11,43,15];[4,4,4]
[-90,35,3];[16,16,16]
[-93,34,1];[89,89,89]
[-18,25,-9];[13,13,13]
[-68,47,-7];[33,33,33]
[-27,47,-9];[40,41,43]
[-41,16,2];[66,65,61]
[-55,53,4];[21,21,21]
[-60,34,-13];[132,133,137]
[1,47,-9];[13,64,189]
[6,30,15];[0,2,1]
[-21,47,-9];[47,48,50]
[26,22,-5];[67,69,68]
[-36,47,-9];[45,46,40]
[-39,47,-9];[60,62,61]
[45,35,-4];[12,6,6]
[-88,39,-6];[10,10,10]
[88,22,1];[70,68,69]
[11,40,-15];[62,70,80]
[-36,33,7];[14,14,14]
[-26,52,-7];[66,60,46]
[16,12,2];[3,3,3]
[-19,24,-8];[8,8,8]
[-29,36,-9];[59,75,124]
[-47,47,-9];[2,2,0]
[-34,28,-11];[53,53,53]
[-13,16,13];[58,58,58]
[-58,47,-9];[59,61,60]
[-71,47,-9];[23,25,24]
[-44,48,-9];[79,73,47]
[-22,16,6];[26,26,26]
[11,32,16];[73,73,73]
[-56,25,-10];[92,93,97]
[-20,37,11];[62,64,61]
[-23,22,-9];[68,69,71]
[22,54,-5];[10,10,10]
[14,28,-11];[54,54,54]
[6,47,-9];[6,24,74]
[-35,49,-11];[237,196,44]
[-23,52,7];[202,180,71]
[1,49,7];[42,63,120]
[-42,35,8];[23,23,23]
[-68,47,-9];[44,44,44]
[-33,30,2];[60,60,58]
[-29,46,-9];[51,52,46]
[10,58,-6];[82,78,53]
[-29,45,-9];[31,31,29]
[-74,50,1];[2,2,2]
[-26,49,4];[199,164,34]
[-16,15,6];[28,28,28]
[6,32,-16];[43,48,54]
[30,48,-16];[80,78,79]
[-20,43,14];[45,45,45]
[-85,39,6];[62,64,63]
[-62,45,-9];[2,2,2]
[-37,42,-12];[73,70,55]
[-62,42,9];[1,1,1]
[-59,40,-12];[16,16,16]
[5,59,-2];[93,78,19]
[-4,56,-9];[227,191,77]
[-53,39,11];[3,3,3]
[-39,30,5];[98,103,109]
[-29,48,-7];[63,64,58]
[43,43,-8];[7,7,7]
[-50,18,-6];[65,61,49]
[-79,43,-9];[57,57,57]
[-30,43,-9];[34,34,34]
[-85,42,1];[44,46,45]
[-26,39,-12];[51,51,39]
[-66,46,-8];[53,53,55]
[-90,35,2];[41,43,42]
[-18,56,1];[50,50,50]
[51,9,-3];[66,66,66]
[-51,31,-7];[3,3,3]
[-49,43,-9];[54,56,55]
[-2,18,-14];[53,53,53]
[-24,52,8];[208,182,61]
[56,17,5];[69,69,71]
[-51,43,-9];[40,43,36]
[-41,42,-9];[14,14,14]
[-58,40,9];[8,8,8]
[2,19,-13];[55,55,55]
[36,41,-16];[55,55,55]
[-51,30,-2];[49,49,49]
[52,37,-6];[228,189,60]
[-16,19,-1];[48,48,46]
[13,45,15];[34,33,29]
[1,56,-9];[243,204,85]
[-50,42,-9];[54,56,55]
[-49,28,10];[52,54,53]
[12,12,-14];[55,55,55]
[62,28,-6];[85,86,88]
[88,29,-1];[67,67,67]
[-51,42,-9];[55,55,53]
[-31,16,4];[246,210,70]
[-17,21,-3];[23,23,21]
[-81,41,-10];[65,66,68]
[8,13,-14];[247,206,64]
[-80,40,-9];[15,15,15]
[37,7,-4];[8,8,6]
[-60,30,-8];[59,59,59]
[24,16,-1];[14,16,15]
[42,35,-2];[56,45,39]
[18,46,15];[45,41,40]
[46,15,-4];[42,41,37]
[-34,32,-6];[192,162,48]
[43,39,-8];[29,29,29]
[-80,38,-9];[8,8,8]
[29,26,-9];[10,12,11]
[-54,37,-15];[68,53,12]
[-83,38,-9];[61,62,64]
[-22,54,-2];[62,60,61]
[39,48,1];[56,56,56]
[33,26,-7];[19,18,16]
[-43,36,-9];[168,140,30]
[-47,36,-9];[168,140,30]
[85,37,4];[72,70,73]
[24,54,-5];[55,55,55]
[-14,48,-15];[55,55,55]
[-51,36,-9];[36,35,31]
[72,28,-1];[17,16,14]
[77,45,-3];[251,215,30]
[-2,49,10];[63,81,131]
[-20,49,-1];[79,82,89]
[12,0,2];[68,70,69]
[44,45,3];[43,43,43]
[-48,17,-5];[33,33,33]
[-52,36,-9];[47,48,50]
[16,13,-5];[16,16,16]
[43,37,-5];[12,12,14]
[-13,13,-14];[51,53,52]
[-53,36,-9];[6,6,4]
[-68,40,10];[52,52,52]
[-61,21,2];[16,16,14]
[9,29,-13];[47,47,47]
[88,34,-3];[65,67,66]
[-12,8,-13];[56,56,56]
[-27,36,14];[78,108,118]
[-5,59,-7];[71,68,63]
[-82,43,-5];[12,12,12]
[-55,36,-9];[5,5,3]
[-58,29,-12];[148,148,148]
[5,11,13];[55,55,55]
[-43,42,-15];[240,199,59]
[-36,19,5];[52,49,42]
[80,15,1];[73,73,73]
[65,42,-6];[53,53,53]
[-36,35,-9];[50,50,48]
[48,13,1];[9,11,10]
[88,42,5];[67,69,68]
[-39,53,-5];[66,63,54]
[-21,43,-15];[54,54,54]
[-19,35,-9];[12,14,13]
[30,23,-6];[27,23,20]
[48,10,3];[51,51,51]
[-17,42,-16];[2,0,1]
[33,47,15];[111,111,113]
[-18,44,-17];[74,75,80]
[61,37,-6];[79,73,41]
[-30,32,-9];[66,68,67]
[14,0,-4];[68,68,68]
[-84,45,-4];[14,14,14]
[-67,31,5];[4,4,6]
[-64,35,-9];[50,52,51]
[-14,26,-9];[39,40,35]
[18,58,-7];[79,79,79]
[-26,34,-9];[57,59,56]
[-3,34,-9];[14,62,173]
[-13,50,13];[57,57,57]
[1,40,11];[89,119,169]
[-58,42,-9];[5,5,7]
[-2,33,-9];[3,33,131]
[15,2,-9];[25,25,25]
[37,41,-16];[55,55,55]
[-47,37,-12];[78,80,77]
[43,38,-9];[22,22,22]
[-55,43,-9];[6,6,4]
[-52,55,-3];[54,54,54]
[-14,42,14];[57,57,57]
[40,17,-7];[20,20,20]
[-9,24,9];[53,44,0]
[-59,18,5];[68,66,69]
[-2,58,-5];[87,78,35]
[-63,49,1];[4,6,5]
[5,58,2];[246,201,46]
[49,9,-4];[46,46,46]
[34,23,-7];[58,55,50]
[-23,43,-15];[51,51,49]
[37,51,-2];[57,57,55]
[-20,32,-9];[58,59,53]
[-28,20,5];[37,37,29]
[-45,51,-10];[238,198,41]
[-50,44,-15];[234,189,48]
[-23,32,-9];[208,184,88]
[-80,40,-3];[61,59,38]
[-31,26,9];[63,63,63]
[-36,32,-9];[101,103,102]
[-81,37,5];[17,17,15]
[-24,53,-5];[61,60,55]
[-44,33,-13];[68,68,68]
[-63,50,0];[48,48,48]
[-40,32,-9];[111,113,110]
[19,12,1];[150,132,70]
[-44,32,-9];[64,68,69]
[88,35,4];[71,71,73]
[83,36,-6];[65,66,68]
[13,52,10];[62,62,62]
[-53,32,-9];[0,4,35]
[17,10,-11];[29,31,30]
[-89,41,-3];[8,8,6]
[34,19,5];[61,62,64]
[39,4,4];[130,133,138]
[-89,42,2];[86,86,86]
[-40,24,4];[4,0,0]
[-54,32,-9];[3,3,3]
[-59,53,-7];[81,81,81]
[24,34,-15];[51,53,52]
[80,27,3];[1,1,0]
[-45,41,-10];[27,27,27]
[41,40,-16];[58,56,57]
[-45,53,4];[105,93,77]
[7,34,9];[0,23,90]
[37,14,5];[65,65,67]
[-68,32,-9];[51,51,51]
[41,35,8];[53,53,53]
[-41,56,0];[46,46,46]
[-57,46,-7];[4,6,5]
[-57,17,-5];[46,45,43]
[-63,42,9];[53,54,58]
[33,31,-9];[46,46,46]
[-20,47,-8];[6,6,4]
[17,31,-9];[55,55,55]
[16,60,-4];[78,79,81]
[-80,31,-2];[4,4,4]
[-10,42,-16];[88,89,94]
[-80,41,9];[165,163,164]
[-25,35,-10];[55,55,55]
[16,9,11];[66,67,69]
[4,51,-13];[61,60,58]
[17,30,-9];[53,53,53]
[-14,20,12];[60,58,59]
[-13,2,-9];[70,70,70]
[3,48,-9];[19,68,196]
[18,27,-9];[16,16,14]
[2,34,-10];[7,44,159]
[-6,48,11];[0,33,114]
[39,49,4];[55,57,56]
[-59,27,-9];[60,61,63]
[32,34,12];[52,52,50]
[-45,29,4];[197,170,63]
[10,26,-9];[38,37,33]
[-4,59,2];[176,141,47]
[41,7,3];[58,60,59]
[3,26,-9];[23,23,21]
[43,33,-2];[3,1,2]
[-29,36,-10];[58,76,122]
[-55,56,2];[62,62,64]
[-50,48,-12];[238,194,61]
[-88,42,-7];[66,66,66]
[-48,55,4];[21,22,26]
[-18,54,-10];[63,65,64]
[84,13,0];[75,77,76]
[-31,25,-7];[35,34,30]
[41,35,-12];[23,23,23]
[0,0,-2];[69,69,69]
[-4,43,-12];[84,124,194]
[-3,58,-6];[160,137,41]
[-21,22,-2];[74,76,73]
[38,31,-10];[31,31,29]
[-79,44,5];[5,5,5]
[-37,25,-9];[69,69,69]
[-8,36,-11];[8,39,104]
[-38,25,-10];[72,71,69]
[-39,35,-11];[76,94,134]
[6,27,-10];[48,33,0]
[-20,39,11];[43,43,41]
[40,47,7];[61,61,61]
[-40,25,-9];[68,68,70]
[-4,50,-15];[33,34,39]
[81,17,3];[61,62,64]
[-48,33,-8];[32,34,33]
[-45,29,-2];[44,44,36]
[10,26,-10];[31,30,26]
[-60,42,12];[9,9,11]
[-25,16,-1];[93,91,92]
[-43,25,-9];[66,66,66]
[23,25,-10];[1,1,0]
[-21,54,-3];[27,27,25]
[25,25,-9];[9,9,11]
[74,35,-2];[39,39,37]
[23,24,-9];[0,0,0]
[-27,50,-10];[49,49,49]
[-7,11,-14];[224,187,72]
[-10,43,15];[121,115,115]
[-56,47,-4];[6,6,6]
[75,21,2];[64,53,35]
[13,50,-13];[56,56,56]
[-39,25,-7];[11,10,6]
[-49,47,9];[5,5,7]
[88,35,3];[69,69,69]
[47,6,-5];[92,94,91]
[-19,37,14];[35,37,36]
[-55,35,-15];[58,57,55]
[-2,15,-14];[54,54,54]
[-55,33,6];[3,5,4]
[-78,31,-2];[25,25,25]
[-44,52,6];[126,113,61]
[43,35,-3];[35,31,28]
[-57,48,1];[0,0,0]
[-32,43,11];[190,174,114]
[63,47,-2];[57,57,55]
[-21,48,6];[54,74,133]
[-79,47,4];[2,2,2]
[25,31,-10];[22,23,25]
[-59,61,-3];[123,121,122]
[36,19,6];[63,63,65]
[-55,59,2];[63,63,63]
[-20,31,-8];[6,6,6]
[15,50,-13];[59,58,56]
[-15,23,-9];[14,14,14]
[18,46,-17];[90,92,91]
[55,13,-3];[72,72,72]
[13,35,-17];[79,79,77]
[-20,23,-9];[10,10,10]
[-91,34,-3];[77,77,79]
[-81,43,4];[30,32,31]
[-55,34,10];[8,8,8]
[-81,31,0];[74,74,74]
[-21,21,-9];[76,80,83]
[-16,47,-16];[15,17,16]
[59,31,1];[35,35,33]
[3,14,-14];[53,53,53]
[17,18,-9];[26,28,27]
[-28,23,-6];[6,6,6]
[82,29,-4];[9,9,11]
[-46,51,-2];[59,63,64]
[-16,16,-9];[22,22,22]
[-35,31,4];[60,62,61]
[17,13,-9];[12,12,12]
[-77,41,-11];[115,116,120]
[-38,30,5];[88,92,101]
[-31,30,-4];[163,144,68]
[17,10,-9];[1,1,0]
[-54,47,-13];[80,75,45]
[-45,26,9];[67,69,68]
[-50,56,-1];[5,5,5]
[-7,3,-9];[204,173,80]
[-17,44,16];[1,1,3]
[-88,38,-3];[4,4,2]
[19,46,-16];[31,30,26]
[-20,35,8];[52,78,152]
[13,2,-9];[67,67,67]
[5,2,-9];[68,68,68]
[-35,25,5];[124,115,74]
[11,52,-11];[112,114,111]
[-45,44,-8];[55,55,55]
[2,2,-9];[68,68,68]
[-38,49,-2];[117,126,143]
[-47,28,-10];[52,52,52]
[-43,53,5];[254,226,80]
[39,45,15];[65,65,65]
[-33,36,8];[20,19,15]
[47,39,4];[93,72,43]
[-57,44,11];[8,8,8]
[0,2,-9];[71,71,71]
[-6,11,-14];[52,52,50]
[-2,2,-9];[70,70,70]
[-2,39,-12];[84,119,187]
[-50,38,14];[55,54,49]
[-58,41,8];[5,5,5]
[-62,32,-5];[13,13,15]
[-90,43,1];[11,11,11]
[-4,2,-9];[69,69,69]
[-6,2,-9];[67,65,66]
[-45,46,-6];[46,48,47]
[-9,2,-9];[246,204,34]
[-47,30,-1];[59,61,60]
[87,33,-6];[58,59,61]
[-53,36,-12];[3,4,6]
[-11,27,-11];[47,45,33]
[-52,33,-10];[51,71,122]
[-50,33,-13];[60,60,60]
[90,40,-1];[76,76,78]
[-55,50,9];[220,186,35]
[-9,3,-9];[248,205,48]
[48,11,4];[54,53,51]
[-12,2,-9];[69,69,69]
[0,54,-9];[45,29,3]
[-31,47,9];[47,49,48]
[-34,50,-5];[56,58,55]
[42,46,-8];[59,59,59]
[15,22,-12];[52,52,54]
[14,48,15];[31,31,31]
[-57,36,-8];[7,6,4]
[-12,3,-9];[73,71,72]
[-2,54,-9];[5,4,2]
[-3,18,-13];[54,54,54]
[-13,54,-6];[18,20,19]
[-9,54,-9];[15,15,15]
[42,19,-5];[36,36,36]
[17,21,-5];[1,1,1]
[-55,54,0];[30,30,30]
[-12,54,-9];[57,55,56]
[-52,20,-5];[243,199,42]
[-39,50,10];[127,115,65]
[85,39,-5];[66,66,66]
[-47,42,11];[73,97,167]
[14,37,-16];[18,18,18]
[6,54,-9];[21,17,8]
[-51,50,5];[5,5,3]
[-27,43,-11];[22,22,20]
[-14,54,0];[32,32,32]
[-3,0,-2];[71,71,71]
[-59,29,9];[58,56,57]
[-87,38,0];[38,40,39]
[5,17,13];[54,54,54]
[-1,54,-10];[56,55,53]
[-45,29,-5];[198,168,52]
[-3,2,7];[58,58,58]
[-53,38,14];[68,65,48]
[-2,54,-10];[54,54,54]
[-19,51,1];[7,7,7]
[48,6,-3];[71,71,71]
[77,40,5];[212,175,104]
[-88,43,-7];[105,105,105]
[-20,42,-10];[75,102,181]
[-60,42,-14];[109,113,116]
[23,54,-9];[81,81,79]
[-82,39,1];[32,32,24]
[-63,39,-11];[53,54,58]
[-3,23,-10];[33,33,33]
[-29,32,-9];[19,19,17]
[71,38,5];[111,100,42]
[-84,36,-6];[15,15,15]
[-41,27,-10];[57,59,58]
[31,53,-9];[60,60,60]
[-29,34,-8];[72,77,83]
[-54,29,3];[6,6,6]
[-6,30,-15];[30,34,35]
[-83,42,-9];[62,62,64]
[17,36,-17];[86,90,89]
[-49,21,-5];[174,135,8]
[-90,37,-6];[76,76,78]
[-79,35,-9];[89,90,85]
[-3,60,-3];[174,150,54]
[-42,31,6];[48,50,49]
[-22,51,-9];[207,172,54]
[66,47,-4];[70,70,70]
[-19,34,-11];[13,13,11]
[23,48,-16];[99,100,102]
[-49,47,8];[5,5,3]
[-30,51,-9];[251,210,44]
[-16,36,14];[43,45,44]
[-23,33,-10];[175,157,75]
[7,58,-7];[65,59,33]
[-73,47,-8];[34,34,34]
[13,58,-3];[99,85,50]
[-49,53,5];[173,143,23]
[-55,32,-13];[59,59,59]
[-68,28,-1];[63,65,64]
[-54,62,-3];[66,67,71]
[-31,51,-9];[251,209,39]
[-74,36,-10];[3,5,4]
[-34,51,-9];[238,198,49]
[-18,26,-9];[13,13,13]
[-38,56,0];[45,45,45]
[42,35,-3];[28,9,5]
[-25,43,14];[64,63,45]
[-13,51,-13];[60,62,61]
[-19,51,-4];[168,150,76]
[-35,51,-9];[223,191,78]
[-62,44,7];[4,5,7]
[73,27,4];[44,44,44]
[-45,36,-11];[74,93,149]
[-4,0,-4];[68,70,69]
[-37,51,-9];[52,51,46]
[46,5,0];[75,75,75]
[52,12,3];[32,30,33]
[-41,51,-9];[68,57,35]
[-57,51,-9];[57,59,58]
[37,49,-14];[55,57,56]
[-58,51,-9];[57,57,57]
[-49,34,7];[29,30,25]
[56,15,3];[67,67,65]
[-65,50,-3];[57,59,58]
[-26,53,-5];[83,74,56]
[57,16,2];[66,66,66]
[-59,51,-9];[60,60,60]
[6,51,-16];[74,78,81]
[7,48,-9];[32,53,118]
[18,20,0];[46,46,44]
[5,24,-9];[11,11,11]
[-17,43,-16];[1,1,1]
[4,49,-10];[37,61,133]
[-52,29,-11];[36,36,36]
[-79,38,-8];[26,26,26]
[3,49,-9];[34,57,124]
[-38,48,-5];[38,38,36]
[1,38,11];[93,121,168]
[-81,33,-3];[57,59,56]
[18,36,-15];[6,6,4]
[78,29,-3];[36,34,37]
[-31,32,6];[55,57,56]
[-50,45,-14];[252,206,51]
[88,25,0];[68,68,70]
[-20,53,4];[33,29,26]
[14,55,-9];[15,10,6]
[16,4,-2];[1,1,1]
[73,45,-6];[48,48,50]
[64,42,-6];[53,53,53]
[-17,56,-2];[48,49,51]
[20,34,13];[65,66,68]
[-9,47,13];[89,95,109]
[14,8,-13];[55,56,58]
[4,47,-9];[1,41,163]
[-11,41,-16];[50,50,50]
[-36,24,-5];[52,52,50]
[-35,33,13];[62,63,65]
[-8,51,-14];[37,36,34]
[36,38,15];[62,63,65]
[-49,51,8];[240,207,32]
[-25,15,-2];[77,79,78]
[28,45,16];[32,32,30]
[-42,47,-9];[56,56,56]
[-8,54,9];[54,54,54]
[-25,49,0];[52,50,38]
[-56,58,1];[14,14,14]
[-38,52,-9];[64,60,48]
[82,26,-6];[74,74,76]
[-28,45,14];[241,203,16]
[-79,38,6];[3,3,3]
[8,47,-9];[8,46,169]
[-52,41,-12];[2,2,2]
[-22,29,9];[15,15,15]
[43,35,-1];[26,25,20]
[23,22,-5];[10,10,10]
[-26,47,-13];[249,204,49]
[-58,27,-12];[118,119,114]
[-32,16,-3];[238,201,86]
[16,2,3];[48,48,48]
[38,50,6];[59,59,59]
[-1,47,-10];[10,62,182]
[7,30,16];[84,83,79]
[-31,47,-10];[29,29,29]
[-19,49,11];[25,16,0]
[14,40,-13];[62,112,175]
[17,46,-17];[68,69,71]
[-3,38,-12];[78,113,171]
[16,50,13];[52,52,52]
[-2,60,-6];[233,196,45]
[82,45,-4];[69,70,72]
[-70,47,-10];[42,44,43]
[25,40,-14];[3,6,13]
[88,17,3];[72,72,74]
[-13,54,-7];[24,24,24]
[-7,57,8];[74,74,82]
[72,28,-5];[52,53,55]
[-31,46,6];[110,112,109]
[29,39,-17];[19,19,21]
[27,24,-8];[3,3,3]
[-6,50,-13];[36,40,43]
[6,46,-9];[5,17,41]
[-13,29,11];[46,46,46]
[-92,37,1];[23,25,24]
[-78,33,6];[73,73,73]
[-48,51,-4];[54,56,55]
[-26,43,-15];[248,203,58]
[-73,49,5];[53,53,51]
[-26,46,-9];[35,37,36]
[-22,45,-9];[3,3,3]
[19,59,3];[66,66,66]
[-77,31,-6];[84,84,84]
[52,9,-4];[67,67,67]
[-20,45,-9];[3,5,4]
[-68,45,-9];[2,3,5]
[36,20,-7];[57,53,50]
[-86,42,7];[63,65,64]
[-53,63,2];[76,76,76]
[-36,24,4];[6,6,4]
[53,35,5];[221,190,81]
[-23,45,-10];[3,3,3]
[59,19,3];[61,61,61]
[-31,49,10];[55,55,45]
[-76,48,5];[66,61,55]
[-19,44,-9];[3,5,4]
[64,34,5];[78,79,81]
[-4,30,-14];[49,51,50]
[-21,48,12];[61,58,43]
[35,24,6];[21,21,21]
[24,14,-2];[27,27,27]
[0,50,-14];[42,46,58]
[75,29,0];[18,18,18]
[4,5,10];[63,65,64]
[-54,57,-3];[65,66,70]
[17,31,-11];[43,43,45]
[-74,43,9];[2,2,2]
[6,33,9];[1,38,127]
[-52,49,1];[7,6,4]
[0,36,-11];[87,126,193]
[14,23,-10];[38,40,39]
[33,7,-1];[1,1,0]
[-50,37,9];[32,34,33]
[7,58,-3];[55,46,39]
[-83,45,-3];[30,30,28]
[-11,58,3];[1,1,1]
[-41,16,4];[41,34,5]
[51,36,-5];[51,48,33]
[38,30,-5];[45,45,47]
[-70,50,1];[49,49,51]
[-86,36,6];[71,72,74]
[-40,55,1];[61,61,61]
[30,34,-13];[28,30,29]
[-70,31,-9];[56,57,59]
[46,35,-2];[57,57,55]
[87,25,5];[104,102,103]
[-38,42,-9];[63,65,64]
[-57,17,5];[73,73,73]
[-59,53,1];[51,53,52]
[-49,56,3];[45,47,46]
[-19,50,-3];[194,169,69]
[31,53,9];[68,68,70]
[40,25,-4];[39,39,39]
[37,11,2];[47,41,29]
[-17,21,-5];[24,24,22]
[-23,39,14];[51,53,52]
[-1,51,-16];[71,76,79]
[85,45,1];[61,61,61]
[41,47,-5];[50,50,50]
[-54,42,-9];[3,3,3]
[-14,38,-15];[43,43,45]
[-31,43,-9];[35,35,35]
[-46,41,-10];[58,60,59]
[17,23,5];[0,0,0]
[-8,57,6];[93,89,88]
[-83,31,0];[75,75,75]
[-19,29,-13];[68,68,70]
[11,59,-5];[111,88,44]
[-55,26,-10];[50,54,55]
[22,26,-8];[69,70,74]
[-90,34,0];[10,10,10]
[-25,53,-6];[145,123,73]
[-2,49,-13];[112,136,198]
[-81,42,-9];[62,64,63]
[-83,32,4];[66,66,66]
[24,37,-16];[50,52,51]
[-84,46,0];[55,49,15]
[-45,42,-9];[8,8,8]
[-87,33,4];[74,74,72]
[-7,5,-12];[225,188,82]
[-17,39,-17];[88,91,96]
[18,45,14];[58,58,58]
[40,33,-6];[26,26,24]
[-44,42,-9];[36,38,37]
[6,52,-12];[55,55,55]
[47,6,-3];[71,71,71]
[-82,43,-4];[11,11,11]
[0,6,11];[63,63,63]
[-45,42,-10];[26,26,26]
[-2,17,-14];[53,53,53]
[43,41,-8];[5,6,8]
[-39,42,-10];[123,127,126]
[-23,50,-6];[48,48,46]
[0,49,-10];[37,60,127]
[-18,52,11];[56,58,57]
[-40,42,-10];[80,80,78]
[78,43,-5];[249,205,54]
[-3,16,-14];[53,53,53]
[27,44,16];[48,48,48]
[-47,42,-10];[60,62,61]
[-84,42,3];[41,41,41]
[46,43,-6];[43,43,43]
[32,22,-7];[58,53,50]
[-32,49,1];[57,59,58]
[52,16,1];[31,31,33]
[-80,41,-9];[13,13,13]
[16,28,-10];[5,3,4]
[-53,38,-10];[47,48,50]
[-50,48,4];[54,56,55]
[-59,41,-10];[2,2,2]
[-87,42,2];[15,15,13]
[84,45,-2];[58,58,58]
[-55,37,-15];[219,184,66]
[-29,30,3];[53,53,53]
[-70,30,-5];[30,30,32]
[-46,56,-1];[46,46,46]
[-1,60,-2];[249,215,81]
[-57,36,-11];[8,8,8]
[-19,23,-8];[9,9,9]
[-58,40,-10];[2,2,0]
[-16,11,-8];[98,100,99]
[11,44,-12];[8,26,126]
[-56,39,-9];[4,4,4]
[-85,46,-2];[14,16,15]
[-49,42,-12];[61,63,62]
[-81,34,-5];[13,13,11]
[-60,39,-10];[3,3,3]
[8,14,-14];[240,200,66]
[-56,38,-9];[6,6,6]
[29,11,-1];[2,2,2]
[-61,39,-10];[11,11,13]
[-19,41,10];[50,50,48]
[-85,47,3];[58,58,56]
[-79,38,-9];[8,8,8]
[-24,39,10];[32,33,28]
[-61,38,-10];[10,10,10]
[-34,33,-10];[76,78,77]
[86,23,5];[69,69,69]
[-81,38,-10];[80,81,83]
[-16,19,3];[20,20,18]
[-22,48,-13];[248,204,47]
[-10,60,0];[60,60,60]
[27,25,7];[38,38,38]
[-57,16,-2];[66,65,61]
[-6,13,-14];[51,50,46]
[75,22,-1];[63,59,50]
[-25,46,13];[239,202,25]
[65,34,5];[77,78,80]
[-50,46,-11];[2,2,0]
[-80,38,-10];[84,85,89]
[16,60,-6];[72,73,77]
[-59,29,10];[58,58,58]
[-39,37,-10];[19,19,17]
[-2,14,-14];[54,54,54]
[-40,37,-9];[19,19,17]
[-51,32,-7];[18,17,15]
[-52,33,-14];[61,61,59]
[-12,55,-1];[39,39,37]
[58,24,-2];[24,24,24]
[-35,38,11];[53,55,54]
[-35,54,2];[38,38,36]
[51,15,2];[19,19,19]
[-41,37,-10];[19,19,17]
[-16,28,-11];[27,27,27]
[-51,16,-2];[69,68,64]
[-46,34,-10];[68,89,144]
[-44,48,-12];[65,60,38]
[-42,37,-9];[167,140,33]
[-39,33,-13];[65,64,62]
[53,38,5];[68,65,58]
[55,31,-5];[55,57,56]
[1,3,9];[74,76,75]
[-42,37,-10];[168,140,31]
[47,33,-2];[78,78,76]
[-43,37,-9];[168,140,30]
[-19,38,-17];[80,81,83]
[-45,37,-9];[168,140,30]
[71,39,-6];[27,26,22]
[-56,21,-5];[4,3,1]
[-7,55,-9];[25,23,24]
[-46,37,-10];[168,140,31]
[-28,36,-15];[135,199,224]
[-52,29,10];[30,29,27]
[41,44,-16];[56,56,54]
[-52,37,-9];[32,32,30]
[40,40,-16];[53,53,53]
[-48,44,-11];[2,2,0]
[36,30,10];[5,5,5]
[3,60,2];[134,127,98]
[-20,42,-11];[155,144,98]
[-53,37,-9];[60,62,61]
[-53,37,-10];[60,62,61]
[16,9,-2];[13,13,13]
[-55,37,-9];[2,2,2]
[52,34,-6];[71,68,61]
[-16,52,-14];[193,192,190]
[-30,36,-9];[55,72,116]
[-45,37,-10];[168,140,33]
[33,18,4];[37,36,32]
[-30,36,-10];[55,72,116]
[-40,50,-10];[64,60,48]
[-9,8,-13];[238,200,57]
[-79,33,3];[48,48,48]
[-32,36,-10];[41,43,42]
[-44,41,-12];[88,90,89]
[-51,33,13];[59,60,62]
[-34,36,-10];[6,6,6]
[-76,29,0];[77,77,77]
[1,45,10];[87,118,165]
[88,38,4];[68,69,71]
[-90,39,-6];[26,26,26]
[-62,37,-9];[38,40,39]
[56,31,3];[35,35,35]
[-27,22,3];[1,0,0]
[-17,9,-6];[113,118,124]
[11,36,-13];[11,31,146]
[-62,35,-9];[2,2,2]
[-48,55,2];[47,48,50]
[6,0,-3];[66,66,64]
[-62,35,-10];[1,1,1]
[-76,34,-9];[86,87,89]
[-66,34,-9];[25,15,0]
[40,4,-5];[81,81,81]
[16,9,7];[1,1,1]
[-74,34,-9];[2,2,2]
[16,28,-11];[96,91,95]
[15,39,-14];[11,17,43]
[-15,46,-15];[5,5,5]
[64,26,2];[63,63,63]
[-86,32,-3];[79,79,81]
[8,34,-13];[4,24,123]
[-73,38,10];[23,23,21]
[-85,34,-5];[2,2,2]
[-21,33,-9];[50,51,45]
[-26,33,-9];[54,55,50]
[-83,39,-1];[44,44,44]
[-1,30,-16];[2,2,2]
[89,37,-4];[66,66,64]
[-21,46,8];[59,59,59]
[-44,49,-8];[201,166,36]
[17,23,3];[30,31,25]
[-82,36,-9];[61,62,64]
[30,54,1];[57,57,57]
[17,8,-10];[33,33,33]
[-36,16,-1];[244,208,98]
[-6,14,13];[245,211,39]
[-46,32,-9];[64,68,69]
[-15,54,5];[54,54,54]
[80,34,-3];[69,65,64]
[43,44,-5];[37,37,37]
[-9,23,-10];[215,179,23]
[-62,41,9];[1,1,1]
[10,28,11];[62,50,26]
[-47,32,-10];[78,66,24]
[-26,51,3];[189,159,45]
[-12,1,-8];[58,58,56]
[-32,47,-7];[124,125,117]
[32,31,-9];[47,47,47]
[-15,7,-12];[54,54,54]
[41,35,-7];[17,17,17]
[25,53,9];[57,59,58]
[30,31,-9];[44,44,44]
[-4,26,-8];[22,22,22]
[-33,27,-10];[63,63,63]
[-54,31,-13];[63,63,61]
[28,31,-9];[16,16,16]
[82,29,4];[19,19,19]
[-35,25,8];[74,65,50]
[-46,33,-10];[74,93,149]
[18,30,-9];[3,3,5]
[13,28,-11];[54,56,55]
[-37,25,5];[19,13,0]
[-7,0,-5];[203,177,84]
[-19,53,-10];[36,34,22]
[-8,50,-15];[36,36,36]
[16,10,-3];[16,18,17]
[-60,30,-9];[67,67,65]
[-9,28,-12];[235,198,55]
[23,55,3];[53,53,55]
[-16,15,-10];[18,20,19]
[31,41,16];[25,25,25]
[-60,19,1];[107,109,108]
[10,31,16];[140,139,135]
[36,28,-9];[36,36,34]
[-7,59,6];[61,59,62]
[-23,19,-7];[15,15,15]
[-23,46,-11];[55,57,56]
[16,26,-9];[48,44,43]
[16,27,-9];[6,4,5]
[-47,30,1];[54,54,52]
[-30,25,-7];[139,138,136]
[42,4,-1];[76,77,79]
[16,14,-14];[49,49,49]
[-52,51,2];[7,7,5]
[-68,49,-7];[42,42,42]
[11,26,-9];[25,26,21]
[-20,13,2];[64,64,64]
[-38,38,-15];[53,53,51]
[8,26,-9];[27,28,23]
[43,38,-10];[35,35,33]
[-20,46,8];[57,59,58]
[-66,46,-9];[54,54,54]
[-14,8,12];[65,64,70]
[2,26,-9];[25,25,23]
[15,60,-6];[102,81,16]
[1,26,-9];[26,26,26]
[-61,28,-4];[192,190,191]
[-56,37,-10];[2,2,2]
[-31,36,-15];[122,190,213]
[-48,16,-4];[59,59,59]
[-27,21,6];[82,86,85]
[22,54,6];[45,45,43]
[-1,26,-9];[25,26,21]
[-51,55,0];[8,7,5]
[64,46,3];[74,74,76]
[-82,34,-4];[23,23,23]
[-54,16,-5];[245,200,21]
[-9,27,-11];[237,197,39]
[-2,26,-9];[27,27,25]
[14,58,-4];[100,90,52]
[-13,31,-15];[55,55,53]
[82,27,-5];[10,10,10]
[-26,25,5];[22,24,23]
[41,47,-6];[54,54,54]
[-90,40,-7];[11,11,11]
[5,32,-14];[9,9,9]
[16,14,-10];[11,11,11]
[-41,43,14];[245,206,13]
[-5,26,-9];[36,30,14]
[-90,42,-7];[93,94,98]
[-56,38,-10];[4,4,2]
[-24,33,-10];[215,184,67]
[-56,21,-4];[1,1,0]
[77,40,-6];[124,122,109]
[-17,8,4];[166,167,171]
[-6,30,-14];[52,52,52]
[-7,26,-9];[55,41,0]
[5,37,-12];[40,56,72]
[80,26,-6];[49,37,25]
[-9,26,-9];[91,76,19]
[-11,26,-9];[80,71,28]
[-89,40,-7];[67,69,68]
[-54,16,2];[243,204,77]
[50,45,1];[36,36,36]
[-1,59,5];[50,35,12]
[-47,46,6];[13,13,11]
[-90,43,2];[5,5,5]
[-59,33,-10];[14,14,12]
[13,0,-4];[69,69,69]
[-17,6,-5];[3,3,3]
[-72,35,9];[45,46,48]
[-12,26,-9];[41,38,23]
[-58,24,-11];[78,82,85]
[82,20,-5];[16,17,19]
[-28,21,5];[72,76,75]
[17,51,-12];[62,62,62]
[-67,29,0];[2,2,0]
[41,34,-5];[5,1,0]
[0,51,-12];[67,67,65]
[90,41,2];[76,76,76]
[-55,50,-4];[7,7,5]
[-8,33,15];[12,12,14]
[74,38,-6];[239,199,52]
[-28,25,-9];[63,64,66]
[-34,28,0];[19,21,20]
[46,10,-5];[64,68,69]
[-29,25,-9];[67,67,69]
[4,34,10];[0,26,93]
[-30,25,-10];[60,62,61]
[-26,56,-1];[45,47,46]
[34,5,0];[76,77,79]
[-55,46,-11];[2,2,0]
[-38,48,3];[32,32,30]
[-18,33,-16];[61,59,60]
[-23,42,-10];[166,145,56]
[-51,30,-12];[55,53,54]
[75,41,-5];[248,214,91]
[-9,59,5];[56,56,56]
[6,21,11];[221,199,113]
[3,23,-11];[42,42,42]
[18,33,-13];[61,60,58]
[57,16,-1];[65,65,65]
[-30,50,-11];[64,56,33]
[11,43,-15];[44,51,59]
[-31,25,-10];[68,70,69]
[-88,45,3];[16,16,14]
[-39,50,-10];[61,59,47]
[8,39,-12];[86,124,195]
[-33,25,-9];[65,65,67]
[-16,18,-9];[12,12,12]
[80,35,-6];[43,41,44]
[-33,25,-10];[62,62,64]
[-43,50,5];[35,35,35]
[-33,35,-14];[24,33,40]
[-81,42,-7];[16,16,18]
[0,49,9];[38,55,109]
[28,20,-3];[13,12,10]
[-51,45,-14];[253,207,49]
[-20,27,-12];[93,95,94]
[66,34,5];[80,81,83]
[-31,49,6];[29,29,21]
[-35,25,-10];[72,72,70]
[10,35,13];[16,75,177]
[-82,43,4];[11,11,11]
[-16,13,-5];[37,39,38]
[79,15,2];[53,53,53]
[10,10,13];[74,69,49]
[-84,43,-4];[12,12,12]
[-6,52,-12];[51,53,52]
[-88,38,7];[72,71,67]
[46,13,6];[98,99,103]
[-31,29,-5];[19,19,17]
[7,15,-15];[102,102,100]
[6,20,11];[220,200,105]
[-48,50,10];[59,57,44]
[-7,18,12];[243,202,22]
[-40,25,-10];[73,73,71]
[-89,38,5];[5,5,3]
[-41,25,-10];[70,71,66]
[-44,25,-9];[66,66,68]
[18,16,1];[1,1,1]
[-44,25,-10];[69,68,66]
[-60,46,-11];[9,9,9]
[-45,25,-9];[69,69,71]
[-45,40,-10];[23,23,23]
[-48,25,-10];[67,67,67]
[-89,42,-2];[10,11,6]
[-11,56,7];[58,58,60]
[-27,55,-1];[45,45,45]
[-41,38,-10];[19,19,17]
[-10,60,-1];[72,70,73]
[-60,34,10];[20,20,20]
[-50,25,-10];[70,70,70]
[17,14,4];[1,1,1]
[-83,46,-3];[29,30,25]
[-53,25,-9];[67,67,69]
[86,22,-6];[68,69,71]
[-53,25,-10];[62,62,62]
[-70,48,-7];[25,25,27]
[-16,10,-7];[118,122,121]
[7,24,-9];[212,167,4]
[-22,53,3];[0,0,0]
[-14,24,-9];[9,9,9]
[16,23,-9];[14,14,14]
[-38,51,8];[48,46,47]
[16,18,-13];[44,44,44]
[-18,12,-2];[33,28,22]
[-88,46,-5];[65,65,65]
[-16,22,-9];[8,8,6]
[-40,25,-7];[10,9,5]
[4,60,1];[236,209,94]
[-35,33,-10];[114,118,117]
[-19,30,10];[6,6,8]
[-8,60,2];[65,65,63]
[29,34,11];[59,59,59]
[-25,31,-12];[62,61,57]
[5,47,8];[0,27,107]
[-51,30,-3];[3,3,3]
[-38,28,-1];[25,25,23]
[54,47,-3];[59,59,57]
[-50,24,4];[52,51,46]
[13,60,2];[251,237,130]
[-48,25,-6];[3,2,0]
[2,15,-14];[54,54,52]
[-30,48,8];[48,48,48]
[-37,30,11];[62,59,50]
[-85,35,-5];[70,73,80]
[-62,38,-10];[12,12,12]
[17,7,-8];[15,15,15]
[-16,11,-10];[4,3,0]
[55,47,-1];[59,59,59]
[59,27,1];[18,18,18]
[15,60,2];[78,78,76]
[-72,31,-9];[53,54,56]
[-13,5,-11];[63,63,63]
[-34,25,-10];[63,63,63]
[11,21,11];[54,54,54]
[-45,47,-13];[65,58,39]
[-15,3,-9];[55,56,58]
[-47,53,-5];[29,26,19]
[86,31,5];[233,234,238]
[-6,53,10];[55,57,56]
[13,3,-9];[71,73,72]
[-52,36,11];[3,3,3]
[-25,50,-6];[68,70,67]
[-60,37,12];[18,16,19]
[7,3,-9];[241,199,61]
[-52,56,-1];[46,46,46]
[-14,29,12];[48,48,48]
[0,38,-12];[86,121,189]
[36,31,-11];[49,51,50]
[1,30,-17];[120,122,119]
[6,3,-9];[78,77,75]
[-28,47,-13];[42,39,32]
[-12,56,-7];[23,25,24]
[4,3,-9];[71,73,72]
[-89,38,1];[13,13,11]
[3,3,-9];[73,75,74]
[-10,57,6];[55,56,58]
[-45,48,-8];[79,74,45]
[57,17,5];[70,68,71]
[89,45,2];[62,63,65]
[-65,40,-11];[51,52,54]
[39,21,-7];[65,65,67]
[28,45,15];[34,34,34]
[51,14,4];[55,55,57]
[34,23,6];[60,62,61]
[-41,49,-11];[63,61,46]
[42,5,4];[86,84,89]
[-4,3,-9];[73,73,73]
[85,14,3];[70,71,73]
[79,16,-4];[53,53,53]
[-53,24,4];[53,53,51]
[-12,29,12];[43,45,42]
[-40,45,-11];[68,69,64]
[-28,16,1];[69,68,73]
[-27,23,-6];[9,11,10]
[-40,49,11];[145,137,91]
[-56,55,-3];[63,65,64]
[88,28,-5];[110,111,113]
[-6,45,-11];[77,123,200]
[-4,50,-14];[23,24,29]
[37,21,-7];[50,49,47]
[-22,48,6];[36,37,32]
[18,37,-15];[42,43,45]
[-34,47,-14];[222,189,86]
[34,14,-3];[26,25,21]
[44,17,4];[11,11,11]
[38,49,-3];[56,56,54]
[-40,47,-9];[60,62,61]
[4,17,13];[53,55,54]
[-5,3,-9];[73,73,73]
[46,39,-6];[40,40,40]
[-52,49,7];[6,6,4]
[-53,36,14];[100,95,92]
[4,26,-9];[24,24,22]
[-24,23,-7];[1,1,0]
[-7,1,-6];[117,97,34]
[-17,35,-15];[3,3,3]
[-90,44,-3];[45,45,45]
[2,50,-14];[37,41,50]
[-19,55,0];[40,42,41]
[21,54,-9];[58,58,58]
[-22,47,-13];[236,195,69]
[-39,51,-9];[64,60,48]
[-85,41,1];[44,45,40]
[-48,26,9];[60,60,60]
[-50,51,-9];[105,97,50]
[-80,40,2];[50,53,58]
[5,1,-6];[64,64,62]
[-5,58,7];[251,216,28]
[-74,45,-10];[21,21,21]
[74,30,0];[3,1,2]
[9,38,-12];[81,124,202]
[-48,51,-1];[46,48,47]
[-77,44,-9];[78,78,78]
[35,27,7];[19,15,14]
[12,28,-11];[54,54,54]
[42,34,-5];[4,0,0]
[14,11,-14];[55,55,55]
[-80,33,5];[5,5,5]
[32,54,-2];[57,57,57]
[29,23,-8];[119,118,116]
[-79,43,-10];[63,64,66]
[-17,31,-14];[69,70,64]
[-37,32,-9];[102,104,103]
[-34,42,-10];[8,8,8]
[-31,42,-10];[7,7,7]
[27,32,10];[30,30,30]
[-36,30,-2];[48,48,46]
[-30,42,-10];[6,6,4]
[9,31,-17];[71,73,72]
[2,26,-8];[20,19,17]
[-35,53,-4];[34,31,26]
[-75,50,-1];[50,50,50]
[4,46,-10];[56,97,185]
[-32,42,-10];[9,9,9]
[2,3,9];[75,75,75]
[-40,32,-6];[203,169,45]
[-56,36,-15];[64,51,32]
[15,57,7];[243,204,21]
[67,45,-6];[49,49,49]
[-80,42,-4];[2,2,2]
[27,33,11];[58,59,61]
[54,16,-6];[75,75,77]
[-50,30,-7];[43,45,44]
[41,46,-1];[52,50,51]
[-56,27,-12];[63,61,64]
[-32,17,5];[243,199,30]
[70,42,-6];[52,52,52]
[58,26,3];[22,22,22]
[38,48,-15];[55,55,55]
[22,49,-14];[53,53,51]
[-16,9,7];[17,17,17]
[-58,40,11];[7,7,7]
[-57,24,-6];[22,21,17]
[91,46,-1];[61,61,63]
[19,57,1];[63,71,84]
[-66,50,2];[52,52,52]
[-5,41,-12];[83,117,189]
[-79,42,-4];[78,98,151]
[-43,41,-10];[19,21,18]
[-9,57,-7];[56,56,56]
[-48,16,4];[39,40,35]
[-79,38,-2];[30,31,26]
[-55,57,-2];[19,19,19]
[8,48,12];[12,53,145]
[-48,43,-12];[58,58,58]
[-47,41,-10];[59,61,60]
[-50,41,-10];[24,25,20]
[-45,45,7];[177,154,61]
[-39,30,-1];[6,8,7]
[-19,48,-14];[20,19,17]
[-56,42,-12];[4,4,4]
[24,21,1];[25,25,25]
[-43,44,-9];[40,41,43]
[8,29,-13];[164,149,84]
[-53,41,-10];[2,2,2]
[-41,31,-7];[54,54,52]
[-56,40,-10];[5,5,5]
[-38,43,11];[34,34,34]
[18,60,0];[55,55,55]
[-24,27,10];[56,56,56]
[6,51,-15];[58,60,59]
[-48,40,-10];[44,46,45]
[-47,40,-10];[71,73,72]
[51,46,-3];[29,29,29]
[79,38,-6];[70,71,75]
[13,23,-10];[40,40,40]
[-89,40,-8];[122,122,120]
[17,14,-13];[44,44,44]
[25,22,6];[64,65,67]
[-60,34,9];[50,52,49]
[26,24,-10];[21,21,21]
[-71,41,-12];[47,47,47]
[-57,55,1];[2,2,2]
[43,8,-5];[39,39,39]
[17,3,-4];[49,51,50]
[-50,40,-10];[21,21,19]
[51,38,4];[5,5,7]
[85,44,-5];[71,72,74]
[-74,41,-11];[18,18,18]
[-6,0,-4];[66,66,64]
[-52,40,-10];[67,69,58]
[-39,40,-10];[78,80,79]
[2,12,-14];[54,54,52]
[-5,24,9];[204,171,56]
[-76,39,-9];[94,95,99]
[-93,38,-5];[143,144,146]
[-48,39,-10];[50,50,50]
[-1,36,-11];[87,126,193]
[-47,35,-14];[27,39,53]
[-49,39,-10];[45,45,45]
[8,18,-13];[248,206,58]
[-77,47,-8];[64,66,65]
[-44,36,-9];[168,140,30]
[-51,39,-10];[68,68,56]
[-52,39,-10];[4,4,4]
[79,15,-3];[71,72,74]
[10,56,-9];[229,193,70]
[69,29,4];[34,34,32]
[-39,39,-10];[63,63,63]
[11,54,-9];[49,44,40]
[-37,38,-10];[19,19,17]
[-23,39,-12];[28,29,24]
[26,22,5];[65,67,66]
[55,46,3];[69,70,72]
[-46,40,11];[53,55,54]
[9,20,-13];[236,202,76]
[-34,46,13];[57,54,47]
[-51,34,10];[16,16,16]
[-4,1,-6];[63,65,64]
[15,43,-13];[76,136,220]
[-35,27,9];[58,60,59]
[-36,31,3];[60,62,61]
[-40,38,-10];[19,19,17]
[3,33,-11];[3,32,132]
[-41,39,-10];[79,81,80]
[-66,36,-10];[11,11,11]
[-42,39,-10];[23,23,23]
[57,46,4];[59,59,59]
[-58,65,1];[63,65,64]
[-13,7,-13];[57,57,57]
[30,30,-9];[49,51,50]
[-81,44,-3];[197,165,44]
[-42,38,-10];[166,139,36]
[-44,38,-10];[166,139,36]
[-40,31,-5];[206,169,36]
[-31,40,11];[30,30,28]
[-28,50,9];[56,56,46]
[0,51,-13];[71,61,26]
[-45,39,-10];[23,23,23]
[-42,46,-6];[46,48,47]
[-45,38,-10];[155,137,73]
[-46,39,-10];[24,24,22]
[-49,17,-5];[34,34,34]
[-50,38,-10];[41,41,41]
[85,38,-5];[61,65,68]
[-38,17,4];[29,25,14]
[35,29,-9];[8,10,9]
[-11,51,-12];[57,59,58]
[-70,41,11];[48,48,48]
[-44,27,-11];[53,53,53]
[-19,49,-12];[25,21,18]
[84,40,-5];[67,68,70]
[-24,15,-1];[76,76,74]
[7,34,-10];[5,43,168]
[-56,65,1];[63,63,63]
[-52,38,-10];[60,60,60]
[-22,55,-3];[33,32,30]
[-12,54,9];[57,57,57]
[-80,43,-8];[30,30,30]
[-9,41,-13];[21,39,75]
[-53,39,-10];[4,4,4]
[3,0,-2];[69,71,70]
[-9,42,14];[78,82,107]
[-16,21,-2];[17,19,16]
[-54,39,-10];[6,6,4]
[78,28,1];[24,24,24]
[60,21,3];[59,59,57]
[-84,41,-6];[22,22,22]
[-77,38,-9];[64,64,66]
[-23,46,-14];[112,84,21]
[-79,38,-10];[80,81,83]
[-42,43,14];[248,210,15]
[52,16,2];[23,23,23]
[-42,44,-9];[44,46,45]
[-24,48,-4];[3,3,3]
[-26,50,-11];[49,48,46]
[84,32,5];[67,69,68]
[-30,37,-10];[41,43,42]
[-82,40,-7];[57,59,58]
[-59,36,-14];[59,60,62]
[-34,31,-13];[66,66,64]
[-17,31,14];[64,64,64]
[-31,37,-10];[41,43,42]
[-5,33,11];[1,31,117]
[-53,51,0];[50,52,49]
[-34,37,-10];[19,21,18]
[-36,37,-10];[18,20,17]
[-80,37,-9];[67,68,70]
[-23,46,-8];[21,22,17]
[-35,49,-8];[36,37,31]
[-21,21,1];[35,35,35]
[-48,29,9];[33,33,35]
[-38,41,-15];[65,58,39]
[-64,43,9];[20,21,23]
[9,30,-13];[41,40,38]
[-29,25,6];[19,19,17]
[-49,18,-6];[55,52,47]
[55,21,2];[26,26,26]
[-17,17,-9];[128,127,132]
[-87,32,-1];[75,76,78]
[11,59,2];[232,200,79]
[3,33,-10];[0,27,130]
[41,36,-9];[49,49,49]
[-29,33,-10];[52,52,52]
[-4,32,13];[34,34,36]
[53,47,2];[63,63,63]
[-79,36,-9];[67,67,67]
[-10,49,-17];[85,87,86]
[10,60,-6];[244,207,66]
[-17,21,4];[31,31,33]
[-21,52,6];[235,196,31]
[-22,45,13];[58,58,46]
[74,43,-5];[63,55,32]
[-43,46,-10];[56,55,50]
[-50,42,-10];[143,123,50]
[17,24,-7];[11,11,13]
[78,28,2];[2,2,2]
[31,35,-16];[84,85,89]
[-77,35,-9];[79,81,80]
[3,44,-11];[77,116,193]
[-36,56,-1];[38,38,38]
[-77,35,-10];[67,68,70]
[-34,39,-12];[54,56,55]
[53,15,-6];[75,74,79]
[16,26,-8];[41,41,41]
[-83,37,-6];[26,26,26]
[-35,44,10];[54,54,54]
[-10,55,7];[49,50,54]
[40,4,-2];[76,76,76]
[-55,51,-3];[6,6,6]
[14,49,-14];[55,54,52]
[-10,49,13];[51,53,50]
[-73,39,11];[49,49,49]
[43,34,-3];[36,12,10]
[-82,33,1];[82,84,81]
[15,11,13];[65,66,68]
[28,11,1];[71,73,72]
[-46,48,-12];[220,181,54]
[-59,29,0];[29,31,30]
[-35,25,-9];[67,67,69]
[-21,39,10];[57,57,55]
[12,6,-12];[60,60,60]
[-37,41,8];[58,62,61]
[-73,33,-9];[47,49,48]
[-21,33,-10];[72,69,50]
[11,39,-15];[59,67,78]
[-31,31,11];[63,63,61]
[-11,10,-14];[61,60,55]
[-89,42,3];[11,10,8]
[-26,36,10];[2,2,0]
[-56,51,-9];[59,59,59]
[63,39,-6];[37,38,33]
[57,21,-6];[72,71,76]
[-48,35,-8];[61,63,60]
[-56,31,-7];[4,4,4]
[61,21,0];[60,62,61]
[-21,22,0];[24,24,22]
[-2,31,-17];[54,53,51]
[5,4,-10];[74,73,71]
[-50,32,8];[58,58,56]
[-36,27,9];[56,58,57]
[-38,36,11];[53,53,53]
[29,53,-10];[57,57,57]
[13,30,11];[61,63,62]
[-26,45,-9];[27,28,30]
[-46,36,11];[49,51,48]
[-15,24,8];[2,2,2]
[-1,54,-9];[37,30,11]
[43,19,-6];[36,40,39]
[-88,43,-2];[25,25,25]
[-53,51,3];[7,7,5]
[40,33,-9];[41,41,39]
[-45,33,-10];[74,93,149]
[-56,32,-13];[58,58,58]
[75,38,-6];[250,206,58]
[-22,32,12];[55,57,56]
[20,30,-9];[30,30,30]
[-28,25,-7];[21,21,21]
[-80,37,4];[25,25,25]
[18,29,-9];[2,2,0]
[-19,34,-9];[66,68,67]
[32,53,9];[59,59,59]
[20,28,-9];[44,44,44]
[5,51,12];[56,56,54]
[17,5,6];[52,53,55]
[79,20,4];[61,61,59]
[-90,43,-7];[67,67,67]
[-41,52,-8];[163,140,60]
[10,48,13];[68,62,64]
[41,46,-16];[87,87,87]
[-16,51,-13];[157,157,155]
[18,28,-9];[11,11,9]
[-39,40,-12];[59,59,47]
[-43,20,-5];[236,191,28]
[-66,47,6];[42,42,42]
[88,37,-2];[56,54,55]
[-21,37,-11];[19,20,15]
[-21,38,14];[53,53,53]
[6,50,14];[26,27,29]
[-55,37,-10];[2,2,2]
[25,54,7];[66,66,66]
[15,26,-10];[40,40,40]
[-89,39,-8];[73,73,73]
[-19,32,6];[52,78,152]
[-42,36,-11];[62,79,125]
[-51,25,-10];[67,67,67]
[-40,20,-6];[39,38,36]
[-16,26,7];[27,27,25]
[27,25,-9];[8,8,8]
[-58,26,-12];[82,83,87]
[-4,19,12];[56,56,56]
[88,32,0];[67,67,67]
[-58,24,-9];[55,55,55]
[58,47,0];[58,58,56]
[10,24,-9];[25,22,7]
[-25,50,5];[25,27,26]
[-55,48,-13];[144,138,124]
[-27,25,-8];[17,17,17]
[-28,40,11];[128,133,129]
[22,26,-10];[9,9,9]
[-6,59,-6];[78,79,81]
[3,24,9];[14,14,14]
[-24,52,-8];[55,56,51]
[-20,34,9];[75,72,53]
[-11,59,-5];[117,113,110]
[-21,21,8];[82,83,87]
[52,41,-6];[47,51,52]
[88,15,-4];[85,85,85]
[65,41,-6];[53,53,53]
[-48,44,8];[19,19,19]
[-22,27,-10];[23,19,16]
[-22,32,-10];[122,114,77]
[-78,30,0];[79,79,79]
[-1,24,-9];[13,13,13]
[-47,30,-2];[82,86,87]
[-15,17,-14];[59,59,59]
[-35,43,14];[61,58,49]
[-6,24,-9];[21,17,6]
[-93,45,-3];[122,124,119]
[9,59,-5];[196,145,36]
[-54,17,-6];[238,197,73]
[-73,49,-6];[49,49,49]
[-12,28,-11];[46,46,44]
[9,35,-13];[2,24,135]
[10,2,-8];[229,192,62]
[-57,32,3];[7,7,5]
[41,46,5];[53,53,53]
[-33,51,-10];[247,204,40]
[-16,14,-5];[1,1,1]
[46,10,-7];[80,80,82]
[-51,21,-5];[217,173,6]
[-46,35,-9];[199,165,32]
[14,56,-9];[242,203,86]
[-1,60,5];[225,190,38]
[-59,30,0];[12,12,12]
[24,54,-1];[56,56,56]
[81,20,3];[23,23,23]
[-10,24,-9];[38,26,0]
[56,33,4];[127,126,122]
[28,20,1];[46,37,22]
[14,24,-9];[18,20,19]
[-68,30,6];[57,57,57]
[-22,22,-10];[87,88,92]
[41,12,5];[61,63,62]
[-16,10,-12];[29,29,31]
[-48,37,-15];[52,51,47]
[10,35,-12];[3,18,119]
[-10,42,-15];[57,61,64]
[-78,47,1];[21,21,21]
[-35,31,6];[60,58,59]
[88,30,-3];[66,66,68]
[77,35,2];[27,27,27]
[-82,43,-9];[66,66,68]
[38,10,-4];[37,38,33]
[37,31,10];[45,45,45]
[-16,21,-9];[2,1,0]
[-32,39,-10];[50,51,45]
[-43,38,14];[247,211,29]
[-7,32,16];[12,12,10]
[-17,9,-9];[31,31,31]
[26,24,8];[16,16,16]
[-10,25,-8];[44,28,0]
[45,18,3];[33,33,33]
[10,51,-14];[45,45,43]
[-53,44,8];[6,6,6]
[-40,16,-1];[69,69,69]
[17,8,-9];[4,4,4]
[-8,59,4];[86,85,83]
[5,31,-16];[50,57,65]
[21,37,-15];[54,54,54]
[-29,21,3];[134,105,1]
[-80,38,7];[2,2,2]
[-47,16,1];[67,66,64]
[-4,43,10];[68,102,165]
[8,22,-12];[245,202,37]
[17,6,-9];[32,34,33]
[-49,36,8];[44,44,46]
[-33,29,-5];[28,28,28]
[-22,17,0];[20,22,21]
[10,3,-9];[129,116,63]
[51,8,0];[69,69,69]
[8,3,-9];[245,200,59]
[-24,49,1];[45,41,29]
[17,7,2];[29,27,28]
[-17,12,7];[60,60,62]
[-10,35,-16];[14,14,14]
[-59,49,10];[29,29,31]
[-10,3,-9];[149,114,30]
[77,19,-1];[76,70,58]
[81,14,-2];[72,73,75]
[5,54,-10];[55,55,53]
[-36,55,-1];[41,43,42]
[-24,18,-7];[10,9,7]
[-16,29,12];[61,61,59]
[-7,54,-10];[56,56,54]
[19,50,-14];[75,79,82]
[17,20,0];[1,1,1]
[-37,43,11];[51,51,51]
[-6,56,-9];[154,156,155]
[-81,38,-8];[59,61,60]
[-52,48,-9];[1,1,1]
[16,17,-1];[1,1,0]
[-5,2,8];[132,120,80]
[3,56,-9];[79,73,47]
[-51,53,-5];[38,38,38]
[-44,47,-10];[79,73,47]
[-13,54,-10];[58,58,58]
[-59,49,-11];[61,59,60]
[45,43,5];[60,50,38]
[-59,16,2];[99,90,95]
[-57,48,3];[2,2,2]
[-23,51,-9];[193,161,60]
[-36,38,-15];[72,69,54]
[-27,16,-5];[252,221,55]
[-43,48,-9];[57,56,51]
[22,31,10];[47,47,47]
[-58,26,7];[59,60,62]
[54,11,-3];[74,74,74]
[83,28,-6];[68,68,70]
[-77,47,-3];[31,30,26]
[1,49,-9];[37,62,129]
[33,8,-2];[20,20,20]
[-36,35,10];[52,52,52]
[-2,49,-9];[46,67,130]
[-80,37,2];[16,16,14]
[-3,49,-10];[63,79,128]
[-78,35,-9];[94,96,95]
[-92,47,0];[54,54,54]
[81,15,-3];[69,69,71]
[-19,23,8];[1,1,0]
[-11,56,0];[49,49,49]
[19,60,-5];[49,49,49]
[16,34,-14];[7,5,6]
[-16,9,-13];[47,47,47]
[20,23,-1];[30,31,26]
[36,52,-11];[60,61,63]
[29,54,-9];[87,87,87]
[-15,22,10];[43,43,43]
[-56,17,-5];[98,76,16]
[33,54,1];[57,57,57]
[-16,6,6];[0,0,0]
[-64,47,6];[45,21,0]
[-30,29,2];[33,34,36]
[-58,31,-12];[49,49,49]
[-46,47,-10];[5,5,5]
[-44,28,10];[51,53,52]
[34,43,-16];[33,33,33]
[25,43,15];[7,7,7]
[-29,24,5];[15,14,9]
[24,34,-14];[59,59,59]
[-7,30,-13];[173,148,64]
[27,54,-1];[56,56,56]
[-33,24,4];[6,6,6]
[-47,47,-10];[2,2,0]
[43,40,-10];[10,10,10]
[-57,24,-11];[71,71,71]
[-51,47,-10];[2,2,0]
[-34,53,6];[236,208,83]
[42,23,2];[18,18,18]
[0,58,-5];[87,78,49]
[33,26,-9];[79,79,81]
[0,43,11];[90,118,165]
[-3,60,-6];[226,190,42]
[17,56,8];[227,201,80]
[40,35,-12];[27,27,27]
[16,15,-7];[26,26,26]
[-42,39,14];[242,209,34]
[74,25,-5];[55,57,56]
[45,36,-5];[43,43,43]
[-57,47,-10];[5,5,5]
[5,22,11];[45,45,45]
[-86,44,-2];[19,19,19]
[-62,43,-10];[1,1,1]
[25,48,15];[56,54,57]
[81,21,4];[48,48,48]
[-80,42,-9];[61,63,62]
[-33,41,-10];[8,8,8]
[14,36,-17];[94,93,98]
[37,47,-16];[84,85,89]
[-69,31,6];[59,59,59]
[19,60,1];[67,68,70]
[-35,35,8];[23,23,21]
[-51,51,2];[5,5,3]
[26,22,-6];[68,68,68]
[-36,25,9];[54,53,51]
[1,49,-11];[61,81,140]
[-54,48,1];[5,5,5]
[-80,42,-2];[58,60,59]
[-25,20,0];[105,105,105]
[-17,11,8];[110,108,109]
[-35,40,-10];[181,153,43]
[-83,32,-2];[189,161,61]
[31,17,3];[58,51,41]
[-34,40,-10];[49,51,48]
[-37,29,-10];[48,48,48]
[-16,18,-12];[36,38,37]
[-30,40,-10];[45,45,45]
[39,27,2];[14,16,15]
[-27,38,-15];[51,52,46]
[6,51,-12];[66,66,64]
[28,36,-16];[22,22,22]
[72,42,-6];[50,50,50]
[-47,37,-9];[168,140,30]
[51,37,-4];[6,6,8]
[-31,40,-10];[46,48,47]
[-88,35,-4];[28,29,31]
[73,38,-6];[220,184,62]
[37,18,-7];[59,55,52]
[-48,30,-6];[29,33,45]
[-42,41,-10];[14,14,14]
[12,32,16];[42,38,29]
[-31,39,-10];[46,48,47]
[-33,39,-10];[50,52,51]
[-49,26,-10];[66,68,67]
[86,34,5];[65,66,68]
[87,26,-6];[61,61,63]
[-79,38,-3];[17,19,18]
[83,13,-1];[76,78,77]
[18,25,-1];[21,22,17]
[-17,40,-15];[32,34,33]
[-80,41,0];[16,16,16]
[14,25,7];[1,1,1]
[-56,66,-1];[27,29,28]
[74,25,-6];[52,52,52]
[-1,42,-12];[85,118,185]
[-9,60,-3];[53,55,54]
[-2,11,-14];[54,54,54]
[-66,32,-7];[63,63,63]
[-50,53,4];[17,16,11]
[-35,39,-10];[195,163,44]
[50,46,0];[52,49,44]
[-36,39,-10];[195,163,44]
[-49,45,-8];[41,42,36]
[-75,34,-10];[87,88,92]
[-15,21,-12];[42,42,42]
[-4,14,-14];[53,53,51]
[-47,54,-5];[41,41,41]
[11,52,-12];[94,95,97]
[-81,46,-1];[167,145,59]
[-1,37,-12];[86,121,187]
[-73,33,-10];[48,50,49]
[-18,25,-10];[13,13,13]
[-53,34,-14];[63,65,64]
[37,30,-8];[39,39,37]
[12,60,0];[254,218,62]
[32,21,-6];[57,53,50]
[8,2,-9];[246,200,53]
[-34,36,-15];[115,181,205]
[-16,9,-7];[119,121,120]
[14,2,-9];[68,68,68]
[78,17,1];[49,49,47]
[-19,33,-10];[60,62,61]
[-7,4,10];[221,185,39]
[-44,33,-10];[69,87,137]
[-58,32,-13];[57,57,57]
[-84,44,7];[65,64,62]
[17,22,-7];[19,19,19]
[-50,20,-6];[237,195,47]
[24,32,-10];[3,3,1]
[52,45,-5];[19,19,21]
[-41,46,-11];[68,69,64]
[-19,12,2];[241,221,158]
[-6,32,12];[20,35,68]
[-49,29,-10];[47,47,47]
[9,52,10];[55,55,55]
[-82,34,2];[2,2,4]
[17,2,4];[53,53,55]
[-75,50,-3];[61,61,61]
[-53,40,-15];[230,187,48]
[35,28,-9];[67,68,70]
[34,36,-16];[59,59,59]
[-59,27,-10];[64,65,67]
[-7,0,-2];[67,62,56]
[-79,43,-6];[17,17,17]
[42,37,-15];[55,54,52]
[12,26,-10];[29,29,29]
[-55,39,14];[53,53,53]
[1,58,-8];[231,199,88]
[-16,25,-6];[1,1,1]
[11,26,-10];[28,27,23]
[-11,54,-9];[36,36,36]
[40,16,5];[45,45,43]
[8,26,-10];[221,178,37]
[-85,42,2];[12,12,12]
[-66,31,-7];[62,62,62]
[-11,49,14];[53,53,51]
[35,14,-4];[41,40,38]
[5,26,-10];[28,24,21]
[1,26,-10];[25,25,25]
[-2,30,-16];[9,9,9]
[-16,12,4];[50,50,50]
[-8,50,-16];[92,92,94]
[-7,26,-10];[227,187,53]
[-8,26,-10];[238,195,30]
[-59,45,6];[4,4,4]
[-27,51,-10];[50,50,48]
[-56,45,6];[6,6,8]
[78,25,7];[61,63,62]
[-21,50,1];[17,17,17]
[60,25,-5];[75,76,78]
[-18,48,15];[62,63,65]
[-78,45,-2];[13,13,13]
[35,15,4];[41,40,36]
[-78,36,-9];[69,71,70]
[84,24,-6];[67,67,69]
[7,2,-8];[242,201,57]
[15,24,-9];[21,21,21]
[88,36,2];[67,69,68]
[-26,44,-15];[250,203,51]
[-40,34,9];[53,53,53]
[6,24,-10];[47,36,14]
[0,24,-10];[20,22,19]
[-19,33,-13];[41,41,41]
[18,29,8];[55,57,56]
[-56,26,-12];[90,91,93]
[59,18,0];[63,65,64]
[88,32,4];[70,70,72]
[-2,24,-10];[21,21,21]
[-17,24,-1];[35,35,33]
[-30,48,-4];[64,66,65]
[-25,42,-10];[22,22,20]
[-6,24,-10];[36,30,16]
[-18,51,-13];[63,63,63]
[-56,66,1];[75,76,78]
[-10,34,-17];[32,32,32]
[-21,22,-10];[91,95,98]
[5,0,-1];[66,68,67]
[-16,21,-11];[27,27,27]
[17,19,-7];[1,1,1]
[-26,39,-11];[135,119,60]
[-34,41,-10];[8,8,8]
[-72,38,11];[51,51,51]
[-15,10,13];[52,52,54]
[75,23,-5];[117,96,77]
[42,45,-4];[36,36,36]
[-17,7,-9];[47,47,47]
[-28,50,-10];[50,49,45]
[-14,3,-9];[69,69,69]
[-66,48,6];[48,48,48]
[41,23,-3];[25,25,27]
[80,36,5];[67,69,68]
[12,11,-14];[54,56,55]
[66,36,-6];[92,71,18]
[43,44,15];[83,83,85]
[-23,14,0];[45,47,46]
[16,45,14];[59,61,60]
[14,0,-2];[70,70,70]
[-60,23,-5];[81,86,89]
[-2,11,13];[55,55,53]
[3,25,-9];[12,12,12]
[-13,3,-9];[73,75,74]
[-9,42,-15];[28,34,50]
[-58,61,-2];[1,1,1]
[-57,36,8];[5,5,5]
[20,57,-8];[64,65,69]
[-91,41,-1];[44,111,179]
[46,15,-5];[35,34,32]
[16,4,8];[53,54,56]
[79,37,-6];[67,68,70]
[-41,42,-12];[119,121,120]
[-4,4,9];[74,72,75]
[41,23,3];[58,58,60]
[-24,15,-4];[72,73,75]
[9,54,-10];[55,54,50]
[-43,52,-7];[238,200,39]
[-43,28,-10];[52,52,50]
[-79,34,6];[22,22,20]
[63,47,2];[62,62,62]
[6,54,-10];[53,52,50]
[-28,30,-11];[45,45,45]
[-25,44,9];[35,37,36]
[42,8,-4];[34,32,33]
[77,38,-6];[113,102,72]
[12,39,14];[75,76,78]
[81,29,1];[201,171,51]
[-61,36,-9];[8,6,9]
[-44,43,-9];[40,41,43]
[-11,1,5];[242,204,71]
[-61,22,0];[105,141,175]
[47,9,-4];[45,45,45]
[63,33,-5];[49,48,46]
[60,31,3];[34,34,32]
[46,14,-6];[18,18,18]
[60,38,5];[64,65,60]
[26,54,-9];[78,78,78]
[80,23,5];[62,63,65]
[-1,45,-10];[76,118,192]
[-25,15,-4];[76,76,78]
[36,53,-9];[56,56,54]
[-17,20,-6];[5,5,5]
[18,34,-15];[34,34,34]
[-81,39,-10];[78,79,81]
[-32,42,8];[37,37,37]
[-41,51,-10];[63,60,43]
[-4,24,9];[16,16,14]
[-52,16,3];[228,189,52]
[-32,40,-10];[53,53,53]
[0,30,12];[48,49,44]
[10,54,-10];[57,53,52]
[-48,56,2];[50,52,51]
[-57,51,-10];[56,56,56]
[18,35,15];[68,69,74]
[19,39,-13];[78,135,212]
[-20,46,-9];[6,6,4]
[38,6,2];[22,22,22]
[-90,38,-5];[10,10,8]
[-83,46,5];[61,61,63]
[-4,1,-7];[62,62,62]
[-55,66,-2];[78,77,82]
[-70,46,-10];[47,47,47]
[-36,46,-14];[250,206,47]
[-38,40,14];[56,56,46]
[-45,32,6];[55,57,54]
[-70,45,-10];[38,37,35]
[43,40,-7];[5,6,8]
[33,35,-16];[81,85,88]
[-23,45,8];[60,62,61]
[48,33,-1];[84,84,82]
[51,11,-4];[47,48,52]
[77,28,-5];[20,20,18]
[-28,23,6];[29,29,31]
[-44,49,1];[19,21,20]
[-8,5,11];[245,211,43]
[-15,26,-10];[20,20,20]
[10,18,13];[58,57,55]
[-59,53,-4];[34,35,37]
[33,19,-6];[60,56,53]
[-44,45,-14];[66,64,51]
[-65,44,-10];[52,54,51]
[30,48,-15];[51,51,49]
[-27,33,12];[60,61,63]
[-59,30,-7];[8,8,6]
[-66,44,-10];[57,57,59]
[-46,55,-3];[40,40,40]
[-48,44,10];[1,4,11]
[-74,44,-10];[16,15,13]
[-40,40,-10];[123,127,126]
[19,32,-12];[108,108,110]
[-79,42,-10];[65,65,65]
[-26,45,-14];[254,206,46]
[-37,32,4];[60,62,61]
[53,34,-6];[83,82,80]
[0,34,9];[1,30,96]
[-31,25,-9];[63,63,65]
[67,41,5];[61,61,61]
[-23,31,-13];[59,59,57]
[-83,38,-4];[4,4,4]
[-32,26,-10];[69,71,70]
[-91,42,3];[10,10,8]
[-82,37,-7];[23,23,23]
[43,38,-15];[84,84,84]
[6,43,10];[50,88,153]
[-1,47,-9];[7,61,193]
[-57,46,6];[7,7,7]
[-47,47,12];[63,62,44]
[-62,36,-10];[0,0,0]
[-11,26,-7];[38,33,14]
[-81,35,-8];[41,41,43]
[43,45,2];[47,47,47]
[-16,7,-4];[2,2,2]
[-63,35,-10];[49,50,52]
[86,35,5];[64,65,67]
[-35,16,-3];[241,202,83]
[0,6,-12];[62,62,62]
[-64,35,-10];[47,49,48]
[-65,35,-10];[51,52,54]
[17,15,-12];[40,42,41]
[-74,34,-10];[22,24,23]
[17,19,-9];[1,1,1]
[-55,36,14];[57,57,57]
[40,35,-8];[29,29,29]
[41,35,-9];[25,25,25]
[31,54,-1];[58,58,58]
[40,35,-9];[29,29,29]
[16,5,-1];[1,1,1]
[40,34,-9];[31,31,29]
[10,50,12];[50,48,49]
[-68,33,-10];[48,48,48]
[86,15,-4];[78,78,80]
[-30,33,-10];[52,52,52]
[-30,16,-5];[34,29,23]
[35,19,-7];[57,53,50]
[88,30,0];[67,67,67]
[41,36,7];[53,53,53]
[-31,33,-10];[52,52,54]
[-56,47,5];[8,8,8]
[-55,27,-10];[42,43,45]
[-68,30,5];[55,55,55]
[-59,53,-3];[54,54,56]
[-69,50,2];[44,45,47]
[42,41,15];[61,61,61]
[-9,0,-6];[240,202,79]
[-16,18,8];[12,12,10]
[9,35,-11];[15,57,178]
[-42,26,-10];[69,69,67]
[-57,33,-10];[5,4,2]
[31,17,-4];[24,23,21]
[-29,50,3];[61,61,61]
[22,22,3];[4,3,1]
[3,29,-12];[55,57,54]
[-19,43,9];[107,107,97]
[-16,24,6];[5,5,5]
[-50,39,-15];[65,63,50]
[41,43,15];[116,116,116]
[-77,34,-9];[69,71,70]
[2,29,-13];[54,56,53]
[44,18,-4];[44,41,36]
[-58,33,-10];[14,14,12]
[-6,33,-11];[0,34,123]
[-5,27,9];[42,34,0]
[-10,60,-3];[49,47,48]
[0,5,11];[63,65,64]
[82,17,-6];[79,79,79]
[39,48,-8];[62,62,62]
[16,15,-14];[47,49,48]
[38,5,-2];[71,73,72]
[-56,33,-10];[3,3,1]
[38,49,4];[56,56,56]
[8,1,-8];[242,199,58]
[-8,58,-7];[25,25,25]
[29,7,1];[18,18,18]
[-21,31,-8];[6,6,6]
[-91,40,1];[72,74,73]
[-28,17,-5];[76,70,48]
[6,33,-10];[1,31,141]
[38,30,-9];[34,34,32]
[2,5,-11];[65,65,65]
[20,29,-10];[50,50,50]
[-37,16,-5];[34,34,34]
[37,51,-5];[58,58,58]
[-31,17,4];[249,206,32]
[-2,60,-1];[213,174,47]
[23,28,-10];[48,48,48]
[-38,30,-2];[53,55,54]
[-28,53,6];[242,204,69]
[24,50,13];[57,57,57]
[-29,47,7];[110,112,109]
[13,26,-8];[22,21,17]
[-36,29,2];[20,20,18]
[4,26,-8];[12,12,12]
[29,27,-9];[17,17,17]
[40,34,-11];[29,29,29]
[-52,32,6];[64,72,85]
[-16,10,-9];[18,18,18]
[57,17,-5];[73,73,73]
[2,50,12];[63,78,117]
[46,38,-6];[42,42,42]
[28,22,6];[57,57,57]
[79,30,1];[9,9,9]
[-42,44,-8];[44,46,45]
[-14,3,-10];[75,75,75]
[-93,38,-3];[117,119,116]
[-57,31,1];[32,36,39]
[-3,58,7];[64,63,58]
[44,38,-6];[16,16,16]
[-52,35,-14];[36,46,48]
[-3,26,-10];[24,24,24]
[-13,27,-10];[29,29,29]
[-20,49,-4];[55,55,55]
[-7,9,-14];[230,194,74]
[-16,8,11];[55,57,56]
[27,26,-10];[41,45,46]
[-27,35,-14];[26,33,39]
[-18,26,-10];[10,10,10]
[5,29,-12];[57,56,52]
[-48,55,-5];[51,51,53]
[-48,24,-6];[45,45,43]
[17,23,1];[35,36,31]
[-47,27,-10];[57,59,58]
[79,22,-6];[57,55,56]
[-33,21,-4];[159,125,1]
[26,52,10];[57,57,57]
[-7,51,13];[43,43,43]
[3,24,-10];[20,20,20]
[54,12,5];[102,100,103]
[-58,42,14];[230,195,67]
[-33,29,-4];[76,78,75]
[14,37,-17];[27,26,24]
[-55,46,-14];[68,70,69]
[-14,0,-5];[69,69,69]
[-75,34,9];[58,62,65]
[-5,24,-10];[22,22,20]
[-38,36,-11];[82,104,162]
[6,44,-11];[41,52,70]
[-8,24,-10];[223,179,8]
[14,44,-14];[53,66,83]
[-84,35,-2];[14,14,12]
[-27,16,-4];[2,2,0]
[-43,18,-6];[244,202,58]
[-9,24,-10];[209,169,9]
[10,38,-12];[22,64,184]
[-67,32,-8];[28,29,31]
[51,8,-2];[70,68,69]
[10,5,10];[77,73,61]
[-69,32,-8];[49,51,48]
[88,16,3];[73,73,73]
[60,28,-3];[14,14,14]
[-40,33,-7];[202,175,70]
[13,24,-10];[27,27,27]
[-1,32,-16];[37,37,39]
[43,44,-14];[60,60,58]
[-15,54,6];[55,55,55]
[10,24,-10];[23,20,13]
[-36,48,12];[234,205,87]
[41,20,-7];[68,69,71]
[-33,33,7];[25,25,23]
[43,45,-14];[74,74,74]
[-47,39,-10];[49,49,49]
[-70,30,4];[38,38,38]
[81,19,2];[10,10,10]
[-16,21,-5];[31,31,31]
[15,10,-13];[40,40,40]
[-37,46,10];[36,36,36]
[-71,42,-11];[29,27,30]
[-19,33,9];[52,78,152]
[63,47,0];[56,56,54]
[1,38,-12];[81,118,186]
[-11,24,-10];[20,19,17]
[-43,17,5];[64,63,58]
[-70,50,-3];[34,33,31]
[53,47,0];[60,60,60]
[-25,37,-12];[31,31,29]
[28,45,-17];[19,17,18]
[-15,3,-10];[97,95,96]
[21,25,7];[52,52,52]
[64,25,-4];[53,53,53]
[-33,21,3];[200,155,0]
[-79,39,-8];[49,49,47]
[3,0,-6];[65,65,65]
[40,48,14];[65,65,65]
[-69,34,9];[54,54,54]
[-34,39,-15];[241,203,66]
[31,40,-16];[18,18,20]
[-28,20,-6];[149,126,48]
[41,46,15];[76,76,76]
[84,21,-6];[65,66,68]
[-57,61,2];[65,65,65]
[-39,25,8];[62,62,64]
[-11,32,-15];[101,100,98]
[20,35,-16];[78,82,85]
[-24,33,8];[61,65,74]
[19,55,-9];[5,5,5]
[-19,48,12];[43,36,18]
[3,7,-13];[56,58,57]
[-10,15,-14];[172,141,48]
[75,24,5];[69,69,69]
[-8,54,-10];[58,58,58]
[-60,35,-14];[56,55,60]
[33,53,-10];[56,58,57]
[-16,29,-14];[75,75,73]
[24,37,15];[56,56,58]
[-54,39,-15];[223,184,47]
[-33,41,11];[28,28,20]
[32,53,-10];[52,50,51]
[-30,44,-12];[8,8,6]
[-5,47,-9];[4,49,178]
[-1,0,-1];[71,71,71]
[-41,17,5];[250,208,48]
[-6,57,-9];[33,33,25]
[-19,50,13];[66,70,71]
[91,44,-1];[74,75,77]
[-32,40,9];[53,53,53]
[-20,51,-10];[236,194,30]
[2,25,7];[2,2,2]
[-3,6,12];[58,59,61]
[-58,63,2];[68,69,71]
[-69,29,4];[27,29,26]
[-55,44,-15];[75,53,4]
[-41,30,-2];[6,8,7]
[85,20,5];[66,67,69]
[87,31,-5];[108,106,107]
[-24,51,-10];[65,50,19]
[-14,53,10];[56,56,54]
[-88,38,3];[11,11,11]
[-26,51,-10];[50,50,48]
[29,20,-3];[8,7,5]
[-28,51,-10];[61,57,46]
[4,16,-14];[53,53,51]
[40,22,-5];[37,37,37]
[-48,47,12];[66,63,44]
[-29,51,-10];[82,74,38]
[-46,19,5];[242,201,25]
[-17,22,0];[30,32,29]
[11,60,-2];[254,218,68]
[41,18,-7];[75,76,78]
[-49,48,1];[56,58,57]
[-86,46,-6];[65,67,66]
[-55,30,10];[30,30,28]
[18,51,-13];[56,56,56]
[16,3,-8];[54,55,57]
[-30,45,10];[57,59,58]
[-58,50,4];[1,1,3]
[11,45,14];[41,61,114]
[-6,48,-12];[7,29,68]
[42,10,5];[17,17,17]
[36,12,3];[47,46,41]
[-34,51,-10];[238,199,46]
[54,13,5];[81,81,81]
[-34,50,-10];[236,195,41]
[11,23,-10];[39,38,36]
[-55,34,-14];[59,59,57]
[-55,48,-9];[2,2,2]
[-52,59,-2];[57,57,59]
[72,31,-6];[73,74,76]
[11,24,9];[16,16,14]
[-44,49,-1];[19,21,20]
[37,30,-5];[56,57,59]
[-35,51,-10];[238,201,60]
[-29,16,0];[68,70,69]
[65,27,-1];[42,42,42]
[-38,51,-10];[64,60,48]
[-26,55,-1];[43,47,46]
[-20,48,-12];[55,44,22]
[-17,11,-8];[61,61,61]
[-12,30,-13];[54,54,52]
[-39,51,-10];[63,59,47]
[-49,51,-10];[117,102,37]
[-56,24,-9];[33,33,31]
[37,50,-10];[60,60,60]
[-72,51,-1];[185,186,190]
[64,35,-6];[80,54,21]
[-78,40,-5];[31,31,31]
[-55,44,-9];[6,6,6]
[-17,13,-10];[52,53,55]
[9,36,-11];[21,61,183]
[-53,27,-11];[50,50,50]
[-7,33,-14];[52,56,57]
[-14,2,-9];[65,65,65]
[-46,43,-9];[9,9,9]
[-31,21,-5];[35,28,9]
[-37,40,9];[16,16,16]
[-43,51,-10];[202,170,57]
[-45,44,8];[207,170,38]
[-74,29,2];[18,18,18]
[-56,51,-10];[56,56,54]
[0,49,-9];[38,59,122]
[-23,46,-10];[78,80,79]
[5,46,-10];[37,47,70]
[-82,37,-9];[64,65,67]
[6,53,-10];[54,54,52]
[-19,51,12];[72,74,73]
[1,46,-10];[58,98,186]
[-38,49,-12];[169,134,44]
[30,53,9];[60,60,60]
[-41,33,-14];[63,63,63]
[-22,46,-10];[55,57,54]
[-18,14,2];[117,116,121]
[-47,44,-11];[52,52,52]
[-42,46,-10];[55,56,51]
[-48,18,-6];[54,53,49]
[-34,35,8];[24,24,22]
[29,22,4];[26,22,13]
[60,39,5];[26,26,26]
[-26,40,-15];[53,50,45]
[-83,42,8];[64,65,67]
[-55,67,-2];[71,72,76]
[89,37,-1];[67,67,67]
[-29,30,0];[42,42,42]
[-6,26,-8];[35,28,9]
[-19,49,-3];[49,49,49]
[3,49,-13];[15,35,108]
[-4,46,-10];[36,79,181]
[24,20,1];[2,2,0]
[81,22,-5];[49,49,49]
[-32,46,-11];[46,48,47]
[0,57,-8];[246,208,81]
[-65,44,9];[51,51,53]
[-17,38,-17];[88,89,93]
[-12,44,-16];[0,0,0]
[-38,46,-10];[111,102,61]
[24,25,-10];[31,32,34]
[14,31,-13];[60,60,58]
[-44,46,6];[200,170,48]
[74,35,-1];[32,32,30]
[-56,60,1];[12,12,12]
[-44,46,-10];[59,61,58]
[-56,46,-10];[5,5,3]
[-57,46,-10];[5,5,3]
[15,2,8];[30,30,28]
[-2,46,-10];[65,106,196]
[-11,2,-9];[180,153,64]
[-4,26,-9];[29,30,25]
[-29,46,9];[31,31,31]
[60,28,4];[19,21,20]
[-54,43,-9];[5,5,3]
[55,44,-6];[54,54,52]
[-67,37,-11];[5,5,5]
[-17,12,11];[35,35,35]
[-29,44,-10];[57,56,52]
[-35,31,-6];[191,161,49]
[26,16,0];[1,1,1]
[5,35,-11];[34,54,79]
[13,59,5];[165,149,74]
[-32,30,5];[71,71,69]
[32,40,-17];[29,29,29]
[-2,18,-13];[53,53,53]
[24,27,10];[103,107,108]
[22,47,15];[96,97,101]
[88,41,-5];[69,70,72]
[-46,31,-13];[65,65,63]
[-17,51,-12];[59,59,61]
[-62,42,-10];[0,0,0]
[74,44,-5];[41,38,29]
[-34,30,-12];[51,51,49]
[-75,40,-10];[170,174,175]
[-13,9,-14];[55,55,55]
[9,43,-12];[80,123,201]
[-22,37,-10];[19,20,15]
[-63,36,-10];[3,3,3]
[-31,55,-3];[39,39,39]
[3,26,9];[20,20,20]
[-43,29,9];[48,49,53]
[-69,35,-10];[32,32,32]
[-58,47,-13];[77,63,34]
[16,7,-3];[31,31,33]
[-73,34,-10];[47,49,48]
[68,38,-6];[67,61,45]
[-38,38,11];[51,51,49]
[-43,47,4];[99,106,116]
[60,20,2];[62,62,62]
[-26,45,-10];[34,37,44]
[6,49,12];[64,85,140]
[85,13,-1];[76,78,77]
[45,46,-2];[51,51,51]
[85,19,-6];[67,68,72]
[45,5,-1];[74,76,75]
[-21,34,-10];[61,61,61]
[-45,48,1];[19,21,20]
[33,48,15];[63,63,63]
[-54,27,-11];[50,50,50]
[-13,42,-15];[25,26,28]
[13,24,-9];[18,20,19]
[-73,29,0];[18,16,17]
[77,21,4];[69,68,63]
[-91,42,-5];[57,57,57]
[-49,37,-15];[56,60,61]
[-22,34,-10];[61,63,62]
[-27,34,-10];[58,60,59]
[33,54,4];[56,56,54]
[-16,22,-6];[17,17,17]
[-71,40,10];[49,49,49]
[-16,13,-3];[78,80,77]
[-31,25,-8];[43,42,38]
[-28,34,-10];[8,10,9]
[-30,31,-8];[60,60,60]
[-29,34,-10];[72,76,85]
[43,44,-16];[98,99,101]
[-18,50,-13];[74,74,74]
[9,52,-12];[54,56,55]
[-30,34,-10];[52,52,52]
[-32,34,-10];[23,22,17]
[-33,34,-10];[47,47,45]
[-36,33,-10];[102,104,103]
[-65,33,-9];[55,55,55]
[-19,42,9];[107,107,97]
[-35,34,-10];[114,118,117]
[-29,48,-4];[64,66,65]
[-79,38,2];[59,59,59]
[-37,34,-10];[102,104,103]
[-79,44,-7];[3,3,3]
[11,33,-17];[69,69,69]
[-50,49,-2];[6,6,6]
[-41,33,-10];[109,113,112]
[-56,67,-2];[96,94,97]
[39,33,7];[39,39,39]
[-19,54,-7];[36,36,34]
[-7,47,-10];[23,48,102]
[-43,50,-11];[72,57,24]
[12,58,-5];[58,56,43]
[16,25,-5];[1,1,1]
[38,25,5];[38,38,36]
[-61,48,-2];[14,14,14]
[60,47,-1];[57,57,57]
[-44,34,-10];[68,86,134]
[-47,42,-9];[59,61,60]
[-10,31,-15];[38,37,35]
[-91,41,2];[10,10,8]
[41,24,-2];[16,16,16]
[17,42,-13];[71,131,219]
[37,23,6];[68,69,71]
[-79,47,1];[11,11,11]
[-42,20,-5];[218,178,29]
[-85,33,-5];[76,78,77]
[-8,32,16];[82,83,88]
[-47,34,-10];[94,101,111]
[-82,35,-3];[21,21,21]
[-25,49,-8];[40,40,40]
[-89,39,1];[47,49,48]
[-33,47,5];[30,29,24]
[28,43,15];[42,42,42]
[-34,45,-8];[35,35,33]
[22,50,-13];[55,55,55]
[26,24,7];[36,36,34]
[21,20,0];[19,19,17]
[-25,33,-8];[54,55,50]
[-74,29,1];[20,20,18]
[-81,41,3];[93,95,92]
[-50,34,-10];[88,90,89]
[-26,28,-10];[53,53,53]
[-54,35,-11];[5,5,3]
[15,16,12];[63,65,64]
[-30,19,-6];[70,65,46]
[-29,22,-6];[21,22,17]
[-37,46,-10];[143,124,48]
[55,21,-4];[16,16,16]
[-50,50,-10];[108,95,40]
[40,46,-16];[36,36,36]
[-52,32,-9];[2,3,5]
[-70,29,0];[15,15,17]
[-32,23,3];[5,3,4]
[-86,42,-6];[19,21,20]
[-17,5,3];[49,50,52]
[-53,33,-10];[3,3,1]
[34,48,-16];[82,82,82]
[-59,67,-1];[117,117,117]
[-55,35,-8];[7,7,5]
[45,37,-5];[42,42,42]
[-54,34,-10];[3,3,1]
[-79,35,5];[15,15,15]
[-55,33,-10];[3,3,1]
[-5,22,-11];[53,53,53]
[-2,26,-10];[24,24,24]
[-15,46,14];[33,33,31]
[-47,29,3];[197,170,63]
[-27,42,-12];[121,106,51]
[-84,43,3];[14,14,12]
[-25,30,-12];[58,55,50]
[75,30,-3];[3,3,1]
[26,34,15];[79,79,81]
[-88,33,3];[65,65,65]
[-83,47,5];[62,63,65]
[-10,34,15];[17,17,17]
[79,35,2];[23,25,24]
[62,24,4];[64,64,62]
[-18,49,-15];[62,64,63]
[-10,2,-9];[185,147,22]
[20,56,-1];[38,45,61]
[-81,38,3];[6,6,6]
[-60,34,-10];[9,7,10]
[15,2,-8];[42,42,42]
[18,32,-10];[38,40,39]
[41,40,15];[72,72,72]
[50,14,-4];[15,15,15]
[22,31,-10];[8,10,9]
[-56,67,-1];[54,54,52]
[-53,18,-6];[231,192,61]
[43,38,-12];[47,46,44]
[36,31,-10];[7,8,10]
[-7,39,-12];[84,124,196]
[50,46,-1];[51,50,45]
[37,51,-6];[59,59,59]
[23,31,-10];[3,3,3]
[22,30,-9];[57,59,58]
[-28,42,-11];[28,30,29]
[-88,43,2];[3,3,3]
[18,29,-10];[1,1,1]
[14,0,-3];[70,70,70]
[-31,41,-10];[47,47,47]
[27,29,-10];[51,55,54]
[-21,29,-10];[13,12,8]
[-85,36,2];[22,22,22]
[-13,54,-1];[23,23,23]
[-13,38,-16];[37,37,39]
[-30,47,-10];[29,29,29]
[-18,12,1];[21,19,20]
[-74,32,-7];[9,9,9]
[-8,11,13];[250,215,25]
[-75,49,3];[49,50,54]
[37,51,-12];[102,102,104]
[10,60,5];[172,153,87]
[-41,29,-2];[53,55,54]
[7,48,7];[51,76,143]
[-57,24,7];[6,6,6]
[-18,25,-3];[33,34,29]
[18,38,-15];[45,45,47]
[-25,50,10];[217,186,33]
[13,27,-10];[40,40,38]
[-92,40,-7];[2,2,2]
[21,35,15];[61,64,71]
[-12,23,-10];[25,27,26]
[-23,28,-10];[43,44,39]
[27,27,-10];[27,27,27]
[-71,30,-7];[42,40,41]
[8,27,-10];[222,181,55]
[-80,32,3];[3,3,5]
[-24,42,-15];[53,52,50]
[-16,5,7];[43,43,45]
[-44,18,-6];[247,202,57]
[-87,40,-2];[63,63,61]
[-34,24,-6];[42,41,39]
[-60,41,12];[6,6,8]
[-47,51,-9];[238,200,53]
[-42,16,-4];[244,206,61]
[-52,32,-13];[61,61,59]
[-37,25,-6];[3,2,0]
[-10,47,-16];[5,5,5]
[28,26,9];[40,40,38]
[-46,31,-4];[69,71,70]
[16,37,-17];[38,38,40]
[-29,31,-7];[61,63,62]
[-15,27,-10];[22,22,22]
[-44,50,-6];[20,20,20]
[-26,42,9];[36,36,36]
[-28,26,-10];[61,63,60]
[-84,43,-7];[0,0,0]
[-29,26,-10];[64,66,65]
[18,36,-17];[94,94,96]
[50,42,4];[20,20,18]
[-17,54,6];[59,59,59]
[-37,26,-10];[68,68,66]
[51,44,-5];[1,1,1]
[-52,50,-6];[3,3,3]
[38,45,15];[64,64,64]
[25,43,-16];[2,2,2]
[-52,31,8];[60,62,61]
[13,18,-13];[54,56,55]
[-11,22,-12];[51,48,39]
[-36,43,-12];[73,70,53]
[-14,26,-7];[22,22,22]
[-40,37,-10];[19,19,17]
[-45,26,-10];[70,72,71]
[-43,25,-8];[54,54,54]
[-36,46,-7];[70,71,66]
[52,45,-6];[50,52,51]
[-2,54,8];[31,28,23]
[-51,26,-10];[67,67,67]
[34,43,16];[40,42,41]
[-87,40,6];[8,7,5]
[-5,16,-14];[53,53,53]
[-56,24,-8];[3,5,4]
[-53,26,-10];[66,67,69]
[45,5,2];[75,77,76]
[87,27,-5];[57,55,56]
[2,50,-16];[52,57,63]
[-54,26,-10];[66,67,69]
[22,26,-9];[6,6,6]
[-15,27,-11];[31,31,31]
[-60,41,-13];[69,69,69]
[-51,43,11];[3,4,6]
[-78,34,-7];[20,20,20]
[-53,59,2];[67,68,70]
[-46,37,-14];[51,47,38]
[-6,47,-12];[13,29,62]
[-17,18,-10];[23,23,23]
[-17,12,2];[43,43,43]
[-36,49,-12];[236,195,45]
[-19,35,14];[16,16,18]
[-3,44,-11];[84,124,193]
[10,50,-16];[101,103,102]
[1,1,-7];[62,62,62]
[52,17,-5];[14,14,14]
[-39,34,7];[20,20,20]
[49,35,-2];[30,31,25]
[4,50,12];[53,70,114]
[-55,29,1];[1,1,1]
[7,2,8];[248,206,36]
[-37,50,10];[243,207,23]
[-24,49,-4];[3,3,3]
[20,38,13];[41,42,44]
[-45,30,-7];[65,69,70]
[-37,44,7];[199,169,53]
[-21,31,-12];[55,55,53]
[-81,41,-9];[69,70,74]
[13,55,-9];[205,169,91]
[-88,45,1];[13,13,13]
[-45,52,8];[85,79,45]
[-46,45,-11];[40,40,40]
[42,12,-6];[53,52,50]
[-57,55,-3];[63,64,66]
[17,21,5];[25,25,25]
[-59,31,12];[87,88,92]
[8,3,-10];[245,199,61]
[-27,39,14];[66,63,46]
[38,30,-10];[32,32,30]
[-93,39,-3];[139,139,137]
[51,45,4];[66,64,65]
[83,30,-6];[68,69,71]
[-8,19,-13];[249,205,56]
[-6,27,-11];[52,46,24]
[-20,48,3];[201,167,34]
[-20,56,-1];[46,46,46]
[4,1,-7];[63,63,61]
[7,10,13];[250,216,31]
[-58,37,-12];[8,8,8]
[-49,45,13];[68,65,48]
[-5,51,15];[64,69,65]
[8,47,-13];[8,27,145]
[-4,3,-10];[73,73,73]
[-9,45,-15];[47,50,57]
[-51,28,-11];[52,52,50]
[-6,48,8];[45,75,139]
[12,49,14];[40,40,38]
[-39,54,2];[43,43,43]
[-59,22,-5];[28,27,23]
[46,5,2];[76,78,77]
[-81,36,2];[32,32,30]
[-55,29,-11];[17,19,18]
[-7,3,-10];[222,185,71]
[-5,53,-10];[51,51,51]
[2,30,-16];[2,2,2]
[17,24,-1];[29,28,24]
[72,33,-5];[40,40,38]
[46,8,-3];[2,1,0]
[-17,22,-1];[31,31,29]
[-19,36,-12];[13,13,11]
[-39,47,-13];[239,204,74]
[-17,32,14];[51,51,51]
[-18,54,6];[67,65,66]
[-92,39,5];[33,34,36]
[-55,40,-10];[5,5,5]
[-92,34,-3];[81,81,83]
[-30,55,1];[52,54,53]
[-61,37,-9];[8,8,8]
[17,2,-3];[42,42,44]
[-33,42,-10];[12,12,10]
[17,44,14];[123,120,113]
[-13,39,15];[24,24,26]
[-46,50,-10];[238,198,41]
[5,59,-7];[139,128,96]
[14,48,-14];[51,53,52]
[-43,36,-11];[69,90,147]
[7,28,-11];[225,186,59]
[-23,50,-10];[223,183,51]
[-22,37,10];[66,68,67]
[22,12,1];[123,108,43]
[50,43,-5];[3,3,3]
[-22,31,-13];[58,58,56]
[82,13,1];[102,100,101]
[-42,29,-5];[50,46,35]
[-64,48,5];[14,15,17]
[31,19,-5];[45,44,42]
[-42,16,3];[242,202,52]
[-36,31,-8];[77,79,78]
[-88,37,-3];[23,23,21]
[-11,8,-14];[60,59,55]
[-10,51,-13];[61,61,61]
[10,46,-12];[2,20,132]
[32,54,8];[88,88,90]
[-23,47,13];[75,69,45]
[-15,16,-14];[53,51,52]
[-52,38,14];[67,65,50]
[-44,40,-12];[88,90,89]
[30,50,12];[55,55,55]
[-31,35,-14];[19,20,22]
[-52,46,-14];[237,203,67]
[32,45,-16];[19,19,19]
[-51,50,-10];[93,86,44]
[-34,49,-7];[139,121,47]
[-2,49,-10];[58,75,127]
[-41,34,-14];[62,62,62]
[-60,48,-10];[74,72,75]
[-88,42,1];[11,11,11]
[-59,37,-12];[10,10,10]
[37,40,15];[60,61,63]
[-25,33,-13];[63,62,60]
[35,44,-16];[52,52,52]
[71,29,0];[60,61,65]
[-30,35,-14];[23,24,28]
[-16,6,-11];[48,49,51]
[84,44,4];[62,64,63]
[-70,38,-11];[16,16,16]
[10,37,-12];[16,61,178]
[-22,46,-11];[55,57,56]
[-37,16,1];[70,69,65]
[-55,55,-3];[61,63,62]
[6,10,13];[227,203,81]
[-46,37,-15];[55,48,38]
[-42,30,10];[44,43,38]
[-36,27,-11];[54,54,54]
[55,31,-2];[53,53,53]
[-57,36,-9];[23,25,24]
[-28,37,-15];[57,62,65]
[-26,46,-11];[40,41,43]
[-26,40,-12];[53,51,36]
[-49,35,-11];[127,111,49]
[-33,46,-10];[46,48,47]
[-42,46,-11];[55,56,51]
[-15,51,13];[122,121,117]
[37,30,-10];[43,43,43]
[-59,17,-5];[122,124,123]
[-43,49,0];[21,23,22]
[-36,29,-4];[35,36,40]
[48,14,2];[6,6,6]
[-49,46,-10];[2,2,0]
[-80,37,-6];[40,42,41]
[-45,47,-14];[66,61,42]
[40,47,-8];[71,69,70]
[-48,46,-11];[2,2,0]
[-5,27,-10];[38,34,23]
[-60,46,-10];[8,8,8]
[-53,30,-12];[49,49,49]
[-52,50,3];[5,5,3]
[-23,39,11];[55,57,54]
[-45,46,-11];[62,62,62]
[32,30,-9];[51,51,51]
[-17,36,-15];[2,2,2]
[-47,40,9];[86,73,20]
[-53,23,-4];[32,31,27]
[-42,30,6];[49,51,50]
[25,44,-14];[64,74,99]
[-15,4,8];[76,76,76]
[43,43,-9];[8,8,8]
[-37,55,-2];[45,45,47]
[-36,34,-14];[65,64,62]
[-26,21,5];[89,89,89]
[-45,32,12];[61,63,62]
[-28,39,-11];[27,29,28]
[-3,47,7];[0,47,132]
[2,46,-10];[74,115,205]
[-51,46,-14];[240,199,49]
[13,38,15];[51,51,49]
[11,58,-7];[47,43,40]
[43,39,-15];[89,87,88]
[-33,32,-13];[66,66,64]
[-44,26,-10];[68,68,66]
[-4,45,-10];[73,121,197]
[6,37,-11];[39,52,69]
[-26,36,-10];[55,57,54]
[-25,37,-11];[45,47,46]
[-39,48,12];[245,207,22]
[53,46,-5];[53,51,52]
[-23,25,-9];[19,19,19]
[-73,45,-10];[57,58,60]
[79,31,-1];[60,64,65]
[-4,49,-12];[22,49,120]
[-19,38,14];[19,21,20]
[42,19,4];[25,25,25]
[-29,43,-10];[6,6,4]
[17,9,-1];[26,26,28]
[34,19,-6];[57,53,50]
[-51,47,13];[53,54,49]
[-67,43,-10];[39,40,42]
[-26,43,-10];[22,22,20]
[-65,43,-10];[54,54,54]
[17,11,-11];[34,34,34]
[42,41,-16];[89,90,92]
[-23,45,7];[61,61,59]
[-22,42,-10];[166,145,56]
[37,6,4];[37,37,37]
[-10,60,-5];[67,68,70]
[-21,22,-8];[4,4,4]
[11,24,-9];[15,15,13]
[-20,42,11];[138,121,51]
[47,43,5];[73,65,54]
[-29,40,-10];[45,45,43]
[51,16,-2];[26,26,26]
[-19,24,7];[1,1,1]
[-3,41,-12];[82,117,173]
[-11,16,-14];[64,61,52]
[-27,28,-11];[52,53,55]
[-51,34,13];[70,71,75]
[-85,46,-4];[20,20,20]
[-35,21,-5];[202,159,18]
[14,5,-12];[61,63,62]
[-32,24,6];[69,70,65]
[57,35,-6];[66,49,23]
[-62,40,-11];[3,3,5]
[15,38,14];[128,130,129]
[-83,35,4];[3,3,3]
[20,56,-3];[36,43,59]
[20,51,-12];[53,53,53]
[-75,39,-10];[168,168,166]
[-14,18,13];[68,68,70]
[74,39,-6];[211,175,52]
[-67,39,-10];[31,31,33]
[75,29,2];[35,35,35]
[-16,54,-8];[55,55,57]
[27,41,-16];[48,50,49]
[-34,21,-5];[193,152,8]
[-52,44,-12];[33,33,31]
[9,47,-9];[22,57,177]
[-42,40,-15];[249,203,47]
[-16,10,-6];[50,52,51]
[41,47,-9];[60,60,60]
[45,42,-6];[44,44,44]
[-59,28,8];[58,56,57]
[-25,49,-11];[222,187,71]
[-3,33,12];[9,69,181]
[-12,27,-10];[39,38,34]
[-12,50,-13];[55,57,56]
[-23,38,-11];[51,51,49]
[-11,40,16];[71,72,76]
[13,8,-14];[54,56,53]
[-69,50,3];[50,52,51]
[-53,51,2];[7,7,5]
[-77,37,-10];[69,70,72]
[-57,24,-8];[12,12,12]
[-11,34,-17];[107,111,112]
[42,4,0];[76,77,79]
[39,14,-6];[64,55,50]
[-11,56,1];[48,48,48]
[42,46,-11];[59,59,59]
[-33,31,-12];[61,61,61]
[-31,35,10];[73,68,46]
[-13,12,13];[58,58,58]
[-19,37,-10];[20,14,0]
[57,23,-2];[24,26,25]
[-50,41,-15];[66,59,41]
[-31,23,-5];[35,21,0]
[-91,40,2];[2,2,2]
[-60,42,-12];[8,9,11]
[-35,31,-9];[51,51,51]
[-28,16,-2];[68,70,69]
[43,8,-4];[32,32,32]
[-30,51,9];[56,56,46]
[-6,32,13];[42,46,47]
[-69,50,0];[48,48,48]
[4,40,-12];[52,78,126]
[-25,43,-15];[107,80,11]
[-38,39,-10];[47,47,47]
[-4,51,12];[60,58,59]
[-66,37,-10];[5,5,5]
[61,21,-1];[60,60,60]
[42,37,-9];[46,46,46]
[-56,39,-15];[238,196,52]
[-42,47,-5];[4,4,4]
[-1,13,-14];[54,54,52]
[-15,15,-13];[48,48,48]
[-82,45,1];[37,38,33]
[14,23,10];[42,42,44]
[-61,24,1];[143,192,225]
[-23,36,-10];[55,57,56]
[43,42,-14];[18,18,18]
[-26,39,-15];[53,52,50]
[-72,28,-2];[70,71,73]
[0,50,-16];[34,39,43]
[-37,44,-15];[232,200,79]
[14,49,-13];[53,55,54]
[-16,6,-2];[7,7,7]
[-15,29,-12];[26,25,23]
[-24,36,-10];[57,59,58]
[-46,30,2];[103,108,112]
[76,42,-6];[249,206,68]
[-2,2,8];[76,76,76]
[-53,60,-3];[76,77,81]
[19,33,11];[60,60,60]
[83,23,5];[66,67,69]
[34,44,-16];[29,29,27]
[-72,42,-12];[53,55,54]
[-34,37,9];[19,19,17]
[53,36,-6];[246,202,67]
[-86,36,2];[27,29,28]
[63,40,5];[59,59,59]
[24,20,0];[21,21,21]
[-40,42,-9];[79,81,78]
[-62,32,-7];[8,8,10]
[10,60,2];[227,206,127]
[-74,35,-10];[6,4,5]
[19,24,1];[21,22,16]
[39,7,-5];[59,61,60]
[29,28,-8];[26,26,26]
[-31,48,-3];[64,66,65]
[-45,51,-3];[21,25,37]
[-57,54,0];[20,22,21]
[-20,35,-10];[56,58,57]
[-31,21,4];[13,10,1]
[-43,53,4];[60,47,30]
[-65,32,-8];[63,64,66]
[35,51,-12];[57,59,58]
[-45,33,-8];[160,136,36]
[-56,54,1];[0,0,0]
[-86,38,-8];[66,67,69]
[-52,30,-1];[59,59,59]
[30,40,-16];[50,52,49]
[7,44,-11];[84,124,186]
[-33,43,14];[56,56,46]
[30,18,-3];[10,9,5]
[-5,29,12];[55,54,49]
[-2,35,-10];[49,85,181]
[-27,28,-10];[52,54,53]
[-21,42,10];[52,54,51]
[-50,33,-10];[75,79,82]
[-83,32,-1];[41,41,39]
[-74,31,-5];[21,21,21]
[25,45,-15];[43,47,46]
[-42,31,-13];[63,63,61]
[-92,45,-2];[2,2,2]
[-82,42,-8];[48,50,47]
[-32,51,9];[232,198,64]
[-65,41,10];[50,51,53]
[41,36,-13];[53,53,53]
[-79,38,-7];[45,47,44]
[-19,23,-3];[38,38,38]
[10,50,-15];[67,66,64]
[74,31,1];[12,12,12]
[-55,39,-15];[221,182,45]
[-2,53,-11];[53,55,54]
[-28,35,-10];[77,78,80]
[-51,45,10];[5,5,5]
[37,43,15];[63,63,65]
[-82,43,-7];[0,0,0]
[-30,36,13];[33,54,59]
[-47,45,-14];[64,57,31]
[-11,59,-6];[115,111,110]
[37,30,-11];[84,85,87]
[-72,35,-10];[18,18,18]
[-60,50,4];[5,4,2]
[6,15,-14];[80,81,85]
[-81,45,1];[13,13,13]
[58,18,-6];[98,97,95]
[-53,47,-14];[86,74,34]
[1,34,-10];[2,39,156]
[78,27,-6];[47,42,39]
[-30,51,0];[73,75,74]
[-44,34,-11];[69,86,130]
[-17,24,-2];[104,96,50]
[40,4,4];[164,168,169]
[-58,25,-11];[140,140,140]
[-69,34,-11];[48,49,51]
[6,33,-13];[11,33,109]
[-16,7,6];[18,18,18]
[14,24,-10];[26,28,27]
[-48,29,-11];[41,41,41]
[-58,38,-15];[66,61,41]
[66,28,-1];[29,29,29]
[-40,28,-11];[53,53,53]
[-57,34,-11];[5,5,3]
[-49,42,-9];[54,56,55]
[-70,33,-10];[56,57,59]
[-70,34,-10];[50,54,55]
[13,26,6];[11,11,13]
[-36,20,4];[34,31,22]
[-51,55,-1];[1,1,0]
[-71,34,-10];[30,30,32]
[11,37,14];[48,71,123]
[-60,43,-12];[13,13,13]
[-75,31,-6];[62,62,60]
[-46,47,-9];[5,5,5]
[-71,34,-11];[44,44,44]
[-27,45,-14];[253,208,47]
[39,33,-10];[68,70,67]
[-81,45,5];[16,16,14]
[-39,32,-6];[201,171,51]
[-72,29,-3];[55,56,58]
[67,29,-1];[14,14,14]
[52,44,-6];[38,39,41]
[-13,2,-8];[59,59,59]
[43,22,-1];[34,34,34]
[58,31,4];[41,41,39]
[-18,42,-17];[86,87,92]
[35,45,-16];[54,54,54]
[88,23,4];[72,72,74]
[-17,11,2];[26,26,24]
[-41,44,-12];[72,73,68]
[-25,36,-10];[55,55,55]
[67,29,0];[11,11,11]
[48,35,-2];[77,79,74]
[-90,37,-3];[7,9,8]
[20,25,7];[61,61,63]
[-59,32,8];[8,10,9]
[-35,36,-10];[6,6,6]
[23,14,-1];[85,85,87]
[27,54,-5];[57,57,57]
[-60,49,-10];[73,73,75]
[-67,31,6];[14,14,14]
[-88,44,-3];[7,9,8]
[-24,32,-13];[62,62,60]
[-21,22,2];[59,59,57]
[7,60,-1];[252,211,69]
[49,45,1];[51,46,42]
[-71,29,-4];[65,66,68]
[-53,40,14];[67,64,49]
[-39,49,-12];[55,53,41]
[-45,44,-12];[59,61,60]
[-51,41,14];[67,65,50]
[32,31,-10];[37,39,38]
[27,31,-10];[7,7,5]
[-14,31,-15];[54,54,52]
[-14,4,10];[72,73,75]
[36,29,-10];[78,79,81]
[-50,29,-4];[5,5,5]
[-45,16,0];[240,202,79]
[-47,31,-5];[64,66,65]
[12,3,-9];[74,72,73]
[-71,37,11];[45,47,46]
[-19,50,3];[32,26,4]
[-9,11,13];[88,80,43]
[-40,48,-5];[21,21,19]
[-11,34,-16];[47,47,49]
[62,44,-6];[53,53,51]
[-80,42,1];[55,55,55]
[-14,18,-14];[60,62,61]
[6,6,-12];[80,77,62]
[-56,48,-13];[142,136,122]
[-2,53,9];[55,55,55]
[-33,33,-8];[66,68,67]
[77,29,-1];[36,36,36]
[-55,57,-1];[30,30,30]
[-19,46,14];[34,31,24]
[39,31,-7];[28,28,26]
[38,31,5];[19,19,19]
[26,29,-10];[48,49,51]
[-16,49,-14];[59,60,62]
[82,26,-2];[1,1,0]
[-48,33,-13];[77,77,77]
[3,43,-12];[79,117,188]
[29,26,-11];[84,80,81]
[-19,43,-15];[28,30,29]
[-80,38,5];[50,52,51]
[-78,35,-8];[2,2,2]
[-46,48,2];[53,53,51]
[23,29,-11];[5,5,5]
[-34,29,-10];[50,50,48]
[47,46,-2];[49,48,44]
[25,38,-16];[39,39,39]
[-27,44,9];[80,81,76]
[33,34,15];[77,75,78]
[2,16,-14];[54,54,54]
[9,22,-12];[229,199,65]
[-50,29,-10];[46,46,46]
[-59,33,-12];[64,65,67]
[15,28,-11];[55,55,55]
[39,16,-6];[60,57,52]
[27,39,-16];[51,51,51]
[-66,29,-1];[62,62,62]
[-33,33,-13];[67,67,67]
[-7,51,-12];[51,53,52]
[15,3,-10];[84,84,86]
[-53,38,9];[5,5,5]
[-45,34,-10];[74,93,149]
[-46,28,-10];[52,52,52]
[-52,28,-10];[51,51,51]
[-23,19,-6];[4,4,2]
[-32,51,-4];[51,53,52]
[13,58,4];[135,120,63]
[23,24,6];[6,6,6]
[-22,52,7];[236,197,31]
[38,50,2];[56,56,56]
[28,53,9];[58,60,59]
[58,31,3];[37,37,35]
[-93,42,-2];[98,102,101]
[-33,26,-10];[71,71,71]
[15,47,-16];[70,70,68]
[4,25,6];[20,18,19]
[-38,34,-10];[102,104,103]
[5,30,14];[27,29,26]
[-35,48,4];[14,16,15]
[28,41,16];[44,47,52]
[-70,29,-4];[32,32,34]
[-39,30,-11];[53,53,53]
[-59,31,-3];[13,12,10]
[-39,28,-10];[54,54,54]
[-40,30,-12];[53,53,51]
[13,57,7];[179,169,82]
[40,8,-4];[2,2,2]
[20,59,4];[79,77,78]
[-22,33,-10];[123,114,71]
[-30,28,-11];[53,55,54]
[70,33,5];[19,20,25]
[-19,53,4];[4,3,1]
[-7,16,-15];[141,145,146]
[-17,38,-16];[1,1,3]
[-30,44,8];[59,61,60]
[-53,29,-10];[42,42,42]
[25,51,11];[56,56,56]
[-49,28,-10];[52,52,52]
[14,52,11];[150,149,147]
[28,28,-10];[10,12,11]
[-41,21,-4];[188,149,10]
[-2,37,10];[86,115,159]
[22,28,-10];[22,22,24]
[11,4,-10];[71,70,68]
[-45,48,-12];[222,189,82]
[53,11,-5];[99,99,99]
[-59,17,2];[169,169,167]
[-36,42,-12];[73,70,53]
[-8,50,15];[68,67,65]
[-26,28,-11];[52,54,53]
[-24,46,-10];[87,91,92]
[3,23,-10];[32,32,32]
[0,47,9];[5,58,154]
[-32,49,2];[57,59,58]
[28,45,-16];[22,23,25]
[17,16,-9];[2,2,2]
[-37,48,-8];[54,55,50]
[-31,28,-11];[52,54,53]
[5,48,8];[16,75,177]
[-23,48,-7];[98,96,83]
[-48,19,-6];[49,48,44]
[-35,42,9];[60,62,61]
[-49,51,0];[51,51,51]
[-28,35,13];[63,58,52]
[-39,28,-11];[54,54,54]
[-19,23,-5];[8,8,8]
[-57,40,-15];[239,202,70]
[-61,27,2];[150,186,210]
[-40,45,-14];[253,210,46]
[78,25,-7];[112,79,48]
[-28,52,6];[213,178,74]
[-41,25,-7];[6,5,1]
[16,17,-13];[50,52,51]
[67,47,3];[69,70,72]
[-18,25,1];[46,48,45]
[-31,37,-12];[34,34,34]
[-42,28,-11];[52,52,52]
[-44,28,-11];[53,53,53]
[90,46,-2];[56,56,56]
[-54,28,-11];[47,47,45]
[15,27,-10];[47,47,45]
[-48,31,-8];[58,59,61]
[-43,44,-8];[44,46,45]
[-17,45,-15];[7,8,10]
[-44,33,13];[60,61,65]
[51,43,4];[29,29,29]
[-21,48,-12];[245,205,55]
[-35,22,4];[19,19,19]
[27,14,0];[1,1,1]
[7,9,-14];[246,203,64]
[40,47,1];[56,56,56]
[-47,20,4];[223,187,11]
[-7,23,-10];[189,161,52]
[41,35,-10];[24,24,24]
[14,27,-10];[42,42,42]
[-19,46,-15];[53,53,53]
[-27,16,-3];[66,66,66]
[-41,35,-9];[200,174,77]
[-30,29,-2];[11,11,11]
[12,58,-6];[77,69,46]
[56,41,-6];[52,52,52]
[15,7,11];[78,78,80]
[4,48,-8];[44,71,150]
[7,27,-10];[223,184,45]
[-33,29,-2];[65,67,66]
[-2,21,11];[53,53,53]
[-4,27,-11];[32,31,27]
[-17,16,2];[1,1,1]
[59,26,2];[17,17,17]
[85,22,-6];[67,68,70]
[51,9,-2];[65,65,65]
[-20,22,-10];[101,101,103]
[-12,27,-11];[40,40,38]
[43,20,2];[22,22,22]
[-29,39,-11];[78,80,79]
[6,58,7];[244,211,34]
[-14,46,-15];[8,8,8]
[-59,61,-2];[136,135,133]
[6,3,8];[206,183,90]
[39,4,-1];[84,84,82]
[-16,9,-1];[4,4,4]
[47,13,-5];[10,10,10]
[32,41,-17];[31,33,32]
[33,54,-9];[80,80,80]
[-50,53,3];[15,14,12]
[-32,28,-11];[53,55,54]
[12,22,-12];[51,53,52]
[-85,32,-1];[76,77,79]
[-47,33,7];[14,14,12]
[-50,28,-11];[52,52,52]
[-4,32,-14];[14,14,16]
[-17,15,-9];[8,8,6]
[-29,47,-13];[49,49,47]
[38,39,-16];[54,56,55]
[-10,2,-8];[243,197,26]
[-24,19,-6];[15,14,12]
[73,24,0];[49,48,43]
[-44,32,-13];[65,65,63]
[-81,38,6];[16,16,14]
[-17,27,-10];[6,6,8]
[-88,41,7];[93,81,59]
[-64,40,-11];[46,47,49]
[-53,39,-15];[232,198,65]
[-25,27,-11];[52,52,52]
[16,2,-6];[40,42,41]
[-35,46,7];[22,23,18]
[43,13,-7];[62,61,59]
[-47,49,-7];[3,3,3]
[7,32,-15];[33,37,40]
[-4,24,-9];[14,14,14]
[-77,48,-5];[14,14,14]
[-19,23,1];[61,63,60]
[14,45,-16];[40,40,40]
[-30,27,-10];[55,57,56]
[-38,35,-14];[19,32,41]
[7,58,7];[241,216,71]
[-19,42,-15];[35,35,35]
[-10,3,-10];[126,96,32]
[-31,27,-11];[55,55,55]
[-73,41,-12];[45,47,46]
[-4,54,9];[55,57,56]
[-54,47,-14];[151,147,122]
[38,30,-6];[48,46,47]
[56,31,-4];[43,43,43]
[29,18,0];[52,43,34]
[-57,30,-7];[7,5,6]
[-23,20,-6];[83,84,78]
[-36,36,-10];[37,37,37]
[-2,20,-13];[54,54,52]
[-53,51,-10];[53,53,51]
[26,37,15];[50,50,50]
[-25,21,3];[12,12,10]
[-32,27,-11];[55,55,55]
[-20,23,9];[2,2,2]
[26,47,-16];[75,75,75]
[52,47,2];[67,67,67]
[-33,43,-9];[35,35,33]
[-34,27,-11];[54,54,54]
[-37,27,-11];[54,54,52]
[-38,27,-10];[58,58,58]
[-38,27,-11];[54,54,54]
[-53,44,14];[48,52,51]
[-28,41,-15];[248,204,55]
[-80,48,2];[161,136,105]
[-12,32,15];[52,51,49]
[-89,39,-7];[18,18,18]
[-17,19,-10];[16,16,16]
[-80,38,-2];[125,119,85]
[3,20,-13];[53,53,53]
[-40,27,-10];[59,59,57]
[-35,48,2];[24,26,23]
[-13,49,-14];[56,56,56]
[-42,30,0];[35,35,35]
[-41,27,-11];[54,54,52]
[2,37,-12];[33,66,135]
[-37,32,8];[66,66,66]
[62,23,3];[55,55,55]
[-3,57,-8];[236,203,72]
[-42,27,-10];[60,60,60]
[-75,36,-10];[67,69,68]
[7,45,10];[86,117,171]
[-6,14,-15];[72,72,70]
[-43,27,-11];[58,58,58]
[-13,18,-14];[52,52,52]
[62,24,1];[58,58,58]
[-67,50,2];[14,14,14]
[9,25,-8];[171,135,13]
[-11,56,2];[45,45,45]
[22,48,-15];[53,53,53]
[18,31,-11];[9,9,9]
[-9,34,-16];[14,14,14]
[-45,27,-11];[55,55,53]
[25,22,-8];[211,207,206]
[-31,44,11];[78,80,79]
[8,0,-2];[243,203,79]
[-17,14,-11];[40,42,41]
[-32,55,1];[51,51,51]
[-56,57,2];[62,62,64]
[-19,33,-15];[23,23,21]
[34,54,-7];[57,57,55]
[5,14,-14];[55,55,55]
[-45,35,-9];[199,165,32]
[-20,38,9];[56,58,53]
[67,33,-6];[148,148,146]
[35,29,8];[21,21,21]
[17,39,-13];[83,140,221]
[42,33,-2];[1,1,1]
[-19,45,-14];[41,41,41]
[-16,5,3];[2,2,2]
[2,36,10];[93,120,163]
[-55,45,10];[5,5,3]
[-57,31,-8];[4,4,4]
[7,60,-5];[237,201,79]
[29,43,-16];[39,41,40]
[39,20,6];[67,68,70]
[-25,48,-13];[252,206,48]
[-18,54,3];[54,54,54]
[-50,27,-10];[57,57,57]
[-50,27,-11];[57,55,56]
[-49,48,-13];[239,194,49]
[47,7,3];[34,33,31]
[12,18,13];[55,57,56]
[-46,41,9];[31,32,26]
[-38,36,-9];[42,41,36]
[-54,42,14];[50,52,51]
[-11,20,-13];[62,59,42]
[25,26,-10];[23,24,28]
[-24,24,-9];[3,3,3]
[0,50,15];[33,38,44]
[-78,43,-9];[59,59,59]
[54,47,2];[62,62,62]
[29,26,-10];[10,10,12]
[40,35,-16];[98,98,100]
[36,40,15];[61,62,64]
[-27,33,-13];[62,62,60]
[-59,29,-10];[74,75,77]
[8,17,-14];[246,205,63]
[13,59,-6];[202,183,106]
[33,46,-16];[51,47,44]
[30,38,-16];[13,13,13]
[-49,51,-9];[111,97,36]
[47,44,-4];[8,8,8]
[-49,28,-11];[53,53,53]
[26,48,-16];[89,88,86]
[10,23,-10];[51,44,16]
[48,41,-5];[39,39,39]
[7,45,-11];[93,131,193]
[21,51,12];[57,57,55]
[-38,30,11];[60,60,52]
[51,36,-3];[16,15,13]
[-60,45,-12];[68,67,65]
[-6,23,-10];[36,34,21]
[32,5,-1];[36,36,36]
[6,5,-12];[86,79,60]
[-87,35,4];[3,3,3]
[-33,24,-5];[32,31,29]
[24,36,-16];[47,49,48]
[18,11,-2];[8,5,0]
[-13,40,-16];[30,30,30]
[-37,24,-6];[43,43,41]
[-45,43,-9];[8,8,8]
[-8,22,-12];[245,201,44]
[42,45,-12];[60,60,60]
[16,16,7];[82,83,85]
[-20,12,2];[73,71,59]
[-20,23,-10];[37,36,34]
[-78,42,-10];[64,64,64]
[32,20,-6];[63,58,55]
[71,30,4];[72,72,74]
[-41,28,-10];[53,53,53]
[58,25,1];[23,23,23]
[25,26,9];[101,102,106]
[-17,15,-10];[11,13,12]
[15,45,-17];[80,80,80]
[-25,29,-11];[42,35,27]
[-17,12,-10];[69,71,70]
[-43,48,-13];[64,62,47]
[18,48,-15];[49,49,51]
[-39,18,-6];[55,53,54]
[28,48,14];[57,57,55]
[-16,6,8];[43,44,46]
[-46,47,-14];[103,75,9]
[12,27,10];[36,36,36]
[-47,31,5];[64,68,69]
[-55,39,-10];[6,6,4]
[-92,41,5];[17,18,20]
[-33,28,0];[54,56,55]
[-5,9,-14];[55,55,53]
[-23,26,-10];[40,29,27]
[0,1,-6];[63,65,64]
[12,52,-11];[77,77,75]
[-2,7,-13];[58,60,59]
[-60,37,8];[5,7,6]
[-17,10,-10];[35,35,35]
[70,41,-6];[52,52,52]
[-28,45,-14];[252,207,54]
[36,17,-6];[60,56,53]
[28,47,15];[74,74,76]
[19,48,-16];[84,85,87]
[10,59,4];[202,185,116]
[51,40,-6];[0,2,1]
[-75,35,9];[59,62,67]
[-16,5,-10];[50,51,53]
[48,12,4];[56,57,59]
[29,26,7];[51,50,46]
[22,22,-4];[3,3,3]
[34,27,8];[68,68,70]
[-2,38,-12];[86,123,191]
[-15,5,-10];[51,53,52]
[-51,23,4];[32,31,27]
[-49,48,-12];[237,194,53]
[-15,4,-10];[74,75,77]
[14,5,-11];[64,65,67]
[-67,47,7];[2,2,2]
[2,6,-13];[57,59,58]
[-56,47,-9];[5,5,5]
[-55,43,11];[4,4,2]
[-55,55,-2];[42,44,43]
[-49,27,9];[59,59,59]
[-34,44,-12];[73,75,72]
[10,4,-10];[99,89,62]
[-3,20,-13];[53,53,53]
[-47,26,-10];[71,71,71]
[13,49,-14];[53,53,53]
[41,47,7];[58,58,58]
[24,30,-11];[12,12,12]
[3,4,-10];[73,73,73]
[-52,47,5];[6,6,6]
[-53,38,-15];[63,55,34]
[-9,37,12];[51,114,193]
[22,15,1];[3,3,1]
[30,42,15];[33,33,33]
[-9,23,10];[60,50,0]
[-14,25,-7];[1,1,1]
[81,25,1];[19,19,17]
[-52,24,4];[21,21,19]
[1,3,-10];[74,75,77]
[11,3,-10];[73,72,70]
[-40,31,11];[64,64,64]
[-24,48,-8];[60,62,61]
[-30,36,-14];[114,162,182]
[14,53,9];[52,53,57]
[-72,36,-12];[55,55,55]
[18,56,8];[122,123,117]
[-43,47,8];[60,60,58]
[-1,3,-10];[74,74,76]
[-31,55,-1];[35,35,35]
[-38,47,-13];[238,197,53]
[-4,22,11];[49,49,47]
[-70,28,-2];[71,73,72]
[-13,34,15];[36,37,32]
[39,49,-1];[55,55,53]
[-2,3,-10];[74,74,76]
[-51,27,-10];[55,55,55]
[-51,48,2];[25,25,25]
[-16,20,2];[38,40,39]
[-3,3,-10];[73,73,75]
[-29,45,8];[44,45,47]
[-60,45,-11];[15,15,15]
[6,18,12];[229,204,86]
[-7,28,10];[245,205,22]
[-20,47,-13];[58,55,40]
[-34,51,0];[33,33,31]
[8,10,-14];[247,205,59]
[-11,37,-17];[81,85,86]
[-14,9,-14];[64,66,65]
[-46,54,3];[10,31,74]
[-1,30,-14];[48,48,48]
[-9,53,-11];[54,56,55]
[-17,53,-10];[69,66,57]
[-16,32,-15];[73,72,70]
[9,53,-10];[53,53,53]
[-20,29,-11];[19,18,16]
[-48,31,12];[63,63,63]
[7,53,-10];[52,52,52]
[-31,17,-5];[238,197,29]
[14,33,-16];[9,8,4]
[-88,36,1];[12,14,11]
[-21,47,-10];[55,57,56]
[0,53,-10];[54,54,54]
[0,22,-11];[48,48,48]
[-3,48,-8];[25,69,174]
[37,4,-2];[82,82,82]
[1,53,-10];[52,53,55]
[-34,30,0];[32,32,32]
[6,24,8];[196,163,30]
[34,53,-10];[59,61,60]
[-50,49,-12];[233,194,77]
[19,15,-2];[4,4,4]
[30,17,1];[50,42,31]
[5,49,-10];[40,64,136]
[33,39,-17];[62,64,61]
[-11,25,6];[13,12,8]
[-44,39,-10];[23,23,23]
[-60,47,-10];[9,11,10]
[-17,5,7];[44,46,45]
[24,15,0];[1,1,1]
[4,33,-10];[4,12,58]
[-15,2,-6];[49,50,54]
[-72,30,-6];[29,29,29]
[88,37,0];[52,52,52]
[-84,47,-2];[61,61,61]
[-68,48,7];[36,36,38]
[-40,44,-9];[57,59,56]
[-52,48,3];[6,6,4]
[-37,35,10];[53,53,53]
[-12,44,-17];[108,110,107]
[40,47,-6];[63,61,62]
[81,36,5];[63,65,64]
[-65,42,9];[52,53,55]
[11,54,-11];[95,95,97]
[-11,48,16];[79,77,80]
[-10,56,7];[53,54,56]
[-4,51,-15];[65,66,68]
[-79,45,-3];[99,101,98]
[-34,52,-8];[188,153,71]
[-7,47,-11];[14,36,73]
[-59,30,-10];[8,8,8]
[-52,46,-11];[2,2,0]
[-58,45,-14];[212,184,85]
[5,45,-10];[43,57,83]
[-79,48,-5];[59,60,62]
[71,35,-6];[117,85,26]
[0,30,16];[55,56,58]
[-39,45,-11];[106,101,81]
[14,25,-8];[8,8,10]
[-19,46,-9];[7,7,5]
[0,32,-16];[39,39,41]
[8,43,11];[84,115,161]
[45,32,-1];[22,23,18]
[92,44,2];[77,77,77]
[-35,38,-15];[234,203,78]
[-11,56,-2];[50,50,50]
[16,51,-12];[58,57,55]
[-2,60,1];[249,214,70]
[11,20,-12];[53,53,51]
[-31,45,-11];[72,74,73]
[2,54,-9];[143,119,81]
[-58,21,4];[23,23,23]
[8,45,-11];[77,119,191]
[57,24,1];[25,25,25]
[79,28,0];[2,2,2]
[24,22,3];[43,43,43]
[-10,54,9];[54,54,54]
[-19,43,-17];[90,91,95]
[-48,48,1];[56,58,57]
[-51,28,10];[50,50,50]
[39,31,5];[21,21,21]
[43,43,-10];[10,10,10]
[41,35,11];[46,46,46]
[-20,43,-11];[3,5,4]
[-25,52,6];[76,75,70]
[-44,45,10];[55,57,56]
[-92,46,1];[66,67,69]
[7,42,-12];[81,119,184]
[6,58,6];[243,206,37]
[39,31,-2];[67,69,68]
[-1,49,-13];[87,108,171]
[-30,33,-14];[60,60,58]
[-26,37,9];[60,60,58]
[-7,31,16];[71,71,69]
[11,53,-10];[57,55,56]
[-8,6,11];[245,211,41]
[-77,42,-10];[64,65,67]
[-36,51,1];[50,52,51]
[-9,4,-10];[244,204,57]
[-58,63,1];[0,0,0]
[13,45,-16];[36,36,36]
[-7,55,8];[64,64,62]
[-16,7,7];[1,1,1]
[-53,50,-4];[6,6,6]
[10,5,-12];[76,73,58]
[-74,31,-7];[31,31,31]
[-19,51,2];[55,57,56]
[36,28,8];[85,86,88]
[-29,25,-7];[13,13,11]
[-73,49,4];[53,53,53]
[-77,32,4];[4,4,6]
[-14,28,-11];[45,45,43]
[-5,2,-9];[67,67,67]
[65,35,5];[98,80,32]
[76,45,1];[251,215,9]
[-16,8,-6];[1,1,1]
[15,24,9];[17,17,19]
[83,39,-6];[76,77,81]
[-77,38,-10];[30,30,32]
[-25,42,-11];[28,23,1]
[-37,45,-11];[143,124,48]
[33,26,8];[67,67,69]
[-64,41,-11];[45,46,48]
[32,33,-13];[76,76,76]
[-23,48,-12];[251,204,40]
[-47,29,10];[42,39,32]
[-72,42,-11];[23,23,25]
[-12,0,-3];[67,67,65]
[56,17,-6];[71,71,73]
[-55,20,5];[220,183,17]
[-63,41,-11];[48,49,51]
[42,44,-16];[79,79,79]
[-64,39,-11];[43,45,44]
[-90,35,-2];[13,13,13]
[37,52,-5];[59,59,59]
[20,37,14];[47,49,48]
[-29,38,-10];[44,44,42]
[-14,0,-3];[71,71,71]
[-76,38,-11];[83,83,85]
[-27,28,9];[45,47,46]
[-20,32,-10];[48,50,49]
[-29,37,-10];[60,60,52]
[29,54,-3];[58,58,58]
[-29,46,-7];[198,164,38]
[14,22,-12];[52,52,52]
[-22,47,-9];[46,48,47]
[-19,16,-3];[13,13,13]
[82,25,-5];[184,156,47]
[-75,36,-11];[71,71,73]
[-14,52,-12];[56,56,56]
[30,47,15];[72,72,74]
[-91,35,1];[14,14,14]
[82,32,-4];[10,11,13]
[-22,36,-11];[57,59,56]
[-59,27,-8];[31,31,33]
[-33,45,-14];[66,63,48]
[-34,49,-12];[250,207,43]
[-16,9,-6];[64,66,65]
[89,46,1];[58,58,60]
[-17,15,-12];[40,42,41]
[16,60,3];[76,77,72]
[26,54,6];[57,57,55]
[8,34,-10];[3,41,164]
[19,16,2];[2,2,2]
[8,47,-10];[5,22,138]
[31,6,-2];[29,27,28]
[-19,24,-11];[116,117,121]
[-24,29,-11];[41,36,32]
[5,34,-10];[7,22,65]
[1,34,-11];[34,82,192]
[87,45,-2];[56,58,57]
[-27,33,-10];[79,87,108]
[-4,3,9];[77,77,79]
[-25,46,-11];[41,42,44]
[43,21,-3];[23,23,23]
[-3,45,-10];[82,122,192]
[0,34,-11];[35,81,190]
[5,35,10];[75,102,155]
[-60,42,-9];[3,3,3]
[73,46,1];[39,35,34]
[5,23,-10];[28,28,28]
[-76,37,-11];[66,70,71]
[-46,45,7];[14,14,12]
[-23,49,-3];[58,60,59]
[-39,51,1];[44,46,45]
[27,24,-9];[11,11,11]
[-9,23,-11];[225,186,33]
[4,50,-14];[36,39,44]
[-12,1,6];[57,56,51]
[35,29,-10];[60,62,61]
[-58,24,-8];[57,59,58]
[-21,36,-12];[109,111,110]
[53,36,5];[63,49,10]
[-35,34,-11];[101,103,102]
[-58,48,1];[2,2,2]
[-24,20,5];[27,27,27]
[-29,35,-9];[68,76,95]
[80,32,2];[60,61,63]
[-51,28,0];[45,45,43]
[42,43,-16];[45,45,45]
[33,38,-16];[12,12,12]
[8,21,-12];[247,204,47]
[24,24,6];[31,31,29]
[-38,16,4];[39,39,39]
[-32,46,10];[55,57,56]
[-78,39,4];[38,40,39]
[10,12,-14];[59,57,44]
[-46,33,9];[73,73,71]
[89,38,1];[87,87,85]
[69,29,-1];[49,49,49]
[-47,48,-13];[228,186,52]
[-27,43,-12];[42,38,26]
[-39,34,-11];[78,93,132]
[-55,48,1];[6,8,7]
[-40,34,-11];[45,62,106]
[62,47,1];[58,58,58]
[35,13,2];[51,45,33]
[-41,34,-11];[45,62,106]
[-64,41,10];[35,37,36]
[-23,32,-8];[56,57,52]
[-45,47,4];[194,169,68]
[35,43,-16];[53,53,53]
[-84,42,-8];[65,64,69]
[39,33,-7];[56,56,54]
[5,3,-9];[74,74,72]
[-70,39,-12];[54,55,57]
[14,59,-4];[36,34,21]
[17,31,-10];[46,46,46]
[24,31,-11];[65,63,64]
[12,39,-15];[34,38,41]
[4,23,-11];[43,43,43]
[-9,20,-13];[233,192,52]
[-60,43,13];[38,38,40]
[-12,57,6];[60,60,60]
[27,25,-10];[16,18,17]
[-16,7,11];[61,61,63]
[11,43,-12];[24,39,118]
[-42,49,-8];[55,57,56]
[-24,37,11];[21,20,18]
[81,33,2];[71,70,75]
[27,31,-11];[60,64,65]
[46,36,4];[53,44,27]
[-49,46,9];[6,4,5]
[-24,42,-11];[23,23,21]
[-32,42,-15];[72,55,12]
[17,10,-10];[1,1,1]
[30,33,11];[59,61,60]
[-16,13,-4];[32,32,30]
[-78,41,-8];[108,109,111]
[17,60,0];[54,55,57]
[36,30,-10];[57,59,58]
[-60,37,-14];[102,103,107]
[-84,32,-2];[77,77,79]
[-36,35,-14];[26,29,34]
[-64,39,10];[30,30,30]
[27,30,-11];[53,53,55]
[17,22,1];[27,27,25]
[41,16,-6];[29,28,26]
[75,35,0];[15,15,13]
[-87,43,2];[2,2,2]
[-26,50,-10];[48,48,46]
[34,43,15];[43,44,46]
[0,23,-10];[32,32,32]
[-19,30,-11];[22,22,22]
[18,49,-14];[73,73,75]
[86,16,-5];[76,74,77]
[23,30,-11];[34,36,35]
[38,41,-16];[56,56,56]
[2,21,11];[52,52,50]
[76,45,-2];[254,218,8]
[36,52,5];[60,60,60]
[-39,47,-6];[70,71,66]
[-19,39,-16];[15,16,18]
[-14,10,-14];[60,61,63]
[-40,41,-12];[114,116,115]
[33,32,10];[133,132,137]
[-30,29,-10];[48,48,46]
[71,31,5];[71,71,73]
[-36,29,-10];[50,50,50]
[-20,34,13];[45,45,45]
[-38,46,-14];[252,206,48]
[-38,29,-10];[48,50,49]
[-42,29,-10];[49,49,49]
[-59,40,-14];[60,61,63]
[-15,5,10];[45,46,48]
[22,30,-11];[52,53,55]
[-40,42,11];[42,42,42]
[72,46,-4];[69,69,67]
[-55,34,7];[4,4,4]
[-77,34,8];[67,68,70]
[38,25,-6];[20,20,20]
[-23,21,7];[30,30,30]
[-44,53,3];[19,17,18]
[-7,59,-7];[101,101,101]
[-60,48,-8];[60,58,59]
[29,54,8];[98,98,98]
[70,29,2];[69,70,72]
[16,44,14];[104,100,91]
[16,19,-8];[25,25,25]
[69,42,-6];[52,52,50]
[-4,37,11];[67,103,155]
[29,29,-11];[77,81,82]
[4,56,8];[49,51,48]
[75,33,0];[66,62,63]
[-20,33,-14];[50,50,50]
[-2,40,11];[87,118,172]
[7,52,11];[55,55,53]
[-45,43,-12];[56,58,57]
[-26,34,-14];[61,62,64]
[-58,32,-5];[9,9,9]
[14,42,15];[11,12,16]
[-88,35,-5];[5,5,5]
[63,29,-5];[83,83,83]
[-11,3,8];[116,106,70]
[27,34,-15];[63,65,64]
[54,47,-2];[59,59,59]
[-52,25,-10];[65,65,65]
[-81,48,2];[57,57,55]
[-50,45,10];[5,5,5]
[-3,14,-14];[53,53,51]
[5,41,-12];[40,53,72]
[-36,29,-11];[23,21,22]
[-45,39,-12];[88,90,89]
[-56,62,2];[64,66,65]
[-11,49,-16];[57,57,55]
[-17,40,16];[8,8,8]
[28,26,-10];[9,9,9]
[-28,48,-13];[50,49,44]
[17,12,-10];[26,27,29]
[25,29,-11];[13,13,13]
[-29,33,8];[23,24,26]
[20,44,-14];[50,69,112]
[-28,45,10];[61,63,62]
[-82,32,-4];[76,77,79]
[6,39,11];[33,61,142]
[-13,54,7];[21,21,21]
[10,27,-10];[40,39,37]
[27,13,1];[2,2,2]
[-47,51,-10];[238,198,48]
[17,17,-9];[1,1,1]
[-22,50,-2];[23,25,24]
[-19,41,-12];[75,104,182]
[40,48,13];[63,61,64]
[9,27,-11];[47,39,18]
[-7,27,-10];[158,126,25]
[-11,36,-17];[71,75,74]
[-8,27,-10];[238,196,34]
[-14,27,-10];[29,29,27]
[-31,30,5];[42,44,43]
[9,8,-13];[241,207,83]
[-79,36,1];[14,14,12]
[-49,21,-4];[163,127,7]
[-21,43,-10];[140,142,139]
[-30,16,0];[69,69,69]
[-20,39,-10];[203,168,38]
[17,41,12];[59,122,251]
[-14,34,-16];[56,57,59]
[31,37,-16];[25,25,25]
[58,17,1];[65,65,65]
[-68,28,0];[65,65,63]
[-12,58,4];[66,67,69]
[17,18,8];[0,1,0]
[64,45,-6];[49,51,50]
[9,50,-15];[50,46,47]
[38,31,-8];[46,46,46]
[-14,27,-11];[39,39,39]
[-60,51,-6];[71,73,72]
[31,29,7];[61,63,62]
[79,27,-4];[4,4,4]
[-68,29,0];[64,64,62]
[22,27,-10];[24,24,22]
[-46,17,4];[242,195,27]
[-81,45,-5];[64,64,64]
[-35,42,-15];[51,51,51]
[22,27,-11];[14,14,16]
[-54,36,-9];[6,6,4]
[-25,20,-4];[20,20,18]
[-90,44,3];[11,11,9]
[28,27,-11];[69,70,72]
[13,59,-7];[194,170,108]
[26,26,-11];[30,32,31]
[17,13,-4];[41,42,37]
[4,11,-14];[54,54,54]
[25,27,-11];[55,59,60]
[-42,50,3];[46,48,47]
[-65,39,10];[53,54,56]
[61,26,-6];[67,69,68]
[25,26,-11];[27,28,30]
[-2,6,-12];[61,63,62]
[-7,10,-14];[241,201,77]
[65,34,-6];[80,73,65]
[86,35,-6];[65,66,68]
[-18,9,0];[52,52,52]
[-86,40,1];[62,64,61]
[-38,40,-10];[47,47,47]
[11,45,11];[13,42,116]
[66,28,1];[11,9,10]
[-9,20,12];[66,61,29]
[-7,30,-17];[113,117,116]
[-48,47,5];[55,57,56]
[-41,30,-3];[6,8,7]
[29,19,1];[48,40,29]
[18,44,-15];[21,24,33]
[-12,25,7];[2,2,2]
[-48,37,-9];[23,24,26]
[37,26,-7];[62,64,63]
[-60,51,-8];[64,64,66]
[-66,31,6];[57,57,57]
[-37,34,-14];[66,62,59]
[24,24,-11];[75,75,73]
[14,15,13];[56,56,56]
[-27,30,-11];[49,45,46]
[-45,33,-7];[159,136,43]
[66,43,-6];[53,53,53]
[-17,7,-5];[105,104,102]
[-20,23,-11];[79,80,82]
[-19,43,15];[30,27,22]
[11,60,1];[251,217,68]
[-80,36,-9];[70,71,73]
[1,23,-10];[30,30,28]
[-3,8,-14];[56,56,54]
[-19,48,-13];[9,8,6]
[-39,26,-10];[69,69,67]
[5,23,-11];[43,43,43]
[-46,20,-5];[30,29,24]
[-81,40,2];[63,63,63]
[60,20,-4];[61,61,59]
[25,39,-15];[1,1,1]
[-11,42,-17];[80,84,85]
[-13,23,-10];[33,33,33]
[-1,27,-10];[26,26,26]
[-18,14,4];[146,131,92]
[-56,50,-5];[7,7,7]
[-56,54,-2];[24,26,25]
[17,11,-10];[0,0,0]
[-56,47,12];[55,56,50]
[2,54,-10];[55,54,52]
[-74,42,-11];[28,28,28]
[-43,42,-12];[88,90,89]
[-33,34,13];[57,57,57]
[43,41,15];[92,92,94]
[-5,30,-14];[51,53,52]
[16,17,-6];[13,14,16]
[-17,9,-10];[45,45,45]
[-78,41,7];[32,32,32]
[70,37,-6];[243,198,57]
[53,13,5];[91,92,94]
[-77,46,-9];[65,65,65]
[16,53,-10];[56,56,56]
[29,31,-9];[34,34,34]
[-16,12,2];[45,45,45]
[-72,36,-11];[50,52,51]
[-21,50,-3];[56,56,56]
[-28,35,-14];[28,33,39]
[-35,54,-3];[27,27,27]
[16,28,10];[95,98,103]
[-15,49,13];[91,91,91]
[7,3,-10];[240,200,68]
[31,39,-17];[4,4,4]
[65,47,0];[57,57,55]
[25,52,-11];[54,56,55]
[-27,39,-11];[134,119,60]
[-25,37,-10];[86,88,83]
[-86,40,-7];[3,3,3]
[-5,12,13];[135,116,58]
[51,9,1];[68,68,68]
[-3,8,-13];[56,56,56]
[-51,27,9];[58,60,59]
[6,3,-10];[80,79,75]
[-21,53,3];[0,0,0]
[-1,4,-10];[74,74,74]
[-67,39,-11];[8,8,8]
[-69,40,10];[47,48,50]
[4,4,-10];[72,74,73]
[-10,4,-10];[109,89,39]
[3,22,10];[45,45,45]
[-3,56,-9];[242,207,87]
[9,47,-13];[6,17,133]
[-32,39,11];[195,164,55]
[-25,45,-9];[27,28,30]
[-31,44,10];[57,59,58]
[-82,42,2];[50,49,47]
[-2,30,-17];[120,120,118]
[-19,51,-10];[146,122,32]
[7,29,-13];[53,53,51]
[38,7,3];[8,8,8]
[45,8,-5];[66,66,68]
[-38,45,-11];[107,102,72]
[-6,50,-16];[11,11,13]
[-82,31,3];[66,68,67]
[-82,35,-7];[1,1,1]
[-55,49,-12];[69,63,51]
[-65,37,-11];[51,51,51]
[36,28,6];[20,18,19]
[47,46,2];[63,59,58]
[-37,48,-13];[237,195,47]
[-57,45,-11];[8,8,8]
[-59,64,-2];[138,139,141]
[40,7,3];[50,54,55]
[43,18,-5];[39,39,39]
[-18,32,-15];[72,70,71]
[-93,47,-1];[126,127,129]
[72,37,-6];[232,193,62]
[-20,36,-10];[145,132,79]
[-54,36,-15];[59,58,54]
[58,22,4];[29,29,29]
[-62,46,6];[1,1,1]
[-48,24,5];[61,63,62]
[-17,13,9];[45,47,46]
[16,35,16];[84,85,90]
[-25,53,5];[171,147,83]
[73,46,-5];[52,52,52]
[-89,36,1];[12,12,12]
[-59,19,4];[101,99,100]
[19,57,-4];[53,54,59]
[-32,45,-11];[46,48,47]
[-16,33,15];[55,55,55]
[-10,46,-15];[68,69,71]
[-33,45,-11];[46,48,47]
[-51,45,-11];[1,3,0]
[-3,0,2];[67,67,67]
[-9,25,-9];[194,153,3]
[-54,54,2];[12,14,13]
[-73,44,-11];[36,36,36]
[47,17,-2];[28,28,28]
[-35,49,11];[242,202,27]
[81,16,-4];[69,69,67]
[-73,37,-11];[48,48,48]
[-65,41,-11];[53,55,54]
[-40,27,-11];[54,54,52]
[-60,49,10];[78,77,82]
[-25,39,-11];[132,119,66]
[52,17,-2];[27,28,30]
[78,32,-2];[37,37,37]
[-69,33,-9];[22,22,22]
[-81,49,-1];[57,57,57]
[81,27,-3];[9,9,7]
[-23,39,-11];[86,88,83]
[-20,49,-2];[75,80,86]
[-56,25,-9];[36,36,38]
[42,4,2];[76,77,79]
[48,37,-3];[4,4,4]
[-22,38,-11];[19,20,15]
[18,39,-13];[77,138,219]
[-11,50,-14];[55,54,59]
[2,25,6];[1,1,3]
[-4,0,5];[62,62,62]
[-40,43,-12];[119,124,120]
[-54,44,-9];[6,6,6]
[38,50,-4];[57,57,57]
[-16,48,-16];[60,61,63]
[-46,55,0];[37,37,37]
[83,45,-2];[60,60,60]
[-4,22,-11];[47,47,47]
[-26,20,-1];[78,80,77]
[-28,51,-2];[43,61,109]
[-55,62,-1];[49,49,49]
[-7,27,9];[240,202,15]
[-8,47,-14];[50,56,70]
[-17,14,-6];[51,51,51]
[16,16,-7];[25,25,27]
[74,28,5];[62,62,64]
[-12,33,-16];[106,106,106]
[1,1,-8];[60,60,60]
[-26,30,-11];[48,47,45]
[-44,17,-6];[249,202,60]
[-45,34,-11];[74,93,149]
[-52,32,-6];[18,17,15]
[-59,34,-11];[10,10,8]
[-43,36,-12];[69,90,147]
[2,22,10];[45,45,43]
[-55,34,-11];[4,4,2]
[-15,15,12];[70,71,75]
[26,31,-11];[57,61,64]
[-84,33,-1];[149,156,162]
[-8,45,-12];[15,32,62]
[-8,59,-5];[56,56,56]
[0,49,-11];[70,90,143]
[-19,32,14];[51,51,51]
[-43,54,2];[40,40,40]
[6,31,-16];[41,48,54]
[39,31,-10];[33,32,30]
[-23,49,0];[44,43,38]
[-71,28,-1];[10,11,13]
[42,37,-7];[12,12,12]
[-22,52,-9];[201,168,55]
[-6,21,11];[239,202,23]
[-18,26,-12];[102,100,103]
[51,15,-2];[26,26,26]
[20,56,1];[40,47,63]
[35,23,6];[51,51,51]
[-28,37,-11];[66,68,65]
[-56,65,2];[63,63,63]
[-30,29,-11];[27,27,27]
[-51,29,-4];[5,5,5]
[-34,29,-11];[35,35,35]
[88,21,-3];[66,66,68]
[-53,31,-7];[4,4,4]
[74,26,-6];[54,54,54]
[-40,42,-12];[111,113,112]
[-19,44,15];[31,28,21]
[-60,32,-12];[58,59,61]
[6,1,6];[57,56,54]
[-16,53,-11];[59,59,57]
[35,39,-16];[37,37,37]
[21,56,-9];[70,70,70]
[-55,48,12];[98,97,79]
[-80,40,-10];[37,37,35]
[-35,29,-11];[33,33,33]
[-28,47,-9];[19,19,19]
[5,51,-15];[60,58,59]
[-39,29,-11];[23,23,23]
[-41,29,-10];[49,49,49]
[16,5,-4];[2,1,0]
[11,59,4];[211,190,99]
[13,0,1];[69,69,69]
[-42,23,-5];[11,11,9]
[-52,42,-10];[2,2,2]
[13,4,9];[70,70,68]
[-58,39,-15];[65,60,41]
[-86,43,7];[65,65,65]
[71,47,-4];[63,63,65]
[-59,31,-12];[63,63,65]
[-78,38,-9];[10,10,10]
[75,39,-5];[222,187,67]
[-56,48,12];[100,99,78]
[-2,35,-11];[78,114,190]
[16,5,-3];[1,1,0]
[1,49,11];[4,54,143]
[-16,27,-11];[19,19,19]
[87,33,-5];[57,57,57]
[-25,34,-9];[55,55,55]
[-47,29,-11];[32,32,32]
[8,60,-6];[237,198,59]
[-48,29,-10];[46,46,46]
[-50,56,2];[73,75,74]
[-20,38,-10];[202,168,42]
[-39,36,-12];[88,110,170]
[-6,49,12];[49,50,68]
[-51,29,-10];[46,46,46]
[-53,29,-11];[27,27,27]
[-44,44,14];[200,181,104]
[-19,51,-9];[174,140,16]
[-30,18,-6];[76,69,50]
[18,26,-1];[21,22,17]
[-62,34,8];[1,1,3]
[-54,49,-11];[65,62,47]
[7,1,-8];[245,206,69]
[-91,42,-6];[54,54,54]
[-48,33,-10];[93,95,94]
[-30,16,4];[39,38,33]
[-26,51,-2];[83,84,79]
[52,46,3];[77,77,79]
[12,27,-11];[46,45,43]
[39,11,-5];[57,56,52]
[-52,19,5];[253,214,48]
[-79,44,-9];[97,97,97]
[-80,44,2];[1,1,0]
[18,31,11];[60,61,63]
[-80,46,-3];[2,2,2]
[55,41,5];[62,62,62]
[37,12,4];[41,40,36]
[-27,52,6];[91,83,68]
[3,5,-12];[62,64,63]
[-78,46,-8];[90,90,88]
[79,27,-6];[76,61,42]
[-2,27,-10];[25,25,25]
[-7,27,-11];[138,108,20]
[37,37,-16];[51,55,54]
[-42,20,-6];[222,183,46]
[-83,40,-2];[59,61,58]
[62,36,-6];[161,137,65]
[10,51,-16];[109,111,110]
[-29,24,3];[41,35,21]
[-7,11,13];[242,203,20]
[72,38,5];[171,155,70]
[-49,39,-12];[72,74,73]
[-9,27,-10];[236,194,30]
[25,38,15];[54,54,52]
[-57,50,-11];[56,56,54]
[-81,47,2];[35,35,33]
[-10,27,-11];[59,44,13]
[-24,43,-12];[27,28,23]
[37,51,6];[60,60,60]
[-22,22,-9];[61,65,68]
[59,19,-5];[73,72,70]
[87,19,4];[59,59,61]
[71,32,4];[28,29,31]
[-89,42,6];[64,64,64]
[-76,46,-8];[82,82,82]
[-79,31,-5];[77,77,77]
[0,58,-6];[184,159,66]
[-50,49,-11];[107,83,11]
[19,58,2];[36,44,63]
[-46,29,-5];[194,163,46]
[-82,35,7];[61,61,61]
[-15,26,-9];[51,51,51]
[-51,48,-5];[5,5,3]
[-39,33,6];[20,21,23]
[12,8,12];[57,57,57]
[-10,35,15];[51,46,43]
[8,23,-10];[231,189,15]
[-6,59,6];[227,202,37]
[37,29,1];[6,6,6]
[52,31,-3];[59,59,57]
[21,27,-9];[6,6,6]
[-35,39,9];[35,35,27]
[-7,60,-2];[58,58,58]
[-32,30,-7];[29,35,49]
[-60,22,3];[56,56,56]
[-12,0,-5];[68,68,66]
[76,38,5];[67,68,63]
[5,51,-12];[56,58,57]
[58,45,-5];[51,51,51]
[-56,63,1];[12,12,12]
[22,46,-16];[40,41,36]
[1,27,10];[25,25,25]
[40,6,3];[51,52,54]
[-33,46,-8];[35,35,33]
[-48,47,-9];[2,2,0]
[-42,51,9];[66,65,47]
[36,28,-6];[12,12,10]
[-85,39,0];[33,33,31]
[1,48,-8];[44,71,152]
[-4,11,-14];[54,54,52]
[-78,38,-8];[45,46,48]
[-31,47,-14];[49,51,50]
[-58,25,-10];[66,67,71]
[-1,28,-11];[47,47,45]
[17,15,-8];[121,120,125]
[-26,49,-2];[119,121,120]
[88,22,-3];[67,67,67]
[-12,53,10];[56,56,56]
[-82,40,7];[15,17,14]
[-46,38,-10];[18,18,18]
[-17,17,-10];[30,32,31]
[17,45,-15];[48,49,51]
[-58,24,-5];[8,9,11]
[-59,36,11];[12,12,12]
[-1,18,-13];[54,54,54]
[52,33,4];[48,49,53]
[75,21,4];[71,62,45]
[-57,44,-15];[217,183,75]
[-15,53,-11];[58,58,58]
[17,23,4];[15,16,11]
[22,54,-4];[10,10,10]
[2,1,5];[62,62,62]
[3,36,-11];[88,123,191]
[-16,10,4];[60,57,38]
[-88,40,6];[11,11,9]
[-24,33,13];[61,63,62]
[8,53,-10];[53,53,53]
[9,29,-12];[63,59,47]
[-56,42,8];[5,5,5]
[-44,32,-7];[196,166,52]
[-24,25,-8];[17,17,17]
[-41,53,-4];[59,45,8]
[-45,42,-15];[71,66,46]
[-25,21,-3];[96,98,95]
[-73,28,-2];[65,66,68]
[-4,53,-11];[54,55,57]
[-77,47,4];[8,8,8]
[-1,36,10];[92,119,162]
[-4,50,-16];[16,17,21]
[-23,47,-14];[250,205,52]
[-39,29,0];[71,73,72]
[-53,33,-13];[62,62,62]
[-58,46,9];[3,3,1]
[-4,21,-12];[52,52,52]
[-8,53,-10];[52,54,53]
[-9,53,-10];[55,55,57]
[36,5,-2];[60,60,60]
[-6,57,-8];[149,143,121]
[13,9,-14];[55,57,56]
[-3,48,7];[12,50,131]
[-23,13,0];[102,103,98]
[-18,53,-10];[91,90,88]
[1,49,-10];[45,68,136]
[-24,53,-7];[57,58,53]
[50,36,-2];[17,17,15]
[-29,35,-10];[69,77,100]
[-42,51,-9];[190,163,58]
[-26,40,-11];[134,119,60]
[-60,49,-11];[50,50,52]
[9,47,-10];[19,45,166]
[-57,62,-3];[64,65,69]
[42,46,11];[58,58,58]
[-52,48,4];[4,4,4]
[-44,16,-3];[240,200,78]
[-22,45,-11];[55,57,56]
[-45,18,5];[254,216,45]
[-30,44,-15];[234,203,94]
[51,39,5];[12,12,14]
[-52,33,-7];[66,66,66]
[-5,0,-1];[68,70,69]
[-11,58,-4];[10,10,10]
[27,44,-17];[58,58,56]
[21,17,-1];[147,143,144]
[48,13,-4];[3,3,3]
[14,29,11];[58,59,61]
[-6,14,-14];[48,47,43]
[-32,45,-14];[63,64,50]
[7,49,-12];[32,61,139]
[-8,59,3];[94,94,94]
[-50,29,-11];[34,34,34]
[-90,39,-3];[8,7,5]
[-29,28,-11];[52,54,53]
[21,28,-10];[4,4,4]
[17,13,-3];[42,43,38]
[79,26,-5];[43,40,35]
[-16,52,13];[165,164,160]
[36,54,-8];[102,102,102]
[87,35,4];[85,86,91]
[7,60,-2];[245,209,73]
[-38,49,7];[201,174,61]
[18,44,-13];[76,132,217]
[-49,40,-15];[64,62,49]
[-7,26,-8];[173,133,19]
[-56,37,-9];[5,5,5]
[-55,45,-11];[2,2,0]
[-48,44,-9];[54,56,55]
[-43,29,-1];[20,22,21]
[-60,28,3];[68,70,69]
[-51,47,-9];[1,1,1]
[23,17,-2];[11,11,11]
[-27,44,-11];[41,41,41]
[2,49,12];[72,67,108]
[-12,52,-11];[56,58,57]
[-24,44,10];[43,44,39]
[-52,25,-6];[110,96,59]
[-26,47,-10];[41,42,44]
[-47,29,2];[57,58,53]
[-60,29,8];[65,66,68]
[-29,41,-11];[28,28,26]
[-24,42,-12];[27,28,23]
[-13,33,-16];[97,98,100]
[-91,34,0];[18,18,18]
[57,43,5];[63,65,64]
[8,58,-4];[93,87,53]
[-59,35,-15];[112,113,117]
[-75,41,-11];[63,63,63]
[-24,41,-11];[30,24,0]
[-40,36,11];[50,50,48]
[9,57,-8];[234,196,71]
[-15,44,-15];[44,45,47]
[42,46,-6];[53,53,53]
[-11,50,-13];[55,56,58]
[84,23,-6];[67,68,70]
[-72,33,9];[51,51,51]
[60,29,-2];[9,9,9]
[-51,25,7];[32,32,30]
[-93,38,6];[91,89,92]
[-87,38,-1];[29,29,27]
[-17,31,13];[48,50,47]
[31,25,-8];[4,2,3]
[-23,40,-11];[19,20,15]
[-15,20,11];[46,48,47]
[-30,36,-12];[54,56,53]
[-74,39,-11];[4,4,4]
[28,38,-16];[33,33,33]
[-54,44,-11];[45,46,40]
[34,41,-17];[54,56,55]
[43,38,-11];[44,42,43]
[-68,50,4];[43,43,45]
[16,10,2];[34,34,36]
[73,42,-6];[54,54,52]
[-41,35,-11];[45,62,106]
[-32,54,2];[42,42,42]
[65,27,0];[43,43,43]
[-52,34,-10];[34,34,32]
[-16,7,-10];[44,44,42]
[-27,23,3];[13,13,11]
[54,12,-5];[81,81,81]
[-3,36,-11];[86,123,191]
[51,34,-5];[40,38,39]
[-22,55,-1];[8,9,11]
[-6,35,-11];[34,77,179]
[-43,55,0];[46,46,46]
[30,18,3];[59,50,41]
[-20,51,-9];[233,191,31]
[23,29,9];[46,46,46]
[-46,49,10];[75,71,44]
[88,17,-2];[68,68,70]
[-6,27,-10];[47,40,21]
[-40,30,0];[20,20,18]
[-27,40,-15];[95,76,20]
[-91,39,-1];[68,70,67]
[-22,17,-2];[5,7,6]
[-88,39,-1];[61,61,59]
[-50,37,-14];[60,65,69]
[43,38,-13];[51,50,46]
[-61,21,-3];[120,120,132]
[25,45,-16];[47,49,48]
[4,2,-9];[69,69,71]
[-5,34,-10];[10,56,167]
[-6,29,-13];[169,141,42]
[60,21,-3];[62,62,62]
[24,14,0];[3,3,3]
[-21,35,-11];[71,73,72]
[-32,49,-11];[243,205,60]
[15,35,-17];[102,106,105]
[-38,31,-3];[49,49,41]
[-55,47,-6];[5,5,5]
[39,33,-11];[69,71,70]
[36,28,-5];[11,11,9]
[-57,34,-10];[4,4,2]
[-22,20,-4];[40,40,38]
[14,59,-7];[207,175,76]
[-24,40,-12];[28,29,24]
[22,56,-8];[53,53,53]
[-19,41,-15];[39,39,39]
[-31,37,11];[53,53,53]
[5,60,-1];[249,210,71]
[23,24,-7];[2,2,2]
[-18,26,-11];[5,5,5]
[50,12,-5];[16,16,16]
[-7,57,-8];[99,99,97]
[79,44,4];[68,69,64]
[1,44,10];[87,118,164]
[5,17,-14];[53,53,51]
[5,30,-17];[104,106,105]
[12,49,-15];[41,43,42]
[80,33,0];[1,1,1]
[-60,29,-9];[75,75,73]
[20,16,-2];[5,5,5]
[-63,38,10];[55,54,59]
[47,38,4];[70,57,38]
[10,26,-8];[24,23,21]
[-21,23,-10];[54,54,54]
[-42,32,12];[63,63,63]
[-54,25,-9];[63,64,66]
[-29,30,-6];[61,63,62]
[-24,23,9];[60,62,61]
[17,12,-8];[11,11,11]
[-17,18,-11];[34,34,34]
[-28,52,7];[77,75,63]
[-16,6,-10];[52,52,54]
[48,13,0];[26,27,22]
[-80,39,-2];[30,30,30]
[27,25,-11];[77,78,82]
[43,40,13];[27,27,27]
[-50,41,-12];[28,28,28]
[-38,36,-14];[127,184,211]
[15,4,-11];[80,81,83]
[-16,35,-15];[24,26,25]
[-36,44,8];[63,77,104]
[-21,50,-2];[21,21,21]
[-47,40,-15];[53,52,48]
[-80,38,9];[131,135,138]
[1,53,-11];[52,54,53]
[6,33,-9];[1,30,134]
[-11,3,-9];[137,121,69]
[25,44,-16];[5,6,8]
[-48,51,-3];[65,67,66]
[-2,30,16];[84,84,86]
[77,35,0];[29,29,29]
[-19,24,-6];[8,8,8]
[-53,58,-3];[65,65,67]
[12,32,-15];[31,28,21]
[-6,53,-11];[53,55,54]
[-51,21,4];[30,25,6]
[51,32,-5];[20,20,20]
[2,45,-10];[75,118,196]
[13,23,10];[42,42,42]
[60,20,-5];[70,70,70]
[-7,53,-11];[55,55,55]
[72,30,-5];[21,21,21]
[-37,31,-4];[49,49,41]
[-60,36,8];[3,3,3]
[77,35,-5];[31,31,31]
[-59,31,-8];[10,10,8]
[-21,52,-9];[200,166,42]
[-16,52,-11];[56,56,54]
[-16,10,5];[53,53,53]
[58,35,-6];[65,49,26]
[2,26,-10];[24,24,24]
[-10,53,-11];[55,56,58]
[41,46,2];[48,48,48]
[-47,55,1];[55,55,55]
[-38,37,-12];[82,104,162]
[-58,46,10];[8,8,6]
[10,7,-13];[64,62,50]
[4,33,-12];[6,31,123]
[-24,49,7];[80,82,81]
[24,17,1];[65,66,68]
[22,29,-10];[6,6,6]
[-20,33,-9];[55,57,56]
[63,41,-6];[53,53,51]
[-30,49,0];[75,98,165]
[-4,13,13];[57,57,57]
[-29,27,-11];[54,56,55]
[14,59,4];[61,47,0]
[-10,0,-1];[243,201,83]
[-74,33,-8];[23,23,23]
[-42,52,7];[75,72,57]
[86,31,-6];[151,152,154]
[17,16,-10];[10,10,10]
[82,14,-1];[64,64,64]
[-32,50,4];[15,15,15]
[22,52,-11];[56,56,56]
[-18,54,4];[55,55,55]
[10,51,-13];[41,41,41]
[-33,46,-14];[67,62,43]
[-24,50,-11];[225,186,65]
[-32,29,-10];[51,51,51]
[-12,15,-14];[50,54,53]
[-5,42,-12];[83,123,193]
[36,14,-5];[55,54,50]
[-29,33,-13];[60,60,58]
[-36,44,-11];[83,84,86]
[-39,16,-1];[70,70,70]
[47,15,-2];[23,23,23]
[42,45,-10];[58,58,58]
[18,25,-6];[42,42,40]
[88,22,2];[69,69,69]
[43,44,-10];[61,61,61]
[52,16,3];[26,26,26]
[17,13,4];[19,19,17]
[28,53,10];[58,58,58]
[67,33,-5];[130,126,125]
[-1,11,-14];[54,54,54]
[87,15,-5];[95,97,96]
[-14,52,-11];[57,57,57]
[-50,29,-5];[42,44,43]
[7,12,-14];[246,206,74]
[50,35,-2];[31,31,29]
[-75,46,-9];[70,69,74]
[-13,7,12];[59,61,60]
[-92,46,-3];[101,102,104]
[-41,44,-11];[72,72,72]
[13,7,12];[57,58,60]
[43,21,-1];[35,35,37]
[-35,44,7];[36,44,63]
[-80,42,-1];[53,53,53]
[34,54,-5];[56,56,54]
[0,44,-11];[83,123,195]
[34,54,-1];[55,55,55]
[88,21,3];[72,72,74]
[-18,56,-1];[50,50,50]
[-39,40,11];[34,34,34]
[23,13,-2];[87,85,73]
[-58,45,-11];[7,7,5]
[11,54,-10];[83,79,76]
[-5,45,9];[40,77,130]
[2,8,-13];[56,58,57]
[-53,30,6];[6,6,6]
[-3,22,-12];[51,51,51]
[0,51,11];[60,58,61]
[-34,44,-11];[60,62,61]
[57,31,3];[40,40,40]
[24,54,-7];[55,55,53]
[-45,44,-11];[60,62,61]
[-84,45,-2];[101,103,100]
[20,34,11];[51,53,52]
[-50,37,-10];[93,101,112]
[-7,14,13];[237,197,21]
[72,35,-6];[47,43,31]
[-49,44,-11];[2,2,0]
[-31,33,-14];[117,121,122]
[2,23,10];[38,38,36]
[-72,50,3];[40,41,43]
[-29,42,-10];[6,6,4]
[39,32,-5];[80,82,81]
[-29,43,-11];[6,6,4]
[-64,48,4];[21,21,23]
[-5,51,-14];[59,59,61]
[-82,45,5];[1,1,1]
[-11,5,-12];[73,71,58]
[83,33,-6];[67,69,68]
[0,4,-10];[74,74,76]
[-52,35,-11];[133,115,49]
[10,19,-13];[53,53,51]
[-48,29,-4];[16,16,14]
[38,49,-11];[60,60,58]
[-49,25,9];[61,54,36]
[-72,44,-11];[49,49,49]
[-53,23,4];[23,22,20]
[-7,44,-11];[77,121,194]
[68,31,5];[66,68,67]
[87,33,5];[91,89,90]
[-44,37,-9];[168,140,30]
[2,42,-12];[81,119,190]
[-55,48,4];[6,6,6]
[-41,30,-1];[6,8,7]
[-12,18,-14];[52,52,52]
[-41,30,-11];[51,51,51]
[-1,49,-10];[49,68,126]
[77,23,-6];[62,58,55]
[26,51,-12];[55,53,54]
[5,0,-2];[69,69,69]
[20,30,-10];[39,39,39]
[-70,43,-11];[46,48,47]
[19,45,15];[55,57,56]
[24,38,-14];[6,9,18]
[-41,30,0];[20,20,18]
[-71,43,-11];[42,43,45]
[-19,39,-11];[203,169,36]
[-79,38,1];[15,15,15]
[59,20,3];[60,60,58]
[-63,34,-9];[6,6,6]
[6,43,-11];[40,51,69]
[-32,36,-9];[53,77,149]
[-86,44,-5];[14,14,14]
[-5,59,5];[241,203,60]
[-82,32,4];[64,64,64]
[-44,51,-10];[228,188,54]
[-87,37,-7];[68,68,70]
[-55,23,4];[26,26,24]
[-90,41,-7];[105,106,110]
[60,21,-5];[69,71,68]
[-1,50,-14];[39,43,55]
[4,0,2];[68,68,68]
[10,26,9];[23,23,13]
[-46,31,-9];[64,68,69]
[-86,45,2];[16,16,14]
[25,53,-9];[59,59,59]
[-15,34,-16];[27,28,30]
[10,2,7];[222,186,36]
[-33,35,-9];[49,53,56]
[-3,22,11];[48,48,48]
[-36,36,-15];[114,174,202]
[-67,38,-11];[2,2,2]
[-29,38,-11];[78,80,79]
[-4,37,-12];[85,124,191]
[8,35,-11];[21,65,190]
[17,4,-5];[45,45,45]
[-36,53,-4];[32,28,25]
[-46,17,-6];[232,192,71]
[-11,60,-3];[97,96,94]
[-84,48,3];[58,58,58]
[-9,42,-12];[13,31,71]
[-56,35,7];[6,6,4]
[88,23,-4];[63,63,61]
[-31,50,10];[53,53,43]
[4,35,-11];[56,79,111]
[25,36,-16];[33,33,33]
[-4,0,-6];[64,66,65]
[-24,18,-6];[100,104,107]
[-47,36,13];[87,181,206]
[81,45,2];[66,68,63]
[-52,47,8];[1,1,1]
[-23,49,7];[80,82,81]
[5,10,-14];[56,56,54]
[-20,28,-10];[101,103,102]
[-37,36,-12];[82,104,162]
[-17,20,-9];[7,7,7]
[-5,33,-12];[9,63,149]
[-8,45,13];[54,88,160]
[-31,36,-11];[51,53,52]
[12,0,3];[65,66,68]
[-12,41,15];[10,10,12]
[-87,43,-7];[53,53,53]
[-35,31,-12];[59,59,59]
[-31,35,-11];[23,22,17]
[34,35,-16];[82,86,89]
[17,10,10];[41,45,46]
[-42,33,13];[62,63,65]
[28,29,-10];[18,18,18]
[20,43,-13];[68,125,214]
[-82,38,-6];[14,14,14]
[-7,25,6];[109,79,0]
[39,33,12];[109,107,108]
[-41,45,-7];[38,40,39]
[18,40,-13];[72,132,220]
[-8,33,-15];[28,28,28]
[-42,30,-7];[46,46,46]
[16,58,-8];[140,137,120]
[8,54,-10];[58,57,55]
[-35,37,-15];[68,55,36]
[-33,35,-11];[23,22,17]
[43,40,-11];[15,15,15]
[21,57,-5];[6,6,8]
[86,46,1];[59,59,59]
[-34,36,-11];[52,78,152]
[-36,35,-11];[82,104,164]
[-19,47,-10];[7,7,7]
[-22,32,-9];[122,114,78]
[-44,35,-11];[69,86,130]
[-22,35,-11];[37,37,35]
[-38,40,-12];[61,59,47]
[-19,49,-13];[58,57,53]
[-45,35,-11];[74,93,149]
[-46,32,6];[55,57,54]
[-19,30,-13];[23,22,20]
[-19,36,16];[61,62,66]
[-60,46,-12];[62,63,67]
[-55,45,-8];[4,4,4]
[33,30,-9];[47,49,48]
[-82,45,2];[7,6,4]
[61,31,1];[22,22,20]
[-48,47,-10];[2,2,0]
[-49,38,-12];[3,4,6]
[40,47,-9];[76,74,75]
[-25,48,5];[53,55,54]
[19,28,-10];[30,31,33]
[-67,42,-10];[38,39,41]
[80,21,4];[63,63,65]
[-59,50,-10];[72,70,75]
[3,50,-14];[30,33,38]
[1,54,-9];[88,69,39]
[-46,54,-5];[41,40,36]
[-46,35,-11];[71,89,137]
[-16,15,-7];[69,71,70]
[-19,45,14];[29,26,19]
[-20,50,-6];[77,77,75]
[74,33,4];[3,3,3]
[-17,22,-3];[22,22,20]
[37,29,-9];[28,28,26]
[-33,32,-9];[34,37,42]
[-35,49,0];[48,50,49]
[-50,36,-11];[3,4,6]
[22,17,0];[5,6,1]
[25,17,-2];[1,1,1]
[-53,35,-11];[45,46,40]
[-24,41,11];[59,59,59]
[-55,35,-11];[5,5,3]
[-81,46,-3];[18,18,16]
[-56,36,-11];[7,7,5]
[-57,35,-14];[56,58,55]
[7,5,-12];[245,203,69]
[56,21,4];[59,61,60]
[19,49,-14];[99,100,102]
[-59,28,-11];[67,68,70]
[68,37,-6];[88,75,31]
[-24,36,-15];[126,188,209]
[-83,37,-2];[96,98,95]
[-56,35,-11];[5,5,3]
[-64,49,2];[38,38,40]
[-59,48,-3];[1,1,1]
[-26,55,0];[43,45,44]
[9,33,14];[33,33,33]
[0,24,-9];[13,13,13]
[17,7,-9];[44,44,46]
[52,36,-6];[237,195,61]
[-82,31,-3];[78,78,80]
[33,5,-1];[56,56,56]
[-10,39,-15];[52,60,63]
[-5,45,-11];[76,122,199]
[-71,35,-11];[24,24,24]
[-83,37,-3];[12,14,13]
[13,26,9];[23,23,25]
[-82,48,1];[56,56,56]
[87,34,-6];[66,66,68]
[20,31,-11];[47,47,47]
[-42,29,2];[105,95,57]
[54,11,2];[71,71,73]
[-29,45,-11];[59,59,59]
[-22,21,8];[34,34,34]
[-9,50,-16];[75,75,77]
[76,20,1];[68,59,42]
[-4,31,-16];[38,38,38]
[65,27,-6];[78,76,77]
[-20,28,-11];[27,27,27]
[-2,23,9];[26,26,26]
[-90,43,-3];[10,10,10]
[-23,33,-8];[56,57,52]
[39,18,-6];[56,52,49]
[-90,37,-4];[28,28,30]
[81,39,-6];[71,72,76]
[-30,48,4];[110,112,109]
[-22,15,4];[74,74,72]
[-35,52,-7];[63,59,48]
[17,2,-5];[46,46,48]
[-35,34,-9];[37,37,37]
[23,36,-15];[49,49,51]
[35,54,2];[60,60,60]
[78,18,-2];[105,91,62]
[9,23,-11];[228,196,61]
[-37,47,-6];[70,71,66]
[-73,35,-11];[40,42,41]
[0,23,-11];[44,44,44]
[-38,30,6];[88,93,97]
[-69,46,-10];[34,35,39]
[-87,37,2];[27,27,27]
[10,13,-14];[66,56,20]
[-88,37,-5];[38,38,38]
[14,33,-14];[62,62,60]
[-33,38,-10];[23,23,23]
[-2,23,-11];[44,44,44]
[-17,17,-11];[30,31,33]
[-48,50,-5];[3,3,3]
[6,29,-13];[53,55,52]
[11,4,-11];[68,68,66]
[6,4,-11];[81,77,66]
[-13,44,-15];[17,17,17]
[5,45,10];[71,110,175]
[-6,4,-11];[65,65,63]
[3,44,10];[85,116,162]
[17,18,-7];[36,37,39]
[-12,51,-12];[55,57,56]
[-20,23,-2];[67,69,68]
[14,6,11];[59,60,62]
[78,17,-1];[37,30,22]
[0,2,7];[58,58,58]
[7,13,-14];[247,206,62]
[-79,38,0];[95,97,96]
[-52,40,14];[67,65,50]
[-35,46,-11];[48,50,49]
[70,46,4];[56,56,54]
[-86,38,1];[23,23,23]
[43,42,-9];[7,7,9]
[16,9,-3];[17,19,18]
[5,0,-5];[66,66,66]
[-14,4,-11];[68,69,71]
[46,5,1];[75,77,76]
[36,21,-7];[57,53,50]
[-68,39,10];[50,52,51]
[27,51,-12];[54,54,54]
[-43,48,-2];[83,90,100]
[6,23,-11];[71,57,28]
[0,49,-12];[20,55,145]
[38,16,5];[63,64,66]
[37,38,-16];[53,55,54]
[43,41,-9];[7,7,7]
[2,58,4];[172,149,56]
[8,20,-12];[248,204,53]
[-42,44,-11];[55,56,51]
[2,41,11];[90,118,165]
[38,31,-6];[41,41,41]
[2,33,-13];[18,37,95]
[4,53,-11];[53,53,53]
[-70,51,0];[181,181,183]
[-16,14,-10];[17,19,18]
[3,51,-15];[62,62,62]
[-60,48,-12];[59,63,66]
[-1,52,-11];[53,55,52]
[-2,52,-11];[52,53,55]
[-42,47,5];[99,106,116]
[-15,38,-15];[45,47,46]
[15,26,-9];[31,31,29]
[-43,44,7];[201,171,51]
[37,52,-11];[111,109,110]
[-66,35,-10];[52,53,55]
[-6,24,8];[198,160,1]
[65,47,2];[61,61,61]
[6,42,-11];[41,53,67]
[-35,26,-10];[72,72,70]
[3,5,10];[64,66,65]
[-28,49,11];[57,54,45]
[-58,23,-9];[67,69,68]
[-56,35,8];[5,5,5]
[-5,23,-11];[47,47,45]
[-69,38,-12];[50,54,55]
[40,34,-6];[18,18,18]
[37,51,-11];[56,56,56]
[28,20,-1];[46,46,46]
[-38,44,7];[200,169,52]
[40,34,-15];[68,66,67]
[-23,50,-11];[245,201,52]
[80,33,-3];[54,55,57]
[-47,29,1];[30,24,0]
[56,22,0];[24,26,25]
[-5,32,-13];[38,39,41]
[-43,48,8];[60,60,60]
[-16,46,-15];[5,5,5]
[-33,47,-13];[69,60,31]
[48,14,1];[5,5,5]
[-38,50,-11];[54,51,44]
[-55,47,8];[0,0,0]
[29,41,15];[5,6,8]
[25,46,-16];[23,23,21]
[31,54,4];[56,56,56]
[-32,48,-9];[16,16,16]
[-40,49,0];[49,51,50]
[6,55,-9];[8,4,1]
[66,38,-6];[228,196,97]
[-85,37,-2];[110,112,109]
[-69,32,-9];[29,29,31]
[1,27,-11];[33,32,30]
[88,33,4];[71,71,73]
[-58,46,5];[1,1,1]
[-22,49,-11];[249,204,40]
[78,44,4];[246,207,42]
[11,2,7];[55,52,47]
[-31,23,-7];[55,50,44]
[82,14,2];[84,84,84]
[-52,36,-12];[3,4,6]
[7,8,13];[248,217,31]
[11,24,-10];[25,24,22]
[-28,16,-4];[7,7,7]
[-49,21,4];[4,2,3]
[-2,50,14];[25,26,28]
[-58,35,-9];[1,3,2]
[-55,39,-12];[3,3,3]
[87,45,-3];[59,61,60]
[-26,49,-11];[54,51,44]
[-27,50,-11];[50,50,50]
[57,47,-3];[58,58,56]
[-76,36,-10];[66,67,69]
[73,27,-4];[73,77,80]
[-47,29,-2];[61,63,60]
[25,31,10];[34,38,39]
[-49,33,-13];[130,127,122]
[6,50,-16];[49,53,56]
[-51,33,-13];[63,63,61]
[57,23,-1];[28,29,31]
[38,6,-3];[32,32,32]
[-46,50,-11];[240,197,43]
[-50,50,-11];[107,95,37]
[-51,50,-11];[92,83,40]
[-2,49,-11];[70,87,139]
[-68,49,5];[39,40,42]
[-61,48,2];[4,4,2]
[-22,49,-12];[249,204,41]
[52,38,5];[70,65,62]
[-52,36,-15];[134,200,212]
[17,54,-9];[61,59,60]
[-4,30,-16];[5,5,5]
[-12,38,-17];[25,27,26]
[-5,48,-11];[7,28,73]
[-19,44,-11];[4,4,4]
[79,34,-1];[59,60,62]
[-35,36,-9];[37,37,37]
[-78,43,-10];[66,68,67]
[-26,50,1];[59,61,60]
[-50,30,-5];[42,44,43]
[-28,42,-12];[33,33,33]
[-8,1,-6];[245,206,67]
[-33,44,-11];[60,62,61]
[-15,47,-16];[18,19,21]
[-38,44,-12];[107,102,72]
[20,41,-13];[70,134,222]
[-58,44,-11];[7,7,5]
[-47,44,11];[71,98,167]
[-22,43,-10];[166,145,56]
[3,30,-14];[46,48,47]
[-65,45,-9];[53,53,53]
[4,44,-11];[65,95,159]
[61,25,5];[63,64,66]
[-24,44,-11];[98,100,99]
[8,51,-12];[64,62,63]
[-83,32,-4];[76,78,77]
[-81,38,-9];[68,69,71]
[-28,39,-12];[112,100,52]
[-32,55,0];[48,48,48]
[-90,38,-7];[114,114,114]
[-24,34,-10];[212,184,75]
[-34,36,14];[71,177,203]
[-8,20,-12];[249,206,52]
[-76,31,1];[16,16,16]
[-45,36,-9];[168,140,31]
[-25,44,-11];[98,100,99]
[35,32,-11];[35,35,37]
[-31,44,-11];[58,60,59]
[-27,40,10];[70,72,69]
[-4,32,14];[86,82,83]
[90,39,0];[76,76,78]
[1,3,8];[78,80,79]
[-40,16,-5];[30,30,28]
[-79,43,-2];[14,13,11]
[-72,41,-12];[49,51,50]
[-9,43,-12];[9,25,61]
[-71,30,-5];[17,17,17]
[-25,45,-10];[19,19,19]
[-21,21,-2];[26,28,25]
[8,33,-10];[12,46,169]
[-26,55,2];[46,46,46]
[-40,50,-11];[63,61,46]
[-29,44,-12];[8,9,4]
[-1,53,-11];[54,54,54]
[-44,44,-11];[55,56,51]
[-41,32,-9];[54,54,52]
[-10,34,14];[51,51,51]
[61,27,-6];[81,82,84]
[-9,16,-14];[235,194,54]
[-45,48,3];[116,124,134]
[-59,63,-3];[145,145,145]
[53,19,-2];[30,30,32]
[-13,42,15];[28,26,29]
[-22,49,-7];[64,66,65]
[-21,44,-12];[53,55,54]
[61,33,-5];[65,65,65]
[42,37,-11];[53,53,51]
[-58,21,-6];[14,14,14]
[-59,54,2];[19,19,19]
[36,53,-8];[60,60,58]
[-26,44,-12];[41,41,41]
[10,25,8];[7,5,0]
[-31,21,-4];[28,19,1]
[-16,15,-12];[44,44,46]
[55,20,-5];[53,53,53]
[-13,47,-15];[13,14,16]
[-78,38,-6];[13,13,13]
[-6,51,-12];[61,61,63]
[-29,28,-10];[49,54,50]
[-50,44,-12];[2,2,0]
[-18,37,-17];[78,78,78]
[-82,34,-3];[18,18,18]
[-29,55,0];[47,47,47]
[70,44,-6];[55,55,53]
[-56,26,-10];[27,27,27]
[61,29,0];[4,4,4]
[-31,46,10];[57,59,56]
[-89,37,2];[40,42,39]
[36,49,-14];[56,58,57]
[1,30,-14];[46,47,49]
[18,34,-14];[48,48,48]
[8,43,-11];[76,118,190]
[42,46,7];[58,60,59]
[-28,37,-14];[57,62,65]
[69,43,-6];[52,52,52]
[78,23,6];[63,64,66]
[-12,10,13];[58,60,59]
[-42,22,-4];[107,86,21]
[35,15,-6];[57,56,54]
[-37,41,-10];[47,47,47]
[12,31,12];[63,63,61]
[-37,50,-11];[210,180,81]
[73,34,-6];[94,94,92]
[1,51,-16];[89,93,96]
[-69,42,-11];[32,33,35]
[-79,32,4];[0,1,0]
[-53,35,-9];[7,7,5]
[-1,23,-11];[43,43,41]
[-4,26,-10];[26,26,26]
[-73,42,-11];[50,51,53]
[10,14,-14];[64,61,42]
[-32,34,-8];[50,52,51]
[-3,41,-11];[84,120,182]
[-19,42,-11];[76,103,182]
[-27,41,-11];[134,119,60]
[1,37,-12];[86,125,194]
[-4,27,-10];[26,26,24]
[-83,48,-2];[58,58,58]
[-19,34,9];[52,78,152]
[40,9,4];[30,30,30]
[26,26,-10];[28,30,27]
[-62,43,-9];[29,31,30]
[-7,30,14];[34,34,34]
[-69,40,-11];[36,36,36]
[25,40,-15];[1,3,2]
[-70,39,-11];[53,55,54]
[-35,50,-10];[237,196,46]
[-12,45,-15];[3,3,3]
[81,38,5];[65,67,66]
[-10,36,-16];[45,46,48]
[-73,40,-11];[33,33,33]
[-28,23,-5];[22,22,22]
[53,18,-4];[15,15,15]
[30,50,-13];[53,53,51]
[-88,38,-5];[13,13,11]
[16,35,-17];[90,95,91]
[-63,41,10];[44,45,49]
[-1,50,-13];[66,75,104]
[9,23,-10];[216,182,48]
[1,19,-13];[54,54,52]
[34,6,1];[65,65,67]
[-23,23,6];[3,2,0]
[-20,23,7];[1,1,1]
[-73,39,-11];[32,34,33]
[-20,14,2];[65,65,67]
[-67,40,-10];[35,36,38]
[-63,30,-3];[23,24,26]
[-54,41,-12];[3,3,3]
[-27,24,-6];[17,17,17]
[-14,47,15];[51,55,58]
[20,39,-13];[73,135,218]
[-46,33,13];[61,62,64]
[-37,52,-7];[66,64,52]
[-46,28,-11];[53,53,53]
[-19,38,-11];[196,168,59]
[-50,44,-11];[2,2,0]
[71,29,1];[65,67,66]
[-93,42,-1];[86,90,91]
[-5,19,-13];[51,51,51]
[-67,46,-8];[40,41,43]
[14,39,-13];[58,105,173]
[-86,43,2];[2,2,2]
[-60,31,7];[2,2,2]
[-46,31,-7];[64,68,69]
[-6,49,-15];[41,45,48]
[69,40,5];[58,59,61]
[57,47,-1];[58,58,56]
[37,31,-11];[87,88,90]
[6,49,-8];[31,52,117]
[6,48,-10];[37,61,131]
[9,60,2];[83,66,12]
[-28,38,-11];[19,21,20]
[7,27,-11];[225,187,54]
[40,32,-3];[72,70,71]
[-58,38,-9];[25,25,25]
[-33,34,8];[30,30,28]
[-68,38,-12];[51,51,53]
[-80,41,1];[47,49,48]
[58,44,-6];[53,53,51]
[30,33,-13];[62,62,62]
[28,27,-10];[47,48,50]
[-61,40,-10];[5,6,8]
[-85,38,-4];[13,13,11]
[50,11,3];[60,61,63]
[51,45,-5];[3,3,3]
[16,27,8];[27,29,24]
[65,27,-4];[46,46,46]
[-70,37,-11];[35,35,35]
[10,27,-11];[43,44,39]
[-71,37,-11];[27,27,27]
[72,39,-6];[30,26,23]
[-6,37,-11];[80,120,189]
[-17,47,-16];[80,81,85]
[-72,37,-11];[31,33,30]
[-9,40,-14];[40,61,104]
[27,22,-7];[62,63,65]
[-14,24,-10];[25,25,27]
[52,43,-6];[55,55,57]
[-16,27,-12];[33,33,33]
[-77,47,1];[28,28,28]
[-80,33,1];[38,38,38]
[0,26,-10];[26,24,25]
[74,34,3];[1,1,0]
[7,2,-9];[239,198,58]
[-80,40,5];[25,25,25]
[7,36,-11];[82,115,182]
[-18,14,-4];[42,42,42]
[-61,35,-8];[5,5,5]
[-26,33,-10];[215,184,68]
[-28,35,10];[51,51,43]
[-19,47,9];[158,134,46]
[1,0,4];[64,64,64]
[-19,48,5];[38,40,39]
[15,20,-13];[54,54,54]
[2,55,8];[56,40,0]
[2,40,-12];[81,118,188]
[-48,49,-11];[238,197,45]
[-48,56,1];[55,57,56]
[-86,43,-5];[15,15,15]
[-10,25,6];[15,13,14]
[-39,38,-12];[82,104,162]
[-22,36,-12];[53,55,54]
[-62,41,-10];[4,4,4]
[-19,32,-15];[30,30,30]
[-20,22,-7];[6,6,6]
[-57,41,-12];[5,5,3]
[43,18,-7];[62,64,63]
[-50,47,-13];[240,196,48]
[-32,30,10];[51,48,41]
[-47,36,-12];[99,101,100]
[0,52,-11];[53,55,54]
[-24,21,7];[37,37,37]
[-55,36,-11];[3,5,4]
[10,23,-11];[60,54,42]
[6,8,12];[234,205,52]
[-44,34,13];[62,63,65]
[-54,49,1];[6,6,6]
[-6,28,-11];[61,55,41]
[-70,36,-11];[52,54,53]
[14,18,-14];[54,54,54]
[33,38,15];[36,36,36]
[-79,40,-2];[42,42,40]
[-60,32,-10];[63,62,60]
[-16,20,-10];[23,24,26]
[21,58,6];[82,80,81]
[-29,51,-9];[108,92,30]
[-39,49,6];[201,172,70]
[-63,29,2];[54,54,54]
[-84,32,0];[44,44,42]
[37,52,8];[61,63,62]
[25,32,-11];[27,28,30]
[75,25,6];[35,35,35]
[88,18,-4];[63,63,61]
[88,15,2];[71,71,73]
[-17,23,0];[21,21,19]
[23,32,-11];[13,13,13]
[-13,43,-15];[14,14,16]
[4,60,2];[93,89,64]
[26,34,-13];[16,16,16]
[-82,35,-8];[86,86,86]
[-29,39,10];[52,53,48]
[66,31,4];[30,30,32]
[15,55,-9];[13,13,5]
[-16,14,-6];[1,1,1]
[-59,16,0];[80,80,80]
[16,21,-6];[26,26,26]
[-48,53,5];[170,139,30]
[22,32,-11];[39,40,42]
[2,25,8];[9,9,9]
[-14,21,-12];[55,57,56]
[-74,42,-10];[28,28,28]
[-58,39,-10];[2,2,2]
[-14,8,-13];[64,64,64]
[-21,38,-12];[13,13,11]
[43,40,-13];[15,15,15]
[-23,30,-11];[45,40,36]
[18,32,-11];[49,49,49]
[-16,20,-4];[13,13,11]
[5,56,-9];[228,192,70]
[-43,31,4];[56,58,57]
[-19,33,-9];[74,76,71]
[36,48,15];[63,62,60]
[-29,30,-11];[46,46,46]
[-57,50,4];[2,2,2]
[-16,16,-7];[64,66,65]
[-65,49,-4];[56,56,56]
[-56,57,-2];[22,22,22]
[-30,30,-11];[50,49,47]
[-8,40,-11];[43,90,168]
[84,31,5];[67,68,70]
[-31,30,-11];[50,50,50]
[-56,44,-9];[6,6,6]
[-54,63,2];[84,84,84]
[-82,36,7];[63,64,66]
[17,19,0];[2,2,2]
[16,20,10];[76,77,79]
[60,24,5];[62,63,65]
[-16,34,15];[90,85,89]
[-8,53,-11];[54,56,55]
[-19,49,-14];[27,26,24]
[-57,37,-9];[7,7,5]
[-44,29,-10];[47,47,45]
[-44,42,-12];[88,90,89]
[-38,47,-9];[54,55,50]
[-36,30,-11];[49,51,48]
[-13,25,6];[13,13,13]
[-48,30,-11];[49,48,46]
[17,59,-7];[88,89,91]
[-59,30,-11];[38,38,40]
[46,16,-3];[31,30,28]
[-56,30,-11];[34,34,34]
[-21,26,-11];[69,69,69]
[-67,30,0];[37,39,38]
[-9,1,6];[241,199,27]
[-2,16,-14];[54,54,54]
[-88,38,2];[11,10,8]
[-42,44,-12];[55,56,51]
[-3,22,-11];[46,46,46]
[0,17,-14];[54,54,52]
[-10,7,-13];[78,63,32]
[-6,31,-17];[27,25,26]
[75,46,0];[136,119,49]
[24,47,-16];[86,87,89]
[-55,64,-1];[20,20,20]
[-52,25,9];[75,61,26]
[48,38,-4];[42,42,44]
[15,11,-14];[35,36,38]
[-52,42,-12];[2,2,2]
[14,22,-11];[51,51,51]
[-61,23,1];[147,191,226]
[26,33,11];[58,59,61]
[44,5,-3];[75,75,77]
[-19,40,16];[60,61,63]
[-32,29,3];[59,62,67]
[-3,11,-14];[54,54,54]
[9,22,-11];[211,185,62]
[25,22,-3];[64,64,66]
[17,22,5];[18,18,18]
[-24,50,-5];[48,50,49]
[23,54,7];[65,65,65]
[-42,45,-14];[82,72,36]
[60,45,-6];[50,50,50]
[-26,21,-3];[28,28,26]
[-28,42,-15];[249,202,50]
[68,43,-6];[54,54,54]
[88,29,-5];[106,107,109]
[36,15,5];[64,64,66]
[32,19,4];[34,33,28]
[-80,37,-10];[72,72,74]
[-17,16,-11];[28,28,28]
[-33,29,3];[67,70,75]
[-16,17,-11];[39,41,40]
[-56,36,-9];[6,6,4]
[42,4,-4];[71,75,76]
[-55,29,-5];[5,5,3]
[79,17,-1];[49,41,30]
[6,30,-13];[53,53,53]
[-35,30,-12];[54,54,54]
[-76,31,6];[78,78,78]
[-48,33,-14];[97,96,92]
[-8,8,-13];[248,204,56]
[6,0,1];[66,67,62]
[-30,26,9];[59,61,60]
[-21,41,-11];[180,152,43]
[-89,34,1];[51,51,51]
[-17,12,-11];[40,42,41]
[40,36,15];[72,74,73]
[16,6,-11];[49,49,49]
[-58,43,-9];[2,2,2]
[-20,53,-6];[127,108,40]
[-8,5,-11];[248,206,58]
[15,6,-11];[48,48,48]
[-57,66,-1];[42,42,42]
[-41,36,-11];[45,62,106]
[11,18,13];[57,55,56]
[16,9,-13];[50,50,50]
[55,18,-6];[72,73,77]
[-85,34,3];[25,25,25]
[-9,44,-15];[42,48,64]
[-68,41,-11];[20,20,22]
[-89,44,3];[6,6,6]
[16,0,2];[40,40,40]
[-58,33,-7];[5,5,5]
[-60,33,-11];[66,65,63]
[-79,33,6];[38,38,36]
[-10,14,13];[56,56,54]
[-37,48,-12];[236,196,49]
[-58,60,-2];[1,1,1]
[-2,4,-11];[68,69,71]
[-83,38,-1];[4,5,7]
[-14,22,-12];[56,58,57]
[72,47,-2];[56,58,57]
[-16,11,5];[51,51,51]
[-83,41,8];[60,62,61]
[-60,39,-14];[65,66,70]
[11,27,-11];[40,40,38]
[-90,40,-8];[69,69,69]
[-54,51,0];[49,51,48]
[-55,31,-7];[4,4,2]
[-6,5,-11];[67,66,64]
[9,40,11];[77,110,164]
[88,20,-1];[67,67,67]
[-41,44,-15];[241,197,46]
[-33,44,11];[24,26,25]
[-12,4,-11];[68,67,65]
[23,23,-7];[2,2,2]
[-12,11,-14];[51,53,52]
[1,50,-14];[6,10,13]
[-47,27,10];[57,59,58]
[-32,48,-13];[66,59,40]
[-48,17,5];[236,217,97]
[77,36,-6];[75,77,76]
[-48,28,10];[52,54,53]
[63,25,2];[54,54,54]
[74,35,-5];[7,6,4]
[32,35,15];[77,77,79]
[5,6,-12];[60,60,58]
[-17,52,-11];[68,65,56]
[-31,36,-9];[54,77,145]
[80,42,-5];[67,67,65]
[-27,48,-13];[56,45,27]
[18,47,-16];[76,77,79]
[-49,48,-9];[2,2,0]
[-32,29,1];[29,31,30]
[24,34,-13];[16,16,16]
[-19,50,-11];[176,142,52]
[9,2,8];[244,202,32]
[-55,42,-15];[237,196,54]
[-1,32,14];[72,71,76]
[61,29,-5];[4,4,4]
[-67,36,-10];[35,35,37]
[-20,38,-11];[202,169,40]
[-14,23,10];[42,42,42]
[-33,47,-10];[16,16,16]
[-30,49,-11];[66,61,41]
[24,24,-8];[18,18,18]
[-38,49,-11];[83,72,40]
[-24,40,11];[59,59,59]
[1,51,-13];[61,61,53]
[-69,34,-10];[41,41,41]
[66,33,4];[56,56,54]
[88,45,-3];[67,67,69]
[71,45,-6];[48,50,49]
[-75,38,-11];[69,69,71]
[-35,41,14];[59,59,51]
[16,14,-6];[1,1,1]
[-20,44,-11];[56,56,54]
[10,26,7];[30,27,22]
[14,29,-12];[57,59,58]
[86,20,-6];[68,69,71]
[51,13,-5];[118,116,117]
[-10,51,-12];[57,57,57]
[-47,17,4];[38,28,0]
[22,54,-6];[13,11,12]
[-89,41,2];[9,9,7]
[31,17,-2];[25,25,25]
[31,16,-2];[27,27,27]
[-9,9,-14];[238,196,58]
[-72,33,-10];[64,65,67]
[-45,50,-11];[219,179,48]
[-4,33,-10];[4,42,141]
[-39,33,-14];[62,62,60]
[-5,43,-11];[87,127,199]
[-38,20,5];[68,44,0]
[-47,49,-11];[238,197,43]
[-37,46,-6];[70,71,66]
[-1,55,-9];[12,13,7]
[-38,43,-12];[61,58,49]
[22,13,1];[51,45,31]
[12,35,-14];[24,26,25]
[-55,67,-1];[64,64,66]
[-52,27,9];[57,59,58]
[28,22,-5];[55,48,38]
[17,23,-6];[10,10,10]
[52,13,-6];[80,80,80]
[11,51,-13];[58,60,59]
[-58,50,-11];[56,56,54]
[-57,30,-6];[39,41,40]
[-58,44,-9];[6,6,6]
[44,9,2];[8,8,8]
[-30,44,10];[71,73,72]
[-84,41,5];[15,17,16]
[8,27,-11];[219,179,55]
[53,45,-5];[50,52,51]
[37,39,15];[62,63,65]
[-83,33,4];[74,76,75]
[75,22,2];[73,63,54]
[-73,38,-12];[50,50,50]
[18,9,-1];[53,53,55]
[-20,47,-10];[54,56,55]
[-75,49,-3];[23,25,24]
[-4,48,-11];[70,87,133]
[-39,32,-9];[102,104,103]
[-84,36,5];[10,10,10]
[-63,29,1];[19,19,17]
[-24,34,8];[38,39,41]
[-12,55,-7];[31,31,31]
[-17,6,-1];[140,145,148]
[21,17,0];[2,2,2]
[-35,30,0];[32,32,32]
[-46,36,13];[91,181,207]
[-16,27,9];[37,37,37]
[34,34,-13];[45,43,44]
[19,26,-9];[36,36,36]
[-20,44,-12];[13,13,11]
[46,46,-2];[53,53,55]
[-79,40,2];[20,20,20]
[43,46,-1];[52,52,52]
[-30,25,-8];[34,34,34]
[-43,27,-10];[59,59,59]
[-17,9,9];[42,42,42]
[-28,43,-12];[8,8,6]
[2,43,-12];[81,119,192]
[-59,16,-4];[75,74,70]
[23,34,-13];[20,20,18]
[-53,43,-15];[237,195,47]
[-62,42,-9];[32,34,33]
[-41,43,-12];[87,71,37]
[32,29,8];[63,63,61]
[7,50,-13];[41,52,82]
[-26,23,3];[20,20,20]
[-83,47,2];[199,168,59]
[-42,43,-12];[55,56,51]
[3,52,-11];[52,54,53]
[-42,45,-11];[55,56,51]
[-27,55,0];[43,43,43]
[13,38,-15];[76,80,81]
[-81,39,-8];[59,61,60]
[1,28,11];[44,43,39]
[-25,33,-14];[60,60,58]
[15,29,-12];[59,59,59]
[-32,47,-10];[16,16,16]
[-79,36,5];[21,21,19]
[-26,25,-10];[45,45,45]
[68,29,3];[43,43,43]
[37,51,-8];[60,60,60]
[-76,47,7];[65,66,68]
[33,45,15];[36,36,36]
[0,43,-12];[80,118,191]
[55,14,-2];[71,71,71]
[-41,36,-12];[45,62,106]
[-1,43,-12];[84,122,195]
[-18,41,-17];[79,80,84]
[-17,24,-5];[15,15,13]
[29,29,-10];[12,10,13]
[-40,36,-14];[42,87,106]
[-54,30,-6];[40,42,41]
[-44,43,-12];[65,67,64]
[-47,43,-12];[58,58,58]
[-47,32,-6];[46,46,44]
[30,7,1];[37,35,36]
[-41,55,-1];[47,47,47]
[-33,43,-15];[49,49,47]
[-3,37,-11];[87,122,188]
[-72,40,-11];[31,30,28]
[23,16,0];[49,50,44]
[-84,37,7];[65,66,68]
[-4,49,-13];[23,41,91]
[-44,31,11];[61,61,59]
[34,54,2];[57,57,55]
[13,39,-16];[54,60,60]
[-49,43,-12];[2,2,0]
[1,6,-12];[61,63,62]
[-17,5,-5];[51,51,53]
[-34,53,-7];[55,50,44]
[80,46,0];[59,58,56]
[-3,51,-16];[68,72,75]
[-43,41,11];[33,33,31]
[76,33,0];[23,23,23]
[-42,55,1];[40,40,40]
[-50,43,-12];[51,51,51]
[-80,46,6];[66,66,68]
[54,11,3];[71,71,71]
[-27,43,14];[243,202,22]
[-80,33,-7];[77,79,78]
[-16,18,-8];[2,2,2]
[-27,49,-6];[52,53,48]
[17,38,-15];[62,63,67]
[-34,32,-13];[64,64,62]
[-39,16,0];[69,69,69]
[-22,17,2];[3,3,3]
[-24,23,8];[52,52,52]
[28,26,10];[28,28,28]
[-16,19,-6];[36,38,35]
[-50,54,4];[37,36,34]
[-51,47,8];[0,0,0]
[-10,22,10];[48,49,44]
[-7,28,-12];[192,163,67]
[14,40,-14];[8,8,10]
[24,37,-15];[50,52,51]
[53,45,-6];[50,52,49]
[-41,18,-6];[64,62,50]
[40,33,-10];[31,31,31]
[-43,46,-7];[47,49,48]
[72,46,-5];[50,50,50]
[-69,42,-12];[45,45,45]
[36,40,-16];[53,53,53]
[-58,30,-12];[17,17,17]
[28,42,-16];[21,20,25]
[-35,29,-4];[35,36,40]
[-54,48,-5];[4,4,2]
[-54,34,-11];[4,4,2]
[-12,0,-6];[66,65,63]
[10,28,-12];[51,52,47]
[20,39,-14];[52,73,116]
[88,18,4];[74,72,75]
[-30,43,-12];[38,40,39]
[40,45,15];[21,21,19]
[-85,39,-6];[9,9,9]
[-23,25,-7];[84,80,81]
[-42,25,6];[15,14,10]
[30,44,-17];[18,18,20]
[17,9,8];[39,41,40]
[11,57,-8];[101,102,84]
[-51,35,-11];[133,115,49]
[-3,52,-12];[50,51,53]
[22,45,-16];[51,51,51]
[-56,28,-12];[59,58,56]
[-43,16,-5];[244,204,31]
[25,54,-3];[56,56,56]
[-20,22,-6];[8,8,8]
[-83,33,-2];[30,30,30]
[-20,46,-10];[60,60,60]
[68,46,-4];[71,71,73]
[19,48,15];[85,83,86]
[10,20,-12];[64,62,50]
[39,48,-14];[73,73,73]
[-57,43,-12];[4,4,4]
[14,49,13];[58,58,58]
[88,20,0];[68,68,66]
[16,32,-14];[66,66,66]
[-24,39,-11];[86,88,83]
[-89,41,-8];[73,73,73]
[-7,42,-11];[77,121,194]
[15,1,-7];[26,26,26]
[-16,14,9];[20,20,20]
[43,41,-11];[12,12,12]
[-86,42,4];[16,18,17]
[-38,44,-15];[245,201,50]
[-50,28,-1];[7,7,5]
[-14,50,-14];[54,54,54]
[-13,54,-3];[29,29,29]
[-67,34,-9];[22,22,22]
[-43,33,-13];[66,66,66]
[-46,39,-15];[241,203,66]
[42,46,-9];[59,59,59]
[10,8,-13];[60,57,48]
[-58,42,11];[7,7,5]
[-36,29,-1];[17,17,17]
[-50,16,2];[67,69,68]
[33,28,7];[40,40,40]
[10,33,-14];[10,10,10]
[-13,31,-14];[54,54,52]
[-26,43,-12];[45,42,27]
[-56,46,-11];[5,5,3]
[-40,32,-7];[203,172,47]
[53,10,3];[70,68,69]
[5,49,10];[32,55,125]
[-8,18,12];[247,211,26]
[57,17,2];[65,65,65]
[52,12,-6];[74,76,75]
[-8,52,-12];[55,55,55]
[0,31,-16];[39,39,39]
[-19,40,-11];[203,168,38]
[17,10,-12];[40,42,41]
[-52,49,-1];[5,5,5]
[-71,40,-12];[27,26,24]
[41,42,-16];[114,115,117]
[-50,55,-3];[1,1,0]
[-83,31,2];[66,68,67]
[-26,48,-6];[50,51,46]
[-17,50,-14];[60,61,63]
[-58,57,-2];[1,1,1]
[20,56,8];[57,57,57]
[13,0,-1];[70,72,71]
[78,22,5];[67,67,67]
[6,40,-12];[35,45,68]
[7,35,-11];[46,84,185]
[60,27,-4];[12,12,12]
[76,20,3];[84,73,51]
[22,54,2];[32,32,32]
[-12,54,-10];[59,59,59]
[-89,40,-6];[61,61,59]
[-73,39,-12];[51,51,51]
[6,52,10];[57,57,57]
[-80,43,1];[51,51,51]
[81,46,-2];[57,58,60]
[43,5,4];[138,136,137]
[6,38,-12];[38,51,70]
[38,7,-3];[3,3,3]
[-90,38,-6];[11,10,8]
[-59,52,7];[137,138,143]
[87,19,-5];[62,62,64]
[-24,47,-10];[12,12,12]
[17,38,-16];[30,30,32]
[4,40,11];[83,114,161]
[-76,31,4];[1,1,1]
[3,45,-10];[75,116,195]
[-39,48,3];[20,22,21]
[-37,48,4];[44,44,44]
[9,16,-14];[242,208,82]
[18,26,7];[47,45,46]
[-47,22,-4];[31,28,23]
[22,29,9];[19,19,19]
[-5,37,-12];[86,125,192]
[-4,40,-12];[84,119,183]
[-10,10,-14];[83,62,15]
[-2,37,-12];[88,123,189]
[-1,46,-10];[74,115,197]
[18,45,-16];[39,40,42]
[-19,37,-11];[13,13,11]
[52,9,-2];[67,67,67]
[-86,42,-1];[13,13,11]
[-17,36,-17];[85,85,85]
[58,21,-6];[66,67,71]
[-84,39,-9];[63,64,68]
[-54,37,-10];[3,3,3]
[-23,12,0];[76,77,81]
[-16,10,-5];[46,48,47]
[-6,58,-7];[88,85,80]
[-30,40,-15];[251,202,39]
[4,36,-11];[41,64,105]
[-27,36,-12];[53,53,53]
[-24,23,-5];[3,3,3]
[-25,45,-11];[87,91,92]
[-30,37,-12];[50,52,51]
[-49,29,-11];[19,19,19]
[41,41,-16];[129,128,126]
[23,33,-13];[58,58,60]
[23,41,-13];[71,134,227]
[-2,6,11];[62,64,63]
[-8,20,11];[237,204,27]
[-20,36,-12];[13,13,11]
[-25,47,-9];[15,15,13]
[-47,30,-11];[47,46,44]
[-25,22,-7];[41,41,39]
[52,16,-3];[22,24,23]
[-30,48,-13];[50,50,48]
[-57,58,-2];[1,1,1]
[-30,51,-2];[63,65,64]
[3,58,4];[162,141,58]
[37,34,13];[65,66,68]
[-51,44,-11];[2,1,0]
[13,48,-17];[92,94,93]
[-55,51,2];[7,7,5]
[79,43,-5];[162,133,53]
[-32,30,-12];[52,52,50]
[-19,23,-10];[10,10,12]
[27,30,-10];[12,12,12]
[40,17,-6];[35,33,34]
[-27,32,-13];[61,61,59]
[-40,44,11];[198,169,51]
[-50,46,-10];[2,2,0]
[-39,20,4];[230,191,8]
[-91,38,6];[76,77,82]
[-52,46,-7];[93,85,48]
[-60,45,-13];[123,124,129]
[-47,35,-11];[99,101,100]
[-19,23,2];[29,29,27]
[17,23,-8];[13,13,13]
[-33,34,-11];[23,22,17]
[-59,50,-11];[81,73,52]
[-40,36,-12];[76,94,134]
[-44,36,-12];[68,86,134]
[21,56,-1];[40,46,60]
[-83,40,-8];[52,52,52]
[40,37,-16];[44,44,44]
[45,43,-6];[47,49,48]
[-59,36,-12];[13,13,11]
[10,36,-11];[26,68,186]
[-61,47,-6];[11,11,11]
[28,48,-16];[84,84,82]
[5,33,-13];[11,26,81]
[-3,0,4];[64,64,64]
[-53,33,7];[67,71,82]
[-6,40,-12];[84,125,191]
[-12,47,-17];[88,88,88]
[-6,34,-11];[0,29,109]
[33,35,15];[66,64,65]
[18,54,-9];[53,53,53]
[14,59,-5];[45,38,9]
[-67,46,8];[0,0,0]
[-56,44,-12];[3,3,3]
[9,49,-16];[16,16,18]
[-19,41,-16];[30,30,28]
[-8,44,13];[24,62,143]
[16,14,-7];[3,3,3]
[15,1,-5];[47,48,50]
[17,16,10];[30,30,30]
[-58,23,-7];[49,49,49]
[-18,34,-16];[79,79,79]
[5,33,-11];[4,27,107]
[-55,32,5];[2,0,1]
[-37,29,4];[96,103,113]
[12,17,-14];[53,55,54]
[-84,37,-7];[15,15,15]
[-73,31,7];[65,65,67]
[80,27,-3];[15,15,15]
[-89,34,3];[67,67,69]
[-24,48,-5];[3,3,3]
[-2,14,13];[55,55,55]
[-41,45,-8];[38,40,39]
[-2,0,-4];[69,69,69]
[4,50,-15];[26,29,36]
[-21,30,-11];[31,30,25]
[-16,28,-12];[49,49,49]
[31,20,4];[32,31,27]
[7,33,-13];[15,33,95]
[-65,47,7];[49,49,49]
[39,31,-11];[34,34,32]
[-86,42,1];[27,27,27]
[12,4,-10];[70,69,67]
[26,48,-15];[53,53,53]
[-17,18,6];[40,39,35]
[55,35,-6];[60,52,41]
[-39,30,-12];[51,51,49]
[-61,44,-8];[10,10,12]
[15,45,16];[65,67,66]
[-15,18,12];[40,40,40]
[76,39,-6];[245,204,60]
[-16,13,-10];[32,32,32]
[39,49,-7];[58,58,58]
[7,54,-9];[72,57,34]
[-42,44,10];[193,172,89]
[-53,29,-1];[5,5,5]
[-32,28,0];[57,59,58]
[-60,50,-8];[61,63,62]
[-57,31,7];[6,8,7]
[50,44,-4];[4,4,4]
[-48,21,3];[203,166,0]
[19,30,-11];[36,36,38]
[-44,30,-11];[50,50,50]
[36,5,1];[76,77,79]
[-40,32,-13];[62,62,62]
[62,45,-6];[50,50,50]
[22,12,-1];[80,67,33]
[0,60,-1];[248,211,68]
[-35,36,-12];[54,78,150]
[-45,30,-11];[52,51,49]
[-47,36,8];[34,37,30]
[-41,36,14];[37,74,92]
[-6,3,-10];[74,72,73]
[-51,36,14];[92,191,210]
[-88,43,6];[75,75,77]
[-45,30,-12];[51,51,49]
[-16,31,-15];[42,41,39]
[23,49,-14];[53,53,53]
[35,31,9];[14,14,14]
[-5,60,0];[53,53,51]
[-47,31,4];[51,51,49]
[-17,6,-4];[60,59,57]
[73,37,-6];[246,206,74]
[-28,48,6];[104,106,105]
[48,43,-4];[38,38,38]
[38,23,-7];[67,67,69]
[-17,4,-7];[54,55,57]
[-26,36,-12];[53,53,53]
[10,45,12];[6,57,162]
[-9,29,-13];[230,198,75]
[-29,37,-12];[36,36,36]
[17,11,-9];[1,1,1]
[3,21,-12];[52,52,52]
[-34,50,-6];[50,52,51]
[-18,49,-14];[66,66,68]
[40,23,-5];[37,37,35]
[-45,44,-15];[58,58,50]
[-52,30,-12];[50,50,48]
[21,34,-16];[47,48,50]
[12,59,-6];[71,65,33]
[-32,32,-6];[68,70,69]
[16,29,-11];[41,41,41]
[-52,42,14];[67,64,49]
[5,30,-14];[46,46,44]
[-58,35,-14];[56,56,54]
[-30,49,6];[29,29,27]
[-37,30,-12];[53,54,49]
[0,41,-12];[83,118,184]
[-8,23,-11];[237,195,25]
[38,25,-5];[34,34,34]
[-8,30,-13];[252,213,50]
[-10,26,6];[11,10,8]
[35,42,-16];[47,48,50]
[44,17,-6];[10,10,10]
[-57,33,6];[0,0,0]
[17,22,-8];[19,19,19]
[16,1,5];[49,49,47]
[28,49,-14];[52,52,52]
[-7,35,-11];[0,31,100]
[22,54,1];[6,6,6]
[88,32,-1];[68,68,68]
[42,38,9];[53,53,53]
[76,35,5];[86,83,92]
[-22,56,0];[12,12,12]
[-11,28,-11];[46,47,42]
[5,53,-10];[55,55,53]
[-16,19,8];[15,15,13]
[-28,31,-12];[60,60,58]
[92,44,3];[77,77,77]
[8,4,-11];[245,202,61]
[-1,30,-15];[40,42,41]
[-72,32,8];[36,37,39]
[-59,37,-15];[126,128,127]
[-15,28,-11];[34,34,34]
[-59,29,-11];[9,9,9]
[90,45,-2];[57,57,57]
[-85,39,-3];[67,69,66]
[-30,45,-14];[67,62,42]
[-15,42,14];[57,57,57]
[-29,49,2];[60,62,59]
[-9,6,11];[89,82,38]
[-55,31,-5];[2,2,2]
[23,53,-10];[54,56,55]
[43,40,10];[18,18,18]
[-53,44,-8];[93,85,48]
[-25,39,-15];[52,52,50]
[-16,11,-12];[40,41,43]
[34,46,15];[66,67,71]
[-35,43,-15];[52,51,47]
[36,32,10];[51,47,44]
[-16,14,8];[4,4,6]
[-55,30,-11];[38,38,38]
[-56,31,0];[14,13,18]
[-74,50,-1];[3,3,3]
[32,26,-8];[1,1,1]
[-17,34,-14];[3,2,0]
[-57,25,-11];[101,102,104]
[-26,50,-5];[25,25,25]
[-28,43,14];[244,204,18]
[12,22,-11];[49,51,50]
[-59,45,-7];[2,2,0]
[3,22,-11];[49,49,49]
[-77,31,4];[1,1,1]
[-12,57,-6];[44,42,43]
[-28,54,2];[28,30,29]
[-30,34,7];[34,35,37]
[-8,30,12];[245,200,9]
[-37,43,-15];[77,53,7]
[-41,52,7];[74,71,54]
[27,54,-6];[56,58,57]
[-33,49,7];[62,63,58]
[4,59,-6];[162,124,51]
[-55,52,-8];[58,58,58]
[86,45,1];[62,60,61]
[12,34,-16];[25,31,31]
[36,34,13];[65,66,68]
[-24,51,3];[39,38,33]
[7,22,-11];[240,197,41]
[-10,0,1];[241,202,85]
[-75,37,-11];[71,71,73]
[-59,48,-8];[12,12,12]
[-16,20,-11];[30,34,33]
[1,32,-16];[44,44,46]
[-34,48,2];[63,65,64]
[25,42,-16];[1,1,1]
[-33,29,9];[65,65,65]
[16,19,-11];[40,40,40]
[-5,50,12];[57,61,73]
[17,13,-11];[36,36,36]
[-54,35,-14];[60,60,58]
[8,5,-11];[247,204,65]
[7,37,-12];[87,125,190]
[-15,28,-12];[35,35,35]
[-50,53,-5];[44,44,44]
[15,42,-13];[69,131,214]
[5,5,-11];[65,65,63]
[-27,29,-10];[50,49,47]
[-77,29,0];[79,79,79]
[-40,37,-15];[47,49,46]
[1,5,-11];[66,66,66]
[15,30,-13];[61,61,61]
[-2,49,7];[49,69,122]
[-16,5,1];[4,4,4]
[29,30,8];[54,55,57]
[-27,26,-10];[62,64,63]
[3,5,-11];[65,66,68]
[-75,48,6];[51,53,52]
[39,34,-16];[92,93,95]
[26,10,1];[12,12,12]
[32,44,-16];[64,65,60]
[-1,5,-11];[66,67,69]
[17,18,-10];[38,38,40]
[-68,39,-12];[53,53,55]
[-55,42,8];[4,4,4]
[-5,5,-11];[66,66,66]
[-12,5,-11];[63,63,63]
[-80,36,-2];[106,101,72]
[19,25,8];[53,55,54]
[-37,46,-7];[55,55,55]
[-14,5,-11];[66,67,69]
[-58,35,-15];[56,55,51]
[4,52,-11];[54,55,57]
[36,37,-16];[53,55,54]
[-25,36,-11];[55,57,54]
[16,18,-4];[29,29,29]
[5,50,-14];[39,43,52]
[-44,53,-5];[55,56,48]
[-29,16,-3];[66,67,69]
[-16,21,-10];[16,16,16]
[8,43,-12];[85,125,197]
[-25,41,11];[75,77,74]
[-55,31,-13];[58,58,58]
[15,20,-12];[39,39,39]
[80,38,5];[63,65,64]
[17,21,-7];[1,1,1]
[-67,30,4];[4,4,2]
[13,52,-11];[89,89,87]
[-22,24,-11];[78,80,79]
[-7,49,15];[43,43,45]
[9,52,-11];[53,54,56]
[44,44,-5];[41,41,41]
[-40,21,4];[216,178,5]
[-16,51,-14];[105,106,108]
[-9,13,-14];[237,193,58]
[51,9,-4];[66,66,66]
[-11,57,2];[46,46,46]
[-47,18,-6];[59,55,52]
[-38,48,-12];[238,199,59]
[-81,44,8];[140,138,141]
[28,22,-7];[46,46,44]
[-86,48,0];[59,59,59]
[-41,31,-13];[62,62,64]
[-9,52,-11];[56,57,59]
[83,41,5];[67,69,68]
[-55,44,-11];[2,2,0]
[34,52,-11];[58,60,59]
[24,31,-10];[26,26,26]
[-40,17,-6];[65,65,63]
[29,52,-11];[55,55,55]
[-28,46,-14];[235,198,68]
[25,24,8];[13,13,15]
[-83,49,-1];[57,57,57]
[-24,35,10];[201,169,50]
[-58,53,-6];[58,58,58]
[75,28,-5];[52,54,53]
[-48,53,6];[221,185,35]
[35,15,-5];[54,53,51]
[16,52,-11];[57,57,57]
[-49,33,7];[207,175,54]
[34,14,2];[48,40,27]
[23,52,-12];[55,55,55]
[38,49,-5];[57,57,57]
[-84,44,-3];[101,103,100]
[25,42,-14];[9,13,22]
[8,24,-10];[226,184,10]
[16,1,-6];[52,52,52]
[5,24,-10];[16,18,17]
[8,24,-9];[215,174,4]
[-58,49,-11];[57,57,55]
[-46,25,7];[32,32,30]
[61,31,-4];[4,4,4]
[-59,35,-14];[68,68,70]
[-71,48,-8];[31,31,31]
[8,48,-14];[25,48,126]
[-56,65,-2];[21,21,21]
[-84,37,-5];[27,27,27]
[-27,39,-12];[121,106,51]
[-46,28,-1];[45,65,124]
[-51,56,-2];[6,7,9]
[-29,38,-15];[57,51,35]
[32,29,7];[61,63,62]
[-56,24,9];[53,53,53]
[-15,11,12];[69,70,74]
[-12,56,6];[48,48,48]
[-47,49,-12];[237,196,46]
[11,43,-11];[19,62,166]
[17,19,-10];[35,35,35]
[33,47,-16];[78,79,83]
[-56,43,-12];[4,4,4]
[67,29,3];[84,83,88]
[-42,48,4];[65,69,80]
[85,16,4];[69,70,74]
[-53,43,-9];[9,6,0]
[-89,45,-5];[67,67,67]
[-73,40,-12];[39,39,39]
[-47,44,-12];[58,58,58]
[2,23,-11];[42,42,42]
[-31,43,-12];[46,48,47]
[-41,16,-2];[69,70,65]
[9,20,-12];[230,200,80]
[-7,25,-9];[168,134,24]
[-6,8,-13];[57,56,52]
[47,7,-5];[40,42,41]
[9,42,-12];[81,124,200]
[31,24,7];[63,61,62]
[-85,37,-5];[11,11,9]
[8,42,-12];[81,121,193]
[-42,33,-8];[204,170,37]
[-56,27,-11];[25,25,25]
[-23,41,9];[53,54,49]
[-20,26,-11];[77,79,78]
[1,42,-12];[75,112,180]
[54,20,-1];[31,31,31]
[-65,42,-11];[52,54,53]
[36,53,5];[60,60,62]
[-50,31,-5];[96,98,97]
[-38,42,-12];[58,58,48]
[-72,46,8];[47,48,52]
[34,33,11];[157,160,165]
[-39,42,-12];[53,51,39]
[-74,29,-3];[20,20,20]
[-82,31,-1];[77,77,77]
[-34,42,-12];[24,24,22]
[8,6,11];[185,142,0]
[-35,42,-12];[110,98,48]
[69,37,-6];[254,213,69]
[11,44,-13];[1,21,144]
[-12,55,-8];[134,134,136]
[26,13,-2];[57,56,61]
[-29,37,-14];[51,57,57]
[0,30,-17];[110,112,109]
[-3,33,-12];[7,41,138]
[3,31,15];[25,23,24]
[-9,37,-12];[32,62,124]
[15,24,8];[18,18,20]
[-21,28,-11];[21,21,21]
[-69,47,7];[43,43,43]
[-31,43,-15];[195,162,69]
[-31,37,-15];[36,56,65]
[1,60,1];[217,200,128]
[83,14,-2];[77,77,79]
[-50,42,-12];[67,67,65]
[23,45,-16];[47,49,48]
[16,16,-5];[27,27,27]
[-59,27,7];[72,72,72]
[-58,26,-10];[65,69,70]
[-70,48,-9];[48,49,53]
[-51,42,-12];[2,2,2]
[87,16,-5];[107,107,107]
[13,26,7];[19,19,19]
[4,31,-16];[39,43,46]
[-85,43,-5];[15,17,16]
[-19,25,-11];[73,75,74]
[-32,32,-13];[67,66,64]
[-54,42,-12];[0,2,1]
[2,50,-15];[25,28,37]
[-55,42,-12];[5,5,3]
[-18,56,0];[65,67,66]
[17,9,-10];[45,45,45]
[18,8,-1];[49,50,52]
[-12,29,-13];[52,52,50]
[23,17,1];[11,12,14]
[-40,47,5];[65,69,78]
[-7,35,-12];[12,52,139]
[-29,32,-6];[61,63,62]
[16,5,2];[0,0,0]
[43,40,14];[27,26,24]
[-2,42,-12];[86,121,187]
[-75,48,-3];[23,23,23]
[-4,17,13];[56,56,56]
[-79,43,1];[12,12,12]
[-46,30,-6];[183,163,90]
[19,32,-11];[22,23,25]
[88,33,-4];[61,61,61]
[-18,34,-17];[90,90,90]
[-28,33,-10];[77,87,114]
[-46,42,-12];[48,50,49]
[9,35,-12];[3,19,114]
[-20,49,10];[58,53,33]
[77,35,4];[23,23,23]
[5,42,-12];[42,55,74]
[63,36,-6];[250,208,60]
[-28,55,1];[13,13,13]
[48,7,-4];[68,70,69]
[-10,21,-12];[69,60,31]
[-25,40,-15];[52,52,52]
[-69,41,-12];[51,51,53]
[-63,45,-9];[21,25,24]
[-39,31,7];[70,72,71]
[64,47,0];[59,59,59]
[-2,41,-12];[78,115,185]
[-25,48,-12];[244,199,54]
[-9,42,-14];[16,32,66]
[-21,25,-11];[73,73,73]
[75,38,5];[67,66,61]
[75,22,-5];[84,83,79]
[-14,31,13];[38,40,39]
[-13,24,-9];[10,10,10]
[2,18,-14];[54,54,54]
[-83,44,-8];[109,110,112]
[8,16,-14];[245,200,57]
[-27,50,-2];[27,27,27]
[8,50,-15];[30,31,35]
[-33,28,-10];[53,55,54]
[-23,35,14];[55,54,52]
[-20,45,-10];[3,5,4]
[5,31,-17];[54,53,48]
[-7,41,-12];[79,122,198]
[-10,50,-13];[54,55,57]
[29,11,-2];[5,5,5]
[8,41,-12];[83,121,196]
[-9,26,-8];[235,193,45]
[3,45,-11];[78,117,196]
[-18,52,-11];[76,72,63]
[54,33,5];[90,90,88]
[20,44,-15];[15,15,23]
[10,46,-13];[2,21,141]
[-46,24,-6];[61,61,61]
[41,46,13];[64,64,64]
[9,49,-15];[55,50,54]
[61,42,-6];[53,53,51]
[18,7,0];[32,32,34]
[-53,36,-14];[43,42,48]
[-5,40,-12];[86,121,187]
[8,60,0];[251,212,72]
[-59,43,8];[4,4,4]
[10,40,-12];[16,61,180]
[-33,36,-14];[111,157,181]
[38,49,-10];[61,61,61]
[78,28,-4];[4,4,4]
[71,46,3];[73,73,75]
[6,20,12];[223,203,117]
[-36,34,-11];[102,104,103]
[4,15,13];[54,54,54]
[55,14,1];[71,71,71]
[-25,26,-10];[59,61,60]
[68,36,5];[168,143,50]
[-38,32,9];[65,67,66]
[61,46,4];[52,52,52]
[-45,46,-10];[61,63,60]
[-34,54,2];[34,34,36]
[-15,53,-10];[61,61,61]
[7,40,-12];[86,119,186]
[-29,46,-14];[58,49,31]
[47,8,-3];[2,2,2]
[-16,54,-10];[77,75,63]
[-75,48,4];[16,16,16]
[-55,33,12];[62,62,62]
[-2,44,-11];[84,122,193]
[2,30,-14];[49,51,50]
[-54,45,13];[56,55,50]
[6,39,-12];[35,44,61]
[-59,44,-9];[2,2,2]
[-36,38,-12];[82,104,162]
[56,40,5];[61,61,61]
[-58,50,5];[1,1,0]
[40,33,8];[37,37,37]
[-21,50,-6];[80,82,79]
[-48,29,-2];[8,8,6]
[-9,26,7];[24,21,4]
[-16,1,2];[48,48,50]
[-36,48,-12];[248,205,48]
[9,36,10];[0,26,97]
[-5,38,-12];[86,123,193]
[-27,22,5];[19,19,21]
[-52,26,-10];[63,67,66]
[-71,39,-12];[28,28,28]
[16,17,2];[25,23,24]
[39,34,-14];[61,61,61]
[-4,55,-9];[0,0,0]
[-30,41,-12];[38,40,39]
[-32,49,-2];[42,63,116]
[-12,36,14];[33,32,38]
[-57,33,-13];[57,57,57]
[-20,37,-12];[13,13,11]
[-19,38,-12];[13,13,13]
[-34,52,6];[238,209,69]
[-31,31,3];[40,41,35]
[-52,39,-15];[65,59,37]
[48,45,-2];[43,41,42]
[-10,1,7];[245,197,13]
[6,8,-13];[79,70,39]
[12,4,-11];[68,68,68]
[-30,23,-4];[11,11,9]
[17,34,-15];[20,20,20]
[85,27,-6];[66,67,69]
[78,36,-6];[70,71,73]
[51,40,5];[7,7,9]
[-3,58,-4];[70,64,50]
[-25,38,-12];[45,47,46]
[-60,31,3];[10,10,10]
[-2,51,-14];[58,58,58]
[40,43,-16];[56,56,56]
[-57,57,2];[63,65,64]
[-27,38,-12];[60,60,60]
[-18,17,1];[2,2,2]
[-26,20,-4];[24,25,20]
[22,48,-16];[96,98,95]
[-42,56,0];[25,25,25]
[-83,32,2];[66,68,67]
[-28,37,-12];[54,56,55]
[-39,27,-11];[54,54,52]
[-27,48,-8];[57,59,56]
[12,59,-2];[238,218,129]
[-41,29,-4];[54,56,53]
[-21,52,-8];[174,149,56]
[6,49,-13];[11,32,89]
[3,32,15];[27,25,26]
[-60,31,-7];[1,1,0]
[-17,6,7];[38,38,40]
[-82,39,-7];[63,65,64]
[-28,38,-12];[40,42,41]
[-32,38,-12];[68,68,66]
[-31,38,-12];[51,51,49]
[-83,47,-5];[64,64,64]
[-35,37,-12];[68,68,66]
[-36,37,-12];[82,104,162]
[40,35,-14];[44,44,42]
[-55,51,3];[7,7,5]
[-38,38,-12];[82,104,162]
[-43,45,-14];[66,63,46]
[-34,32,6];[190,159,42]
[1,49,-13];[84,105,170]
[-77,50,0];[63,59,48]
[22,35,-16];[76,80,83]
[24,40,-13];[73,130,220]
[-39,37,-12];[82,104,164]
[-69,49,-5];[30,30,30]
[-84,42,0];[56,57,52]
[-44,56,-1];[47,47,45]
[-78,47,-5];[1,1,1]
[-43,37,-12];[59,79,130]
[-30,52,8];[96,82,33]
[-5,2,-8];[59,59,57]
[-14,8,-14];[66,68,67]
[-8,35,-14];[60,64,73]
[-13,48,-16];[66,67,69]
[-1,32,-15];[29,29,31]
[1,32,-13];[45,46,51]
[61,28,-5];[66,66,66]
[62,24,2];[57,57,57]
[33,16,4];[45,46,41]
[29,28,9];[3,3,3]
[3,42,-12];[65,100,166]
[-49,35,-14];[36,50,63]
[-51,37,-12];[3,4,6]
[-50,23,3];[12,12,10]
[19,41,12];[60,123,254]
[-58,39,-12];[9,11,10]
[-8,60,-2];[49,49,49]
[-12,20,12];[54,56,55]
[74,46,4];[105,106,108]
[-52,37,-12];[3,4,6]
[20,12,-2];[78,61,5]
[-29,49,-12];[49,51,50]
[21,25,-8];[1,1,1]
[-53,37,-12];[4,4,4]
[79,44,-4];[81,75,51]
[30,54,-3];[58,58,56]
[20,11,-2];[188,164,56]
[41,37,-14];[51,51,51]
[-57,39,-15];[236,196,62]
[-24,34,-9];[55,55,55]
[-8,51,-15];[38,38,38]
[-21,35,-14];[53,53,53]
[-6,48,-13];[11,37,98]
[-31,28,-10];[53,53,53]
[-73,43,-11];[52,53,55]
[-38,32,-7];[199,175,75]
[-37,33,7];[14,14,14]
[-9,47,-16];[15,15,15]
[-25,32,-9];[214,185,67]
[-54,37,-12];[4,4,4]
[-5,33,-10];[0,25,116]
[80,39,5];[66,66,68]
[-21,32,8];[48,48,46]
[76,24,-6];[64,43,22]
[-31,36,-12];[51,53,52]
[-31,20,-5];[47,42,23]
[-85,40,-7];[6,6,6]
[82,25,4];[4,4,4]
[16,38,-16];[56,56,56]
[-25,27,9];[56,58,57]
[-35,53,-7];[67,63,51]
[39,31,-8];[35,35,35]
[-20,30,-12];[40,40,38]
[-17,25,1];[35,35,33]
[-23,25,-8];[31,20,18]
[-22,21,-9];[75,80,83]
[32,50,12];[58,60,59]
[-50,43,-15];[230,190,58]
[7,58,2];[224,182,46]
[-6,55,8];[24,20,8]
[9,30,-17];[102,104,103]
[-21,34,-11];[13,13,11]
[-22,45,-10];[3,5,4]
[14,9,-14];[55,55,55]
[61,47,-4];[66,66,66]
[-21,30,-12];[52,48,45]
[10,17,-14];[59,56,47]
[44,7,-4];[20,20,22]
[-30,30,-12];[51,51,49]
[-17,13,2];[26,26,26]
[-33,37,-15];[43,54,56]
[-16,18,4];[19,19,17]
[-46,16,-3];[235,198,91]
[-24,40,-15];[53,53,51]
[6,2,7];[63,60,51]
[33,44,-17];[19,19,19]
[-22,44,11];[201,174,69]
[-7,47,-12];[15,31,64]
[-67,33,8];[3,3,3]
[-24,45,-14];[249,205,54]
[-21,49,-12];[243,201,41]
[34,48,-15];[56,56,56]
[-42,30,-12];[52,52,52]
[-2,58,4];[150,133,61]
[29,39,15];[39,40,42]
[-54,18,-6];[230,196,73]
[-43,30,-12];[52,52,52]
[-57,29,2];[5,5,5]
[-48,44,-15];[62,52,27]
[-1,39,-12];[80,117,185]
[-35,49,-1];[55,55,55]
[-44,50,4];[40,42,41]
[2,30,14];[32,34,33]
[-59,30,-12];[81,81,79]
[2,14,13];[55,55,53]
[-6,52,-11];[52,53,55]
[2,28,-11];[50,48,49]
[-62,40,-10];[15,15,13]
[-93,42,-6];[118,122,123]
[-48,31,-12];[56,56,56]
[-27,32,12];[61,63,62]
[80,31,1];[7,7,7]
[-59,52,-8];[80,80,82]
[18,26,4];[20,21,16]
[30,41,-16];[53,55,52]
[-19,52,8];[20,13,5]
[22,43,-13];[76,132,217]
[15,59,-7];[125,108,62]
[29,24,-7];[2,2,2]
[-2,28,-12];[43,42,38]
[-23,44,-15];[50,49,45]
[-53,16,4];[249,204,13]
[-34,30,1];[42,42,42]
[-48,54,4];[6,6,6]
[38,31,8];[26,24,25]
[-10,44,14];[83,93,120]
[-21,50,-11];[242,200,38]
[-83,36,-2];[96,98,95]
[51,32,2];[24,25,20]
[17,23,-5];[16,16,16]
[-50,55,-6];[158,153,149]
[-31,46,9];[57,59,58]
[3,31,-16];[42,43,45]
[-82,34,3];[46,46,46]
[-22,37,14];[54,54,52]
[8,33,9];[8,64,185]
[11,9,-14];[55,55,55]
[-41,38,9];[13,13,13]
[-11,6,-12];[69,66,59]
[-40,21,3];[202,162,2]
[-27,36,-15];[128,182,208]
[-41,46,-10];[68,69,64]
[-47,50,4];[5,5,5]
[-79,41,-8];[39,41,40]
[-58,26,-11];[69,70,72]
[-56,36,-12];[7,7,5]
[-17,18,9];[26,26,26]
[-60,30,0];[10,10,8]
[55,22,1];[27,29,28]
[7,1,5];[243,206,74]
[-12,24,-9];[12,12,12]
[60,29,-1];[7,7,7]
[4,22,-12];[48,50,49]
[74,40,5];[14,11,0]
[-58,22,-8];[110,111,113]
[-24,19,5];[5,5,5]
[31,41,-17];[2,0,1]
[43,39,-14];[60,58,59]
[-54,45,-8];[93,85,48]
[-11,59,4];[76,74,75]
[40,5,3];[2,2,4]
[-44,51,9];[71,66,44]
[37,51,-7];[59,59,59]
[37,14,-6];[64,56,53]
[16,20,-7];[20,22,21]
[-35,39,-15];[68,61,42]
[24,38,-15];[13,14,16]
[26,29,-11];[28,28,28]
[63,33,4];[55,55,55]
[-4,22,-12];[50,50,50]
[39,6,-4];[26,26,26]
[30,46,-16];[16,16,14]
[-9,21,11];[64,61,42]
[-38,44,10];[12,12,10]
[85,18,-6];[66,67,69]
[18,33,11];[59,59,57]
[30,42,-16];[18,18,20]
[-92,42,-5];[50,48,49]
[57,38,-6];[219,188,108]
[-58,41,-15];[91,79,31]
[0,26,9];[19,19,19]
[-8,20,-13];[249,206,52]
[-43,16,-4];[240,203,62]
[10,48,14];[137,137,139]
[40,4,-4];[79,78,76]
[-26,46,-10];[41,42,44]
[-45,41,-12];[88,90,89]
[-12,49,14];[56,56,54]
[-23,48,-8];[60,62,61]
[-75,45,-9];[62,64,63]
[16,13,-10];[18,18,18]
[-16,26,-5];[42,42,42]
[-46,45,-14];[64,62,41]
[-60,35,12];[75,76,80]
[-46,38,14];[247,206,26]
[82,20,-6];[75,77,76]
[-52,48,-13];[99,87,39]
[17,39,-14];[32,50,90]
[7,22,-12];[228,188,54]
[-55,48,3];[6,6,6]
[14,41,15];[62,62,62]
[6,22,-12];[71,61,36]
[87,30,-5];[67,67,67]
[-12,22,-12];[48,48,48]
[0,54,-10];[57,56,54]
[-9,22,-12];[230,190,41]
[-13,40,-15];[23,23,25]
[-35,46,-14];[233,202,85]
[-31,52,8];[238,199,34]
[-41,44,-9];[38,40,39]
[-16,18,-11];[32,32,32]
[22,35,15];[63,68,74]
[-43,35,10];[49,49,47]
[-29,44,-9];[35,36,31]
[-34,17,-6];[76,68,53]
[-60,38,9];[4,4,4]
[-16,10,-11];[42,42,44]
[-50,29,1];[17,17,17]
[-22,44,-12];[53,55,54]
[12,18,-14];[54,54,54]
[-79,35,-3];[23,23,23]
[-60,50,-5];[1,3,2]
[1,5,-12];[63,64,66]
[-17,46,-17];[32,33,35]
[-3,5,-12];[63,63,63]
[87,28,-6];[65,65,67]
[23,22,-6];[19,19,19]
[-86,42,-4];[13,13,13]
[-72,33,-9];[39,39,39]
[-8,38,-11];[53,104,193]
[32,34,-16];[157,157,159]
[52,47,-1];[62,62,60]
[-12,23,10];[34,34,32]
[3,52,-12];[53,55,54]
[-28,47,-10];[35,37,36]
[-5,22,-12];[55,57,56]
[-8,56,-8];[39,39,37]
[24,27,-10];[19,19,21]
[12,59,-3];[238,218,129]
[-91,38,-6];[10,10,8]
[-16,52,-12];[53,53,53]
[27,28,-10];[53,57,60]
[8,60,-3];[97,75,25]
[-17,46,-15];[8,10,9]
[-62,29,1];[12,12,10]
[62,39,5];[20,20,20]
[13,52,-12];[120,121,123]
[-53,30,5];[6,6,6]
[-78,39,2];[19,19,19]
[-21,46,13];[56,56,44]
[-64,46,-9];[45,45,45]
[29,26,-8];[16,16,16]
[7,0,-2];[241,209,100]
[-16,13,-8];[82,86,85]
[-17,49,-15];[56,60,61]
[8,52,-12];[54,55,57]
[-3,29,11];[33,33,33]
[31,45,-16];[20,20,20]
[-54,36,-12];[4,4,4]
[60,28,1];[10,10,10]
[-14,12,13];[67,67,67]
[-79,43,3];[30,30,30]
[-54,40,-10];[4,4,4]
[-12,42,-16];[0,0,0]
[12,23,10];[44,44,44]
[2,52,-12];[52,53,55]
[-36,25,-10];[74,73,71]
[-79,44,-4];[0,2,1]
[1,52,-12];[54,54,54]
[0,52,-12];[53,53,53]
[-55,17,-5];[238,196,16]
[-63,44,9];[52,52,54]
[36,29,9];[88,88,90]
[-31,47,6];[110,112,109]
[-58,21,-7];[160,160,162]
[-5,51,-16];[64,68,69]
[-69,47,-9];[25,25,27]
[-6,3,9];[222,189,50]
[-5,52,-12];[53,55,54]
[68,42,-6];[54,54,54]
[16,7,-11];[42,42,42]
[-81,36,1];[14,14,14]
[-9,52,-12];[56,56,56]
[12,54,8];[25,20,14]
[-3,27,-11];[30,29,27]
[-4,29,11];[74,66,63]
[6,1,-7];[61,60,56]
[38,23,6];[68,70,69]
[0,5,-11];[65,67,66]
[42,37,-16];[104,102,103]
[42,32,-3];[63,63,53]
[-49,30,-3];[81,83,80]
[-56,49,-12];[61,58,53]
[41,46,-11];[59,59,59]
[40,46,15];[67,67,67]
[4,41,-12];[37,65,112]
[41,47,-12];[59,59,59]
[-52,30,-3];[3,3,3]
[10,30,-13];[56,56,56]
[-39,37,-14];[58,62,63]
[41,36,-10];[56,56,56]
[-57,20,-6];[95,73,50]
[75,42,-5];[69,52,9]
[-20,30,-11];[32,31,29]
[-39,29,2];[17,17,15]
[-17,10,6];[134,136,133]
[22,54,3];[48,48,46]
[-43,33,9];[50,52,51]
[-34,52,-7];[62,52,42]
[-53,52,-8];[58,60,59]
[-40,36,-9];[19,19,17]
[-75,31,-7];[71,71,71]
[-27,41,-12];[119,106,53]
[33,41,-16];[52,53,55]
[-36,30,-6];[77,79,78]
[-10,15,13];[55,55,53]
[-51,44,-15];[228,185,47]
[-41,41,-12];[119,121,120]
[-6,30,-16];[126,127,129]
[48,36,2];[43,39,38]
[50,42,-6];[15,17,16]
[8,52,-11];[53,55,54]
[15,37,-17];[42,40,41]
[9,24,-10];[199,168,41]
[2,27,-11];[33,32,30]
[-17,26,9];[0,0,0]
[22,22,2];[35,30,24]
[13,25,-7];[218,188,74]
[8,48,-10];[26,47,130]
[-63,45,8];[58,56,59]
[-50,49,0];[6,5,3]
[56,23,3];[27,27,27]
[-59,47,-14];[93,91,92]
[22,30,-10];[10,10,10]
[-16,18,-2];[16,16,14]
[-51,41,-12];[2,2,2]
[7,51,-12];[62,61,59]
[58,32,-5];[72,73,75]
[17,12,-3];[3,3,5]
[33,33,-13];[65,65,67]
[-35,43,-12];[46,48,45]
[-33,33,-10];[44,46,43]
[30,39,-16];[12,12,14]
[-9,38,-13];[47,73,132]
[-37,41,-12];[73,70,53]
[-52,58,-2];[51,51,53]
[-64,37,-10];[45,46,48]
[-35,17,5];[69,68,63]
[25,19,0];[1,1,1]
[-19,43,-11];[13,13,11]
[-7,46,-10];[35,61,120]
[-43,42,8];[34,35,29]
[-39,41,-12];[52,50,38]
[46,32,-2];[68,66,51]
[5,50,-13];[39,49,82]
[-44,41,14];[246,208,19]
[41,32,-4];[57,55,43]
[36,47,-16];[80,80,82]
[-32,25,-9];[66,66,68]
[30,37,-17];[46,48,47]
[-59,50,-5];[10,10,10]
[-56,36,8];[4,4,4]
[-60,20,1];[52,55,60]
[-31,38,-10];[41,43,42]
[71,36,-6];[242,196,59]
[-29,30,-4];[61,63,62]
[-23,41,-12];[28,29,24]
[-17,47,-15];[14,14,14]
[-9,48,-16];[14,14,16]
[-47,41,-15];[54,53,49]
[-16,9,5];[43,43,43]
[-40,53,-6];[138,115,61]
[15,1,5];[42,42,42]
[-3,32,-15];[35,36,40]
[-2,51,-15];[60,62,61]
[-40,16,1];[67,69,68]
[-47,41,-12];[87,89,86]
[-49,33,-10];[75,66,33]
[-22,44,-10];[3,5,4]
[9,0,5];[244,202,64]
[-32,47,-5];[121,123,120]
[-43,49,-12];[66,61,39]
[-57,39,-9];[6,6,6]
[42,37,15];[73,71,72]
[3,40,-12];[80,118,181]
[28,34,-14];[63,63,63]
[40,7,-4];[23,23,23]
[-48,26,-10];[67,67,67]
[-31,46,-14];[51,51,51]
[-72,37,11];[40,42,41]
[-19,40,-12];[76,103,182]
[-23,44,-12];[54,55,49]
[-27,51,9];[57,57,47]
[51,33,-4];[24,24,22]
[18,58,7];[103,103,95]
[-4,54,-9];[41,36,30]
[11,3,-9];[72,71,69]
[-25,50,3];[37,36,31]
[-20,40,-12];[36,53,97]
[-10,0,-2];[241,202,83]
[-54,48,-4];[5,5,3]
[-19,48,-7];[7,7,7]
[12,7,-13];[58,58,58]
[-67,40,-11];[24,25,27]
[-76,42,-11];[64,64,64]
[8,48,8];[38,59,126]
[46,37,4];[57,45,29]
[5,27,-10];[30,29,25]
[57,21,4];[29,29,29]
[-54,29,-4];[5,5,5]
[82,26,4];[16,18,17]
[-18,40,-17];[86,86,88]
[-60,50,-10];[58,56,59]
[-46,26,9];[62,63,65]
[-10,57,0];[48,48,48]
[-87,46,4];[61,62,64]
[-45,16,-5];[237,197,24]
[-81,46,3];[24,24,22]
[9,9,-14];[145,120,38]
[5,36,-11];[47,67,92]
[-48,25,6];[13,10,3]
[-6,28,10];[237,194,29]
[-1,8,-13];[57,57,57]
[-29,44,-15];[249,204,53]
[-33,42,-12];[24,24,22]
[-29,42,14];[244,205,22]
[-31,48,4];[32,32,30]
[-57,40,-12];[8,8,8]
[-39,36,-14];[125,185,213]
[-20,48,11];[49,47,35]
[-28,44,-11];[8,8,6]
[-12,33,15];[54,53,51]
[-29,33,-14];[58,58,56]
[-82,39,6];[14,14,14]
[-20,39,-12];[13,13,11]
[-40,16,-2];[67,69,68]
[38,18,-7];[54,55,50]
[43,39,-13];[105,103,108]
[-59,33,9];[5,5,5]
[-2,48,7];[36,62,121]
[24,54,-2];[56,56,56]
[-50,56,-2];[40,38,41]
[-29,38,-12];[51,51,51]
[73,27,0];[48,43,39]
[-76,46,7];[60,62,61]
[-70,40,-12];[30,30,28]
[-37,38,-15];[55,56,51]
[-22,40,-12];[43,53,80]
[40,33,-1];[57,57,57]
[-16,13,-6];[32,34,33]
[16,35,-16];[97,99,96]
[7,0,2];[241,208,101]
[4,51,14];[69,69,67]
[19,38,-15];[60,61,63]
[-16,9,-12];[44,44,44]
[-17,42,15];[13,15,14]
[87,32,4];[57,53,52]
[-60,40,-13];[73,73,73]
[-38,44,-11];[107,100,71]
[24,49,-14];[54,54,54]
[11,50,-15];[43,43,41]
[24,54,-9];[84,84,84]
[69,28,3];[44,44,44]
[-8,44,-12];[7,26,59]
[0,22,11];[50,50,50]
[-18,47,16];[66,66,66]
[-21,39,-12];[13,15,12]
[-24,19,4];[2,2,4]
[79,28,3];[1,1,3]
[5,2,7];[58,58,56]
[28,42,15];[48,48,48]
[-30,40,-12];[38,40,39]
[-50,23,-5];[3,2,0]
[-15,0,-4];[32,32,32]
[49,10,3];[60,61,63]
[49,8,4];[101,102,104]
[11,35,-14];[46,48,47]
[-55,47,-13];[88,94,94]
[40,36,-16];[66,67,69]
[-31,40,-12];[54,56,55]
[-66,37,-11];[50,51,53]
[-52,40,-12];[69,71,70]
[-54,49,-7];[1,1,1]
[-46,31,4];[65,69,70]
[-56,40,-12];[7,7,5]
[-13,54,-4];[29,29,29]
[-21,52,8];[233,196,20]
[12,5,-12];[63,63,63]
[13,25,-9];[14,14,14]
[16,32,-12];[5,5,5]
[-18,52,-12];[68,64,55]
[-93,38,-2];[84,84,84]
[2,28,-12];[49,48,46]
[-76,48,3];[37,37,37]
[27,32,-11];[25,25,25]
[43,45,-9];[60,60,60]
[-11,60,-1];[63,63,65]
[-57,53,-5];[54,53,51]
[-31,29,-3];[16,18,17]
[32,36,-16];[33,33,33]
[-7,32,-16];[14,14,16]
[3,33,11];[4,56,157]
[49,45,-1];[45,42,37]
[39,31,-1];[66,66,66]
[-85,36,-8];[65,66,70]
[-63,50,1];[47,47,47]
[-33,39,-12];[46,48,47]
[-41,24,-6];[48,48,48]
[-52,37,8];[1,1,1]
[-81,39,-7];[63,65,64]
[10,36,-14];[39,60,149]
[44,39,5];[4,4,6]
[17,6,4];[2,2,0]
[8,51,-13];[61,61,61]
[-66,38,-11];[50,51,53]
[-30,46,-11];[72,74,73]
[-89,35,-5];[10,10,10]
[10,35,11];[11,56,159]
[9,32,-16];[16,16,16]
[42,17,-7];[76,75,80]
[41,37,-13];[52,52,50]
[24,48,-15];[52,52,52]
[-36,39,-12];[73,70,55]
[-5,8,12];[228,205,93]
[19,24,4];[3,3,3]
[-35,32,-6];[192,162,50]
[44,32,-3];[57,56,51]
[-19,11,0];[150,132,86]
[-34,35,-14];[33,34,38]
[1,0,0];[69,69,69]
[40,34,-16];[60,62,61]
[-37,30,-3];[49,49,41]
[-40,38,-12];[78,93,132]
[-9,59,-5];[62,64,63]
[-88,38,4];[11,11,9]
[-17,4,-2];[51,51,53]
[-48,25,-9];[66,66,64]
[-31,53,-7];[242,204,41]
[-46,43,-15];[61,61,51]
[-43,40,-12];[88,90,89]
[-34,46,-11];[48,50,49]
[-46,38,-12];[26,26,26]
[-9,60,0];[55,55,55]
[-20,11,1];[223,198,116]
[13,39,15];[56,58,57]
[-31,29,4];[25,25,25]
[38,5,-5];[95,96,98]
[32,52,-11];[64,64,64]
[39,11,5];[61,62,64]
[3,41,11];[88,117,161]
[-52,34,-8];[27,26,21]
[-6,42,11];[84,114,164]
[-47,39,-12];[25,25,25]
[-5,49,-13];[21,28,57]
[-83,42,-7];[60,60,60]
[43,5,-1];[76,76,76]
[-14,13,-14];[57,59,58]
[4,52,-12];[54,54,54]
[-51,39,-12];[3,5,4]
[39,48,-3];[56,56,56]
[83,24,-6];[68,69,71]
[-5,26,-8];[49,42,24]
[-80,33,-4];[7,9,8]
[-22,20,1];[61,63,62]
[21,43,-13];[76,132,219]
[-33,47,12];[54,54,46]
[-87,42,-8];[64,66,65]
[65,31,-6];[83,83,81]
[88,31,3];[65,69,68]
[21,31,-10];[25,25,25]
[22,43,-14];[70,122,197]
[-81,45,4];[16,16,14]
[-14,23,-11];[49,50,52]
[-3,33,-10];[0,33,128]
[1,30,-13];[54,54,52]
[-51,31,-4];[3,3,3]
[45,35,-2];[49,46,41]
[-51,42,-15];[230,192,57]
[-58,27,7];[59,59,59]
[-55,38,-15];[222,182,50]
[4,35,10];[94,122,169]
[82,38,-6];[63,64,66]
[-16,12,-8];[100,104,103]
[-37,28,0];[79,81,80]
[-1,53,10];[54,56,55]
[-16,13,-13];[48,48,50]
[56,22,-3];[22,22,22]
[-48,33,12];[61,63,62]
[-79,37,-6];[23,25,24]
[-41,51,8];[67,66,48]
[41,37,-11];[52,52,52]
[57,16,0];[65,65,65]
[-6,50,14];[9,10,12]
[-17,6,-3];[107,105,106]
[31,28,-8];[49,51,50]
[41,36,-11];[52,52,52]
[-34,33,-14];[63,63,63]
[-25,42,9];[53,54,58]
[6,33,11];[1,53,154]
[-24,49,-11];[237,195,49]
[-2,49,9];[45,66,129]
[-30,53,6];[235,199,41]
[-28,26,9];[54,56,55]
[-10,32,-17];[92,91,89]
[78,17,0];[49,48,43]
[-59,28,-9];[53,53,55]
[37,34,-14];[60,60,60]
[31,37,-17];[13,13,11]
[24,14,-1];[3,3,5]
[33,54,-4];[56,56,56]
[-9,41,-15];[37,52,85]
[-22,50,0];[72,72,72]
[-57,25,-12];[95,97,96]
[7,33,-11];[2,33,141]
[3,14,13];[54,56,55]
[-25,23,-4];[1,1,1]
[42,38,12];[55,55,53]
[-46,34,-11];[68,89,146]
[-7,35,-13];[29,79,168]
[6,33,-11];[1,30,134]
[-71,45,-10];[34,33,31]
[16,18,4];[27,27,27]
[66,47,0];[58,58,58]
[-30,50,-10];[108,84,14]
[-71,33,9];[53,53,55]
[42,5,-4];[39,39,39]
[-39,31,-5];[189,162,57]
[14,41,-14];[12,13,17]
[-54,60,2];[64,66,65]
[-2,49,8];[37,54,106]
[-24,21,-5];[51,51,51]
[-32,48,12];[55,55,45]
[-92,46,0];[57,57,57]
[-59,53,-2];[76,76,76]
[4,32,-15];[30,31,35]
[0,19,-13];[54,54,54]
[-34,40,11];[60,60,48]
[63,25,3];[49,49,49]
[-22,30,-12];[56,55,50]
[-9,50,-15];[34,34,32]
[-63,32,-7];[10,10,12]
[-57,49,-12];[57,57,57]
[-37,33,13];[64,64,64]
[88,27,3];[66,66,66]
[61,22,4];[65,65,65]
[10,36,-13];[5,27,139]
[-28,30,-12];[50,50,48]
[82,34,3];[9,9,11]
[-29,47,9];[31,31,31]
[-25,43,-12];[95,90,60]
[-19,47,-16];[26,24,25]
[3,30,-16];[6,6,6]
[-23,30,-12];[58,55,50]
[16,22,-9];[23,23,23]
[-90,39,6];[66,67,69]
[-45,40,-15];[243,201,67]
[5,0,3];[65,65,63]
[-92,38,3];[20,22,21]
[-72,34,10];[52,53,55]
[-31,30,-12];[53,49,46]
[-10,49,-14];[44,46,45]
[-38,16,1];[70,70,70]
[-85,46,1];[56,56,56]
[17,20,-11];[36,36,36]
[11,37,-12];[35,64,155]
[5,28,-11];[46,45,40]
[23,55,-5];[76,76,76]
[37,29,-10];[106,106,104]
[55,37,-6];[81,67,30]
[-82,41,-8];[4,4,4]
[-46,43,8];[40,42,41]
[-1,50,15];[30,39,46]
[65,26,-1];[44,44,44]
[-53,46,-10];[5,5,5]
[51,34,-4];[47,45,46]
[40,34,9];[42,42,42]
[-6,28,-12];[61,53,40]
[-40,55,-3];[39,39,39]
[-9,54,9];[54,54,54]
[-11,38,-16];[57,57,55]
[0,8,-13];[57,57,57]
[-23,48,-5];[3,3,1]
[-12,31,-15];[55,56,51]
[-40,50,-5];[16,16,16]
[-52,48,-3];[6,6,6]
[-20,50,-11];[229,189,32]
[-13,28,-12];[48,48,46]
[-64,38,-11];[50,51,53]
[-17,24,2];[26,26,24]
[-57,23,-9];[84,85,80]
[17,4,-3];[32,32,32]
[-16,26,-10];[47,48,50]
[33,32,-11];[40,40,42]
[-85,40,6];[16,16,16]
[-7,15,-15];[39,39,39]
[41,37,-5];[7,7,7]
[75,30,-1];[12,12,12]
[30,26,-8];[42,43,45]
[-8,27,9];[241,205,23]
[-31,49,-8];[33,33,25]
[24,42,-13];[72,129,219]
[11,5,-12];[61,61,59]
[58,41,-6];[53,53,51]
[-13,46,-16];[98,99,101]
[-35,50,-11];[237,196,44]
[-32,51,-10];[252,210,40]
[-3,50,14];[21,22,26]
[15,36,-17];[79,79,79]
[-58,16,0];[71,71,69]
[-49,46,-11];[2,2,0]
[-41,35,-14];[4,16,28]
[-20,55,-3];[34,34,34]
[74,32,-6];[71,71,71]
[-44,39,-12];[88,90,89]
[6,41,-12];[28,38,65]
[-56,56,-3];[62,63,65]
[61,27,4];[38,40,39]
[11,15,-14];[54,53,51]
[-16,6,2];[3,3,3]
[-23,40,-12];[5,5,5]
[-76,29,1];[76,74,75]
[-58,51,-3];[16,16,14]
[-93,44,2];[69,70,72]
[-22,21,7];[32,32,32]
[42,38,-16];[89,89,89]
[20,24,-4];[1,1,0]
[59,40,5];[58,59,61]
[28,53,-10];[56,56,56]
[-14,37,-15];[41,43,42]
[-5,5,-12];[61,61,61]
[-13,0,1];[68,68,68]
[-25,51,8];[61,58,49]
[46,46,-3];[51,51,51]
[-20,40,-15];[44,44,42]
[-58,34,-14];[58,58,56]
[-27,47,-8];[32,33,37]
[38,31,-3];[56,56,56]
[-14,15,-14];[59,61,60]
[-58,34,-8];[2,2,2]
[-23,26,-9];[32,22,21]
[-36,46,-11];[175,152,59]
[89,38,-3];[87,85,88]
[-51,26,9];[62,63,65]
[-87,37,-3];[23,23,21]
[-10,38,-15];[87,92,96]
[-75,38,9];[1,1,1]
[-39,45,-14];[250,207,43]
[-75,33,7];[60,61,63]
[-72,35,10];[55,59,60]
[41,4,2];[76,77,79]
[25,47,15];[102,103,105]
[-46,32,-7];[47,49,46]
[43,38,11];[50,50,50]
[-21,18,-3];[26,26,26]
[36,32,-12];[74,75,77]
[-75,49,-4];[53,53,53]
[-52,49,-8];[3,3,3]
[32,46,-16];[20,20,18]
[5,50,-16];[57,61,64]
[48,11,-6];[39,40,42]
[-82,39,7];[16,16,14]
[-11,0,-1];[244,204,90]
[-36,29,-5];[77,79,78]
[-26,52,7];[66,67,59]
[60,21,-4];[62,62,60]
[24,54,-6];[55,55,55]
[-12,46,-17];[90,90,92]
[41,46,6];[58,58,58]
[43,36,-4];[4,3,1]
[-58,26,5];[37,39,38]
[-8,51,-12];[55,55,55]
[-87,37,1];[16,18,17]
[-80,39,-7];[15,17,16]
[42,35,-4];[33,22,18]
[-63,49,2];[59,58,63]
[-27,33,-14];[60,60,58]
[-13,14,-14];[52,54,53]
[26,14,-1];[1,1,1]
[-36,42,-10];[47,47,47]
[-6,5,-12];[63,62,58]
[-42,33,12];[63,65,64]
[5,22,-12];[50,50,50]
[88,25,4];[72,70,73]
[-80,36,6];[20,20,20]
[74,45,5];[69,68,66]
[2,49,-11];[55,76,139]
[22,55,-1];[73,73,75]
[1,29,-12];[56,56,54]
[-37,36,-14];[120,171,200]
[2,49,-12];[22,56,153]
[50,42,-5];[4,6,5]
[-81,47,5];[62,63,65]
[-41,34,13];[65,65,67]
[45,38,-6];[43,43,43]
[82,21,-5];[16,17,19]
[-59,49,-12];[119,117,120]
[-89,36,3];[10,10,10]
[17,43,-13];[72,129,216]
[-6,1,-7];[61,61,59]
[17,4,1];[12,12,12]
[-6,34,-13];[4,44,132]
[-65,29,1];[66,68,67]
[40,34,-13];[31,31,29]
[-1,49,-11];[63,83,136]
[-20,49,-12];[220,177,62]
[-78,32,-1];[30,30,30]
[-41,30,-6];[54,54,52]
[-69,50,-4];[57,57,57]
[-30,51,-1];[73,75,74]
[5,33,-12];[4,32,129]
[81,15,1];[69,69,69]
[-33,49,-12];[251,208,51]
[-56,42,-15];[237,200,67]
[60,31,2];[46,46,44]
[-8,23,9];[221,184,5]
[-42,49,-12];[65,62,45]
[-26,32,-9];[21,29,50]
[-21,42,14];[48,49,51]
[-33,44,-15];[50,52,51]
[42,37,-14];[53,53,53]
[-22,19,-6];[36,34,35]
[-2,50,-14];[28,34,46]
[79,26,-6];[51,39,27]
[-59,25,-6];[1,2,4]
[23,33,-12];[57,57,57]
[-40,48,-9];[60,62,61]
[-32,41,9];[53,53,53]
[80,18,-3];[82,73,64]
[51,10,-5];[77,77,77]
[-15,33,-16];[90,90,90]
[-46,49,-12];[224,184,50]
[86,45,-3];[66,66,66]
[23,25,-9];[2,2,2]
[-34,44,-15];[51,52,47]
[-30,47,-5];[98,97,79]
[-13,22,-11];[46,46,46]
[-76,30,-3];[125,117,115]
[-6,48,-11];[10,29,71]
[16,7,-4];[47,47,47]
[-76,50,0];[54,54,54]
[3,12,-14];[54,54,54]
[-54,66,1];[61,61,61]
[14,47,-16];[76,78,77]
[10,46,-11];[4,18,127]
[75,22,1];[67,58,51]
[-49,34,-14];[67,68,70]
[-30,35,13];[63,58,52]
[82,33,5];[73,73,75]
[-59,18,4];[143,147,150]
[-25,38,-15];[52,53,48]
[-58,25,-7];[17,17,19]
[0,0,3];[66,66,66]
[11,45,-12];[1,19,129]
[-79,36,-6];[32,32,30]
[-5,46,-10];[13,57,178]
[73,36,5];[56,55,53]
[-81,38,2];[7,5,6]
[2,24,-10];[21,21,21]
[59,26,-4];[11,11,11]
[-37,51,-1];[50,52,51]
[-57,53,4];[40,40,40]
[-13,15,-14];[49,53,52]
[-43,37,-10];[168,140,33]
[35,49,-14];[53,55,54]
[16,12,-14];[50,50,50]
[-17,21,7];[12,12,12]
[-79,47,-3];[30,29,27]
[1,30,-15];[40,44,47]
[-78,32,5];[78,79,81]
[35,18,5];[63,64,66]
[-6,16,-15];[93,94,96]
[-35,48,12];[64,55,37]
[41,4,-3];[76,76,76]
[-76,38,-10];[52,53,55]
[-93,40,1];[88,89,91]
[-58,33,-14];[58,58,56]
[-57,30,-12];[11,13,12]
[-44,35,-9];[199,165,32]
[-17,34,-16];[28,29,31]
[-53,35,-15];[59,59,59]
[88,18,-1];[68,70,69]
[-5,18,-14];[51,53,50]
[-73,31,6];[50,50,50]
[65,27,5];[58,58,60]
[6,51,15];[65,65,65]
[4,49,11];[41,65,135]
[-74,33,-9];[22,22,22]
[-29,38,14];[154,130,40]
[20,56,2];[41,48,64]
[-27,52,-9];[55,52,47]
[-19,50,-1];[77,79,76]
[-45,52,-7];[248,205,31]
[91,42,4];[79,79,79]
[17,31,10];[42,42,44]
[-48,43,-9];[54,56,55]
[4,36,-12];[71,98,141]
[10,52,-12];[52,52,52]
[-31,28,-1];[47,47,47]
[-26,22,4];[12,12,12]
[-4,28,-11];[52,51,46]
[2,4,-10];[73,75,74]
[20,56,-9];[68,68,70]
[-11,23,9];[23,23,23]
[38,38,-16];[55,57,56]
[-17,20,0];[63,65,64]
[-46,47,9];[54,56,53]
[80,19,3];[59,54,51]
[-30,29,9];[23,24,19]
[-26,43,9];[80,81,76]
[-27,38,-11];[67,69,68]
[-20,28,-12];[65,65,67]
[-25,47,-13];[252,204,44]
[43,17,-6];[47,47,47]
[16,8,5];[34,34,36]
[37,30,-7];[45,45,45]
[1,22,10];[47,47,47]
[-16,2,5];[46,46,46]
[-89,47,-1];[57,57,55]
[-33,36,-15];[97,171,200]
[-54,46,-7];[6,5,1]
[-17,28,-12];[72,70,71]
[40,34,3];[54,56,55]
[26,42,-16];[65,67,64]
[-34,45,-11];[46,48,47]
[11,39,-12];[21,47,140]
[86,13,-1];[75,77,76]
[-27,34,-14];[61,62,64]
[16,8,-8];[2,2,2]
[-76,47,-4];[42,44,43]
[-8,48,-15];[37,38,40]
[38,12,-5];[58,54,51]
[-19,53,-4];[78,64,29]
[-90,37,4];[58,58,56]
[-76,46,-9];[82,83,85]
[-11,21,-12];[56,53,44]
[-16,19,-12];[36,36,36]
[8,5,-12];[247,205,61]
[-20,49,-8];[11,13,12]
[23,55,1];[70,70,72]
[14,54,-9];[31,28,23]
[-4,30,-13];[54,54,54]
[61,29,4];[38,39,41]
[-56,65,0];[26,26,26]
[-44,37,11];[48,50,47]
[-44,37,-12];[70,90,143]
[-18,53,-11];[80,77,72]
[15,25,7];[3,3,3]
[1,51,-12];[68,68,68]
[-85,40,2];[9,9,9]
[-3,24,-9];[15,15,15]
[-13,0,0];[69,69,69]
[-9,34,-15];[31,31,31]
[-50,17,5];[65,67,64]
[-23,43,-10];[165,145,56]
[65,28,-6];[71,71,73]
[16,13,6];[35,35,35]
[-91,47,-1];[49,51,50]
[54,13,4];[71,71,71]
[-16,54,9];[59,59,59]
[-10,22,-11];[64,53,23]
[88,36,0];[68,68,68]
[-13,52,-12];[57,57,57]
[7,16,-14];[122,116,100]
[-47,34,-14];[130,129,124]
[32,51,-13];[52,52,52]
[4,38,-12];[46,64,104]
[15,2,-7];[42,42,42]
[-62,48,-2];[58,59,61]
[16,51,-13];[61,57,58]
[-69,32,8];[46,47,49]
[-1,31,-16];[36,36,38]
[-27,42,-11];[134,119,60]
[3,37,11];[92,121,163]
[-49,46,-7];[42,42,32]
[82,16,-5];[90,89,87]
[-49,25,-10];[68,68,68]
[-64,44,8];[23,23,23]
[-4,37,10];[59,99,160]
[-12,0,-1];[69,67,68]
[-15,54,-10];[63,63,61]
[-22,39,-15];[54,53,51]
[-60,38,8];[4,4,4]
[-1,49,-12];[20,54,141]
[-87,46,-4];[63,63,63]
[43,40,15];[92,92,94]
[-47,42,-12];[58,58,58]
[-10,39,-16];[87,91,94]
[-9,0,4];[241,200,74]
[42,9,5];[63,63,63]
[-26,25,-9];[59,59,59]
[-44,52,-8];[238,198,38]
[-68,45,9];[47,47,49]
[-50,33,12];[64,65,67]
[17,21,-10];[32,32,32]
[-40,49,-12];[49,49,47]
[-55,20,4];[212,174,11]
[7,54,-10];[52,51,49]
[3,58,-5];[51,47,22]
[66,28,2];[6,6,8]
[-8,30,16];[101,91,81]
[-10,26,-9];[74,62,20]
[-34,48,-12];[251,206,45]
[0,6,12];[60,60,60]
[-41,45,-14];[254,216,57]
[-59,35,-9];[1,1,3]
[-52,30,-6];[37,39,38]
[1,60,-5];[243,215,92]
[-17,49,13];[63,63,65]
[-15,2,5];[56,56,56]
[43,43,-6];[5,5,5]
[-56,41,-12];[3,3,1]
[44,35,-4];[8,7,5]
[-39,40,14];[57,57,49]
[-56,39,-12];[4,5,7]
[-34,50,9];[248,210,15]
[-57,48,-12];[89,81,68]
[23,27,-10];[37,36,34]
[-60,47,-12];[122,121,126]
[89,42,4];[68,70,69]
[22,57,-7];[45,49,48]
[-56,32,-5];[8,8,8]
[14,15,-14];[54,56,55]
[-40,22,-4];[5,5,3]
[-47,56,0];[53,53,53]
[-7,60,4];[182,175,156]
[-41,40,9];[34,33,28]
[-65,34,-10];[53,53,55]
[3,46,9];[60,95,151]
[10,58,-4];[43,45,42]
[-61,23,-4];[138,187,230]
[42,46,-12];[58,60,59]
[-88,41,-8];[66,66,66]
[8,47,-11];[5,16,121]
[47,36,3];[54,54,54]
[-55,47,-5];[5,5,5]
[-60,40,-12];[27,27,27]
[-48,48,2];[56,58,57]
[-5,51,-12];[66,66,66]
[44,42,-6];[14,14,12]
[-32,51,-9];[251,208,41]
[54,47,3];[71,73,72]
[-50,54,1];[15,15,15]
[-69,37,-11];[38,38,38]
[10,33,15];[29,28,26]
[13,35,-16];[21,20,25]
[-80,33,0];[32,32,32]
[37,36,-16];[50,51,53]
[-17,51,12];[93,89,80]
[-21,47,-13];[48,45,30]
[-10,9,-14];[74,59,30]
[-43,38,-12];[87,89,88]
[-43,32,-10];[64,68,69]
[35,33,-12];[57,57,55]
[12,38,-15];[28,31,36]
[-79,32,-3];[31,33,32]
[-17,54,-5];[51,53,52]
[9,5,-11];[246,207,70]
[-83,42,2];[11,11,9]
[-17,35,-17];[69,69,69]
[-82,42,3];[20,20,20]
[-92,36,-2];[5,5,7]
[-72,30,6];[58,59,61]
[75,35,3];[22,22,20]
[12,40,-15];[36,40,43]
[-43,48,-5];[4,4,4]
[-25,15,4];[88,90,89]
[42,38,-6];[7,7,5]
[-43,46,13];[52,51,47]
[36,33,-12];[50,50,50]
[-29,43,8];[59,61,60]
[-78,38,3];[43,45,44]
[0,51,-15];[60,60,60]
[35,54,-1];[57,57,57]
[-5,26,9];[30,24,0]
[62,23,4];[64,64,62]
[18,34,-16];[37,39,38]
[77,22,5];[68,66,67]
[-74,30,2];[25,25,25]
[-30,46,-10];[59,59,59]
[0,13,-14];[53,53,53]
[79,45,3];[68,65,58]
[-33,19,-6];[222,191,83]
[78,34,-2];[50,58,61]
[-78,32,4];[1,1,0]
[-3,5,-11];[65,67,66]
[62,46,-5];[51,51,51]
[-64,36,-10];[44,46,45]
[-21,16,-2];[32,34,33]
[66,31,-6];[72,70,71]
[-8,36,-12];[22,58,136]
[-30,33,-7];[113,121,134]
[-41,28,-11];[56,56,56]
[27,33,-12];[48,48,48]
[16,8,-13];[46,48,47]
[-17,17,0];[2,2,2]
[25,33,-12];[58,58,58]
[-82,36,-7];[26,26,26]
[-14,47,-16];[11,15,16]
[43,38,9];[51,51,51]
[-40,54,-4];[66,51,32]
[-81,42,7];[120,121,113]
[38,17,-7];[60,55,51]
[-3,58,-7];[52,47,44]
[64,25,-1];[46,46,46]
[-32,50,-11];[251,208,44]
[-51,48,-8];[3,3,3]
[17,32,-13];[53,51,52]
[36,34,-15];[41,41,41]
[41,47,0];[50,50,50]
[14,43,-14];[11,15,18]
[11,31,-13];[60,58,59]
[29,7,-2];[16,14,15]
[-64,37,10];[24,26,25]
[28,54,-3];[58,58,58]
[-10,35,14];[87,87,99]
[-44,46,-11];[62,62,62]
[-47,32,-9];[64,68,69]
[-54,16,0];[243,203,79]
[-4,9,-14];[56,56,56]
[-15,0,-5];[68,68,68]
[24,33,-12];[57,57,57]
[66,34,-5];[85,81,82]
[22,33,-12];[59,58,56]
[-4,37,-11];[85,123,186]
[-38,52,-7];[65,63,51]
[13,4,-11];[68,70,69]
[-23,31,-12];[60,59,55]
[-10,46,-16];[40,44,47]
[83,30,5];[70,70,72]
[-79,44,-5];[2,2,2]
[-59,38,-10];[2,2,2]
[-88,42,-2];[9,9,9]
[-11,16,13];[56,56,56]
[0,51,-14];[59,59,59]
[16,23,-10];[31,31,33]
[6,29,-12];[67,57,22]
[-15,43,-15];[45,46,48]
[-27,21,-7];[197,166,99]
[1,58,4];[176,152,62]
[-65,46,7];[59,50,21]
[-3,29,-12];[54,56,55]
[27,48,-16];[83,83,83]
[33,14,-2];[16,18,17]
[-43,34,13];[61,62,66]
[-9,29,-12];[233,197,59]
[13,2,-8];[59,59,59]
[-11,29,-12];[52,51,46]
[39,44,-16];[58,58,56]
[21,46,15];[46,45,43]
[-59,29,2];[2,0,1]
[-6,50,-15];[45,45,45]
[22,23,-5];[6,7,9]
[-37,51,-3];[16,16,16]
[-54,56,2];[62,63,65]
[-64,44,-9];[51,51,51]
[-58,24,-10];[75,75,73]
[-16,32,15];[52,52,50]
[-18,26,-2];[56,56,54]
[-20,33,-10];[65,62,45]
[-23,15,-6];[209,209,209]
[-82,43,2];[2,2,2]
[7,48,8];[36,56,117]
[-11,4,-11];[89,82,63]
[-8,33,-16];[17,17,17]
[-31,51,3];[53,55,54]
[27,28,-11];[16,16,18]
[-37,32,-13];[62,62,60]
[44,5,3];[77,77,77]
[3,54,8];[26,22,19]
[25,43,-13];[31,57,108]
[-17,29,-12];[66,64,65]
[-20,29,-12];[18,18,18]
[-88,32,-1];[75,77,76]
[-30,52,-8];[209,171,26]
[-85,40,-9];[64,65,67]
[36,37,15];[60,62,61]
[-24,28,-10];[43,43,43]
[-90,46,-3];[116,116,116]
[55,47,2];[62,62,62]
[-36,45,10];[30,53,121]
[-31,54,-3];[58,58,56]
[-57,22,3];[14,13,11]
[-48,28,0];[36,34,35]
[-53,36,-11];[72,74,73]
[4,39,11];[88,117,161]
[-57,26,-12];[76,77,81]
[-52,34,-11];[117,103,42]
[-6,34,13];[9,57,168]
[-35,56,-1];[46,48,45]
[-59,47,9];[5,5,3]
[-57,27,-12];[73,77,76]
[-79,39,-2];[31,31,31]
[18,57,7];[83,82,77]
[12,33,16];[70,70,70]
[-2,40,-12];[80,117,187]
[-52,33,-13];[63,63,61]
[63,24,-6];[67,67,67]
[14,42,-15];[16,28,42]
[-26,37,-11];[40,40,40]
[15,30,12];[61,61,59]
[59,46,3];[74,75,77]
[-56,39,-10];[5,5,3]
[-6,47,-10];[31,76,169]
[-43,21,-4];[208,159,5]
[-44,31,-8];[64,68,69]
[85,31,5];[76,76,74]
[14,19,12];[54,56,55]
[19,49,-15];[63,63,63]
[-73,42,10];[32,32,32]
[-12,34,-15];[1,1,1]
[33,48,14];[56,56,54]
[-47,29,-10];[48,48,48]
[32,46,15];[46,46,48]
[-49,32,-10];[78,67,22]
[9,21,-12];[234,198,60]
[10,46,-14];[31,73,191]
[-6,44,-11];[76,122,197]
[-64,38,10];[28,28,28]
[22,34,15];[71,72,74]
[-1,10,-14];[55,55,53]
[-36,48,-3];[198,166,45]
[8,59,-6];[242,232,179]
[7,48,-11];[41,65,139]
[-57,21,-6];[33,28,24]
[9,46,-13];[6,19,134]
[-22,42,10];[52,54,51]
[78,39,-5];[100,86,39]
[41,46,-15];[52,52,52]
[5,21,-12];[52,54,51]
[-59,38,-12];[10,10,10]
[-3,32,15];[24,24,24]
[-50,55,-4];[7,7,7]
[-46,18,-6];[218,183,81]
[-46,44,-12];[58,60,59]
[-54,40,-12];[33,33,33]
[28,54,-4];[58,58,58]
[-45,55,-3];[33,34,36]
[14,58,5];[59,50,9]
[21,56,4];[2,5,14]
[-43,41,-12];[88,90,89]
[28,25,-9];[5,5,5]
[7,16,-15];[120,116,107]
[26,12,-1];[8,10,9]
[17,11,2];[0,0,0]
[11,46,13];[27,44,98]
[-9,28,-11];[233,193,43]
[1,42,11];[87,115,162]
[-52,58,0];[50,52,51]
[-26,32,7];[77,79,76]
[88,16,-5];[113,113,111]
[-2,21,-12];[53,53,53]
[11,58,-6];[82,76,52]
[-36,54,-4];[40,36,27]
[6,13,-14];[73,65,44]
[13,22,-12];[53,53,53]
[-49,45,-11];[2,2,0]
[55,15,-6];[66,66,68]
[-58,23,5];[47,48,50]
[22,26,9];[47,49,48]
[-7,20,-12];[231,191,60]
[-45,25,-6];[61,47,8]
[-21,49,-7];[80,82,79]
[43,42,-11];[15,15,17]
[-15,20,-12];[46,46,46]
[-59,51,-10];[94,92,93]
[16,11,-14];[49,51,50]
[14,9,13];[56,58,57]
[16,13,-13];[40,40,40]
[16,19,-12];[39,39,39]
[17,37,-16];[10,10,10]
[-16,16,-12];[39,41,40]
[7,31,-16];[39,43,44]
[-11,37,-16];[32,32,32]
[-34,16,-5];[246,200,16]
[-10,23,-11];[64,48,14]
[39,33,2];[44,36,34]
[-21,29,-11];[26,25,21]
[7,0,-5];[229,190,73]
[-84,48,-2];[59,59,59]
[52,17,-3];[20,21,23]
[20,24,3];[4,3,1]
[-16,13,-12];[47,49,48]
[7,49,-13];[91,117,202]
[-85,43,-7];[2,2,2]
[44,35,2];[23,24,19]
[-14,51,-13];[58,58,58]
[-9,42,13];[34,75,139]
[-58,17,4];[63,63,63]
[-24,24,6];[3,4,0]
[-29,29,0];[55,57,56]
[-6,6,-13];[59,58,54]
[19,24,-8];[23,23,25]
[50,36,0];[27,27,25]
[6,12,13];[239,209,53]
[19,56,-9];[66,66,66]
[-53,37,-14];[64,65,69]
[16,24,-8];[7,7,7]
[-42,36,11];[50,50,48]
[26,12,0];[9,9,9]
[-26,35,-10];[57,59,56]
[21,14,-3];[73,77,78]
[37,52,-4];[59,59,59]
[-53,27,9];[59,61,60]
[-1,6,-12];[61,63,62]
[33,42,-17];[61,62,64]
[-32,48,-12];[66,53,21]
[50,39,-5];[1,1,0]
[-86,44,4];[17,17,15]
[-13,6,-12];[60,60,60]
[-36,48,-5];[200,166,40]
[11,52,11];[36,36,38]
[-9,51,-12];[56,56,56]
[-38,37,-14];[44,44,44]
[47,11,5];[64,64,64]
[34,51,-12];[55,57,56]
[-26,38,14];[60,59,54]
[-52,48,-5];[5,5,3]
[25,23,-8];[13,11,12]
[-26,54,-4];[51,39,25]
[-44,30,0];[41,41,39]
[-84,35,4];[5,5,5]
[-23,30,11];[35,35,35]
[-83,32,0];[45,45,43]
[13,43,-16];[81,90,95]
[13,19,-13];[55,55,55]
[-41,43,-9];[38,40,39]
[-21,48,5];[52,74,132]
[-17,15,-8];[80,80,80]
[63,27,-6];[71,72,74]
[60,32,4];[69,71,70]
[31,26,-8];[21,21,21]
[-68,31,-7];[16,16,18]
[-26,35,10];[185,158,55]
[-9,39,-14];[48,71,115]
[21,13,2];[66,72,72]
[39,12,-6];[62,57,53]
[-52,25,-7];[12,11,6]
[-8,9,-14];[247,205,57]
[0,49,8];[36,55,113]
[-58,62,-3];[75,76,78]
[-24,33,-13];[60,60,58]
[75,31,0];[2,2,2]
[78,20,4];[66,67,61]
[36,46,-16];[47,46,42]
[20,34,-15];[43,45,44]
[-15,22,9];[42,43,45]
[-45,27,10];[55,57,56]
[-3,46,-9];[20,68,178]
[-35,49,-12];[248,203,42]
[-17,16,-10];[4,4,6]
[34,33,-13];[66,66,68]
[67,47,0];[59,59,57]
[-47,41,11];[73,97,167]
[-35,16,3];[240,197,32]
[5,45,-11];[39,54,73]
[-23,24,-6];[2,2,2]
[-10,52,-12];[57,58,60]
[41,47,-1];[51,51,51]
[79,16,-3];[74,75,77]
[-31,45,-14];[65,63,48]
[-19,49,6];[60,62,59]
[15,51,-12];[61,61,61]
[-41,30,6];[70,72,71]
[-21,44,-15];[58,58,56]
[11,51,-12];[45,45,45]
[-42,39,-15];[233,190,52]
[-17,47,15];[75,76,78]
[11,44,-14];[9,22,162]
[-45,16,1];[241,201,79]
[-49,36,-12];[3,4,6]
[-54,45,-11];[2,2,2]
[-31,49,0];[77,98,161]
[39,48,-6];[60,60,60]
[83,42,5];[64,65,67]
[35,26,-8];[53,53,51]
[-85,38,-2];[110,112,109]
[23,51,-12];[54,54,54]
[-17,11,-9];[138,134,131]
[-23,52,8];[216,181,29]
[-19,47,14];[34,31,24]
[22,15,-2];[21,22,24]
[20,24,-3];[20,20,18]
[9,47,9];[6,42,126]
[-7,29,11];[251,211,25]
[21,51,-12];[55,55,55]
[5,18,-13];[54,54,52]
[-3,33,-9];[0,27,125]
[83,37,-6];[29,29,29]
[-53,34,-11];[3,3,1]
[-49,31,11];[61,61,61]
[12,32,-14];[44,40,37]
[2,58,-8];[67,65,44]
[-82,37,-3];[24,26,25]
[-88,46,0];[80,82,81]
[-40,33,-8];[199,169,47]
[-3,50,12];[77,87,110]
[15,18,-13];[52,52,52]
[-82,33,0];[82,84,81]
[-51,29,3];[6,6,6]
[18,13,2];[6,6,6]
[-50,51,-10];[100,90,39]
[-17,41,-15];[30,32,31]
[9,34,-13];[6,25,130]
[53,31,-4];[38,39,34]
[-47,31,-7];[64,68,69]
[-16,16,6];[23,23,23]
[5,32,-13];[44,45,47]
[25,14,-2];[9,9,9]
[-32,43,-12];[46,48,47]
[6,60,5];[152,138,77]
[65,36,5];[243,207,35]
[18,27,-8];[1,1,1]
[3,49,-12];[8,37,128]
[-86,38,-3];[58,60,59]
[-6,22,-11];[53,47,35]
[89,40,-5];[64,65,67]
[-55,30,5];[6,6,6]
[-44,42,-15];[123,97,20]
[-7,50,-16];[24,24,24]
[29,31,-10];[23,23,23]
[-83,31,1];[71,71,71]
[-22,49,5];[63,65,64]
[-40,19,5];[238,200,27]
[-43,48,-12];[65,62,43]
[4,43,-11];[73,105,156]
[30,7,-1];[21,21,21]
[15,50,13];[58,58,58]
[-36,41,-10];[48,48,48]
[-41,31,-5];[204,168,32]
[24,19,1];[79,80,82]
[69,29,-5];[56,56,56]
[-6,36,-11];[78,120,194]
[-17,27,-12];[94,95,99]
[-2,53,10];[57,57,57]
[25,38,-14];[5,8,13]
[-49,44,-9];[54,56,53]
[-36,32,6];[41,41,33]
[-56,31,-1];[6,6,6]
[-52,48,-12];[99,91,44]
[-57,67,-1];[55,55,53]
[9,15,-14];[237,202,82]
[-57,52,6];[50,50,48]
[-38,39,-12];[68,70,67]
[-16,36,-15];[41,42,44]
[34,34,12];[52,52,52]
[11,36,-12];[5,28,142]
[-49,48,-5];[43,43,41]
[-50,16,-4];[59,60,55]
[38,44,-16];[56,57,59]
[-60,34,-12];[75,75,75]
[-51,48,-13];[238,201,68]
[-5,59,-3];[110,107,100]
[43,18,6];[104,105,109]
[29,39,-16];[2,2,2]
[-60,33,-12];[36,36,36]
[-23,19,5];[11,11,11]
[-37,23,-5];[35,34,29]
[-60,33,-13];[70,71,75]
[-34,45,-14];[67,63,38]
[28,38,-17];[29,27,28]
[-43,47,-10];[79,73,47]
[-56,51,0];[9,9,9]
[-48,53,-7];[63,60,41]
[-45,39,-15];[238,197,53]
[-67,36,-11];[15,15,15]
[43,45,-15];[79,79,79]
[9,59,-6];[239,206,93]
[51,36,4];[15,15,13]
[54,12,-4];[75,75,73]
[35,12,1];[50,44,32]
[-58,30,-1];[14,14,14]
[25,38,-15];[1,1,1]
[-29,19,5];[53,53,43]
[12,27,-10];[38,38,38]
[-60,19,2];[87,87,87]
[-58,47,5];[1,1,0]
[22,53,-10];[55,55,55]
[-88,42,-4];[108,108,110]
[20,32,-12];[81,68,16]
[-78,48,5];[61,60,58]
[-80,43,-2];[63,60,43]
[13,60,-6];[245,212,71]
[10,11,-14];[56,56,48]
[-88,42,5];[13,13,11]
[-82,41,-9];[63,64,66]
[28,42,16];[41,39,40]
[-47,38,9];[197,166,49]
[-47,38,-12];[20,20,20]
[17,32,-12];[50,50,52]
[-21,33,-13];[54,54,52]
[-10,24,9];[21,20,15]
[40,35,-11];[29,27,28]
[-36,32,-6];[192,162,50]
[-25,34,-11];[40,40,38]
[7,52,-11];[54,56,55]
[-10,0,5];[242,200,66]
[-12,46,-15];[2,2,2]
[43,38,10];[51,51,53]
[56,23,0];[26,28,27]
[33,14,-3];[18,17,13]
[-7,46,-14];[21,57,135]
[-29,42,-15];[251,206,45]
[47,42,-6];[30,30,32]
[-21,37,-15];[51,51,51]
[16,5,4];[0,0,0]
[7,50,12];[84,84,86]
[-13,36,14];[4,4,4]
[17,26,4];[23,22,20]
[-25,56,0];[6,7,9]
[3,9,-14];[55,57,56]
[-29,31,-12];[60,60,58]
[-32,31,-12];[61,61,59]
[-6,54,-10];[57,57,57]
[-40,16,3];[63,63,63]
[-34,18,-6];[105,81,21]
[-25,28,-11];[53,53,53]
[-41,31,-12];[59,59,57]
[-49,30,-12];[57,57,55]
[0,11,-14];[54,54,52]
[-41,25,7];[39,38,36]
[-59,38,-15];[82,86,87]
[7,32,15];[40,36,37]
[-84,34,-6];[53,53,55]
[-75,29,1];[64,66,65]
[-59,47,-6];[2,2,0]
[54,45,4];[56,57,59]
[-36,40,-12];[73,70,53]
[-50,35,-14];[30,43,59]
[21,28,9];[22,22,22]
[4,5,-12];[64,64,64]
[44,41,-6];[10,11,13]
[-72,36,11];[50,52,51]
[17,55,-9];[18,16,17]
[-31,38,-15];[250,203,51]
[-43,31,-13];[64,64,64]
[-2,6,-13];[60,60,60]
[-38,22,3];[89,86,77]
[63,24,0];[56,58,57]
[-52,41,14];[66,64,49]
[-56,24,5];[27,27,27]
[-88,40,-3];[5,5,5]
[-68,34,-10];[32,32,32]
[-79,34,2];[57,59,56]
[-46,31,-12];[58,58,56]
[2,4,10];[69,69,69]
[-61,27,0];[149,200,231]
[-60,29,-8];[68,69,64]
[-48,49,-12];[240,196,45]
[-36,45,-14];[233,190,59]
[-49,31,-13];[58,58,58]
[-47,31,-12];[58,57,55]
[-82,33,-1];[98,105,113]
[-43,46,-14];[51,51,49]
[40,26,-1];[29,29,29]
[-41,41,11];[33,33,31]
[-41,43,-15];[240,196,48]
[-79,38,-6];[64,64,62]
[8,1,-7];[244,201,70]
[-49,31,-12];[57,57,55]
[-20,25,-11];[79,80,82]
[-83,44,-3];[101,103,100]
[8,31,15];[59,57,58]
[-52,31,-13];[63,63,63]
[1,59,-5];[87,73,36]
[48,7,3];[75,75,77]
[-59,29,-4];[11,11,11]
[84,13,1];[72,74,73]
[-39,31,6];[70,72,71]
[-7,52,-12];[57,59,58]
[-55,37,-12];[4,4,4]
[-55,31,-12];[54,54,54]
[-28,51,-9];[107,94,42]
[5,60,-3];[160,152,105]
[-19,50,12];[28,28,28]
[-16,53,-10];[68,66,54]
[39,27,0];[23,23,23]
[21,23,7];[14,12,13]
[-34,20,4];[220,185,5]
[-57,31,-12];[50,50,50]
[-15,40,14];[53,55,54]
[10,29,-12];[55,54,50]
[51,33,-5];[16,14,17]
[9,53,9];[56,55,53]
[-47,32,-13];[63,63,63]
[-19,44,-15];[10,10,10]
[-12,22,10];[45,45,45]
[-9,47,-15];[39,40,42]
[-11,45,-16];[20,20,20]
[-59,31,-13];[104,104,104]
[17,60,-6];[73,74,76]
[17,5,0];[0,2,1]
[-3,34,-10];[13,54,162]
[-28,40,-12];[27,29,28]
[-29,29,3];[58,59,54]
[20,48,-15];[55,55,53]
[-28,49,-12];[50,50,50]
[81,34,3];[79,80,84]
[-25,33,12];[60,61,63]
[-44,55,2];[42,42,42]
[9,60,-2];[249,213,77]
[-31,29,-4];[21,21,21]
[-25,30,-11];[56,49,41]
[58,31,-3];[46,46,44]
[-48,16,-3];[68,69,71]
[82,15,-5];[79,79,77]
[-48,56,-2];[57,57,57]
[-19,31,-12];[39,39,37]
[-1,24,-10];[21,21,21]
[16,13,-14];[49,49,49]
[59,19,5];[124,122,125]
[63,25,-5];[70,68,69]
[-28,39,11];[199,166,37]
[4,0,4];[64,65,60]
[-85,39,-7];[4,4,4]
[-53,16,-4];[245,204,54]
[47,39,-6];[57,58,60]
[27,45,-16];[12,12,12]
[25,14,-1];[4,6,5]
[24,25,-11];[49,49,47]
[40,47,-12];[71,71,71]
[-1,33,10];[3,51,149]
[-38,24,4];[71,71,69]
[-29,32,5];[51,56,62]
[39,37,-16];[55,55,55]
[-17,16,11];[42,42,42]
[-23,33,8];[91,93,92]
[-15,20,-13];[37,37,37]
[36,45,15];[64,65,67]
[-39,44,-15];[252,204,42]
[0,50,13];[33,37,38]
[-10,45,14];[96,98,113]
[64,26,-2];[46,46,46]
[-90,39,-2];[64,64,64]
[-56,21,3];[6,5,1]
[-16,20,-12];[35,37,36]
[-19,55,-1];[18,20,19]
[-12,46,-16];[3,3,3]
[-51,30,-11];[46,45,43]
[-2,9,-14];[55,55,55]
[-19,30,-12];[20,20,20]
[-61,24,-4];[150,191,221]
[14,13,13];[53,55,54]
[-57,42,-15];[86,63,9]
[-24,39,14];[51,53,52]
[-14,32,-16];[57,56,54]
[-85,35,-4];[87,75,27]
[2,56,-9];[84,73,41]
[-12,29,-12];[51,51,49]
[-37,48,7];[193,173,102]
[37,29,0];[9,11,10]
[-59,52,-9];[100,100,102]
[10,9,-14];[58,55,48]
[-18,29,-12];[67,67,67]
[-19,41,-17];[92,92,92]
[-33,37,-10];[19,21,20]
[-55,54,3];[27,27,27]
[39,34,-13];[52,52,54]
[10,49,-16];[13,13,15]
[34,40,16];[46,48,47]
[-88,35,2];[43,43,43]
[-4,6,-12];[62,62,62]
[16,11,3];[34,34,34]
[-57,27,-13];[76,80,79]
[-15,32,-15];[66,66,66]
[-45,35,10];[53,55,52]
[-50,45,-8];[41,42,36]
[-15,22,-11];[52,52,54]
[92,44,-1];[75,75,77]
[12,21,-12];[53,53,53]
[-56,35,14];[58,58,58]
[-32,23,-5];[18,15,8]
[-22,51,9];[235,199,15]
[2,31,-17];[45,41,38]
[18,26,-8];[83,80,73]
[40,19,-7];[62,63,65]
[-55,18,-6];[57,57,49]
[-83,37,1];[14,14,14]
[76,35,0];[27,27,27]
[-46,46,-11];[5,5,5]
[82,27,-1];[74,74,62]
[-19,51,-12];[13,12,8]
[-40,45,-8];[58,58,56]
[0,29,11];[55,55,55]
[-35,53,6];[78,77,73]
[-57,34,-14];[57,57,55]
[-3,50,13];[33,37,46]
[-55,49,-7];[1,1,1]
[-17,45,-16];[5,5,5]
[-32,25,8];[9,11,10]
[-59,28,-10];[49,49,49]
[-17,29,-13];[72,72,72]
[-9,20,-12];[232,191,51]
[-4,23,-11];[40,40,40]
[8,15,-14];[246,208,83]
[-56,50,-10];[58,58,58]
[81,26,3];[1,1,0]
[1,25,-9];[12,12,12]
[39,32,-8];[62,64,63]
[34,31,-11];[58,58,60]
[-32,50,3];[18,20,17]
[-25,20,5];[254,212,32]
[-29,34,-11];[62,64,63]
[-59,18,1];[14,16,15]
[-50,52,-7];[54,54,52]
[-4,42,-12];[88,123,189]
[-54,51,-3];[54,56,55]
[-16,12,7];[30,30,30]
[11,22,-12];[52,52,50]
[-3,24,-10];[22,22,22]
[-31,44,-15];[55,51,40]
[-3,49,-9];[49,70,133]
[-13,18,-13];[51,52,54]
[-75,44,-10];[72,72,74]
[-13,37,-16];[34,35,37]
[50,9,3];[63,64,66]
[14,39,-15];[4,3,8]
[7,14,-14];[205,176,72]
[-42,39,-12];[88,90,89]
[-57,23,-6];[1,1,1]
[39,33,-13];[111,113,112]
[-22,33,7];[73,75,74]
[15,30,-12];[61,61,61]
[7,2,7];[251,205,32]
[-50,39,-12];[62,64,63]
[-20,22,-3];[23,23,21]
[10,51,-15];[67,67,65]
[69,29,-2];[47,49,48]
[-32,48,-4];[21,22,16]
[-14,54,-7];[44,44,44]
[15,9,-13];[34,34,34]
[-3,49,-13];[113,137,211]
[-14,30,-13];[47,47,47]
[41,37,-8];[39,39,37]
[-16,11,6];[39,41,40]
[-89,37,-5];[24,24,24]
[50,14,2];[22,24,23]
[3,35,10];[91,120,164]
[84,36,-6];[65,65,67]
[-21,39,-15];[48,48,46]
[12,37,-15];[31,35,38]
[-29,48,8];[30,32,31]
[4,23,-10];[30,30,30]
[36,34,-16];[45,46,48]
[-16,17,-12];[41,41,41]
[51,34,4];[16,16,16]
[17,14,-12];[43,43,43]
[-43,29,-10];[47,47,47]
[-8,37,-15];[44,66,123]
[-53,34,-10];[3,3,1]
[2,29,-12];[56,56,56]
[-83,41,1];[198,164,40]
[42,45,8];[72,72,72]
[-20,47,9];[190,158,39]
[-60,36,-13];[90,90,92]
[-12,3,9];[74,76,75]
[-44,54,2];[38,38,38]
[-86,34,-1];[44,44,44]
[-16,12,-12];[47,47,47]
[-30,39,-15];[249,203,48]
[43,13,6];[46,48,45]
[-21,11,0];[19,16,7]
[89,41,-5];[69,70,72]
[20,36,-16];[48,48,48]
[16,10,-12];[42,43,45]
[74,46,-5];[64,64,66]
[47,38,-6];[53,54,56]
[47,37,-4];[2,2,2]
[-23,36,-12];[76,78,77]
[-3,49,-12];[19,54,135]
[17,26,-3];[27,27,19]
[-17,23,-4];[17,17,15]
[29,18,-2];[34,34,34]
[78,19,2];[86,76,51]
[17,12,-9];[10,10,10]
[-33,40,-15];[242,201,61]
[-53,48,7];[0,0,0]
[-30,48,12];[59,56,47]
[-57,47,-14];[92,87,65]
[38,49,-2];[56,56,56]
[87,16,-6];[46,46,46]
[15,18,13];[38,39,41]
[68,29,-5];[27,27,27]
[27,21,-2];[35,35,35]
[-30,53,5];[234,202,89]
[-26,47,-7];[29,29,29]
[44,13,6];[67,71,70]
[50,15,2];[20,20,20]
[-25,38,-11];[86,88,83]
[-38,40,-15];[62,60,45]
[78,17,-2];[34,33,29]
[25,25,-10];[41,42,46]
[13,53,-10];[104,104,92]
[26,24,-9];[32,32,32]
[2,33,-10];[0,27,134]
[-15,4,-9];[66,67,69]
[-20,22,-8];[8,8,8]
[-45,16,2];[243,202,76]
[-22,20,6];[26,27,29]
[-33,31,-13];[61,60,58]
[-29,39,-10];[37,39,38]
[45,35,1];[28,27,22]
[-22,55,-2];[5,3,4]
[-7,37,-12];[81,123,195]
[3,0,1];[69,69,71]
[16,3,8];[45,45,45]
[-36,22,-5];[60,58,46]
[87,28,-5];[70,71,73]
[7,3,8];[247,206,38]
[-64,45,-9];[44,44,44]
[14,58,-8];[243,205,82]
[17,14,10];[44,44,44]
[-55,41,-15];[238,198,51]
[6,5,10];[222,196,83]
[37,48,-16];[83,83,85]
[-82,34,-5];[23,23,23]
[-21,51,-4];[67,69,68]
[3,6,-13];[59,59,59]
[-46,48,-13];[223,186,56]
[-9,50,-13];[51,51,53]
[-83,35,-7];[1,1,1]
[-34,34,-14];[67,69,68]
[-9,30,-13];[120,93,24]
[4,59,-4];[42,42,40]
[22,54,-9];[46,48,47]
[-40,29,-11];[22,22,22]
[2,6,-12];[61,61,61]
[-3,49,-8];[50,70,129]
[-78,36,-10];[67,69,68]
[-58,48,-2];[9,9,9]
[-46,49,0];[37,37,37]
[-93,46,1];[97,99,98]
[0,5,-12];[63,65,64]
[42,46,13];[60,60,60]
[-4,31,-17];[26,26,26]
[-28,32,12];[62,64,63]
[-27,43,-15];[250,204,49]
[29,22,-7];[33,33,31]
[20,49,-14];[52,52,52]
[-35,34,13];[62,63,65]
[-21,46,-10];[55,57,56]
[48,36,1];[38,38,30]
[-85,42,-8];[64,64,64]
[-4,48,-10];[68,83,124]
[-26,35,-11];[53,53,53]
[-2,45,-10];[82,120,191]
[-28,32,-13];[61,61,59]
[-54,29,-2];[2,1,0]
[-47,25,-8];[60,58,59]
[-11,13,-14];[64,61,56]
[-90,33,-3];[120,114,114]
[-4,12,13];[56,58,57]
[-7,17,-14];[164,140,52]
[-3,6,-12];[61,63,62]
[7,0,-1];[245,213,112]
[10,50,-13];[42,42,40]
[-59,21,-4];[2,2,2]
[-5,6,-12];[60,60,60]
[33,14,2];[45,37,24]
[39,42,15];[68,68,70]
[-8,6,-12];[247,205,59]
[-54,65,-1];[53,54,56]
[-37,50,-6];[12,12,12]
[-12,11,13];[56,58,57]
[4,51,-12];[64,64,64]
[-80,41,5];[56,56,56]
[-87,43,-2];[55,57,54]
[85,28,-6];[67,68,70]
[-21,40,-15];[56,54,55]
[-7,36,-13];[40,81,169]
[-76,48,-3];[13,14,16]
[-80,44,-8];[46,46,46]
[-47,41,9];[39,39,37]
[-5,39,11];[76,108,159]
[-28,28,-11];[52,54,53]
[-31,51,-10];[251,208,41]
[-12,10,-14];[54,54,54]
[21,44,-14];[2,14,38]
[-3,30,-17];[113,112,108]
[29,51,-12];[54,54,54]
[80,14,1];[74,74,74]
[-58,27,-10];[66,67,69]
[2,55,-9];[7,3,0]
[-39,47,-10];[107,102,82]
[55,13,-1];[72,72,72]
[12,51,-12];[58,58,58]
[25,51,-12];[54,54,52]
[-5,48,-12];[14,52,159]
[-38,48,1];[45,45,45]
[-89,39,2];[19,21,20]
[-52,35,13];[67,62,56]
[-31,49,-1];[56,70,109]
[-15,7,-13];[69,69,69]
[-60,50,8];[89,90,95]
[22,30,9];[0,0,0]
[-3,36,10];[71,103,152]
[6,38,-11];[38,51,70]
[-12,43,-16];[2,4,3]
[-32,24,4];[2,2,2]
[-51,16,-5];[181,153,54]
[46,38,-5];[40,40,40]
[43,43,-12];[12,12,12]
[0,46,-10];[67,111,206]
[-24,28,-11];[47,47,47]
[60,34,-6];[77,74,69]
[-34,47,-9];[22,22,22]
[24,44,14];[51,47,46]
[-15,34,-15];[5,5,5]
[8,33,-12];[4,19,118]
[7,51,12];[59,59,57]
[64,25,3];[24,24,24]
[55,17,5];[68,69,73]
[-44,47,12];[53,53,43]
[-88,42,-5];[8,8,6]
[-92,43,-5];[56,56,56]
[6,5,-11];[83,79,67]
[-21,31,-13];[55,55,53]
[-39,46,-10];[106,102,75]
[-52,47,4];[5,5,5]
[-24,44,-12];[47,47,47]
[-16,51,12];[181,185,188]
[31,47,-16];[87,85,88]
[-5,30,-16];[5,3,4]
[17,19,7];[20,20,20]
[-39,32,-13];[61,61,59]
[-91,45,-3];[61,61,61]
[78,18,1];[89,78,48]
[81,39,-5];[55,55,57]
[-35,44,-12];[73,75,72]
[-7,24,9];[187,150,0]
[37,28,2];[3,3,3]
[34,37,-16];[49,49,49]
[-22,42,-12];[38,53,96]
[-31,51,-1];[53,55,54]
[-38,26,-10];[70,70,68]
[-54,37,-9];[2,2,2]
[-30,31,-13];[63,63,61]
[-19,39,-15];[40,41,43]
[41,36,-15];[57,55,56]
[47,35,0];[62,63,58]
[-30,54,2];[42,42,42]
[37,27,-6];[21,21,21]
[8,59,-7];[211,182,64]
[-39,40,-15];[66,59,40]
[5,13,-14];[55,55,53]
[-39,31,-13];[66,66,64]
[63,37,-6];[207,173,76]
[-5,32,-16];[33,33,33]
[52,10,-4];[73,73,71]
[-9,43,-13];[11,28,58]
[80,35,-5];[25,25,25]
[6,51,-13];[64,63,61]
[-30,39,11];[202,165,33]
[-31,49,-12];[67,61,39]
[-7,12,-14];[237,197,63]
[-4,52,-11];[54,55,57]
[3,24,-9];[13,13,13]
[-22,24,10];[79,79,79]
[-39,48,-13];[185,153,50]
[13,6,-12];[59,60,62]
[-40,31,-13];[64,64,62]
[-20,55,-1];[23,23,23]
[-49,49,6];[5,5,5]
[-43,39,-12];[88,90,89]
[67,46,-5];[51,51,51]
[-3,51,-12];[67,68,70]
[-78,32,1];[28,30,29]
[-20,34,-10];[55,57,56]
[-39,24,-6];[30,30,28]
[3,39,-12];[88,128,190]
[2,16,13];[55,55,55]
[-26,43,-11];[22,22,20]
[-59,47,-12];[63,63,63]
[-32,43,14];[61,58,43]
[2,5,-12];[62,63,65]
[2,53,-11];[53,55,54]
[33,44,-16];[12,14,13]
[-34,51,-1];[33,33,31]
[-48,42,9];[56,56,44]
[-50,38,-15];[65,63,50]
[-52,37,-10];[55,55,55]
[-82,46,5];[62,63,65]
[-50,31,-13];[64,64,62]
[-26,31,11];[59,59,59]
[34,45,-16];[46,46,44]
[-54,32,-13];[60,60,60]
[-59,43,-14];[44,48,51]
[61,29,-3];[5,5,7]
[-51,31,-13];[65,65,63]
[-11,4,-10];[99,91,68]
[-56,31,-13];[59,59,59]
[2,22,-12];[51,51,51]
[-6,53,-10];[52,52,52]
[40,22,-7];[62,63,65]
[-80,39,-9];[17,17,17]
[38,25,4];[37,39,38]
[11,30,-12];[53,53,51]
[-28,21,-7];[35,32,25]
[-1,32,-14];[9,10,14]
[-30,46,13];[63,57,43]
[24,33,-13];[60,60,60]
[-92,33,-1];[85,85,87]
[-22,48,-5];[3,3,1]
[11,5,-11];[66,66,64]
[-35,29,-2];[64,66,65]
[58,42,5];[59,61,60]
[89,38,4];[74,74,74]
[-33,28,-11];[52,54,53]
[-6,30,-13];[55,55,55]
[-55,17,4];[239,197,33]
[-8,18,-13];[248,204,55]
[13,5,-12];[62,63,65]
[17,21,-4];[24,24,24]
[-9,39,-12];[43,66,120]
[7,5,-11];[242,200,62]
[-3,47,8];[2,40,121]
[-55,36,8];[4,4,2]
[33,25,7];[7,7,7]
[-40,32,12];[62,64,63]
[-14,32,-15];[55,55,53]
[74,35,0];[27,27,27]
[9,1,-8];[242,200,62]
[18,14,6];[53,52,57]
[53,47,1];[60,60,60]
[-19,40,-15];[40,40,42]
[8,35,10];[0,21,81]
[27,33,-13];[71,69,70]
[-16,6,0];[61,61,63]
[-65,30,-4];[61,62,64]
[20,58,-6];[61,61,63]
[38,34,-15];[49,49,51]
[-89,41,-6];[8,8,6]
[46,35,1];[26,25,20]
[-7,46,-12];[15,31,64]
[88,18,3];[70,70,72]
[31,43,-16];[36,36,36]
[0,48,-9];[12,69,200]
[-35,37,13];[45,48,57]
[-20,43,-15];[47,47,47]
[15,37,-16];[9,9,11]
[-17,8,-10];[47,47,45]
[-19,52,-8];[116,96,25]
[8,36,-11];[73,111,192]
[22,29,10];[50,50,48]
[89,46,-1];[57,57,57]
[-31,51,-3];[40,40,40]
[17,7,-11];[35,37,36]
[-20,29,-10];[112,114,113]
[6,28,-11];[186,160,39]
[41,45,-16];[78,78,78]
[-17,14,6];[4,4,4]
[6,58,-3];[228,202,107]
[-2,29,-13];[54,56,53]
[41,5,-5];[74,75,79]
[4,4,-11];[69,69,69]
[-24,26,-10];[64,64,62]
[12,52,11];[77,77,77]
[-19,11,-1];[222,199,123]
[-6,29,-12];[246,211,69]
[-18,39,-17];[92,90,91]
[6,33,12];[6,75,178]
[-24,49,-1];[53,53,53]
[-18,29,-13];[67,67,67]
[-37,51,9];[238,203,41]
[-21,53,-6];[125,108,65]
[-13,23,-11];[44,46,45]
[19,16,1];[2,0,1]
[-17,54,-9];[69,69,69]
[88,23,-2];[68,68,68]
[-37,51,2];[42,44,43]
[-15,51,-12];[57,57,57]
[-17,13,-8];[87,89,88]
[-29,47,-14];[49,50,45]
[-8,37,-14];[22,54,129]
[-54,46,-14];[134,129,107]
[-23,48,-9];[60,62,61]
[9,26,-9];[28,29,24]
[24,54,2];[55,55,55]
[76,29,4];[7,7,7]
[-58,25,7];[54,55,59]
[-34,16,3];[239,197,15]
[-42,28,10];[52,52,52]
[-11,20,-12];[61,58,41]
[59,42,-6];[53,53,53]
[-7,20,-13];[244,201,62]
[12,60,-5];[237,206,98]
[8,0,-3];[243,204,77]
[16,29,-10];[4,4,4]
[-31,41,-15];[250,206,49]
[-30,45,-11];[58,60,59]
[0,1,5];[61,61,61]
[9,9,13];[245,208,31]
[54,19,-5];[45,45,45]
[40,8,3];[6,6,4]
[-16,56,-1];[38,38,38]
[4,21,11];[49,49,49]
[62,31,-5];[78,80,79]
[23,44,-15];[19,20,25]
[-36,46,-10];[49,49,47]
[11,48,-16];[16,16,18]
[-9,0,5];[238,198,64]
[-16,5,-4];[2,2,2]
[84,29,5];[67,68,70]
[-3,19,-13];[53,53,51]
[8,51,-15];[60,62,61]
[11,0,-5];[74,68,54]
[7,24,-10];[214,171,15]
[-51,49,7];[5,5,3]
[63,30,4];[59,59,59]
[-59,48,-4];[2,1,0]
[2,49,-13];[56,76,149]
[15,41,-13];[79,141,224]
[75,40,-5];[247,205,61]
[-48,28,-10];[51,51,49]
[9,46,-14];[5,23,147]
[-15,40,-15];[46,48,47]
[74,34,-4];[1,1,1]
[-55,63,1];[19,19,19]
[16,1,3];[48,48,48]
[-25,33,-10];[215,184,67]
[-25,37,-15];[63,64,68]
[-43,20,-6];[243,198,43]
[4,34,-10];[5,15,64]
[-36,24,5];[26,19,11]
[0,49,-13];[78,98,171]
[-38,19,5];[83,59,11]
[-67,33,-8];[34,36,35]
[-40,46,-7];[54,54,54]
[-44,44,-15];[50,50,48]
[35,38,-16];[47,49,48]
[16,26,-7];[22,23,18]
[-56,35,-15];[59,58,56]
[-33,31,4];[174,149,46]
[-53,48,-4];[5,5,3]
[25,53,-10];[55,55,55]
[-8,33,14];[50,54,57]
[-17,38,-15];[4,4,4]
[-50,41,11];[56,56,54]
[-24,53,3];[0,0,0]
[14,45,14];[52,52,50]
[-42,31,7];[48,50,49]
[-58,24,-7];[15,15,15]
[-15,25,-8];[2,2,2]
[-20,48,-13];[57,51,35]
[6,59,-3];[36,33,24]
[-49,29,-3];[7,7,5]
[3,55,-9];[4,3,0]
[-47,27,-11];[54,54,52]
[-73,30,5];[46,47,49]
[-80,42,-7];[11,11,9]
[-31,25,7];[30,30,30]
[-79,33,-4];[35,37,36]
[-4,48,-12];[22,49,120]
[21,41,-13];[70,131,222]
[-55,46,-7];[52,52,52]
[-56,52,-8];[59,59,57]
[-18,13,-5];[48,49,51]
[-3,31,-17];[30,30,30]
[47,44,3];[74,54,21]
[3,34,10];[0,26,93]
[12,48,-17];[71,71,69]
[-82,45,4];[23,23,23]
[88,16,-1];[68,67,72]
[64,40,-6];[52,52,52]
[-24,48,-13];[253,205,43]
[10,41,-12];[8,57,175]
[-33,48,-13];[231,199,80]
[16,4,-9];[37,37,37]
[8,30,-15];[38,38,36]
[-19,38,15];[22,22,24]
[11,47,-16];[38,45,71]
[-88,39,0];[48,50,49]
[-31,31,-12];[59,59,59]
[-31,29,-2];[48,48,48]
[23,34,-15];[58,60,59]
[-47,40,-12];[23,23,23]
[3,0,2];[68,68,68]
[-85,33,-3];[179,156,63]
[-56,34,-10];[4,4,4]
[-81,42,5];[32,17,0]
[13,33,-16];[25,24,20]
[-28,55,-3];[41,41,41]
[-52,59,-3];[80,80,82]
[-39,27,-10];[58,58,56]
[-9,49,-15];[36,36,36]
[-41,25,-8];[49,48,46]
[15,7,12];[55,55,55]
[-12,36,15];[4,4,4]
[-42,42,-15];[242,198,50]
[-47,34,13];[106,111,114]
[-60,52,-4];[66,66,68]
[37,42,-16];[54,54,54]
[2,4,-11];[69,71,70]
[53,18,-5];[29,29,29]
[-26,33,-13];[62,61,59]
[-14,44,-15];[41,42,44]
[-54,45,-14];[82,65,11]
[-60,39,-12];[19,21,20]
[-48,48,-13];[239,195,46]
[-73,31,-7];[54,54,56]
[-30,30,3];[40,42,41]
[-83,47,1];[197,169,59]
[24,45,14];[55,55,53]
[-37,41,9];[59,61,58]
[-17,37,-16];[11,11,13]
[88,41,5];[67,69,68]
[-44,29,4];[197,170,63]
[74,40,-5];[137,114,46]
[-85,32,2];[65,65,65]
[-60,46,-13];[66,67,71]
[-45,42,14];[221,204,124]
[-20,22,5];[1,1,1]
[-51,34,-10];[112,114,113]
[-82,38,-9];[70,72,71]
[-15,45,-15];[24,24,24]
[-14,54,9];[60,59,57]
[-26,46,10];[71,73,70]
[25,15,1];[66,68,67]
[-9,41,-12];[14,34,69]
[-57,23,8];[80,79,77]
[10,48,-15];[45,43,44]
[45,6,-4];[17,17,19]
[-59,51,8];[56,57,62]
[0,59,2];[250,213,70]
[-33,24,-6];[24,24,24]
[21,47,-16];[73,74,76]
[-62,46,-6];[34,35,37]
[-19,51,-1];[67,69,68]
[9,34,-12];[2,18,113]
[28,31,-10];[21,21,21]
[-1,34,-10];[6,47,165]
[-8,51,-13];[43,43,43]
[32,38,15];[45,46,48]
[8,20,-13];[248,207,63]
[-56,41,-10];[2,2,2]
[-3,41,11];[57,95,157]
[18,30,-10];[10,10,10]
[1,50,-13];[48,63,106]
[4,33,-13];[11,31,100]
[-41,17,4];[253,209,48]
[-21,32,-13];[55,55,53]
[4,7,-13];[57,57,55]
[-49,41,-10];[60,62,61]
[46,35,0];[27,28,22]
[83,22,-6];[66,68,67]
[-22,14,-2];[69,69,67]
[-7,40,11];[85,112,165]
[12,55,-9];[8,4,1]
[-22,14,-3];[137,139,138]
[3,33,-13];[18,35,91]
[-1,58,-5];[90,82,45]
[-62,29,-1];[16,16,16]
[-41,44,10];[196,168,58]
[-22,15,3];[72,72,72]
[-82,39,-2];[67,69,66]
[-1,33,-13];[5,32,123]
[-55,25,8];[47,42,38]
[-7,23,-11];[227,187,40]
[-69,31,-7];[56,56,56]
[-5,37,-11];[84,124,193]
[-19,43,11];[107,107,97]
[-59,49,-10];[68,67,72]
[-40,51,-4];[16,16,16]
[-56,30,-7];[68,88,147]
[-14,6,-13];[68,68,68]
[-20,41,-15];[41,41,43]
[41,36,-12];[53,53,53]
[9,27,10];[239,202,26]
[-16,20,1];[52,52,52]
[-70,46,9];[51,51,51]
[-46,33,-14];[63,63,63]
[7,28,-12];[232,193,64]
[-58,30,1];[2,2,2]
[67,28,-3];[14,14,14]
[31,32,10];[100,100,102]
[35,33,-13];[68,68,70]
[9,51,13];[66,64,67]
[-44,16,1];[240,202,77]
[-62,29,0];[26,26,26]
[-8,29,-13];[241,209,96]
[9,56,-9];[231,195,72]
[-24,51,-3];[64,66,63]
[37,52,-6];[59,59,59]
[8,59,-5];[67,54,20]
[9,46,-10];[26,71,188]
[-3,27,-10];[28,27,25]
[-90,36,2];[4,4,6]
[-3,3,9];[76,76,76]
[31,54,-7];[57,57,55]
[-17,11,-1];[15,15,17]
[-52,24,5];[44,44,44]
[-28,22,3];[21,21,21]
[-48,41,-15];[63,61,48]
[6,16,13];[179,159,70]
[24,24,-7];[28,29,34]
[9,3,-9];[245,202,64]
[18,46,-16];[23,23,23]
[-16,18,-4];[10,12,11]
[12,36,14];[2,2,2]
[28,40,-16];[0,0,0]
[-20,26,-12];[81,83,82]
[11,20,-13];[53,53,53]
[29,41,-16];[43,43,43]
[-8,17,-14];[248,203,58]
[83,18,-5];[67,69,68]
[0,7,-13];[57,59,58]
[-70,37,10];[44,44,46]
[-54,38,-10];[6,6,4]
[-36,37,-14];[96,87,69]
[-50,35,-11];[126,114,72]
[-34,48,-5];[95,89,57]
[-11,31,-15];[60,59,55]
[24,54,7];[66,66,66]
[68,34,-6];[96,77,62]
[-6,20,-13];[73,67,43]
[-84,35,1];[12,12,10]
[-43,44,14];[239,202,33]
[-50,35,-8];[63,63,51]
[-84,45,4];[50,50,48]
[-54,30,-12];[46,46,44]
[-48,30,-12];[58,57,55]
[-16,17,-13];[42,42,42]
[24,26,-10];[39,43,44]
[-19,43,-10];[3,5,4]
[-34,22,3];[8,8,6]
[-60,52,1];[81,82,86]
[15,7,-13];[60,60,62]
[-82,39,-9];[67,68,70]
[-50,31,2];[50,52,49]
[-6,7,-13];[60,57,52]
[23,12,-2];[45,42,35]
[26,25,9];[66,66,66]
[-59,59,-2];[132,132,132]
[-85,48,-1];[58,58,58]
[-52,53,-7];[60,60,60]
[-10,5,-11];[98,77,30]
[14,33,16];[73,70,65]
[-83,44,-2];[101,103,100]
[15,0,2];[51,51,53]
[-18,50,-14];[75,75,75]
[20,50,-13];[54,54,54]
[-8,56,8];[29,29,31]
[31,29,-9];[50,52,51]
[-11,51,-13];[55,57,56]
[-17,3,3];[48,48,50]
[-45,37,-15];[48,44,35]
[-12,51,-13];[57,57,57]
[74,33,-6];[100,101,106]
[-6,50,-14];[38,39,41]
[-8,49,15];[71,70,75]
[-55,49,0];[5,7,6]
[-3,53,-11];[54,55,57]
[-39,37,-15];[44,44,44]
[38,50,-9];[61,61,61]
[-23,22,8];[28,28,28]
[22,47,-16];[91,95,98]
[-26,20,1];[56,58,55]
[23,37,-15];[53,53,53]
[-53,27,-10];[52,52,50]
[-82,40,8];[63,64,66]
[-83,36,-6];[77,78,73]
[-25,50,-11];[48,44,35]
[17,44,-13];[74,129,212]
[66,31,5];[66,67,69]
[66,45,-5];[51,53,52]
[3,2,8];[75,76,78]
[10,57,-8];[230,196,72]
[-38,46,-7];[55,55,55]
[-42,44,14];[247,209,14]
[36,22,-7];[55,52,47]
[-82,31,2];[66,68,67]
[-64,29,-1];[57,57,57]
[85,13,-2];[77,78,80]
[17,41,-13];[71,133,220]
[14,30,11];[61,63,60]
[33,36,-16];[62,64,63]
[-54,39,-12];[3,3,3]
[-7,21,11];[194,154,0]
[15,15,-14];[45,45,45]
[15,40,-13];[69,130,211]
[5,58,7];[233,207,70]
[27,41,-17];[17,21,24]
[45,43,4];[60,51,36]
[17,7,-3];[61,59,62]
[9,47,10];[8,46,131]
[2,51,-16];[103,108,112]
[73,30,4];[54,56,53]
[27,14,-2];[0,0,0]
[-46,46,-7];[44,45,40]
[-25,32,-13];[62,61,59]
[14,30,-12];[59,59,59]
[-42,46,-7];[48,48,48]
[-17,53,-11];[72,70,58]
[15,33,14];[60,60,60]
[17,40,-13];[74,131,218]
[-39,36,-9];[19,19,17]
[4,28,11];[41,40,38]
[-72,40,-12];[45,45,45]
[-20,41,-11];[167,144,48]
[43,42,-10];[11,11,11]
[-61,29,0];[65,65,65]
[-39,37,-9];[19,19,17]
[62,23,0];[58,58,58]
[27,47,-16];[87,87,87]
[-59,21,3];[2,2,0]
[-59,41,8];[2,2,2]
[18,52,-11];[61,63,62]
[-14,19,-13];[59,60,62]
[54,20,-2];[27,27,27]
[-6,32,15];[41,41,41]
[61,35,-6];[65,56,41]
[14,21,-12];[53,53,51]
[-8,35,13];[9,60,165]
[-23,50,10];[240,202,13]
[4,18,13];[53,55,54]
[-29,37,-11];[60,60,52]
[50,14,-5];[19,19,19]
[-69,44,-11];[36,37,41]
[-50,33,-7];[47,47,47]
[63,32,-5];[54,56,55]
[-76,47,-5];[57,57,57]
[-64,49,4];[36,38,37]
[3,51,-13];[59,59,59]
[26,42,-17];[54,56,55]
[82,26,-5];[6,3,0]
[-35,44,-11];[58,62,61]
[-16,55,-2];[47,49,48]
[9,18,-14];[228,196,73]
[-50,54,-1];[10,10,10]
[20,24,2];[27,26,21]
[11,41,-12];[19,34,99]
[29,42,-17];[25,23,24]
[15,49,-14];[100,99,95]
[53,31,-1];[50,50,48]
[-65,30,5];[58,58,58]
[-11,32,-16];[108,107,105]
[-33,31,-6];[67,69,68]
[-15,41,-15];[45,47,46]
[16,5,-11];[60,60,62]
[-51,46,10];[5,5,5]
[-32,16,1];[241,202,83]
[-61,25,-2];[152,199,227]
[-92,40,-6];[2,2,2]
[38,6,4];[98,98,98]
[-85,37,4];[21,21,21]
[5,7,-13];[58,58,56]
[-46,40,-12];[88,90,89]
[-53,22,3];[38,36,15]
[4,24,-10];[20,20,20]
[-12,5,-12];[61,61,61]
[-52,51,-9];[54,53,51]
[46,46,-1];[55,55,55]
[-16,7,-12];[53,53,53]
[-6,3,8];[206,176,52]
[-18,25,-7];[9,9,9]
[36,28,-10];[51,51,51]
[-46,39,-12];[25,25,25]
[-29,50,-3];[46,47,41]
[-20,50,-1];[49,51,50]
[-57,16,-1];[69,68,64]
[17,29,7];[48,49,51]
[17,16,-11];[36,35,40]
[41,46,7];[58,58,58]
[-72,41,-11];[50,52,51]
[27,45,15];[31,31,31]
[11,34,-16];[32,33,35]
[57,23,0];[27,27,27]
[19,37,-15];[49,49,49]
[65,29,5];[65,69,72]
[-19,23,-4];[1,1,1]
[-11,15,-14];[63,60,53]
[-44,30,-3];[7,7,5]
[29,50,-13];[54,54,54]
[-57,48,-13];[123,118,99]
[-19,50,-10];[188,151,21]
[-11,35,-16];[42,42,42]
[65,31,4];[27,27,27]
[19,59,-1];[23,24,28]
[-68,51,-1];[33,33,33]
[35,4,-2];[80,80,80]
[55,13,-2];[72,72,72]
[-29,16,-5];[25,26,21]
[-30,50,-5];[65,67,64]
[-44,21,-5];[88,78,53]
[-16,11,-6];[38,42,41]
[22,22,-5];[8,10,9]
[31,45,-17];[20,20,22]
[41,46,-12];[59,59,59]
[-19,35,-14];[43,43,45]
[-54,53,-7];[61,61,61]
[-6,34,9];[5,44,145]
[-43,35,-14];[29,55,70]
[-28,43,10];[64,68,67]
[-33,30,-12];[52,51,49]
[13,1,-7];[63,65,64]
[-55,33,-8];[19,19,17]
[50,12,-4];[10,11,13]
[-79,45,2];[1,3,2]
[-23,36,-11];[55,57,56]
[-47,38,-15];[223,186,79]
[-23,32,12];[57,59,58]
[-70,29,-5];[32,33,35]
[16,22,-11];[31,31,31]
[40,33,0];[57,57,55]
[17,17,-10];[3,3,3]
[-41,40,-12];[119,121,120]
[-39,35,-14];[20,30,40]
[92,45,-4];[113,111,112]
[89,45,3];[60,62,61]
[-44,46,-14];[64,62,49]
[-59,33,-8];[3,3,3]
[41,8,-5];[82,82,84]
[-23,48,6];[196,171,68]
[17,15,-9];[2,2,2]
[-61,44,8];[17,17,17]
[88,26,-2];[66,66,66]
[55,17,-6];[63,64,66]
[-27,22,-4];[1,1,1]
[-86,38,2];[4,4,2]
[25,42,-13];[29,60,125]
[39,8,-2];[4,4,4]
[-57,31,12];[60,62,61]
[-33,45,-8];[35,35,33]
[-59,31,4];[5,5,5]
[24,39,13];[20,24,36]
[-82,46,-2];[86,88,87]
[-29,33,12];[61,61,61]
[-72,39,-11];[52,52,52]
[-55,38,9];[5,5,5]
[24,41,-13];[73,132,224]
[29,34,-13];[33,34,36]
[-37,32,6];[14,14,12]
[-25,49,1];[123,105,39]
[76,44,-4];[168,139,35]
[43,45,-6];[50,50,50]
[-40,37,-12];[78,93,132]
[-39,24,-5];[160,158,169]
[51,44,5];[20,20,20]
[3,50,-16];[78,81,86]
[-53,46,-11];[2,2,0]
[50,9,-5];[84,86,85]
[-42,35,-11];[62,79,125]
[-32,24,-7];[21,21,13]
[-26,44,11];[50,51,45]
[-39,31,2];[50,52,47]
[-51,30,-6];[42,44,43]
[-16,20,-3];[28,30,29]
[37,10,1];[46,39,29]
[3,45,9];[80,112,161]
[35,5,0];[80,80,82]
[47,40,-6];[58,57,62]
[-81,39,1];[15,15,15]
[-56,31,-12];[53,53,53]
[80,29,2];[43,43,43]
[23,51,12];[58,58,58]
[-14,45,-15];[27,29,28]
[-93,38,-1];[91,91,91]
[-56,45,-14];[57,61,62]
[17,33,-13];[57,55,56]
[9,28,-12];[52,48,36]
[17,4,0];[24,24,26]
[15,2,6];[30,30,30]
[-14,0,0];[69,69,69]
[-1,44,-11];[80,120,192]
[-33,44,-9];[35,35,33]
[18,7,-1];[50,50,50]
[88,18,1];[69,69,71]
[87,23,4];[88,86,87]
[-43,48,2];[18,18,18]
[40,47,15];[74,76,75]
[21,28,10];[51,51,51]
[15,21,-12];[48,48,48]
[37,34,-15];[59,58,63]
[-65,48,-6];[50,50,50]
[-24,41,-12];[28,29,24]
[-89,38,2];[11,9,10]
[-46,48,-8];[5,5,5]
[-36,37,-15];[59,48,28]
[-17,51,-13];[118,119,121]
[-93,42,-5];[128,130,129]
[-36,25,8];[96,79,53]
[-34,35,-11];[114,118,117]
[9,6,-12];[228,195,80]
[38,49,-12];[57,57,57]
[-16,19,7];[23,23,23]
[-51,54,0];[5,5,5]
[30,35,-16];[65,70,73]
[59,26,-1];[23,25,24]
[-79,35,7];[1,1,1]
[-44,51,3];[39,41,40]
[1,32,-15];[36,37,39]
[79,16,3];[63,65,64]
[28,33,-13];[62,62,62]
[-35,27,-11];[54,54,54]
[-15,27,9];[32,32,32]
[83,46,-1];[58,58,58]
[-52,34,-14];[67,68,70]
[25,33,-13];[60,61,63]
[5,4,-11];[70,70,70]
[-14,54,2];[36,36,36]
[47,10,-4];[22,22,22]
[9,37,11];[45,87,137]
[7,39,-12];[87,124,192]
[-36,51,-2];[57,57,57]
[-57,45,-14];[202,178,92]
[-84,45,-6];[35,35,37]
[-28,50,-5];[35,36,31]
[20,34,-13];[25,25,23]
[35,48,-15];[55,55,53]
[81,15,3];[65,66,68]
[-63,43,9];[59,59,61]
[-45,21,-5];[48,39,6]
[80,27,0];[28,28,28]
[39,49,-12];[58,58,58]
[84,46,-1];[57,57,57]
[63,40,-6];[52,52,52]
[0,50,-13];[48,61,93]
[-23,32,-13];[58,58,56]
[-40,40,-15];[230,192,83]
[-86,45,4];[2,2,2]
[3,32,-13];[41,42,46]
[-3,40,-12];[83,118,176]
[-89,38,3];[9,9,7]
[-41,48,-13];[49,49,47]
[-78,41,-6];[51,53,52]
[-18,53,-9];[62,59,50]
[-12,55,1];[38,38,36]
[-19,48,3];[201,167,34]
[-35,39,-12];[69,69,67]
[-36,52,-8];[60,57,48]
[-68,36,-11];[47,47,47]
[-60,48,1];[2,2,0]
[8,0,4];[245,202,72]
[-16,43,-15];[45,45,45]
[-23,24,10];[57,57,57]
[74,34,5];[37,38,42]
[-1,21,-12];[51,51,53]
[-9,51,-13];[58,58,58]
[85,42,5];[66,67,69]
[0,37,-12];[84,119,187]
[-9,39,11];[50,90,162]
[-57,37,-12];[7,7,5]
[6,24,-9];[30,24,10]
[12,8,-13];[54,56,55]
[18,14,-5];[2,2,2]
[-35,52,8];[242,204,31]
[47,36,-5];[5,5,5]
[-48,50,-4];[54,56,55]
[-4,4,-11];[69,69,69]
[-58,41,-9];[6,6,4]
[8,58,-7];[41,51,43]
[-47,44,-8];[44,44,42]
[-32,28,-10];[53,53,53]
[40,33,10];[29,29,29]
[-87,42,-1];[13,13,11]
[-36,32,-13];[66,66,64]
[-1,32,-13];[74,77,84]
[-35,31,12];[63,65,64]
[82,15,4];[87,91,94]
[-77,50,-2];[85,85,85]
[-46,20,4];[230,191,10]
[46,41,-6];[42,44,43]
[-17,2,0];[52,53,55]
[6,22,-11];[71,61,34]
[81,26,-1];[26,26,26]
[-41,32,-13];[62,62,62]
[15,49,-15];[119,119,117]
[-83,40,7];[16,16,14]
[77,43,-5];[250,205,52]
[-12,39,-17];[16,18,17]
[20,24,-6];[6,8,7]
[-56,41,-9];[4,4,4]
[-28,17,-6];[76,70,38]
[-8,56,-9];[91,96,99]
[0,30,-14];[45,47,46]
[-49,32,-13];[68,68,66]
[33,44,15];[38,38,38]
[90,41,-4];[72,72,72]
[-10,47,-17];[23,24,26]
[-50,32,-13];[69,69,67]
[71,42,-6];[51,51,51]
[35,40,-16];[31,31,31]
[4,27,-11];[33,32,30]
[-10,22,11];[48,48,46]
[54,41,-6];[50,50,48]
[89,39,0];[77,79,78]
[-33,43,-12];[46,48,47]
[28,22,4];[34,30,27]
[-48,40,-12];[72,74,73]
[-18,19,0];[50,50,48]
[-34,47,-7];[18,18,16]
[-70,31,7];[28,28,28]
[11,16,-14];[53,53,51]
[-31,27,-10];[56,56,56]
[-42,29,-4];[62,64,63]
[24,27,9];[47,46,44]
[-17,42,-15];[17,17,19]
[18,60,-4];[69,70,72]
[17,29,-9];[37,37,37]
[35,14,3];[47,46,42]
[-49,29,3];[108,110,107]
[33,30,8];[57,58,60]
[20,27,-9];[47,47,47]
[53,10,-4];[72,72,72]
[-40,50,4];[73,74,69]
[46,17,-3];[26,25,23]
[-42,24,4];[3,3,3]
[-86,35,4];[5,5,3]
[10,39,-12];[23,69,188]
[12,16,-14];[54,54,54]
[45,11,6];[64,64,64]
[15,31,-13];[19,19,19]
[-25,51,-9];[52,53,48]
[36,46,15];[32,32,32]
[12,31,-13];[53,55,52]
[8,32,-16];[22,23,25]
[-1,19,-13];[54,54,54]
[-50,42,-15];[70,51,9]
[-27,24,-5];[24,24,24]
[-39,55,2];[45,45,45]
[-7,44,10];[79,113,159]
[-11,30,-14];[57,58,52]
[-86,34,-6];[86,87,89]
[81,19,3];[21,21,19]
[-81,39,-3];[3,3,3]
[-47,52,-7];[150,127,25]
[-57,31,6];[53,53,53]
[13,20,-12];[54,54,54]
[-33,48,12];[55,55,47]
[-7,5,-11];[215,177,70]
[-39,52,-8];[65,61,49]
[-60,44,-9];[2,2,2]
[14,34,-17];[50,49,45]
[-35,34,-14];[77,76,72]
[-28,44,9];[59,63,64]
[-10,49,16];[75,71,70]
[-67,34,9];[25,25,25]
[3,0,-5];[67,67,67]
[16,16,-13];[44,44,46]
[-14,39,-15];[43,45,44]
[-48,48,-12];[240,196,47]
[-27,25,6];[15,15,15]
[-44,48,4];[111,120,135]
[-46,51,-10];[239,198,44]
[51,9,-5];[115,115,117]
[-32,42,9];[43,38,18]
[-29,37,13];[50,66,79]
[12,25,-8];[6,6,6]
[33,21,-7];[61,53,51]
[-54,44,-15];[235,195,61]
[85,17,5];[69,69,71]
[-58,37,-15];[54,51,34]
[-16,10,-13];[48,49,51]
[38,6,-4];[15,15,15]
[-15,11,-13];[53,53,53]
[-42,34,-10];[62,78,127]
[-5,50,-16];[10,11,15]
[37,34,-16];[36,37,39]
[-15,9,-13];[53,53,55]
[-8,37,-11];[44,89,178]
[56,33,-5];[50,50,50]
[-46,41,-12];[88,90,89]
[-43,47,-5];[5,5,5]
[82,27,-6];[80,81,85]
[-2,13,-14];[54,54,54]
[-17,8,-9];[41,41,41]
[-37,39,-10];[179,161,99]
[16,8,1];[31,31,29]
[-36,33,-7];[200,166,33]
[-40,54,2];[38,38,38]
[77,29,0];[12,12,12]
[-82,44,7];[85,85,85]
[-46,37,-12];[99,101,100]
[-44,55,-2];[44,44,44]
[-59,41,11];[9,9,9]
[-3,7,-13];[58,58,58]
[-15,54,-4];[49,51,50]
[-7,8,-13];[216,183,76]
[1,33,-13];[10,32,107]
[13,58,5];[55,52,33]
[-81,36,-3];[17,17,17]
[36,53,4];[59,59,59]
[-65,33,-8];[58,60,59]
[-58,48,0];[2,2,2]
[64,26,-1];[45,45,45]
[-79,32,-4];[2,2,0]
[2,50,-13];[57,73,122]
[-56,50,-11];[56,56,54]
[66,44,-6];[54,54,54]
[83,34,-5];[68,69,71]
[-43,33,-10];[69,90,147]
[-26,34,-11];[39,39,37]
[6,32,13];[52,52,54]
[-36,22,4];[15,15,15]
[-2,28,10];[39,39,39]
[-29,45,-10];[35,36,31]
[36,50,-13];[57,58,60]
[56,44,-6];[54,54,52]
[35,50,-13];[57,59,58]
[-22,25,-10];[18,18,18]
[-3,32,-16];[40,40,40]
[17,49,-13];[88,88,88]
[79,35,0];[30,30,30]
[-46,30,-12];[54,54,52]
[-2,59,4];[156,138,62]
[-59,19,0];[107,108,110]
[18,34,11];[52,52,52]
[-91,40,-2];[57,59,58]
[60,27,-1];[18,18,18]
[33,37,-16];[38,38,38]
[74,31,0];[63,67,68]
[-15,1,-4];[68,70,69]
[-43,51,1];[44,46,45]
[-52,38,-15];[64,61,42]
[-60,29,-2];[14,12,15]
[1,39,-12];[81,119,184]
[1,29,-13];[55,57,56]
[-36,47,-13];[252,207,46]
[36,28,-7];[14,14,14]
[-21,34,9];[78,76,55]
[-88,41,-1];[71,89,139]
[27,21,2];[17,13,2]
[4,19,-13];[54,54,54]
[-17,25,-1];[35,35,33]
[2,3,-10];[73,75,74]
[41,36,9];[59,59,57]
[-21,45,-14];[52,53,48]
[-56,48,-12];[75,70,51]
[-73,30,-5];[56,56,56]
[-50,25,8];[51,46,40]
[-70,36,-12];[53,53,53]
[-41,45,6];[202,168,44]
[18,14,-4];[4,4,4]
[-48,35,10];[37,37,37]
[-80,41,-10];[95,96,98]
[-54,34,-14];[59,59,59]
[42,46,10];[61,63,62]
[-23,41,-11];[23,23,21]
[36,50,12];[56,56,56]
[-27,47,-13];[228,194,71]
[8,18,-14];[245,204,54]
[-52,53,4];[18,16,17]
[36,39,-16];[52,54,53]
[-30,47,-13];[50,50,48]
[-35,25,-6];[68,57,29]
[64,38,-6];[191,168,98]
[-35,47,-14];[248,203,48]
[-57,47,-13];[173,163,114]
[-25,49,-12];[224,189,61]
[31,32,-11];[50,50,52]
[-43,32,-7];[204,167,34]
[38,46,15];[25,25,23]
[-16,9,-8];[6,6,6]
[-41,42,-15];[252,206,50]
[-14,47,-15];[14,14,14]
[12,24,9];[16,16,16]
[-21,21,-5];[2,2,2]
[-12,3,8];[77,77,77]
[88,21,-2];[68,68,68]
[-88,45,-4];[12,12,10]
[-1,40,-12];[79,118,187]
[-81,33,-4];[13,13,11]
[-44,49,-12];[67,55,29]
[-18,37,16];[78,77,82]
[7,37,10];[79,112,157]
[-17,19,-1];[25,25,25]
[56,15,-1];[68,68,68]
[-72,43,-11];[49,49,49]
[-84,35,2];[22,24,23]
[-13,4,-10];[73,73,73]
[11,43,11];[18,46,117]
[-42,47,-13];[51,52,47]
[-51,23,-4];[35,32,23]
[-51,51,-2];[54,56,55]
[15,42,12];[59,119,251]
[32,44,16];[43,43,41]
[-74,43,-10];[29,29,29]
[-27,33,-9];[69,69,67]
[-23,51,-4];[61,63,62]
[-17,26,-10];[7,7,7]
[-30,30,-5];[61,62,64]
[-9,39,-15];[22,31,48]
[-56,47,-13];[132,133,125]
[-53,28,0];[52,54,53]
[14,43,-13];[70,115,170]
[21,15,2];[43,47,48]
[-8,13,-14];[248,203,58]
[-5,53,-11];[54,56,55]
[-52,46,-10];[2,2,0]
[-55,47,-10];[5,5,5]
[9,45,-10];[52,105,197]
[-11,41,-17];[76,77,79]
[0,6,-13];[59,59,59]
[-19,50,-12];[19,16,11]
[23,13,1];[41,42,37]
[10,16,-14];[66,62,50]
[-59,38,-14];[50,50,52]
[61,41,5];[60,62,61]
[-47,33,-14];[82,82,82]
[-26,27,-10];[55,57,56]
[36,7,-2];[35,35,35]
[-57,32,-13];[58,57,55]
[43,45,-11];[60,62,61]
[17,5,-3];[2,2,2]
[19,36,-15];[41,41,41]
[-34,16,2];[245,201,76]
[-59,52,-7];[45,45,45]
[13,23,-11];[46,46,46]
[39,43,-16];[56,56,54]
[11,30,-13];[59,59,57]
[-80,42,-5];[58,60,57]
[-36,33,-13];[67,67,65]
[65,32,-6];[89,89,89]
[7,47,-9];[10,56,176]
[-23,15,-5];[68,69,71]
[11,60,5];[194,171,78]
[16,12,6];[35,37,36]
[-17,22,3];[27,27,25]
[40,35,-15];[95,94,92]
[24,39,-13];[79,136,225]
[-17,14,-10];[65,66,68]
[-48,44,-8];[53,55,54]
[25,54,-9];[76,76,76]
[25,47,-16];[90,91,93]
[37,42,15];[61,63,62]
[-8,42,-12];[47,100,192]
[20,44,14];[60,55,51]
[-66,39,10];[53,53,53]
[21,39,-13];[73,133,206]
[62,28,-5];[74,74,74]
[-2,26,-8];[22,21,19]
[62,29,4];[58,59,61]
[-59,34,-13];[56,57,61]
[-59,24,-5];[31,31,31]
[22,22,-7];[10,10,10]
[-23,15,-1];[50,50,48]
[9,19,-13];[207,176,68]
[88,26,2];[68,68,70]
[-76,41,-10];[134,135,139]
[6,45,-10];[43,51,70]
[-44,50,-10];[210,174,54]
[-43,46,-11];[55,56,51]
[-41,17,-6];[77,73,62]
[-11,49,-15];[49,49,49]
[-84,36,-8];[64,65,69]
[-2,59,2];[86,68,0]
[-19,34,-15];[18,18,18]
[-59,33,-13];[60,61,63]
[-39,16,-3];[68,69,71]
[25,54,-6];[57,57,57]
[-26,38,-12];[41,41,41]
[-1,18,-14];[53,53,53]
[9,51,-15];[63,63,61]
[61,41,-6];[53,53,53]
[-20,33,-13];[51,51,51]
[12,45,-16];[23,24,26]
[16,14,3];[2,2,2]
[-46,37,-9];[168,140,30]
[26,41,-16];[65,67,66]
[-60,36,-14];[52,51,56]
[-7,49,-15];[43,44,46]
[-22,32,-13];[58,58,56]
[8,56,8];[74,72,60]
[17,48,-15];[99,103,106]
[26,49,-14];[53,53,53]
[5,54,-9];[87,70,50]
[-22,55,1];[19,19,19]
[-58,28,11];[76,76,78]
[3,59,-5];[33,16,0]
[-79,46,-7];[20,20,20]
[-8,29,-12];[237,203,70]
[-35,42,8];[201,172,52]
[-24,29,9];[19,19,21]
[31,27,-8];[47,48,50]
[-53,44,11];[4,4,6]
[16,22,-10];[28,30,29]
[79,30,0];[14,14,14]
[-79,34,3];[3,1,2]
[-34,25,7];[27,27,27]
[-29,49,11];[57,54,45]
[19,59,-3];[64,64,64]
[10,43,-11];[29,80,189]
[17,45,15];[59,59,57]
[-23,22,9];[33,33,33]
[-5,51,-15];[64,64,64]
[-48,38,-15];[72,67,48]
[-35,16,-1];[241,203,80]
[-23,45,-14];[63,57,41]
[-7,19,-13];[218,184,58]
[71,34,-6];[98,90,87]
[-8,28,-11];[235,196,43]
[42,38,-15];[49,50,45]
[-45,36,-15];[128,180,201]
[-47,48,-12];[235,193,49]
[38,43,15];[64,64,66]
[-81,38,1];[201,177,79]
[26,24,-8];[36,36,36]
[-71,38,-11];[20,20,20]
[7,14,-15];[146,138,117]
[22,12,2];[152,132,79]
[-33,47,-7];[121,123,120]
[19,44,13];[54,51,58]
[-37,33,-13];[66,66,64]
[23,15,0];[105,108,101]
[-20,54,2];[38,38,38]
[-32,31,-7];[27,32,38]
[-79,32,1];[24,24,24]
[-20,31,-12];[42,42,40]
[-59,29,-1];[27,29,28]
[13,0,-2];[71,71,71]
[-18,48,-16];[60,61,63]
[41,41,15];[177,178,180]
[-11,49,-14];[52,54,53]
[14,16,-14];[54,56,55]
[11,41,-13];[5,17,129]
[-42,33,-13];[61,63,62]
[-37,30,2];[60,62,61]
[16,34,-15];[97,96,94]
[-47,23,3];[21,21,19]
[70,47,3];[71,72,74]
[-53,63,1];[57,57,57]
[-78,44,-2];[13,13,13]
[-36,33,-8];[58,52,16]
[-23,42,-15];[53,53,51]
[38,49,3];[56,56,56]
[24,24,-9];[9,9,9]
[22,33,-13];[57,57,57]
[74,27,-6];[53,54,56]
[-38,30,-6];[66,68,67]
[-24,32,-9];[215,184,67]
[-87,42,1];[15,17,16]
[37,22,-7];[37,37,37]
[-60,52,2];[78,79,81]
[-27,16,-6];[194,171,127]
[77,42,-5];[247,205,69]
[-79,41,9];[33,33,35]
[35,53,-10];[60,61,63]
[-19,38,-15];[40,41,43]
[-16,2,-2];[48,49,53]
[-37,43,-12];[73,70,53]
[-55,49,-1];[7,7,5]
[-88,33,2];[65,67,66]
[-75,42,-11];[66,66,68]
[-40,41,-15];[231,190,50]
[-40,43,-15];[252,204,46]
[-40,39,-12];[120,120,122]
[55,13,1];[72,72,72]
[71,30,-6];[93,94,98]
[1,32,-14];[11,10,15]
[-67,46,7];[5,5,5]
[-5,15,-15];[129,129,129]
[-58,33,-13];[57,57,57]
[46,33,-3];[49,47,48]
[-38,31,7];[70,72,71]
[-37,34,-11];[82,104,162]
[-66,31,5];[37,37,37]
[11,33,-16];[29,29,31]
[-53,31,-12];[54,54,52]
[-47,42,-15];[64,62,49]
[-18,35,-17];[87,85,86]
[-51,21,-4];[176,146,48]
[-59,48,-13];[70,68,69]
[-30,41,-15];[252,204,44]
[-72,47,-9];[25,25,25]
[12,19,-13];[54,54,54]
[36,34,-14];[62,61,59]
[-3,51,-15];[63,63,63]
[-37,56,-1];[46,48,47]
[-16,8,-12];[51,51,51]
[10,18,-13];[58,55,46]
[-25,25,-9];[47,47,47]
[-53,61,1];[56,56,58]
[-4,51,-14];[60,60,62]
[-16,1,-1];[58,60,59]
[-16,39,-15];[42,43,45]
[-22,26,9];[11,11,11]
[-21,35,-15];[51,53,52]
[71,47,2];[59,61,60]
[-12,58,5];[56,56,56]
[-42,50,-5];[14,14,14]
[-58,28,-12];[79,81,80]
[-85,41,8];[65,66,68]
[-52,27,-10];[55,55,53]
[-55,57,2];[62,63,65]
[7,19,-13];[240,199,57]
[-58,36,-15];[55,52,43]
[-22,23,-11];[73,75,74]
[-19,24,-10];[9,9,9]
[62,35,-6];[94,62,24]
[-41,37,-12];[45,62,106]
[-13,22,10];[49,49,49]
[51,32,-2];[36,34,35]
[15,45,-16];[21,21,21]
[1,18,-13];[54,54,52]
[-83,42,-6];[16,16,16]
[38,30,0];[37,37,37]
[-44,32,6];[19,19,17]
[28,12,-2];[0,0,0]
[-58,56,-3];[74,75,77]
[-72,39,-12];[53,53,53]
[-90,41,1];[87,89,88]
[-18,54,-4];[23,23,23]
[76,21,-1];[64,58,46]
[-19,48,4];[72,74,73]
[22,41,-13];[72,131,221]
[-26,51,1];[30,30,28]
[-39,28,-1];[71,73,72]
[-12,41,16];[69,71,70]
[85,46,-1];[58,58,58]
[-7,18,-13];[213,181,58]
[-81,37,-9];[65,69,70]
[43,5,2];[75,77,76]
[-48,41,-12];[87,89,86]
[-89,38,-8];[75,73,76]
[-21,40,-12];[36,53,99]
[16,44,-14];[60,87,142]
[-49,56,-3];[59,59,59]
[-43,45,-11];[55,56,51]
[-40,47,-6];[71,72,67]
[-29,38,11];[202,166,30]
[-50,55,2];[2,2,4]
[15,15,13];[53,53,53]
[16,6,10];[55,56,58]
[-50,19,-6];[245,202,61]
[-1,60,0];[254,217,67]
[-9,34,-14];[42,43,45]
[-17,12,-9];[216,213,208]
[48,37,-4];[36,36,36]
[-59,42,-14];[46,47,49]
[-7,30,-16];[56,56,54]
[13,8,-13];[56,56,56]
[4,5,-11];[66,66,66]
[-21,46,-14];[55,52,43]
[-33,49,-1];[58,75,119]
[16,16,3];[13,13,11]
[-9,12,-14];[236,197,58]
[2,60,-3];[119,95,0]
[-16,26,6];[26,26,24]
[-10,8,-13];[84,61,27]
[-3,15,-14];[54,54,52]
[2,41,-12];[79,117,188]
[40,19,6];[66,66,66]
[42,45,-16];[108,108,108]
[-38,51,-3];[16,16,16]
[-59,31,3];[7,7,7]
[-30,30,-7];[61,63,62]
[7,8,-14];[247,204,63]
[-38,35,-11];[87,109,169]
[2,24,-9];[13,15,14]
[-18,54,-7];[65,65,67]
[13,11,-14];[54,54,54]
[-88,39,7];[214,185,129]
[-41,39,-15];[238,200,75]
[86,36,-6];[67,68,70]
[-57,42,-12];[3,3,1]
[9,2,-8];[243,201,53]
[-55,25,-9];[57,58,60]
[4,8,-14];[56,56,56]
[-70,35,-11];[46,47,49]
[-12,36,-15];[10,10,10]
[87,45,3];[58,60,59]
[17,21,6];[23,23,25]
[-89,38,-3];[8,9,4]
[74,25,5];[47,47,47]
[65,27,1];[52,52,52]
[-35,22,-5];[11,10,5]
[79,19,-5];[52,52,52]
[10,37,-11];[17,59,177]
[-79,37,4];[15,15,13]
[-30,30,11];[53,52,47]
[-32,36,-14];[118,179,200]
[-5,8,-13];[56,56,54]
[-36,36,-12];[82,104,164]
[-49,43,11];[3,3,5]
[25,34,-16];[43,44,46]
[-67,49,-4];[10,10,10]
[87,46,-1];[56,56,56]
[-30,38,-12];[50,52,51]
[-4,19,-13];[52,52,52]
[17,32,-11];[78,80,77]
[22,13,-3];[49,48,43]
[9,51,-13];[60,60,62]
[-37,31,-3];[49,49,41]
[-30,38,9];[59,60,54]
[-3,13,-14];[53,53,53]
[-54,41,-10];[2,2,2]
[-34,25,-6];[16,5,0]
[5,51,-13];[61,59,60]
[-12,50,-14];[55,57,56]
[-53,47,-13];[94,82,42]
[58,31,0];[46,46,44]
[-48,42,-12];[87,89,86]
[88,18,-3];[68,68,70]
[-31,54,2];[18,18,16]
[85,45,3];[58,60,59]
[81,35,-4];[25,25,25]
[5,11,-14];[56,56,54]
[-67,48,5];[26,26,28]
[-9,22,-11];[225,188,38]
[-11,57,-3];[49,49,49]
[18,50,-14];[63,63,63]
[-31,46,-10];[46,48,47]
[13,33,-14];[58,57,55]
[-8,53,10];[56,58,57]
[33,41,15];[44,46,45]
[-81,31,-1];[77,79,78]
[18,19,0];[42,42,44]
[-50,47,-10];[2,2,0]
[92,45,-2];[96,94,95]
[20,16,1];[5,5,3]
[-78,49,-1];[59,58,56]
[-54,51,-2];[11,11,9]
[-26,37,-15];[59,64,70]
[17,14,-11];[37,37,37]
[-78,38,-4];[23,23,23]
[17,4,7];[45,45,45]
[51,16,1];[32,32,34]
[-23,36,-15];[63,59,58]
[-28,23,-7];[59,59,59]
[29,36,-16];[22,22,22]
[62,47,2];[61,61,61]
[-20,36,-15];[48,48,48]
[-9,36,-15];[44,45,47]
[-28,47,-14];[65,53,31]
[-56,26,-11];[61,61,61]
[-61,34,-8];[6,6,6]
[26,22,1];[22,21,16]
[-24,38,-11];[86,88,83]
[-36,16,-3];[240,204,94]
[37,45,-16];[54,54,54]
[46,10,-4];[73,75,72]
[76,21,-5];[70,69,67]
[31,44,16];[47,47,47]
[-20,31,12];[34,34,34]
[82,28,0];[36,34,19]
[9,49,-14];[26,26,26]
[-47,30,-12];[53,52,50]
[-92,45,2];[67,67,69]
[29,27,9];[8,9,11]
[-17,22,-7];[17,17,15]
[4,28,-11];[45,45,45]
[-51,29,4];[5,5,5]
[47,35,-4];[18,10,8]
[16,1,-2];[46,46,48]
[-57,23,-8];[34,34,34]
[-44,16,-1];[241,201,77]
[-6,47,-11];[13,33,68]
[-64,50,-2];[45,45,47]
[-37,35,-8];[49,51,48]
[-47,47,-13];[224,185,46]
[-2,51,-16];[71,76,79]
[-23,42,-12];[27,28,23]
[-23,51,2];[48,48,46]
[-74,29,-2];[28,28,26]
[-84,39,-7];[59,57,45]
[-49,30,-11];[48,47,45]
[77,39,5];[63,63,63]
[27,24,-10];[13,13,13]
[-24,47,-14];[252,203,48]
[31,34,-14];[61,61,61]
[-6,43,-12];[81,123,199]
[7,33,-12];[2,24,123]
[16,17,6];[32,34,33]
[-17,52,-12];[58,58,58]
[4,4,9];[70,72,71]
[-82,41,-6];[123,110,55]
[1,4,-10];[73,75,74]
[-61,41,-10];[18,19,21]
[11,31,-15];[24,24,16]
[-13,42,-16];[36,38,37]
[11,40,-13];[6,14,125]
[-28,34,-11];[36,36,34]
[-73,32,8];[65,69,72]
[-19,42,14];[13,13,13]
[-30,47,-14];[50,52,49]
[-40,52,-8];[64,60,48]
[-88,37,6];[70,70,72]
[61,45,-5];[50,52,51]
[-50,53,-6];[52,52,52]
[16,10,-9];[17,19,18]
[40,25,-1];[29,29,29]
[-86,37,4];[17,17,17]
[-23,50,4];[42,44,43]
[14,34,-15];[31,28,21]
[4,20,-13];[54,54,54]
[68,47,-2];[58,56,57]
[-47,51,3];[5,5,5]
[-53,38,-12];[4,4,4]
[51,16,-1];[27,27,27]
[-58,27,-13];[89,93,96]
[-7,56,-9];[113,120,126]
[30,45,-17];[20,20,22]
[-17,5,-4];[24,24,24]
[-26,16,-3];[58,56,57]
[2,51,-13];[60,60,60]
[-20,34,-14];[50,50,50]
[5,10,13];[56,56,56]
[11,42,-12];[20,38,124]
[-9,39,-13];[49,72,126]
[-42,36,-9];[157,139,67]
[11,1,-7];[64,59,53]
[44,7,4];[32,32,32]
[-23,41,-15];[53,53,53]
[-91,37,4];[31,31,31]
[-45,45,-14];[65,62,47]
[53,45,5];[67,67,69]
[-29,34,-9];[72,76,85]
[-14,0,-1];[70,70,70]
[5,30,-16];[2,2,2]
[3,15,13];[55,55,55]
[-25,37,-14];[49,56,64]
[-42,30,-11];[51,51,49]
[-53,44,-9];[6,6,6]
[-23,25,-11];[53,53,53]
[41,36,-5];[12,11,7]
[-31,22,-4];[24,16,3]
[47,9,4];[59,59,59]
[-39,49,-7];[12,12,12]
[10,55,-9];[5,4,2]
[2,32,-14];[10,11,15]
[22,37,-15];[53,54,56]
[59,31,0];[29,30,25]
[-4,20,12];[55,55,55]
[-35,16,4];[247,203,8]
[-51,35,-8];[27,26,21]
[-43,30,2];[41,41,41]
[41,43,-16];[53,53,51]
[-43,25,7];[29,28,23]
[-10,6,-12];[95,72,28]
[25,30,-10];[44,45,47]
[-11,5,-11];[80,74,60]
[-55,21,-4];[3,2,0]
[-38,36,8];[11,11,11]
[-7,0,3];[66,59,41]
[-26,42,-12];[96,90,54]
[88,24,2];[67,68,70]
[18,49,-15];[72,72,72]
[67,40,5];[59,59,59]
[-42,37,-14];[49,50,44]
[-65,50,1];[52,52,52]
[15,19,-12];[35,35,35]
[-29,40,-11];[28,28,26]
[60,21,2];[61,61,61]
[-8,0,1];[240,202,77]
[-16,18,-5];[9,9,9]
[-47,27,9];[57,59,58]
[-29,32,-13];[60,60,60]
[20,12,1];[186,165,82]
[-16,4,-2];[3,3,3]
[38,5,3];[39,39,39]
[-58,49,6];[0,0,0]
[41,47,-10];[60,60,60]
[-44,34,-14];[73,75,74]
[-62,48,-4];[24,24,24]
[-43,37,14];[44,37,18]
[57,39,-6];[38,37,33]
[-32,43,-15];[51,52,46]
[24,22,2];[41,41,41]
[67,46,4];[58,58,58]
[17,18,6];[22,22,22]
[32,54,1];[57,57,57]
[-17,32,-15];[67,66,64]
[11,35,13];[98,106,119]
[-93,46,0];[50,50,48]
[-40,33,-13];[64,64,64]
[31,22,-6];[55,54,49]
[38,50,-10];[60,60,58]
[-4,32,-13];[31,31,33]
[-17,23,-2];[56,56,54]
[-27,49,-8];[43,43,43]
[1,25,-8];[2,2,0]
[-47,47,8];[87,114,191]
[-31,31,-7];[22,25,32]
[-8,2,-9];[250,206,37]
[-65,33,7];[58,58,58]
[-46,44,-11];[52,52,52]
[7,30,-13];[50,49,47]
[-57,43,8];[6,6,6]
[-72,28,-1];[22,22,20]
[6,58,-8];[134,119,62]
[36,48,-16];[80,80,82]
[-17,43,-17];[72,71,79]
[42,45,11];[65,65,65]
[-56,30,0];[2,2,4]
[2,39,-12];[81,120,189]
[-7,3,8];[216,178,35]
[29,30,-9];[31,32,34]
[-17,51,-14];[149,149,147]
[-48,50,-6];[3,3,3]
[31,38,-16];[23,25,24]
[57,34,-6];[80,72,59]
[-41,29,-11];[21,21,21]
[1,43,-12];[73,110,181]
[57,23,1];[27,27,27]
[6,17,-14];[66,64,41]
[-22,28,9];[27,27,27]
[-22,44,-15];[51,51,49]
[38,47,-16];[89,88,94]
[-45,52,-8];[241,199,37]
[76,36,-6];[69,65,54]
[80,31,-3];[43,43,45]
[43,39,-10];[19,19,19]
[-33,46,13];[66,64,49]
[15,16,-14];[49,49,49]
[-81,42,1];[65,65,63]
[-78,30,-2];[73,75,74]
[-64,42,-10];[50,51,53]
[-16,12,-13];[49,49,49]
[10,48,-14];[29,30,34]
[-43,22,3];[10,10,10]
[62,25,-6];[65,66,68]
[-74,50,0];[5,5,5]
[3,18,-14];[54,54,52]
[-53,33,-7];[32,31,27]
[83,45,3];[57,59,58]
[16,5,-10];[48,50,49]
[17,8,6];[17,17,15]
[-45,32,-9];[64,68,69]
[-56,16,-2];[241,202,83]
[-44,38,-15];[247,201,56]
[-17,44,-17];[88,88,96]
[-38,30,2];[60,62,61]
[3,18,-13];[53,53,51]
[-20,37,-11];[200,170,54]
[2,33,-11];[3,32,132]
[50,8,-1];[70,70,70]
[14,59,-6];[207,181,104]
[-29,36,-14];[17,44,61]
[49,14,-2];[56,56,56]
[-92,35,1];[45,46,50]
[-46,51,-1];[52,52,52]
[-80,46,1];[66,66,66]
[-4,18,-14];[53,53,53]
[2,1,-7];[62,62,62]
[26,47,15];[90,90,90]
[-42,22,-5];[10,11,13]
[7,43,-11];[89,127,189]
[86,39,-5];[67,68,70]
[15,38,15];[48,48,50]
[-6,18,-14];[65,59,45]
[-2,59,-6];[247,224,148]
[1,24,8];[12,12,12]
[7,38,-12];[90,125,191]
[-44,49,7];[136,119,49]
[-10,44,-16];[54,58,61]
[19,25,6];[40,37,30]
[33,54,-3];[56,56,56]
[12,30,-12];[56,56,56]
[7,60,1];[223,206,114]
[17,12,11];[46,47,49]
[-39,48,-8];[60,62,61]
[-77,32,-4];[25,25,27]
[-2,50,-13];[81,93,119]
[-50,54,-3];[20,20,18]
[-8,33,-14];[40,40,38]
[-29,21,-4];[11,9,0]
[-35,47,-5];[131,133,128]
[22,49,13];[56,56,56]
[-53,44,-12];[4,5,0]
[-22,20,4];[42,42,42]
[7,14,14];[131,112,53]
[-12,9,-14];[53,55,54]
[22,34,-13];[18,18,18]
[-53,16,3];[234,192,10]
[-56,29,3];[6,6,6]
[-32,47,-13];[64,61,42]
[3,32,-14];[12,12,14]
[-66,36,9];[52,53,55]
[-43,48,3];[99,106,116]
[-60,47,-11];[53,53,55]
[-21,17,-6];[19,19,17]
[-22,39,-12];[13,13,11]
[-19,39,-10];[203,168,38]
[-59,35,-11];[11,11,9]
[-10,29,-12];[56,44,28]
[-19,34,-14];[41,41,41]
[-61,28,2];[70,71,75]
[-17,40,-17];[77,78,83]
[-36,44,7];[199,169,53]
[-35,32,12];[63,65,64]
[-7,9,-13];[225,190,72]
[6,54,9];[56,56,54]
[-10,18,-14];[177,144,49]
[-45,16,-3];[240,200,79]
[48,36,0];[45,42,33]
[-57,24,-9];[30,30,28]
[-3,9,-14];[55,55,55]
[51,12,-5];[70,70,70]
[-51,54,-2];[5,5,5]
[-17,16,-8];[67,67,67]
[9,59,6];[23,20,13]
[-36,16,4];[218,182,85]
[-53,22,-4];[19,16,11]
[-80,40,9];[10,10,10]
[-54,43,-12];[4,4,6]
[11,8,-13];[55,55,53]
[-39,51,8];[48,48,48]
[14,33,-15];[59,58,56]
[-36,37,13];[38,50,62]
[-16,16,-13];[47,47,47]
[-12,35,-17];[91,93,90]
[-46,42,-9];[8,8,8]
[-66,40,-11];[50,51,53]
[16,32,-13];[53,51,54]
[-80,32,-4];[1,1,1]
[67,42,-6];[52,52,50]
[43,38,-6];[14,14,16]
[-28,44,-15];[254,206,48]
[12,45,-15];[38,39,41]
[-50,30,-2];[49,49,49]
[37,34,11];[61,63,62]
[-11,9,-14];[60,59,55]
[-21,47,-14];[59,53,41]
[-8,21,-12];[248,203,48]
[26,40,-17];[66,68,67]
[-60,41,11];[14,14,14]
[65,43,-6];[54,54,54]
[-19,23,6];[1,1,1]
[5,32,-15];[28,29,33]
[-88,38,-6];[12,12,12]
[25,40,13];[21,21,21]
[-40,38,14];[58,55,48]
[40,47,-13];[73,71,72]
[-44,54,-4];[45,37,22]
[-60,47,-6];[1,1,0]
[-7,14,-15];[145,136,93]
[-24,46,-14];[251,207,56]
[59,34,-5];[82,81,76]
[-9,35,-15];[27,28,30]
[-13,19,-13];[51,51,51]
[19,25,-7];[49,48,44]
[64,43,5];[63,63,63]
[-45,46,-7];[49,49,49]
[-21,17,-4];[42,42,40]
[7,11,-14];[250,210,63]
[0,4,-11];[70,70,70]
[-9,37,-14];[31,64,133]
[-9,15,-14];[236,194,56]
[22,22,-6];[9,9,9]
[-23,37,-11];[64,64,64]
[-55,24,-4];[19,15,12]
[-37,51,-10];[54,51,44]
[13,7,-13];[58,60,59]
[15,47,-17];[89,91,90]
[-40,48,7];[111,97,36]
[10,1,-7];[241,201,77]
[-26,56,0];[45,47,46]
[11,43,-13];[2,19,133]
[-7,45,-10];[41,97,194]
[12,20,-13];[54,54,56]
[-18,10,-1];[57,57,57]
[13,46,-16];[44,44,42]
[-45,33,-13];[67,67,67]
[9,17,-14];[241,208,79]
[49,44,-4];[36,38,37]
[-6,34,-14];[54,68,94]
[-16,34,-15];[1,1,1]
[-20,33,-8];[67,69,68]
[9,34,-14];[54,61,69]
[-36,31,12];[65,67,66]
[-26,30,-12];[53,52,48]
[-9,31,-17];[148,144,135]
[-10,14,-14];[199,167,64]
[-62,44,8];[2,2,4]
[-6,33,-14];[56,63,71]
[30,42,-17];[40,40,40]
[-16,13,5];[38,38,38]
[-79,44,-2];[13,13,13]
[-38,33,-13];[66,66,66]
[-41,34,10];[50,50,48]
[-27,36,-14];[87,132,155]
[-35,55,-1];[47,47,47]
[-17,18,-1];[41,43,40]
[-29,33,-8];[66,68,67]
[-37,37,-15];[56,71,78]
[33,52,-11];[60,62,61]
[-32,33,-14];[68,70,69]
[-80,39,1];[136,107,5]
[6,20,-13];[73,66,40]
[-44,25,-8];[56,56,56]
[16,19,2];[22,22,22]
[-35,30,-1];[53,55,54]
[-57,21,6];[79,78,76]
[-33,17,-5];[242,199,6]
[-22,18,-1];[22,22,20]
[-80,36,8];[64,65,67]
[-37,33,-14];[63,63,63]
[-84,40,1];[21,23,22]
[9,32,15];[19,19,17]
[49,45,-2];[38,37,35]
[12,46,-14];[33,34,36]
[-30,16,3];[64,66,65]
[-46,45,-8];[44,44,42]
[30,51,-12];[53,53,53]
[42,38,-10];[51,51,49]
[-89,41,5];[8,8,8]
[31,34,-15];[47,47,47]
[31,54,-4];[58,58,58]
[10,53,-11];[53,55,54]
[86,14,2];[72,73,75]
[-58,44,-15];[215,183,82]
[11,45,-11];[3,18,121]
[-44,33,-14];[62,62,60]
[74,35,4];[35,35,35]
[57,32,-5];[77,78,82]
[-32,31,-5];[67,69,68]
[-81,33,5];[42,42,42]
[-26,49,-3];[16,18,17]
[19,59,0];[27,28,30]
[-17,35,-14];[20,20,20]
[-45,33,9];[56,56,54]
[-27,54,-3];[26,26,26]
[-19,31,-13];[39,37,38]
[27,38,-16];[60,60,60]
[5,27,-11];[34,33,29]
[-11,18,-14];[63,59,47]
[35,24,-7];[33,32,30]
[13,5,-11];[64,66,65]
[-57,46,-14];[216,190,93]
[-40,46,5];[65,69,78]
[-70,44,-11];[47,47,47]
[-29,52,6];[238,198,48]
[-13,49,-15];[56,58,57]
[-78,42,0];[21,23,22]
[-45,27,-10];[57,59,58]
[-67,50,-2];[15,15,15]
[-17,26,-11];[5,5,7]
[-59,28,-8];[30,30,30]
[38,32,-13];[72,73,75]
[-48,34,-14];[137,131,119]
[16,4,-10];[60,60,58]
[30,34,14];[60,60,60]
[52,47,-4];[73,71,72]
[-81,39,-6];[15,17,16]
[52,46,0];[31,30,28]
[-58,38,-12];[10,10,10]
[-37,54,2];[32,32,32]
[42,37,-13];[53,53,51]
[5,24,8];[10,10,10]
[-8,42,-11];[43,96,188]
[78,35,-1];[76,78,75]
[-59,45,-14];[104,104,106]
[-20,38,-15];[46,48,47]
[79,27,3];[1,1,0]
[14,59,6];[185,158,71]
[-1,2,-8];[60,60,62]
[-32,23,-4];[42,45,28]
[62,25,5];[63,63,65]
[-9,43,-14];[13,31,67]
[-3,33,-11];[5,35,131]
[-4,49,-10];[70,85,126]
[-43,32,5];[56,58,57]
[-84,42,4];[30,30,30]
[10,18,-14];[64,62,50]
[80,45,2];[62,64,63]
[-7,47,-14];[69,82,101]
[-85,42,-2];[1,1,1]
[-59,34,12];[64,65,69]
[1,24,-10];[22,22,22]
[6,51,-14];[57,57,57]
[-34,40,-15];[87,64,10]
[45,15,-6];[17,17,17]
[-20,47,-14];[47,46,42]
[2,31,15];[25,25,25]
[-26,46,-14];[254,206,44]
[-30,30,-6];[61,62,64]
[-51,27,-11];[52,52,50]
[-87,43,-5];[11,11,11]
[31,34,-16];[48,49,51]
[-20,46,-14];[47,47,45]
[43,9,-6];[64,65,69]
[15,34,-17];[61,60,55]
[-24,40,-11];[130,119,74]
[-3,30,-13];[53,55,52]
[37,29,-1];[11,11,11]
[3,0,3];[66,66,66]
[7,4,-10];[237,197,65]
[-8,16,-14];[245,203,57]
[-30,46,-14];[50,51,46]
[39,48,-11];[63,63,63]
[33,27,-8];[15,15,15]
[-3,11,13];[55,55,55]
[31,54,-3];[58,58,58]
[-45,46,-14];[65,62,47]
[1,58,-3];[42,33,24]
[-34,46,-10];[48,50,49]
[37,29,-4];[32,32,32]
[-50,51,8];[242,202,18]
[-19,24,4];[1,1,1]
[-62,36,-9];[35,35,35]
[44,43,5];[7,7,9]
[-32,22,-4];[125,95,7]
[16,40,-13];[77,137,221]
[19,40,-13];[73,133,217]
[75,44,-4];[75,70,41]
[16,11,-3];[5,5,7]
[1,15,-14];[54,54,54]
[-55,63,0];[24,24,24]
[0,58,3];[249,219,63]
[84,15,3];[73,72,77]
[-32,25,-10];[66,67,71]
[-34,34,-11];[114,118,117]
[68,40,-6];[51,53,52]
[28,48,-15];[51,51,51]
[34,30,-9];[48,50,49]
[41,46,-7];[57,57,57]
[-19,38,-10];[203,168,38]
[-38,18,5];[146,114,29]
[6,7,-13];[75,70,51]
[-80,43,-9];[59,61,60]
[88,34,4];[71,72,76]
[-53,46,-14];[92,71,8]
[-22,37,-15];[51,51,51]
[-22,13,2];[48,49,51]
[-81,32,2];[57,59,56]
[36,45,-16];[54,54,54]
[17,15,-11];[40,40,42]
[10,22,-11];[58,54,43]
[-40,52,-9];[65,62,47]
[-42,50,-4];[14,14,14]
[61,30,-4];[1,1,1]
[6,30,-17];[110,110,98]
[48,14,-4];[33,32,30]
[78,45,-4];[250,212,49]
[-46,51,-9];[239,198,44]
[39,32,-13];[111,111,111]
[-87,45,1];[15,15,15]
[58,36,-6];[246,203,62]
[-44,35,-14];[25,34,41]
[-15,2,-9];[54,54,52]
[5,60,-6];[190,175,118]
[-69,28,-2];[8,8,8]
[-50,36,-9];[62,64,51]
[24,32,-11];[4,4,4]
[0,30,-15];[41,42,44]
[6,20,-12];[73,66,38]
[-20,44,-15];[48,48,46]
[-50,42,9];[48,48,38]
[37,24,-7];[70,71,73]
[20,31,-10];[10,10,10]
[-74,45,-9];[14,12,15]
[-27,25,-9];[62,62,62]
[3,49,12];[59,65,117]
[5,8,-13];[57,57,57]
[84,14,3];[71,72,74]
[25,15,-2];[50,50,50]
[-86,39,-7];[5,5,5]
[-8,37,-13];[45,77,150]
[-76,49,-6];[78,79,81]
[-33,25,8];[32,31,27]
[-5,25,-9];[10,9,7]
[36,43,-16];[51,51,51]
[-54,51,-10];[63,59,56]
[27,22,2];[27,23,12]
[2,30,-15];[43,47,50]
[-59,39,-15];[63,67,68]
[16,20,2];[33,33,33]
[-22,33,-14];[57,57,55]
[12,1,5];[60,60,58]
[-41,47,-13];[50,49,45]
[-11,39,-17];[84,88,89]
[-82,39,-8];[44,45,39]
[-38,33,-14];[63,63,63]
[12,49,-16];[94,96,95]
[25,42,-15];[1,2,4]
[-53,49,7];[1,1,1]
[-89,45,-2];[63,61,62]
[-1,50,-15];[24,27,34]
[20,47,-16];[80,81,83]
[-60,41,-12];[42,42,42]
[-33,40,11];[60,61,47]
[8,48,-12];[0,17,114]
[-51,33,-14];[62,62,60]
[-53,45,-14];[253,208,57]
[-55,33,-14];[59,59,59]
[-48,28,-11];[52,52,50]
[-52,41,-10];[14,14,14]
[38,27,2];[29,30,32]
[23,22,7];[27,27,27]
[19,58,-8];[68,69,73]
[-19,42,-10];[77,103,180]
[82,43,4];[65,66,68]
[-35,38,-10];[192,162,46]
[29,45,-17];[13,16,33]
[6,60,-6];[247,205,71]
[-19,24,1];[51,51,49]
[82,45,-2];[58,60,59]
[23,21,-2];[41,42,44]
[-7,32,-17];[42,42,42]
[72,28,1];[19,20,15]
[19,28,-9];[34,34,36]
[13,37,-16];[44,48,47]
[-18,30,-14];[68,68,68]
[-39,17,4];[26,25,20]
[56,23,1];[25,27,26]
[-33,50,9];[241,201,25]
[-5,57,7];[255,221,36]
[82,45,3];[64,65,60]
[43,38,5];[8,8,8]
[-26,47,-14];[253,208,47]
[-8,34,-14];[55,59,62]
[45,46,-1];[52,52,52]
[-91,37,-5];[30,30,30]
[-22,49,-3];[7,7,5]
[59,27,-5];[33,33,33]
[-56,32,-9];[4,4,4]
[-73,50,3];[51,51,49]
[-91,41,-7];[58,58,58]
[11,17,-14];[53,53,51]
[-38,32,-6];[202,175,70]
[-59,32,-12];[66,67,69]
[76,21,5];[67,68,63]
[-17,20,-7];[111,111,113]
[14,48,-15];[51,51,51]
[4,60,-2];[237,204,73]
[-57,54,2];[61,61,61]
[-10,40,-16];[85,86,91]
[-17,14,-12];[46,46,46]
[-22,49,-4];[4,3,1]
[-67,32,6];[28,28,30]
[1,17,-14];[54,54,52]
[2,32,12];[99,105,117]
[-56,31,3];[48,48,48]
[-50,44,-8];[41,42,36]
[-14,1,-8];[59,59,59]
[20,45,-15];[43,45,44]
[-18,24,0];[33,33,31]
[15,9,-14];[55,55,57]
[40,33,-13];[95,97,96]
[-28,33,-14];[59,59,57]
[11,44,-15];[74,78,90]
[-76,31,-7];[81,82,84]
[-93,43,1];[83,83,83]
[-1,33,-12];[6,36,132]
[-54,17,-5];[239,198,12]
[-11,32,-17];[86,86,86]
[0,22,-12];[51,51,51]
[26,27,-11];[48,49,51]
[-10,41,14];[93,97,109]
[-74,40,-11];[14,14,14]
[0,12,-14];[54,54,54]
[-19,52,-9];[26,16,0]
[13,40,-16];[69,73,74]
[8,9,-14];[247,205,61]
[-31,31,-8];[27,30,39]
[-10,50,-14];[54,55,59]
[-86,35,3];[24,24,24]
[-16,51,11];[78,77,73]
[-47,44,14];[68,65,50]
[4,60,4];[216,186,70]
[-24,31,-8];[54,55,50]
[-57,33,5];[1,1,1]
[-10,18,-13];[190,156,59]
[24,53,-10];[55,55,55]
[-69,35,-11];[45,45,45]
[-9,11,-14];[236,197,58]
[76,43,4];[244,207,31]
[-43,47,-14];[64,62,49]
[5,9,-14];[58,57,55]
[-3,52,-11];[53,54,56]
[17,23,-7];[13,13,13]
[-46,25,-9];[67,67,67]
[-1,56,-9];[100,86,37]
[-9,47,-14];[67,70,75]
[-32,22,3];[36,26,0]
[-3,51,-14];[59,59,59]
[-8,22,10];[227,192,12]
[54,47,1];[60,60,60]
[-10,16,-14];[173,140,47]
[41,21,5];[20,22,21]
[-4,5,11];[63,64,66]
[15,44,-14];[48,69,112]
[-74,45,8];[2,2,2]
[75,35,-2];[50,50,50]
[-64,49,-2];[53,53,53]
[-57,35,-15];[57,58,53]
[-44,30,-12];[53,53,51]
[-17,13,-4];[69,71,70]
[42,15,-7];[59,59,59]
[-14,16,-14];[58,59,61]
[11,36,-14];[83,106,200]
[4,30,-16];[1,1,1]
[9,10,-14];[225,191,81]
[20,46,-16];[41,41,39]
[-15,47,-15];[16,18,17]
[31,54,-8];[59,59,61]
[-24,45,-10];[19,19,19]
[3,1,6];[60,60,60]
[48,13,3];[12,12,12]
[11,10,-14];[55,57,56]
[-16,15,2];[19,19,21]
[-15,30,-14];[76,77,79]
[-24,20,-6];[95,92,87]
[29,32,-11];[49,49,51]
[27,34,-13];[33,33,33]
[-68,39,-11];[8,8,10]
[-48,32,5];[51,51,49]
[34,47,-16];[88,89,93]
[70,37,5];[242,203,38]
[-91,46,-1];[52,52,50]
[-45,30,-1];[7,7,5]
[10,26,-7];[27,26,22]
[43,39,-12];[83,83,85]
[-25,44,-10];[13,15,14]
[46,45,4];[62,50,36]
[-59,17,-3];[135,136,138]
[23,31,-11];[44,46,45]
[-26,44,-11];[40,42,41]
[79,15,-2];[75,76,81]
[-5,10,-14];[55,55,53]
[54,42,5];[61,63,62]
[-44,43,-15];[69,64,42]
[25,48,-15];[53,53,53]
[4,25,8];[8,8,8]
[-8,10,-14];[246,204,58]
[78,16,-3];[66,67,69]
[22,20,0];[18,18,18]
[-22,39,14];[53,53,53]
[6,14,-15];[88,83,77]
[-61,20,-1];[22,20,21]
[17,3,-3];[51,51,51]
[-50,51,-4];[3,3,3]
[-39,55,-1];[33,35,34]
[-30,36,-15];[125,181,202]
[-23,42,-11];[23,23,21]
[-55,65,1];[64,64,64]
[40,7,4];[67,67,65]
[38,31,-9];[33,33,31]
[-89,40,2];[33,33,33]
[8,48,-11];[4,17,113]
[90,45,1];[60,61,63]
[-51,24,-6];[33,33,33]
[-19,46,7];[46,48,47]
[42,38,-13];[51,51,49]
[37,17,-7];[60,55,52]
[-59,66,0];[71,72,74]
[45,36,-4];[33,33,33]
[20,40,-13];[73,135,222]
[36,54,1];[91,91,91]
[23,44,14];[47,42,38]
[-6,41,-12];[81,123,197]
[-39,29,-3];[25,25,23]
[50,37,3];[38,35,30]
[-31,47,-6];[124,125,117]
[-16,18,1];[30,30,28]
[-39,55,-2];[42,42,42]
[-5,54,-9];[64,63,68]
[-53,30,-11];[44,44,42]
[-26,48,-12];[222,191,82]
[-22,50,5];[61,65,64]
[70,29,-5];[68,69,71]
[-52,43,-15];[236,191,48]
[-82,42,8];[66,68,67]
[-1,51,-14];[58,58,58]
[43,40,-14];[14,14,14]
[-29,30,-7];[61,62,64]
[85,13,1];[73,74,76]
[-10,34,-15];[11,12,14]
[88,14,-1];[77,76,81]
[15,39,-13];[79,137,218]
[12,49,-14];[45,45,47]
[-60,41,-14];[127,128,132]
[7,49,12];[33,72,149]
[41,23,-4];[38,38,36]
[-37,27,10];[56,58,57]
[-27,50,0];[37,39,38]
[-40,31,-8];[62,64,61]
[54,39,-6];[44,44,42]
[11,40,-14];[5,16,134]
[15,59,-3];[70,67,52]
[12,9,-14];[55,55,55]
[-71,49,-6];[49,49,47]
[-34,24,5];[32,29,24]
[-31,33,13];[61,63,62]
[-60,38,-14];[84,85,89]
[-60,34,-8];[2,2,2]
[-52,45,-11];[2,1,0]
[-19,12,1];[27,24,17]
[-17,14,-7];[41,43,40]
[-4,50,-13];[20,26,38]
[16,18,-12];[40,40,40]
[-49,37,-14];[57,62,65]
[-48,46,-14];[228,185,47]
[77,18,0];[83,71,47]
[-52,38,11];[3,3,3]
[-2,34,9];[1,26,90]
[-81,34,0];[217,173,12]
[-39,38,-15];[52,51,47]
[37,29,9];[69,74,77]
[-81,42,-8];[47,48,52]
[-25,44,11];[43,44,38]
[-50,52,-8];[64,59,53]
[-8,43,-11];[28,82,178]
[-36,47,-14];[250,206,47]
[-36,40,-10];[177,153,55]
[20,58,-8];[64,65,67]
[-22,38,14];[52,52,50]
[34,33,-12];[88,92,93]
[-2,43,-11];[87,121,192]
[-27,46,-9];[36,38,37]
[-10,17,-14];[169,135,45]
[-3,24,9];[16,16,16]
[-58,64,2];[66,67,69]
[-4,48,11];[49,75,136]
[-55,30,1];[1,1,0]
[-81,40,-6];[78,80,79]
[-18,43,16];[84,84,84]
[-24,37,-12];[28,28,26]
[-53,37,13];[89,112,120]
[-16,22,-5];[27,29,28]
[-31,23,4];[22,22,20]
[17,48,-16];[50,50,50]
[61,28,4];[62,63,65]
[58,43,-6];[52,52,50]
[37,30,6];[39,39,39]
[-45,35,-14];[19,37,51]
[49,36,2];[34,34,32]
[-56,17,4];[231,194,51]
[5,18,-14];[53,53,51]
[-55,48,7];[1,1,1]
[-9,52,11];[57,57,57]
[-29,20,-6];[63,58,36]
[-49,16,0];[68,70,69]
[-47,50,-11];[238,198,40]
[-8,22,-11];[241,199,37]
[-14,1,5];[62,62,62]
[-8,39,-12];[64,115,196]
[-6,60,0];[54,54,54]
[-4,60,1];[236,204,69]
[-86,37,-6];[13,13,11]
[41,35,-13];[23,23,23]
[-28,36,-12];[89,93,94]
[-19,54,-5];[56,56,58]
[-23,34,-10];[114,101,46]
[21,53,-10];[55,55,55]
[52,16,-2];[29,29,29]
[34,34,-16];[66,70,71]
[-26,35,-14];[36,41,45]
[-29,35,-14];[27,32,38]
[-40,35,-14];[11,29,43]
[-9,37,11];[47,102,182]
[-59,37,-14];[55,56,58]
[-46,29,-4];[190,160,48]
[4,58,-8];[236,196,74]
[38,34,12];[23,23,23]
[1,20,-13];[54,54,54]
[-4,0,-3];[70,70,70]
[-2,12,-14];[54,54,54]
[-5,32,-15];[24,25,27]
[-46,42,14];[60,52,49]
[-83,40,-9];[67,68,73]
[-84,37,-2];[110,112,109]
[6,46,-10];[32,40,53]
[-81,33,2];[57,59,56]
[-68,46,-9];[10,10,12]
[-39,33,-8];[199,175,75]
[-32,35,-14];[19,20,22]
[-33,42,-15];[57,53,42]
[-79,41,-9];[37,37,37]
[-47,28,-11];[52,52,52]
[-40,49,-8];[60,62,61]
[-86,42,-5];[77,79,78]
[-63,47,-7];[45,46,48]
[-73,33,9];[55,56,58]
[-14,17,-14];[57,59,58]
[-54,51,-9];[58,58,58]
[-36,46,10];[34,58,122]
[43,42,-12];[17,17,17]
[90,40,4];[81,81,83]
[-57,35,-8];[18,18,18]
[-50,30,-12];[58,57,53]
[-44,31,-7];[77,69,30]
[-9,37,-15];[33,37,40]
[23,19,1];[63,63,65]
[16,5,-9];[37,38,40]
[41,19,-7];[62,64,63]
[35,37,-16];[50,50,50]
[-33,34,-14];[67,69,68]
[73,26,-1];[57,56,54]
[24,43,12];[61,122,249]
[26,16,-2];[0,0,0]
[-32,39,-15];[253,202,49]
[37,29,-3];[10,10,10]
[-8,45,-14];[0,24,69]
[-58,45,6];[2,2,2]
[20,36,-15];[48,48,48]
[45,33,-3];[53,51,54]
[9,33,-15];[13,13,13]
[-11,55,-4];[44,44,44]
[11,5,10];[64,64,64]
[-3,17,-14];[53,53,51]
[-41,39,-12];[88,90,89]
[-57,31,-13];[55,55,55]
[-39,30,-3];[6,8,7]
[-12,42,16];[92,96,97]
[-42,50,-11];[65,60,41]
[61,31,4];[62,63,65]
[-39,34,-14];[63,62,58]
[68,39,5];[26,24,25]
[-89,38,-4];[19,19,17]
[-43,32,-9];[64,68,69]
[67,46,-4];[72,72,72]
[-36,16,1];[246,209,102]
[-88,34,3];[66,66,66]
[-19,27,-12];[71,70,68]
[-37,40,-15];[52,52,50]
[7,29,-12];[173,142,60]
[2,9,-14];[57,57,57]
[82,18,-6];[74,76,75]
[-52,29,-3];[6,6,6]
[16,7,-12];[52,52,54]
[-41,51,-3];[12,13,17]
[17,12,-12];[39,39,39]
[-19,45,-16];[23,22,18]
[39,34,-15];[67,67,67]
[52,46,-4];[67,65,66]
[-45,34,-14];[73,73,73]
[-67,43,-11];[12,12,12]
[-2,51,-13];[60,60,60]
[16,36,-17];[85,83,84]
[10,51,-12];[70,70,70]
[-73,50,0];[30,30,30]
[-9,19,-13];[236,194,56]
[-17,13,-12];[44,46,45]
[-25,45,9];[38,38,36]
[62,46,3];[73,74,76]
[-58,51,-2];[19,19,17]
[-59,53,5];[76,76,78]
[12,10,-14];[55,55,55]
[-58,65,2];[62,64,63]
[-25,44,14];[76,68,45]
[-36,17,-6];[238,194,69]
[-81,43,-5];[15,15,15]
[37,50,-12];[77,77,79]
[-10,30,-14];[56,56,48]
[-29,48,-12];[49,51,48]
[-42,21,-5];[193,155,20]
[0,54,9];[53,53,53]
[-83,47,0];[63,60,43]
[-31,29,9];[17,17,15]
[-55,60,-3];[61,62,64]
[-81,49,-2];[62,62,62]
[-6,25,-9];[12,9,0]
[-23,38,-15];[54,54,52]
[30,53,-10];[56,56,56]
[-7,14,-14];[212,176,64]
[-24,42,-10];[23,23,23]
[-72,49,-5];[41,41,39]
[88,21,-1];[68,68,68]
[9,52,11];[56,56,54]
[14,33,14];[29,25,22]
[-4,57,7];[250,217,62]
[-83,38,3];[6,6,6]
[-28,27,-10];[56,56,56]
[-36,45,-8];[55,55,55]
[-16,15,-6];[2,2,2]
[-29,43,-15];[251,205,47]
[-61,28,1];[101,123,144]
[-43,29,1];[64,88,152]
[-5,15,-14];[43,43,45]
[-12,3,-10];[73,73,71]
[24,28,-10];[20,20,20]
[-5,4,-11];[68,68,68]
[-55,30,2];[23,24,26]
[79,36,5];[67,69,68]
[11,31,-14];[41,40,35]
[-55,31,3];[24,25,27]
[-36,50,-10];[237,200,59]
[4,0,-6];[66,66,66]
[-29,34,7];[36,37,39]
[32,34,-14];[62,62,60]
[32,54,2];[57,57,55]
[24,20,-1];[0,0,0]
[-24,36,-12];[107,109,108]
[-8,3,-9];[250,206,47]
[20,34,-14];[58,58,58]
[-12,17,-14];[51,53,52]
[-75,43,9];[58,58,60]
[8,19,-13];[246,206,56]
[16,16,-6];[21,19,22]
[-90,34,2];[83,82,87]
[-15,18,-14];[51,51,51]
[32,37,-16];[16,16,16]
[-15,5,-12];[75,75,77]
[-85,45,-3];[33,33,33]
[16,19,1];[19,19,21]
[17,34,-14];[51,53,50]
[78,27,-5];[32,31,29]
[-58,48,-13];[63,57,41]
[-68,48,-6];[12,12,12]
[-30,16,1];[65,69,68]
[-21,22,-3];[79,81,80]
[86,32,5];[104,108,107]
[-38,50,9];[212,190,81]
[-2,58,2];[243,216,85]
[-42,34,-14];[63,63,63]
[26,35,-16];[73,77,80]
[-82,33,3];[48,50,49]
[-6,51,-15];[62,62,62]
[12,14,-14];[53,53,55]
[70,40,-6];[54,54,54]
[86,42,-5];[69,70,72]
[29,40,-17];[29,29,29]
[-46,24,-5];[65,63,64]
[12,1,-7];[61,63,62]
[-78,34,-9];[46,44,47]
[-25,52,7];[67,67,59]
[-44,48,12];[56,56,44]
[22,29,-9];[4,4,4]
[-81,38,-2];[61,63,62]
[-4,23,-10];[31,31,31]
[-68,35,10];[51,51,53]
[16,34,-16];[88,89,84]
[1,8,12];[58,58,58]
[40,45,-16];[54,54,52]
[37,16,-6];[62,57,53]
[10,1,-6];[242,202,78]
[-80,35,-3];[29,29,29]
[-6,26,-10];[38,32,18]
[40,39,-16];[56,56,56]
[-7,30,-15];[34,34,34]
[-25,24,-5];[4,4,4]
[-30,44,-11];[8,8,6]
[-4,48,8];[1,56,147]
[-25,42,-15];[56,50,34]
[-58,20,-5];[2,2,2]
[-19,42,-16];[47,46,44]
[8,50,-14];[48,51,60]
[78,20,3];[71,70,65]
[-20,46,-8];[6,6,4]
[-7,28,-11];[120,95,15]
[-9,39,13];[45,110,176]
[-44,45,-11];[56,57,52]
[17,60,5];[114,115,109]
[-15,5,-11];[63,64,68]
[25,44,-15];[1,1,3]
[-32,37,-15];[49,47,32]
[15,27,-11];[52,52,50]
[33,40,-16];[54,54,56]
[9,60,1];[247,214,81]
[-51,46,-7];[93,85,48]
[-54,50,5];[5,5,3]
[34,40,-17];[54,54,54]
[-91,34,1];[72,72,72]
[19,11,-1];[77,66,21]
[41,47,-15];[68,66,67]
[35,12,0];[52,44,31]
[-41,32,8];[70,72,71]
[-67,37,-10];[37,37,37]
[17,7,9];[48,48,46]
[12,32,-17];[107,105,106]
[41,46,-10];[59,59,59]
[-1,14,-14];[54,54,54]
[-52,29,3];[6,6,6]
[16,23,7];[13,13,13]
[-56,32,-10];[3,3,1]
[-38,23,4];[9,9,9]
[-8,14,-14];[249,204,61]
[-80,30,0];[75,77,76]
[20,11,0];[210,185,84]
[-26,50,-2];[119,121,120]
[66,44,5];[67,67,69]
[-50,17,4];[23,22,18]
[-39,48,-9];[60,62,61]
[33,43,-16];[66,66,64]
[-35,24,-5];[113,111,114]
[-6,32,-17];[34,33,31]
[7,5,11];[246,210,34]
[41,35,-16];[105,105,105]
[-3,30,-16];[13,13,15]
[32,37,-17];[23,23,23]
[1,59,-6];[153,130,52]
[75,30,3];[3,3,1]
[-84,36,-3];[64,66,63]
[39,33,-12];[64,64,64]
[-27,52,7];[68,69,61]
[19,14,-3];[48,49,53]
[-15,1,-5];[66,66,66]
[78,28,-1];[17,17,17]
[-29,48,-13];[49,51,48]
[-19,51,-11];[20,13,0]
[-57,32,-4];[4,4,2]
[-18,56,-2];[49,50,52]
[73,44,-6];[30,30,30]
[-63,49,-5];[46,46,44]
[32,45,-17];[25,25,25]
[35,54,5];[58,58,58]
[-43,31,-12];[58,58,56]
[-23,38,10];[33,32,28]
[7,51,-16];[94,98,99]
[24,46,15];[49,49,47]
[28,34,-13];[29,31,30]
[-18,54,5];[62,62,62]
[-42,43,-15];[241,199,53]
[-58,66,-2];[1,1,1]
[-31,55,-2];[48,48,48]
[-85,36,-7];[2,2,0]
[-20,45,-11];[55,56,58]
[-89,33,-1];[77,75,76]
[-53,32,9];[2,2,2]
[-59,46,6];[4,4,4]
[-42,41,-15];[249,205,48]
[57,42,-6];[53,53,51]
[-71,47,-10];[20,20,20]
[-58,32,9];[6,6,6]
[-26,50,-6];[73,73,71]
[52,16,4];[56,55,60]
[21,43,-14];[78,135,222]
[-24,26,-9];[34,34,34]
[20,57,0];[39,46,62]
[-64,33,8];[18,18,20]
[-81,33,3];[57,59,56]
[4,15,-14];[54,54,54]
[-71,36,-11];[46,46,48]
[20,59,-7];[99,93,93]
[2,17,-14];[54,54,52]
[-12,13,-14];[52,54,53]
[64,26,-5];[66,66,66]
[28,43,-16];[57,59,58]
[-87,47,-4];[63,65,64]
[-14,12,-14];[59,60,62]
[-42,54,-3];[20,20,20]
[-1,12,-14];[54,54,54]
[34,34,-15];[52,52,52]
[-77,49,-2];[53,53,51]
[34,41,-16];[27,27,29]
[-51,32,-13];[61,61,59]
[53,11,1];[71,71,71]
[21,28,-8];[2,2,2]
[-24,34,-11];[44,44,42]
[-66,47,-8];[49,49,51]
[77,35,1];[28,30,29]
[-5,29,-12];[227,201,106]
[46,6,1];[75,75,75]
[-59,50,-9];[59,58,63]
[-33,47,4];[23,22,17]
[-8,28,-12];[240,201,48]
[39,40,-16];[56,56,56]
[-53,48,1];[7,6,4]
[81,26,-2];[46,46,46]
[82,46,1];[62,62,60]
[78,37,-6];[55,56,58]
[-11,31,-14];[57,58,53]
[11,11,-14];[54,54,52]
[0,33,-10];[0,27,130]
[-31,47,-5];[124,126,115]
[-78,39,-6];[15,15,15]
[38,49,-8];[59,59,59]
[83,20,5];[67,67,69]
[-57,50,5];[0,0,0]
[21,34,-13];[19,19,19]
[85,26,-6];[66,67,69]
[-45,31,-3];[66,70,69]
[-53,33,-14];[59,61,60]
[13,54,8];[28,24,15]
[18,51,-12];[63,63,63]
[31,54,1];[57,57,55]
[81,32,-3];[24,25,27]
[-17,11,9];[15,13,14]
[-50,16,-1];[67,68,70]
[57,17,-3];[64,66,65]
[-19,33,14];[28,28,28]
[15,1,4];[43,43,41]
[48,34,-2];[77,79,76]
[-56,24,-10];[104,103,101]
[-41,16,-3];[70,67,60]
[5,33,-10];[0,7,43]
[-60,50,-9];[107,109,108]
[-62,31,-6];[4,4,6]
[-90,46,-4];[82,82,82]
[-32,30,3];[59,61,58]
[86,34,-6];[67,68,70]
[10,47,-14];[60,66,78]
[17,37,15];[24,23,21]
[84,37,-5];[78,78,78]
[-13,39,-16];[36,37,39]
[57,23,4];[43,44,46]
[-59,63,-2];[105,105,105]
[49,36,-1];[58,58,56]
[-22,40,-15];[53,53,51]
[-91,41,1];[66,68,67]
[-43,22,-4];[48,30,0]
[70,46,3];[72,73,75]
[-26,49,11];[225,190,24]
[-35,28,-11];[52,54,53]
[-3,12,-14];[54,54,54]
[15,56,-9];[242,205,88]
[-22,15,-4];[73,73,75]
[-5,33,-13];[1,20,88]
[18,32,-12];[72,74,73]
[-5,11,-14];[54,54,54]
[-5,50,-13];[59,69,94]
[-19,37,-16];[15,15,15]
[14,16,13];[55,55,55]
[39,48,-16];[82,82,84]
[-92,39,1];[11,11,13]
[-92,44,-3];[1,1,1]
[-27,50,-5];[38,38,38]
[-13,38,-15];[30,30,32]
[-58,34,7];[0,0,0]
[32,42,-16];[16,18,17]
[3,34,-10];[4,40,152]
[30,25,-8];[15,15,15]
[-6,12,-14];[53,54,49]
[73,30,-5];[51,51,49]
[9,54,-9];[69,56,37]
[-8,45,-11];[20,48,95]
[2,31,-16];[42,43,45]
[-21,32,12];[52,52,52]
[32,52,10];[58,58,58]
[60,47,1];[59,59,57]
[-11,27,10];[30,30,28]
[-10,12,-14];[73,57,21]
[14,40,-15];[8,11,16]
[-81,40,-8];[9,9,9]
[0,30,-13];[53,54,49]
[-39,55,1];[45,47,46]
[6,50,-13];[39,49,82]
[-25,34,-10];[55,55,55]
[-92,37,-3];[15,13,16]
[-34,16,-4];[240,200,69]
[34,22,-7];[60,55,51]
[13,41,-16];[78,88,90]
[-43,47,-13];[64,62,47]
[18,25,-7];[81,78,71]
[7,18,-13];[234,195,56]
[-50,26,-10];[65,67,66]
[21,36,-16];[93,94,96]
[1,9,-14];[55,55,55]
[-40,44,8];[202,168,44]
[-15,42,-15];[46,48,47]
[-51,25,-9];[67,67,67]
[68,29,-6];[104,105,107]
[-53,61,-1];[52,52,52]
[13,58,-7];[48,46,49]
[57,31,-2];[47,47,45]
[-1,0,-5];[67,67,67]
[45,8,-4];[4,4,4]
[-14,23,-10];[35,35,35]
[-58,34,-11];[7,5,6]
[87,27,5];[77,77,79]
[27,22,-3];[19,12,2]
[-92,46,2];[66,67,69]
[-64,46,7];[18,18,16]
[-34,50,5];[30,30,30]
[-24,24,-10];[1,1,0]
[-15,0,3];[62,60,61]
[-13,44,-16];[39,41,40]
[-60,35,-12];[6,6,6]
[-19,29,-12];[21,22,24]
[-39,38,-10];[19,19,17]
[-20,30,10];[3,3,3]
[-66,46,8];[48,48,48]
[-69,34,10];[45,45,47]
[9,43,-11];[87,130,208]
[80,26,4];[8,6,7]
[-34,43,-15];[50,52,51]
[14,42,-14];[11,14,19]
[-12,24,-10];[20,20,20]
[-12,14,-14];[52,54,53]
[-90,40,1];[64,66,63]
[-52,16,-2];[241,205,85]
[-62,30,0];[18,18,18]
[-12,37,-17];[60,62,61]
[-19,29,-11];[9,9,7]
[-16,2,-1];[58,59,63]
[-7,29,-12];[240,208,89]
[56,22,-1];[27,27,27]
[79,29,-2];[43,43,43]
[44,20,-3];[20,20,20]
[-80,42,-8];[100,104,105]
[-6,37,-12];[79,122,188]
[-79,47,-7];[65,65,65]
[28,26,-8];[8,10,9]
[45,44,4];[61,49,37]
[-50,50,5];[5,5,5]
[-5,50,-14];[37,41,44]
[-60,29,-3];[14,14,16]
[-24,39,-12];[44,46,45]
[-23,49,-7];[57,59,58]
[-9,43,12];[14,52,135]
[15,60,-2];[100,83,40]
[43,41,-10];[8,8,8]
[-62,32,5];[13,13,15]
[-4,29,12];[55,55,53]
[-36,43,-9];[55,55,55]
[-24,30,-11];[48,45,40]
[-41,47,4];[65,69,78]
[-40,41,14];[61,55,39]
[16,44,-13];[71,129,211]
[75,29,-3];[3,3,3]
[-31,30,-1];[61,63,62]
[57,33,-5];[57,58,60]
[16,20,-12];[42,42,42]
[12,49,15];[105,106,108]
[-4,52,-12];[51,53,52]
[-43,49,11];[57,55,42]
[-66,50,-2];[53,53,51]
[14,13,-14];[54,54,54]
[56,47,3];[71,72,74]
[48,7,-5];[100,102,101]
[9,51,-14];[63,62,67]
[-52,42,11];[3,4,6]
[88,21,4];[73,71,74]
[1,30,-16];[3,3,3]
[30,35,15];[59,59,59]
[-5,60,-3];[103,102,100]
[-72,37,-12];[54,55,57]
[-19,34,-16];[26,26,26]
[14,55,8];[220,186,52]
[73,26,-2];[64,63,59]
[-46,48,3];[53,55,54]
[-9,46,-14];[56,60,69]
[35,39,15];[59,61,60]
[80,20,-5];[52,52,52]
[-55,65,-3];[70,71,73]
[-4,36,-11];[77,116,185]
[-43,30,-11];[51,49,50]
[10,30,-16];[28,22,8]
[-64,49,1];[52,52,54]
[17,60,-3];[57,58,60]
[-54,29,0];[19,19,19]
[84,20,5];[64,65,67]
[-16,17,-9];[22,24,23]
[78,24,-7];[112,84,60]
[-48,38,14];[51,50,48]
[-8,49,-16];[7,7,7]
[-15,32,15];[53,53,51]
[-56,41,-15];[236,197,60]
[-40,54,-3];[59,58,54]
[-85,43,-3];[5,5,5]
[85,18,5];[67,68,70]
[42,46,-14];[58,58,58]
[-13,34,-16];[4,6,5]
[20,28,7];[57,58,60]
[-52,36,14];[89,180,198]
[-7,18,-14];[167,150,62]
[-28,52,-7];[231,193,58]
[14,14,13];[55,55,55]
[-8,0,-5];[244,204,82]
[-92,46,-2];[2,2,2]
[3,50,-13];[52,66,105]
[13,36,-16];[35,35,37]
[-21,21,-6];[6,6,6]
[50,8,-5];[132,130,131]
[-10,49,14];[39,39,39]
[-75,31,5];[59,63,62]
[28,34,-15];[61,63,62]
[-55,45,-14];[179,182,163]
[-56,57,1];[27,27,27]
[-91,38,1];[12,12,10]
[-12,42,-17];[87,89,86]
[-17,27,-11];[2,3,5]
[-59,47,-10];[10,10,10]
[-59,45,-15];[112,111,109]
[-67,33,-9];[4,4,4]
[-36,44,-15];[70,52,12]
[-34,26,-10];[69,69,69]
[3,51,-14];[58,58,58]
[82,25,-3];[2,1,0]
[-68,42,-11];[15,15,15]
[-6,39,-12];[83,123,193]
[-13,44,14];[23,21,22]
[-35,30,5];[41,43,42]
[-3,47,-8];[4,57,187]
[37,15,-6];[66,58,55]
[23,48,14];[57,56,54]
[-89,39,0];[53,53,53]
[23,26,-11];[10,10,12]
[-53,20,-6];[233,197,57]
[-40,24,-5];[26,26,26]
[-4,29,-12];[55,55,53]
[-16,16,11];[49,51,50]
[39,39,-16];[54,56,55]
[17,4,-6];[49,49,51]
[-65,31,-6];[63,65,64]
[-59,34,-14];[130,134,135]
[25,43,-14];[8,11,18]
[-58,26,-6];[1,1,1]
[9,7,-13];[211,182,78]
[53,12,-5];[82,83,87]
[-49,45,-14];[231,188,47]
[76,34,-1];[86,88,87]
[3,0,-4];[68,68,68]
[-55,31,4];[1,1,1]
[-92,37,-2];[3,3,3]
[61,29,2];[20,20,20]
[-75,49,-5];[58,59,61]
[22,29,-8];[1,1,1]
[-16,14,-13];[47,48,50]
[-59,57,-2];[129,129,129]
[-43,37,-15];[69,60,29]
[-62,43,8];[3,2,7]
[-8,60,0];[51,51,51]
[19,25,-1];[20,21,16]
[-58,46,6];[3,1,2]
[10,15,-14];[62,59,42]
[0,32,-14];[9,10,12]
[-27,35,-11];[56,56,54]
[38,49,8];[58,60,59]
[10,42,-12];[25,72,186]
[-19,45,10];[61,63,62]
[88,36,3];[69,69,69]
[-91,40,-6];[1,1,1]
[78,39,4];[60,56,55]
[-58,31,-13];[55,54,52]
[-32,46,-14];[51,51,51]
[-2,60,5];[225,186,21]
[36,54,5];[80,80,82]
[25,24,-11];[3,3,5]
[20,57,-5];[26,26,26]
[-19,45,-11];[3,5,4]
[11,42,-14];[6,19,149]
[-61,20,0];[114,114,116]
[-12,49,-14];[54,54,54]
[-15,30,-15];[138,138,138]
[-60,30,-2];[9,9,9]
[41,33,-2];[38,38,40]
[52,45,4];[24,22,27]
[-24,49,-6];[58,60,59]
[-26,22,-6];[3,3,3]
[-32,30,-6];[24,30,44]
[-80,37,-5];[26,26,26]
[-51,51,3];[5,5,3]
[19,60,-1];[84,85,89]
[-9,42,-13];[16,31,62]
[20,38,-14];[7,11,20]
[15,38,-14];[7,6,11]
[-28,50,1];[35,36,40]
[-14,26,-10];[28,28,28]
[23,18,-2];[11,12,14]
[-35,37,-14];[59,53,39]
[-49,48,4];[56,56,56]
[14,34,-16];[8,8,6]
[80,25,-6];[56,52,49]
[-83,36,1];[11,11,9]
[-43,37,-14];[60,54,30]
[-45,38,-12];[88,90,89]
[-46,47,8];[87,114,191]
[88,29,-4];[61,61,61]
[2,60,-1];[239,194,65]
[6,21,-12];[76,66,39]
[-7,2,-7];[209,182,53]
[-13,48,-15];[52,54,53]
[84,45,-4];[69,71,70]
[-20,35,-15];[48,48,48]
[87,26,-5];[57,57,57]
[-59,33,-14];[104,105,109]
[0,32,-13];[34,35,39]
[-50,36,8];[44,44,44]
[12,36,-16];[22,22,24]
[-38,36,14];[91,195,220]
[49,11,3];[54,54,54]
[-79,32,-6];[77,78,80]
[-29,36,-11];[60,60,52]
[-56,50,5];[1,1,1]
[0,29,-13];[54,56,53]
[4,51,11];[57,57,59]
[67,30,-6];[72,72,74]
[17,47,-16];[73,75,74]
[-51,31,-12];[58,58,56]
[-57,29,-5];[5,5,3]
[-10,30,-13];[59,51,38]
[-14,27,9];[24,24,24]
[-75,29,-3];[68,68,70]
[76,46,-1];[254,218,8]
[-19,35,-16];[20,20,20]
[13,47,-17];[70,71,66]
[-50,31,11];[59,59,57]
[-8,58,-6];[50,50,50]
[-23,47,8];[42,41,36]
[-45,49,-2];[67,71,74]
[-14,11,13];[68,69,73]
[6,48,-7];[45,72,149]
[-55,17,5];[76,69,63]
[-24,27,-11];[59,59,61]
[-3,54,-10];[54,54,52]
[-4,20,-12];[52,52,52]
[-85,43,-4];[15,15,15]
[-41,36,-14];[117,177,205]
[1,31,-16];[44,44,46]
[88,26,4];[73,71,74]
[6,33,-12];[5,37,138]
[-62,30,-4];[44,44,44]
[-47,37,-15];[50,43,33]
[-24,36,11];[38,38,36]
[-35,44,-15];[65,62,47]
[0,33,9];[0,26,87]
[-68,29,3];[60,60,60]
[-82,38,-5];[14,14,14]
[-49,47,-14];[240,194,49]
[30,45,15];[28,30,29]
[-38,34,-14];[63,61,62]
[4,10,-14];[54,54,54]
[86,44,4];[61,63,62]
[-87,34,-5];[74,76,75]
[-29,49,-6];[57,61,60]
[12,46,14];[15,19,22]
[10,33,-15];[9,10,12]
[-2,36,10];[84,110,158]
[-9,35,-14];[32,33,35]
[-15,48,-16];[50,52,51]
[-52,30,-11];[48,48,46]
[-54,35,-15];[58,58,56]
[-48,45,13];[66,63,46]
[-32,32,-7];[67,69,68]
[-19,48,-15];[23,23,21]
[29,40,-16];[50,52,49]
[-53,60,-1];[50,50,50]
[6,32,-15];[30,34,37]
[-16,15,-13];[42,46,45]
[-73,38,-11];[34,36,33]
[-38,36,-15];[124,188,216]
[-57,38,-12];[8,9,11]
[-31,42,8];[59,61,60]
[17,14,-7];[0,0,0]
[88,28,2];[67,67,67]
[-16,24,-6];[2,2,2]
[-56,35,-14];[59,59,57]
[65,38,-6];[189,155,55]
[-35,48,-4];[201,166,40]
[43,40,-16];[85,86,88]
[-2,58,-8];[94,84,46]
[-49,24,-6];[37,37,37]
[12,35,-15];[6,6,8]
[16,21,-3];[28,30,29]
[18,13,4];[18,17,15]
[-48,51,-9];[134,105,9]
[16,35,15];[61,62,64]
[-52,39,11];[3,3,3]
[-78,37,0];[11,13,12]
[-37,41,14];[55,55,47]
[38,14,-6];[66,56,54]
[-58,20,4];[67,66,71]
[-41,36,-9];[19,19,19]
[25,24,-9];[33,33,31]
[-22,17,-4];[11,11,11]
[-25,53,3];[1,1,1]
[-41,36,-15];[108,155,181]
[80,34,-1];[26,26,26]
[-32,50,-5];[38,40,39]
[28,29,-11];[54,55,57]
[16,57,-9];[162,157,138]
[67,39,-6];[44,43,41]
[2,30,-13];[53,53,51]
[14,6,-12];[60,61,63]
[-44,36,13];[35,58,64]
[-60,38,-12];[21,21,21]
[-30,22,-4];[164,124,2]
[-60,48,8];[49,49,47]
[-17,20,6];[11,9,12]
[73,26,-3];[75,75,77]
[8,44,-11];[81,123,195]
[-14,5,-12];[65,66,68]
[33,51,-12];[56,58,57]
[36,35,-16];[76,77,79]
[-5,4,-10];[70,70,70]
[54,20,-5];[21,23,22]
[-55,25,9];[53,49,46]
[87,32,-5];[109,106,101]
[-79,36,-3];[63,65,62]
[-86,41,1];[44,45,40]
[6,56,-9];[221,191,101]
[24,23,-8];[13,13,13]
[-16,26,-7];[32,32,30]
[1,51,-14];[25,25,25]
[-77,46,8];[61,63,60]
[9,40,-12];[71,116,199]
[22,38,-15];[40,41,43]
[-58,17,-5];[58,57,55]
[-40,36,-15];[123,178,206]
[-2,1,-6];[65,65,65]
[-18,30,-13];[64,64,64]
[6,45,9];[56,97,159]
[-48,51,3];[5,5,5]
[-44,37,-15];[60,54,28]
[14,58,-3];[110,97,52]
[-22,41,-11];[191,160,43]
[-37,39,-15];[53,53,51]
[-48,46,-10];[2,2,0]
[77,27,-6];[51,49,52]
[-50,48,-5];[5,5,3]
[79,39,-6];[74,73,68]
[29,19,-3];[10,9,7]
[-80,34,-5];[40,42,41]
[74,32,2];[9,9,9]
[77,22,-6];[58,58,56]
[3,51,-12];[62,55,26]
[-22,34,9];[45,47,46]
[-11,48,-17];[79,80,82]
[-48,53,4];[58,49,18]
[-30,47,-7];[196,164,41]
[-48,47,-13];[238,193,50]
[16,26,-3];[22,21,16]
[19,36,-16];[86,88,87]
[31,49,-14];[52,52,52]
[65,34,-5];[106,107,109]
[-58,40,-15];[72,65,46]
[-11,33,-17];[83,82,87]
[22,28,10];[54,56,55]
[-18,14,-3];[52,52,54]
[36,36,15];[21,21,21]
[0,32,-15];[39,39,41]
[20,33,11];[60,61,63]
[-25,35,-11];[60,62,61]
[65,26,2];[25,24,22]
[-8,24,-9];[216,172,3]
[12,0,1];[68,70,69]
[-61,46,-6];[7,9,8]
[71,29,-4];[61,62,64]
[-70,37,-12];[53,54,56]
[-6,16,-14];[49,46,39]
[-15,13,-14];[54,55,57]
[-39,30,-7];[63,65,62]
[25,34,-15];[59,61,60]
[56,38,-6];[80,67,32]
[1,50,-15];[23,26,33]
[-53,46,-7];[91,85,51]
[-50,31,-12];[58,59,54]
[2,48,8];[9,71,170]
[-62,48,3];[36,36,34]
[-55,35,-9];[7,7,5]
[-23,17,-6];[48,49,51]
[31,22,-7];[57,54,49]
[33,33,-12];[61,61,63]
[-59,31,-11];[58,58,58]
[46,35,-3];[26,27,22]
[-20,45,-14];[48,48,48]
[-84,38,1];[14,14,14]
[23,30,9];[53,53,51]
[-84,37,-9];[66,67,71]
[21,11,-1];[220,193,88]
[88,23,-5];[111,109,110]
[-91,40,-3];[13,13,13]
[-6,21,-12];[70,64,42]
[18,17,1];[4,4,2]
[-38,45,-14];[251,205,47]
[16,50,-14];[74,74,74]
[75,31,-2];[35,35,37]
[28,54,-9];[83,83,83]
[-15,1,2];[61,63,62]
[-44,31,-12];[58,58,56]
[-15,54,-6];[53,54,56]
[83,31,-6];[67,68,70]
[11,38,-12];[33,70,158]
[-28,34,-14];[58,60,59]
[-55,49,-2];[6,6,6]
[-83,33,5];[75,75,75]
[-17,54,2];[25,25,25]
[-6,30,-17];[96,100,101]
[-78,33,-7];[62,62,64]
[-39,36,-11];[89,110,163]
[-59,35,-8];[2,2,2]
[-63,30,4];[58,58,58]
[-63,38,-11];[53,54,58]
[-12,22,-11];[46,46,48]
[-1,53,-10];[52,52,52]
[-31,39,-15];[252,203,49]
[-69,36,-11];[31,33,32]
[-15,37,14];[52,52,50]
[-23,39,-15];[54,54,52]
[43,40,-15];[12,12,12]
[15,58,-7];[166,138,55]
[-56,25,-11];[102,102,102]
[-78,34,0];[14,14,16]
[21,12,2];[138,125,83]
[17,24,-6];[1,1,1]
[-20,54,3];[41,40,36]
[-37,21,-5];[37,29,6]
[67,28,4];[93,94,98]
[-85,34,-1];[15,15,13]
[-87,45,-5];[67,67,67]
[-20,24,-11];[75,76,78]
[-10,19,-13];[139,108,25]
[-18,17,0];[3,2,0]
[-34,38,-12];[68,68,66]
[-21,21,-7];[5,5,5]
[82,33,-4];[7,8,10]
[33,31,-10];[39,39,39]
[-57,46,-6];[6,6,6]
[59,22,-6];[66,67,71]
[-91,39,6];[68,69,73]
[24,50,-13];[56,56,56]
[16,20,-11];[38,38,38]
[81,18,-4];[43,43,43]
[-16,4,-1];[1,1,1]
[11,25,-9];[13,13,11]
[-60,28,5];[75,79,78]
[-38,49,-8];[36,36,34]
[79,17,2];[55,55,55]
[-35,36,11];[4,6,5]
[2,32,-13];[42,43,47]
[-14,50,13];[58,58,58]
[43,38,-14];[49,48,44]
[33,40,-17];[59,60,62]
[-27,50,4];[197,164,35]
[76,35,1];[24,22,23]
[36,6,-2];[41,41,41]
[-84,36,-7];[1,1,1]
[13,0,-5];[67,69,68]
[-77,32,1];[21,21,21]
[-31,44,-12];[73,75,72]
[25,18,1];[2,2,2]
[1,7,-13];[56,58,57]
[9,12,-14];[227,192,76]
[22,38,-14];[6,10,22]
[-46,51,-3];[91,96,102]
[-25,41,14];[63,61,49]
[-11,60,1];[67,67,67]
[-12,4,-10];[71,71,69]
[-83,47,-1];[56,58,55]
[62,23,-6];[113,113,115]
[-21,21,-4];[1,1,1]
[7,22,10];[243,205,16]
[14,60,0];[253,213,56]
[-59,36,-9];[2,2,2]
[-10,6,-13];[99,71,24]
[53,47,-3];[60,60,60]
[-37,47,-9];[54,55,50]
[-47,47,13];[65,62,45]
[11,32,-17];[79,83,86]
[18,38,-14];[3,6,15]
[-17,16,-2];[15,15,17]
[12,2,-9];[68,68,68]
[-11,19,-13];[63,60,43]
[-59,17,-6];[127,125,128]
[-44,51,-2];[73,88,129]
[26,45,-16];[48,48,46]
[-17,19,-9];[25,27,26]
[-3,18,-14];[53,53,53]
[-7,33,-15];[37,38,40]
[55,21,-1];[31,32,34]
[11,37,-15];[69,78,93]
[-32,42,-12];[32,32,30]
[-49,25,-7];[12,11,7]
[-41,48,-3];[106,108,107]
[21,46,-16];[34,33,31]
[-31,50,-4];[65,67,64]
[83,38,-5];[9,11,10]
[-17,20,-5];[11,11,13]
[-2,33,9];[2,36,125]
[44,17,-5];[42,42,42]
[29,45,16];[34,34,34]
[-6,2,8];[166,145,54]
[-58,43,-15];[212,182,92]
[38,50,-11];[59,59,59]
[-26,46,13];[241,202,19]
[-7,58,-7];[92,88,85]
[-48,32,6];[17,17,17]
[-90,42,-4];[53,53,53]
[-6,49,-14];[56,65,70]
[42,37,-12];[53,53,51]
[-44,40,-10];[23,23,23]
[-20,51,-3];[36,36,36]
[-72,49,-6];[49,48,46]
[-90,39,0];[58,60,59]
[28,28,-11];[51,52,54]
[-19,44,-10];[3,5,4]
[49,42,-5];[40,40,42]
[-36,53,-7];[67,63,51]
[30,54,3];[57,57,57]
[-21,44,-11];[55,57,56]
[-42,31,3];[56,58,57]
[-40,34,-10];[45,62,106]
[40,47,-11];[73,73,73]
[11,6,-12];[61,60,58]
[-33,47,-14];[70,64,40]
[-27,37,-15];[57,64,70]
[-51,37,-9];[52,54,53]
[76,20,-1];[64,60,48]
[-10,54,8];[50,50,50]
[-49,33,6];[141,146,142]
[-88,44,-4];[6,6,4]
[-25,32,8];[62,64,61]
[81,26,4];[1,1,1]
[9,18,-13];[220,189,72]
[25,43,-17];[22,23,28]
[-7,45,-12];[16,31,62]
[-83,40,-6];[200,170,50]
[-37,42,-15];[67,60,41]
[27,50,-13];[53,53,53]
[-19,50,-13];[21,20,16]
[-69,45,-10];[39,42,47]
[8,30,-14];[45,45,43]
[7,30,-15];[43,43,43]
[-15,15,-14];[58,58,60]
[-82,36,8];[66,67,69]
[4,32,-14];[10,10,12]
[78,38,5];[156,155,151]
[31,41,-16];[25,25,27]
[88,19,-1];[69,69,69]
[-53,30,-6];[40,41,43]
[2,45,-11];[76,117,196]
[72,40,-6];[52,54,53]
[-50,33,-14];[61,61,59]
[-3,50,-13];[15,21,33]
[43,41,-15];[10,10,10]
[-41,51,-2];[73,91,137]
[-10,23,-10];[60,42,0]
[4,50,-13];[49,63,108]
[-30,47,6];[110,112,109]
[-38,51,-9];[64,62,47]
[25,34,-14];[60,60,60]
[-44,23,-4];[49,45,44]
[-57,16,1];[67,68,63]
[40,41,-16];[114,113,109]
[62,38,-6];[76,70,46]
[-92,34,-2];[3,3,3]
[-79,32,6];[75,75,77]
[-19,32,-13];[38,38,38]
[-37,17,-6];[238,192,68]
[-25,51,0];[70,74,77]
[77,35,-1];[46,46,46]
[-19,53,-6];[59,45,10]
[-9,58,-6];[56,58,57]
[86,30,-6];[67,69,68]
[18,29,-8];[0,0,0]
[38,42,-16];[54,54,52]
[3,49,-11];[56,80,150]
[65,27,4];[72,73,77]
[4,51,-14];[59,59,59]
[40,6,-4];[37,37,37]
[-90,37,3];[15,15,15]
[90,39,2];[77,77,77]
[-17,20,-10];[18,18,20]
[-83,43,-5];[15,15,15]
[-93,38,4];[94,95,99]
[-31,35,-9];[52,71,127]
[-3,30,12];[52,52,50]
[-3,33,8];[0,27,87]
[-22,14,1];[80,83,88]
[-23,36,-14];[79,84,88]
[5,29,-13];[54,54,54]
[-20,42,-12];[13,13,11]
[-86,38,-4];[17,17,17]
[-54,52,6];[50,49,47]
[56,46,-5];[50,50,50]
[16,58,-7];[108,107,102]
[-9,5,-11];[242,201,57]
[-47,46,-11];[2,2,0]
[9,30,-14];[153,141,101]
[-92,37,-6];[55,55,55]
[-47,44,-15];[67,60,41]
[-11,40,-17];[97,99,98]
[-16,44,-15];[40,42,41]
[-31,42,-15];[240,200,51]
[-21,18,2];[25,25,25]
[77,28,-3];[8,8,10]
[7,60,2];[142,136,100]
[11,56,-9];[64,59,37]
[84,16,-5];[69,71,70]
[-59,20,-2];[0,0,0]
[32,33,-12];[60,60,60]
[-3,50,-15];[27,27,35]
[-49,43,14];[66,64,49]
[15,8,-13];[54,52,53]
[43,39,-11];[91,89,90]
[-53,31,3];[23,24,26]
[41,47,-11];[60,60,58]
[-36,49,-8];[45,46,40]
[49,14,-5];[14,14,14]
[3,32,-15];[36,37,41]
[-47,43,-9];[54,56,55]
[15,0,-4];[31,31,31]
[-58,16,2];[71,71,71]
[0,18,-14];[54,54,54]
[-49,25,-9];[67,67,69]
[-37,48,1];[66,68,67]
[-33,37,-12];[68,68,66]
[-60,35,-9];[1,1,1]
[-37,49,-7];[54,56,55]
[-15,36,-15];[41,42,44]
[-25,44,-15];[248,203,58]
[-38,33,-10];[103,105,104]
[56,40,-6];[54,54,52]
[-19,54,-4];[24,24,24]
[-16,6,-9];[46,47,49]
[-78,43,-2];[13,13,11]
[28,39,-17];[33,33,33]
[77,45,1];[247,211,5]
[-81,47,-3];[194,186,175]
[43,42,11];[24,24,24]
[-88,47,0];[58,60,59]
[19,57,-8];[62,62,64]
[-24,49,0];[34,33,28]
[-16,34,-16];[67,71,74]
[-36,48,-13];[250,204,46]
[11,46,-14];[70,76,88]
[-17,44,-16];[2,2,4]
[-6,50,15];[69,70,74]
[37,12,3];[42,41,37]
[38,30,-4];[36,36,36]
[11,39,13];[32,64,137]
[16,19,-1];[7,7,9]
[13,30,-13];[59,59,57]
[-19,37,-15];[40,40,42]
[-32,48,-5];[61,63,62]
[-59,37,-9];[1,1,1]
[-59,45,-13];[67,67,69]
[-52,29,-10];[45,45,45]
[-23,24,-9];[2,1,0]
[82,21,-6];[76,77,81]
[-52,31,-12];[56,56,56]
[18,48,-16];[66,68,67]
[88,35,2];[66,66,66]
[-27,34,-11];[37,37,35]
[51,38,-5];[2,2,2]
[-18,34,16];[108,108,110]
[65,35,-6];[78,48,12]
[5,30,-13];[53,55,50]
[-19,45,16];[73,75,74]
[-34,25,5];[8,5,0]
[60,46,3];[74,75,77]
[29,34,-14];[61,61,59]
[-58,40,-9];[6,6,6]
[-45,44,11];[55,57,56]
[-17,44,-15];[4,5,7]
[-19,54,2];[16,15,13]
[-46,44,-15];[65,61,49]
[-43,48,-4];[6,6,6]
[-48,36,-11];[77,79,76]
[39,12,5];[63,64,66]
[42,45,-9];[61,61,61]
[-60,34,-11];[8,8,10]
[33,20,-6];[60,55,52]
[13,48,-16];[93,94,96]
[-70,40,-11];[41,40,36]
[-24,50,-10];[203,170,65]
[4,18,-13];[54,54,54]
[37,51,4];[57,59,58]
[58,18,0];[64,64,64]
[8,57,-8];[251,212,93]
[85,23,5];[67,67,69]
[31,31,-10];[40,40,40]
[-37,49,-11];[235,198,58]
[-50,18,5];[63,61,48]
[18,43,-13];[72,129,216]
[-92,38,-3];[38,40,39]
[-14,22,-11];[53,53,53]
[3,28,-11];[47,47,45]
[-85,35,4];[3,3,3]
[-12,40,15];[13,13,11]
[-59,49,-7];[1,1,1]
[35,34,-13];[28,28,28]
[-53,62,1];[56,57,59]
[59,27,3];[20,20,20]
[-36,36,-14];[57,84,103]
[36,42,-16];[53,55,54]
[-46,51,3];[5,5,5]
[-2,8,12];[57,59,58]
[-16,40,-15];[44,46,45]
[43,12,-6];[46,45,43]
[67,29,5];[95,94,99]
[37,33,-13];[41,42,44]
[-15,22,-10];[57,59,58]
[-12,32,-15];[58,57,55]
[-26,52,-9];[52,52,52]
[-47,48,4];[53,55,54]
[-64,46,-8];[47,47,49]
[-45,54,-3];[30,30,30]
[88,40,4];[68,68,68]
[41,36,-16];[81,81,83]
[-9,0,3];[241,201,79]
[-8,36,-14];[14,45,135]
[-90,43,-6];[63,63,65]
[7,55,8];[164,134,14]
[-36,53,4];[84,81,72]
[17,35,-17];[93,94,98]
[-13,39,-15];[16,16,18]
[25,24,-10];[20,20,20]
[-45,28,-11];[50,50,50]
[-79,41,-7];[40,42,41]
[-26,36,-11];[54,56,55]
[-33,18,-6];[65,62,45]
[-79,33,-1];[31,31,31]
[-23,38,9];[33,32,28]
[-59,17,1];[93,93,95]
[-70,39,11];[53,54,58]
[-13,54,-8];[26,26,24]
[25,50,-13];[54,54,54]
[14,26,-7];[23,23,23]
[-84,42,-9];[64,64,66]
[79,19,-4];[52,52,50]
[15,16,-13];[42,42,42]
[12,47,-15];[33,33,33]
[-33,49,-3];[45,45,45]
[-17,48,-16];[58,60,59]
[-29,45,-14];[91,64,17]
[-11,48,-15];[50,52,51]
[-12,35,16];[64,64,66]
[65,33,-5];[56,52,51]
[37,51,-1];[57,59,56]
[-51,29,5];[49,49,47]
[-4,51,-12];[70,70,68]
[58,43,5];[62,62,64]
[76,35,2];[20,20,20]
[40,11,-6];[57,56,54]
[-21,48,-6];[3,3,1]
[83,27,-6];[67,68,72]
[-46,33,-13];[67,67,67]
[80,32,-1];[3,3,3]
[13,26,-9];[23,22,20]
[-46,26,-10];[71,73,72]
[-42,51,0];[53,55,54]
[66,26,3];[59,60,62]
[-62,42,8];[3,5,4]
[-30,47,9];[74,76,75]
[13,51,-12];[53,53,53]
[15,6,-12];[62,63,65]
[19,52,-11];[55,55,55]
[-41,56,-1];[47,47,47]
[-85,46,-5];[62,64,63]
[-57,62,1];[1,1,1]
[-82,42,-9];[63,62,67]
[16,30,-12];[88,86,89]
[-6,10,-14];[59,56,51]
[-19,36,-16];[19,19,21]
[54,36,-6];[105,80,24]
[25,19,-1];[1,1,1]
[10,31,-17];[111,111,111]
[5,31,15];[29,28,24]
[9,47,11];[9,47,132]
[-45,30,11];[55,54,49]
[-58,55,2];[59,61,60]
[-8,26,7];[66,48,0]
[-40,46,-10];[68,69,64]
[13,57,-8];[172,158,97]
[-86,40,2];[13,13,13]
[-50,33,6];[36,38,37]
[40,21,-7];[70,71,73]
[-46,47,5];[200,170,48]
[-32,36,9];[27,26,22]
[-36,39,9];[12,12,12]
[-61,29,-2];[191,189,194]
[-89,33,0];[72,72,72]
[78,40,-6];[203,187,112]
[-5,51,-13];[59,59,59]
[48,38,4];[63,52,34]
[4,60,-1];[251,211,64]
[8,30,-17];[110,112,111]
[-61,28,-1];[144,178,205]
[-5,32,-14];[16,16,14]
[-26,19,-3];[65,67,62]
[19,34,-16];[54,58,57]
[-36,31,-12];[59,59,57]
[23,48,-15];[70,70,72]
[-43,44,-11];[55,56,51]
[-63,37,-10];[1,1,1]
[11,35,-15];[12,13,15]
[-51,16,-4];[58,54,45]
[-53,43,14];[50,50,50]
[24,46,-16];[23,23,23]
[23,38,13];[34,38,41]
[-65,50,0];[53,53,51]
[4,30,-15];[41,42,44]
[-87,42,4];[17,17,17]
[-64,43,-10];[41,42,44]
[38,5,4];[40,40,40]
[-51,41,-10];[14,14,14]
[12,44,-15];[39,43,44]
[-51,20,-5];[237,193,34]
[-56,49,-8];[2,2,2]
[-5,30,-15];[33,35,34]
[3,27,-10];[26,28,27]
[-51,38,-10];[60,62,59]
[-22,18,-6];[4,4,4]
[-84,46,2];[49,51,48]
[-57,43,-8];[5,5,5]
[-34,52,-9];[239,199,52]
[16,24,-7];[1,1,1]
[-24,43,-15];[54,49,43]
[-19,36,-11];[13,13,11]
[-46,32,5];[64,68,69]
[49,44,2];[48,41,31]
[-11,52,-11];[58,60,59]
[-63,31,5];[132,130,131]
[4,30,-17];[108,110,109]
[-44,40,-15];[241,197,49]
[33,39,-16];[55,57,56]
[17,52,-11];[66,66,66]
[-88,36,-7];[79,80,82]
[-57,43,-15];[246,210,74]
[-7,6,-12];[237,197,73]
[-65,38,-11];[51,51,51]
[29,33,-12];[63,63,61]
[-55,31,2];[23,24,26]
[-56,37,-15];[216,183,68]
[-25,46,-14];[252,204,42]
[-4,60,-3];[94,77,31]
[-7,43,-11];[79,123,196]
[-4,13,-14];[53,53,53]
[45,7,-4];[2,2,2]
[19,43,-13];[72,129,216]
[-56,49,-7];[1,1,1]
[82,25,-6];[77,78,82]
[-55,48,-4];[5,5,3]
[-29,29,1];[55,57,56]
[23,52,-11];[55,55,55]
[-19,49,-11];[75,50,0]
[-81,49,-3];[78,76,77]
[7,29,11];[41,31,4]
[8,32,-14];[6,6,8]
[11,60,-5];[252,221,112]
[56,20,-6];[110,109,114]
[-15,6,-12];[66,67,69]
[11,13,-14];[55,54,50]
[-23,45,-11];[55,57,56]
[1,58,5];[62,59,44]
[-60,48,-1];[10,8,9]
[32,41,-16];[17,17,19]
[-68,30,-6];[49,49,49]
[16,38,-15];[64,65,67]
[8,48,-9];[28,49,112]
[39,49,-10];[61,61,61]
[-22,16,-6];[57,57,57]
[-32,48,2];[57,59,58]
[43,45,-12];[61,61,61]
[-22,20,3];[42,44,43]
[40,38,-16];[56,56,56]
[20,52,-11];[54,56,55]
[-14,53,-11];[59,61,60]
[21,38,-15];[18,18,20]
[-84,42,-4];[12,14,13]
[2,31,16];[74,74,76]
[43,11,-6];[42,42,42]
[-55,36,-15];[68,55,36]
[53,18,-2];[26,27,29]
[40,47,-16];[103,104,106]
[37,31,-12];[78,82,85]
[-35,45,-11];[57,61,60]
[-86,34,1];[24,23,18]
[19,45,-16];[43,43,43]
[-50,36,11];[3,3,3]
[-28,31,11];[60,60,60]
[-9,31,-16];[93,85,74]
[-34,31,-9];[27,29,41]
[28,41,-16];[9,9,7]
[16,45,-17];[15,15,17]
[-83,41,3];[59,63,62]
[-11,56,4];[7,7,7]
[-17,41,-16];[1,1,1]
[-37,30,-11];[52,50,51]
[-37,36,-15];[125,180,208]
[-48,36,-15];[118,183,205]
[-7,46,13];[31,87,170]
[42,22,-3];[24,24,24]
[27,22,-8];[166,166,166]
[-45,41,-15];[85,62,10]
[-50,36,13];[105,201,223]
[8,45,10];[85,116,163]
[-13,50,-14];[57,57,57]
[88,30,-1];[68,66,67]
[-1,51,-12];[64,63,68]
[-29,16,4];[39,39,37]
[82,34,4];[15,15,17]
[-45,51,-1];[50,52,49]
[-78,47,-4];[30,29,25]
[38,30,5];[13,13,13]
[-19,51,3];[55,57,56]
[16,33,-14];[94,94,94]
[-56,19,-6];[50,49,45]
[49,37,3];[52,43,28]
[-36,47,-5];[70,71,66]
[38,35,15];[68,68,70]
[8,50,-13];[46,60,99]
[-16,51,-15];[97,97,95]
[11,43,-14];[10,23,161]
[56,15,1];[69,69,69]
[-58,19,-6];[85,79,65]
[-22,50,-5];[60,62,61]
[8,58,-3];[41,39,27]
[7,6,-12];[246,203,65]
[-27,41,-15];[225,193,80]
[41,35,-15];[24,24,24]
[-17,18,-7];[52,52,52]
[-52,21,3];[145,111,4]
[-2,12,13];[55,55,55]
[-44,49,11];[65,62,43]
[-6,34,10];[1,29,113]
[11,50,-13];[64,64,64]
[25,39,-13];[7,23,56]
[-72,49,6];[44,44,44]
[-56,33,-13];[60,60,60]
[-13,10,-14];[53,55,54]
[82,35,-6];[58,58,58]
[-26,16,2];[57,57,57]
[-24,37,-10];[50,52,49]
[-17,24,1];[21,21,19]
[-43,35,-11];[68,89,146]
[-87,44,-3];[12,12,12]
[-69,48,-8];[44,44,44]
[79,18,1];[36,35,30]
[-54,42,-15];[238,196,48]
[13,33,-17];[75,75,75]
[17,22,-2];[46,46,46]
[-33,54,-3];[22,22,20]
[-15,32,-16];[55,54,52]
[3,6,-12];[60,62,61]
[-17,36,-16];[2,2,2]
[-63,42,-10];[43,44,46]
[-91,38,-1];[19,19,19]
[25,41,-17];[7,8,12]
[-31,40,14];[243,205,18]
[-5,28,-12];[58,54,42]
[26,39,-17];[63,65,62]
[72,33,5];[61,62,64]
[-48,56,-3];[52,52,52]
[44,46,1];[52,52,52]
[-14,34,-15];[2,2,2]
[-9,49,-16];[76,77,79]
[-3,26,-9];[23,23,23]
[16,29,-12];[68,70,69]
[-49,37,-10];[92,101,118]
[88,28,3];[68,68,70]
[66,33,-5];[34,32,33]
[36,27,-8];[30,30,30]
[-64,30,3];[55,57,56]
[-30,54,3];[92,82,70]
[-65,39,-11];[49,51,50]
[19,44,-15];[14,17,26]
[-6,17,-14];[61,55,41]
[-93,40,-7];[28,30,29]
[-43,49,-8];[55,57,56]
[66,30,-6];[67,67,67]
[-16,1,1];[50,51,55]
[33,50,-13];[55,57,56]
[-89,44,4];[29,30,32]
[45,10,-5];[88,87,92]
[37,40,-16];[55,57,56]
[-7,32,-14];[58,57,53]
[39,5,-5];[59,59,59]
[-26,49,-12];[57,45,29]
[-57,18,-6];[54,52,55]
[-30,44,-8];[35,35,35]
[-49,42,-15];[66,60,44]
[-78,40,-1];[60,60,58]
[40,18,-7];[76,76,78]
[26,40,-16];[61,63,62]
[-30,31,-12];[62,62,60]
[-18,54,-9];[77,77,75]
[-64,30,4];[51,51,51]
[28,43,-17];[33,33,35]
[78,35,2];[20,20,20]
[-3,4,-11];[67,67,67]
[51,34,-6];[30,24,0]
[47,44,-5];[48,48,50]
[-22,51,-3];[75,77,76]
[69,39,-6];[38,37,33]
[43,40,11];[21,21,21]
[-85,38,-6];[11,11,9]
[-33,29,-10];[51,51,51]
[-42,48,-8];[55,57,56]
[17,20,-10];[34,34,34]
[-58,38,-10];[4,4,2]
[35,47,-16];[80,81,83]
[-34,42,-15];[51,51,49]
[79,17,0];[68,63,57]
[53,47,-4];[70,70,70]
[-57,22,-4];[2,2,2]
[53,10,2];[69,69,67]
[-90,34,-3];[54,54,54]
[7,31,-17];[81,81,73]
[-41,45,-11];[68,69,64]
[-54,32,-6];[2,2,2]
[-31,47,-7];[124,125,117]
[74,46,-1];[61,57,54]
[-17,45,-14];[26,28,27]
[16,23,-1];[28,28,28]
[3,53,9];[55,55,55]
[-67,48,4];[21,21,21]
[-52,28,-11];[51,51,49]
[33,48,-16];[82,82,82]
[-61,22,-3];[110,160,211]
[-82,38,-7];[23,23,23]
[-59,44,-14];[71,71,71]
[-20,47,-9];[47,48,50]
[-39,41,-15];[227,194,87]
[-41,32,-7];[205,170,42]
[38,34,-14];[59,59,57]
[3,26,-8];[15,15,13]
[42,46,-15];[52,52,50]
[-15,8,-13];[61,60,65]
[-70,29,2];[37,37,35]
[-32,41,-15];[242,201,59]
[-37,39,-12];[73,70,51]
[-10,4,-11];[102,81,36]
[-80,37,-3];[15,15,15]
[-79,47,-6];[65,65,63]
[3,47,-10];[10,60,183]
[-71,35,-10];[39,40,42]
[-80,37,1];[108,103,74]
[64,36,-6];[251,206,61]
[22,34,-14];[60,60,60]
[-55,58,-1];[19,21,20]
[-17,11,-11];[42,42,42]
[3,50,-15];[29,32,39]
[4,17,-14];[53,53,53]
[47,8,4];[16,16,16]
[43,43,-13];[21,21,21]
[-52,44,14];[49,51,50]
[-26,21,-5];[54,56,55]
[17,3,3];[55,55,57]
[21,48,15];[62,58,59]
[-54,50,-6];[7,7,7]
[10,35,-14];[14,33,91]
[74,24,1];[54,49,43]
[11,19,-13];[53,53,51]
[-37,42,-9];[47,47,47]
[18,39,-14];[24,33,64]
[-9,4,-11];[241,201,54]
[24,34,-16];[37,37,37]
[-11,42,-16];[76,75,73]
[-52,20,4];[143,117,22]
[-10,49,-15];[39,39,39]
[-10,5,-12];[90,71,31]
[6,36,-11];[44,63,95]
[-59,17,-1];[82,83,85]
[-69,44,-10];[43,44,46]
[-19,35,-11];[13,13,11]
[37,39,-16];[55,55,55]
[-24,41,-15];[52,52,50]
[-84,37,1];[14,14,14]
[1,46,9];[60,93,147]
[17,20,-8];[1,1,1]
[-29,40,-15];[250,206,47]
[20,53,-10];[56,56,56]
[13,48,-15];[51,51,51]
[30,39,-17];[16,16,16]
[-33,48,-9];[17,17,17]
[37,7,-3];[2,2,2]
[14,3,-10];[74,74,74]
[-42,44,-15];[172,151,72]
[41,37,-16];[73,74,76]
[-45,32,-7];[50,51,45]
[-82,37,5];[13,13,11]
[-9,59,-6];[60,62,61]
[-83,38,-2];[110,112,109]
[-79,35,1];[14,14,16]
[13,3,-10];[72,72,72]
[52,39,-6];[55,52,45]
[43,44,-11];[90,89,85]
[-24,34,13];[65,65,67]
[41,46,-14];[58,58,58]
[33,27,7];[40,41,43]
[-11,28,10];[37,37,37]
[-52,40,-15];[230,195,69]
[43,40,-12];[14,14,14]
[-48,39,-12];[25,25,25]
[-41,50,-11];[64,61,46]
[-2,32,-13];[34,35,40]
[-5,43,-12];[86,128,200]
[12,3,-10];[72,72,70]
[-7,4,-11];[210,171,66]
[-3,51,-13];[59,61,60]
[-34,53,-6];[68,60,49]
[-9,48,-17];[38,38,40]
[-24,37,-11];[50,52,49]
[88,44,-5];[73,74,76]
[-76,32,6];[77,78,80]
[16,21,0];[29,29,29]
[74,45,-3];[38,35,30]
[-30,48,-8];[29,29,29]
[20,24,-7];[5,5,5]
[-22,48,-7];[3,3,1]
[87,35,-6];[63,63,63]
[-22,50,-3];[32,32,32]
[46,42,-6];[42,44,43]
[-91,44,-3];[2,0,1]
[43,43,-14];[18,18,18]
[82,31,3];[12,12,14]
[38,35,-16];[71,72,76]
[-8,60,-4];[65,66,68]
[-51,45,14];[54,54,46]
[-35,30,-2];[53,55,54]
[-13,32,14];[48,48,46]
[-56,53,-6];[59,59,59]
[-66,32,7];[64,64,64]
[43,45,-10];[59,61,60]
[59,38,-6];[247,203,68]
[-85,37,1];[14,14,14]
[30,38,-17];[40,40,42]
[-86,36,-7];[67,68,70]
[26,52,-11];[56,56,56]
[-46,41,-15];[71,68,49]
[50,8,0];[93,118,159]
[-51,54,-3];[13,13,13]
[24,48,-16];[95,96,98]
[36,23,-7];[18,18,18]
[-15,35,-15];[31,33,32]
[-60,52,-5];[73,73,75]
[-41,38,-15];[67,47,12]
[-35,51,8];[243,204,21]
[87,21,-5];[57,57,57]
[-60,36,-12];[2,2,2]
[-23,34,8];[61,65,74]
[-52,30,2];[21,21,21]
[-8,11,-14];[248,206,60]
[-19,32,-14];[17,17,17]
[15,48,-16];[49,49,49]
[-39,55,-3];[38,38,38]
[-79,34,-7];[5,5,3]
[-1,29,11];[55,55,55]
[14,30,-13];[59,59,59]
[34,26,-7];[33,32,28]
[-63,48,-7];[43,45,44]
[20,54,-9];[4,4,4]
[26,30,-10];[5,5,5]
[21,33,-13];[63,63,63]
[14,34,16];[69,69,71]
[-30,50,-6];[54,54,52]
[-16,19,-8];[14,14,14]
[-22,38,-15];[45,45,43]
[24,54,-3];[56,56,56]
[24,15,-2];[1,3,2]
[-7,22,-12];[216,178,55]
[-45,36,-14];[118,169,188]
[-50,30,1];[54,54,52]
[-19,42,-12];[13,13,11]
[-23,37,-15];[44,49,53]
[38,34,-16];[69,70,72]
[49,9,3];[4,6,5]
[-57,54,1];[1,1,1]
[-54,48,-12];[70,68,47]
[-42,37,8];[27,29,28]
[-35,38,-12];[68,68,66]
[69,47,-1];[57,57,57]
[-24,21,6];[55,57,56]
[-48,34,-11];[102,95,67]
[-57,32,-9];[4,4,4]
[-7,13,-14];[227,188,67]
[31,33,-13];[68,69,73]
[-67,41,-11];[15,15,15]
[53,10,-3];[71,71,71]
[-82,42,1];[72,79,87]
[31,48,-15];[52,52,52]
[-43,24,-6];[23,22,17]
[42,39,-16];[70,70,72]
[-14,48,-16];[65,69,68]
[-81,41,6];[13,13,13]
[-28,21,-5];[15,15,3]
[-84,38,-6];[14,14,14]
[-10,34,-16];[39,40,42]
[-35,23,4];[52,56,59]
[-7,51,-15];[73,73,73]
[-9,55,-9];[52,52,52]
[-5,17,-14];[55,55,55]
[-46,42,-15];[52,53,48]
[13,10,-14];[54,56,55]
[-59,41,-14];[60,61,63]
[19,10,0];[50,50,52]
[-43,50,-10];[208,177,71]
[-50,37,-12];[3,4,6]
[19,58,1];[35,43,62]
[-56,18,-6];[59,55,54]
[-66,29,-2];[65,66,68]
[15,22,-11];[43,45,44]
[-6,0,4];[62,62,62]
[-12,36,-17];[84,90,88]
[17,37,-17];[54,54,56]
[-42,24,-5];[44,42,43]
[-40,41,-10];[123,127,126]
[21,47,15];[77,80,85]
[-59,18,3];[4,4,4]
[2,14,-14];[55,55,55]
[-39,48,-12];[79,71,35]
[88,32,3];[68,70,69]
[-19,51,-2];[67,69,68]
[-87,40,-6];[3,3,3]
[8,51,-16];[95,99,100]
[-2,42,-11];[85,120,188]
[56,22,3];[35,35,35]
[-39,25,-6];[15,14,12]
[-12,35,-15];[1,1,1]
[28,54,-5];[58,58,56]
[-49,36,-11];[1,5,6]
[43,14,6];[68,68,68]
[-32,38,-15];[251,206,55]
[34,50,-13];[53,55,54]
[-2,32,-14];[10,10,12]
[-34,38,-15];[238,197,69]
[-28,45,8];[49,51,50]
[-34,29,-5];[35,36,40]
[32,50,-13];[54,54,54]
[-4,52,10];[56,58,57]
[-40,34,-8];[199,168,51]
[6,48,-8];[42,66,140]
[-17,48,-15];[57,58,60]
[-48,52,8];[211,185,74]
[-36,39,-15];[52,53,48]
[29,42,-16];[7,7,7]
[16,43,-13];[71,131,215]
[7,48,-12];[33,60,137]
[-50,36,-14];[129,174,195]
[-48,48,-4];[45,45,43]
[-16,3,-4];[49,49,51]
[-69,42,10];[52,52,54]
[26,28,-11];[58,62,63]
[-26,42,-15];[194,163,70]
[-71,37,-12];[38,38,38]
[-17,14,-9];[20,22,21]
[-28,42,11];[131,133,122]
[-42,50,-6];[14,14,14]
[-1,20,-13];[54,54,52]
[-40,16,4];[38,37,33]
[1,52,-11];[56,56,56]
[-47,39,-15];[74,63,41]
[-9,14,-14];[234,195,56]
[-25,47,-7];[29,29,29]
[58,19,-6];[72,71,76]
[8,29,11];[76,69,43]
[-26,38,-15];[52,53,48]
[-81,46,4];[16,16,14]
[62,40,-6];[53,53,51]
[-80,47,-3];[1,3,2]
[-4,30,-17];[109,111,108]
[2,44,-11];[77,116,191]
[-22,18,2];[17,17,17]
[-6,45,-10];[75,118,196]
[-29,24,-6];[14,14,12]
[-19,49,13];[35,32,25]
[19,48,14];[64,63,61]
[-59,41,-9];[2,1,6]
[17,19,6];[2,2,2]
[-84,31,1];[71,71,71]
[-19,36,-10];[13,13,11]
[-15,16,-13];[48,48,48]
[88,25,-5];[106,106,106]
[76,39,5];[72,69,64]
[7,32,-14];[4,5,7]
[76,41,-6];[175,148,59]
[58,17,0];[65,65,65]
[-37,36,-9];[49,51,48]
[-72,28,0];[64,64,64]
[-90,39,-8];[71,71,71]
[92,44,-3];[72,72,72]
[21,40,-13];[71,135,223]
[-25,35,-14];[41,42,46]
[16,11,-8];[23,25,24]
[73,45,-5];[51,52,54]
[-51,44,-12];[33,33,31]
[-6,4,9];[226,191,47]
[-56,20,-6];[34,33,31]
[10,30,-15];[169,148,85]
[23,40,12];[58,121,252]
[61,22,3];[57,57,55]
[54,19,3];[31,31,31]
[-35,43,-9];[61,63,60]
[14,3,9];[74,74,74]
[14,46,-17];[82,83,85]
[55,38,-6];[248,215,110]
[-15,31,-14];[67,66,64]
[-71,36,-12];[46,48,47]
[85,45,-4];[69,70,72]
[-37,31,-5];[192,162,48]
[76,25,-7];[130,97,66]
[-60,41,8];[6,7,9]
[-25,20,-5];[26,26,24]
[58,18,-2];[64,64,64]
[23,22,-8];[57,51,53]
[-42,50,5];[73,74,69]
[12,46,-15];[34,35,37]
[-54,41,-15];[239,194,49]
[25,28,-11];[56,57,59]
[-16,19,-2];[39,40,42]
[15,23,9];[19,20,22]
[-54,43,-15];[236,194,50]
[7,8,-13];[249,204,63]
[-60,35,-13];[95,94,99]
[-28,48,-8];[78,79,73]
[-1,59,-3];[110,96,61]
[-3,39,-11];[82,117,183]
[47,36,-1];[54,51,46]
[71,47,1];[58,58,58]
[82,31,-4];[30,32,31]
[81,43,-5];[67,68,70]
[-90,43,5];[72,72,72]
[-5,23,-10];[38,37,35]
[-32,51,-2];[49,49,49]
[-17,49,-14];[56,57,59]
[38,33,-13];[65,66,68]
[38,49,-14];[79,79,81]
[78,23,-7];[58,57,55]
[-72,50,-3];[44,44,44]
[14,45,-15];[47,47,47]
[-10,49,-16];[61,63,62]
[86,15,3];[73,74,76]
[-64,47,-7];[46,46,46]
[32,54,0];[58,58,58]
[-49,56,1];[58,58,58]
[33,17,-5];[48,47,45]
[-57,41,-15];[68,51,0]
[49,45,2];[45,40,34]
[8,0,1];[242,202,80]
[5,38,-12];[41,54,73]
[16,33,-13];[12,12,12]
[23,55,-6];[77,77,79]
[4,32,-16];[40,44,47]
[-34,34,-10];[46,48,47]
[-81,43,-3];[198,166,43]
[-93,43,2];[74,76,75]
[4,39,-12];[70,90,140]
[-10,45,-15];[73,74,76]
[-29,32,-8];[51,51,53]
[-35,41,-10];[64,65,59]
[-22,38,-12];[13,13,11]
[-57,28,-13];[70,70,70]
[-19,40,-17];[48,48,50]
[-60,32,-9];[1,1,1]
[-39,46,5];[6,6,6]
[-55,40,-12];[6,6,4]
[80,26,-4];[7,6,4]
[-13,12,-14];[52,54,53]
[-34,47,-13];[232,194,59]
[16,42,-13];[67,132,216]
[-21,49,-11];[244,200,41]
[-24,35,9];[2,1,0]
[12,24,-9];[17,17,17]
[-2,33,-13];[23,40,86]
[24,45,-15];[46,47,49]
[-26,48,-7];[29,29,29]
[-29,44,-11];[56,58,55]
[16,44,-15];[19,22,31]
[-23,48,-13];[252,204,44]
[-54,29,2];[1,1,1]
[-40,34,-14];[62,61,59]
[-56,28,-13];[67,66,64]
[34,42,-16];[29,29,29]
[60,40,5];[59,61,60]
[71,40,-6];[53,55,54]
[25,32,10];[8,8,8]
[53,47,-2];[60,60,60]
[-37,37,-9];[19,19,17]
[-34,34,-9];[31,31,29]
[-47,33,-10];[94,96,95]
[-16,8,-5];[2,2,2]
[22,54,-3];[14,14,14]
[-17,43,-15];[8,8,8]
[-85,36,-6];[14,14,14]
[-50,43,-9];[54,56,53]
[-7,31,-17];[70,70,72]
[-48,37,-12];[77,79,76]
[-2,30,-13];[52,54,53]
[-41,16,-5];[151,129,53]
[-10,43,-15];[77,81,84]
[60,31,0];[37,38,33]
[26,23,-7];[25,25,25]
[-39,47,-14];[239,198,56]
[-17,26,4];[38,38,36]
[19,58,-3];[35,42,60]
[58,41,5];[61,61,61]
[-26,54,-3];[33,33,33]
[37,44,-16];[55,57,56]
[81,33,3];[79,78,83]
[-45,32,-13];[65,65,63]
[-78,48,4];[8,8,8]
[-12,21,-12];[49,49,49]
[38,43,-16];[55,55,53]
[28,40,-17];[23,23,23]
[-87,42,3];[33,33,33]
[-21,16,4];[50,51,55]
[-28,47,-8];[32,33,35]
[-16,10,0];[2,2,2]
[16,3,-9];[50,50,50]
[-21,20,5];[1,1,0]
[6,34,-10];[16,33,115]
[-59,44,-15];[110,109,105]
[-54,21,3];[194,155,2]
[-73,29,-5];[67,68,70]
[-62,45,-8];[21,22,24]
[-8,48,-14];[47,52,56]
[15,60,-5];[176,155,90]
[-16,30,14];[141,143,142]
[74,23,-1];[75,68,58]
[-23,47,-10];[46,48,47]
[39,8,4];[40,41,43]
[-60,37,-13];[62,62,64]
[-8,36,-13];[42,79,160]
[19,52,-10];[54,56,55]
[-38,32,-9];[102,104,103]
[-22,26,-11];[31,31,29]
[56,46,3];[70,71,73]
[-32,18,-6];[58,58,48]
[-40,48,11];[227,196,54]
[60,46,-4];[71,71,71]
[16,50,-13];[55,55,55]
[66,27,-2];[36,36,36]
[22,32,-10];[11,11,13]
[-32,44,-11];[2,2,2]
[-50,34,13];[63,64,68]
[15,5,-11];[49,49,49]
[-8,45,-13];[0,28,84]
[-6,30,14];[35,35,35]
[-26,49,3];[59,61,60]
[35,30,-9];[1,3,2]
[-45,43,-15];[51,50,48]
[-16,3,4];[44,44,44]
[9,32,-15];[8,8,8]
[-24,34,-14];[64,64,64]
[-55,60,0];[15,15,15]
[-32,34,-14];[152,152,152]
[-88,46,-4];[62,64,63]
[-69,40,-12];[33,33,33]
[21,15,-3];[42,42,44]
[21,48,-15];[54,54,54]
[38,49,-9];[61,61,61]
[76,22,6];[65,65,63]
[-24,40,14];[57,58,53]
[13,25,-8];[10,10,10]
[39,38,-16];[55,57,56]
[-58,47,4];[2,2,2]
[46,6,-2];[75,75,75]
[12,32,-16];[5,4,2]
[-83,38,2];[6,6,6]
[26,16,1];[1,1,1]
[-56,34,6];[6,6,6]
[55,39,-6];[43,42,40]
[39,32,-10];[42,43,38]
[-7,51,-16];[91,91,89]
[-37,31,2];[60,62,61]
[-18,51,-12];[74,70,67]
[-19,33,-16];[33,34,36]
[-21,41,-15];[52,52,52]
[-20,37,-15];[48,48,48]
[39,48,-7];[59,61,60]
[36,38,-16];[49,51,50]
[-35,52,-8];[56,53,48]
[-17,39,-15];[27,29,28]
[42,4,4];[111,112,114]
[-54,53,4];[22,21,19]
[-23,53,-5];[73,70,65]
[-32,21,4];[218,178,5]
[-77,41,-10];[26,26,26]
[1,21,-12];[53,53,53]
[-12,33,-17];[93,93,93]
[-51,38,-12];[3,4,6]
[13,0,0];[68,69,71]
[-76,45,-9];[80,82,81]
[1,16,-14];[54,54,54]
[-37,47,-13];[249,205,48]
[-1,23,-10];[27,27,27]
[-55,28,-11];[36,38,37]
[42,4,1];[77,78,80]
[3,2,-9];[68,70,69]
[-51,37,-10];[40,42,41]
[19,31,-11];[40,42,41]
[-48,29,-3];[92,94,91]
[52,17,-4];[12,14,13]
[-64,34,-9];[51,53,52]
[-1,32,12];[104,108,119]
[-51,48,-9];[1,1,1]
[-50,37,-15];[51,53,52]
[13,15,-14];[54,54,54]
[59,47,-2];[58,58,56]
[13,41,15];[70,74,75]
[19,59,2];[21,21,23]
[13,33,-15];[34,33,28]
[9,27,-10];[51,37,11]
[3,19,-13];[54,54,52]
[2,51,-14];[58,60,59]
[-90,42,6];[59,59,59]
[21,36,-15];[51,51,51]
[-46,55,1];[25,25,25]
[-22,50,-11];[246,203,39]
[-87,45,-6];[78,78,78]
[-28,51,-3];[53,53,53]
[86,29,5];[65,67,66]
[7,34,-11];[21,58,175]
[28,22,-8];[172,171,169]
[14,19,-13];[55,55,55]
[-16,15,-9];[4,4,4]
[-28,45,-11];[35,36,38]
[-56,29,-1];[2,2,2]
[15,22,11];[56,57,61]
[-29,50,4];[60,62,61]
[-12,41,-17];[40,40,40]
[44,9,-3];[4,2,3]
[88,33,2];[67,67,67]
[8,30,-13];[50,50,48]
[-7,36,-14];[16,52,140]
[-21,40,14];[50,50,50]
[40,47,-15];[110,110,110]
[22,28,-11];[17,17,19]
[-24,49,-12];[252,207,54]
[-93,38,0];[108,109,111]
[-91,44,3];[3,3,3]
[-83,33,-5];[75,77,76]
[27,49,-14];[52,54,53]
[-19,17,-1];[65,67,64]
[31,48,-16];[86,85,83]
[-75,35,-10];[93,94,96]
[33,34,-16];[54,54,56]
[-52,51,-10];[65,61,49]
[30,34,-15];[55,56,58]
[-49,41,-15];[65,62,47]
[-54,51,-4];[7,7,5]
[-24,38,-12];[67,69,66]
[45,11,-7];[83,84,86]
[38,7,-4];[3,3,3]
[-35,28,-10];[53,55,54]
[58,23,-5];[61,61,63]
[75,36,5];[70,67,62]
[-4,10,-14];[54,54,54]
[-9,59,4];[83,81,82]
[14,43,-15];[22,33,50]
[-51,43,-15];[227,185,51]
[5,49,-11];[49,72,142]
[-81,44,-9];[76,76,76]
[5,43,-11];[48,64,87]
[-19,43,-16];[27,26,24]
[-51,37,14];[35,38,45]
[-11,46,-16];[23,22,20]
[-55,46,-10];[5,5,5]
[-59,34,-8];[1,1,0]
[43,41,-13];[14,16,15]
[-58,50,-6];[1,1,1]
[-39,29,-2];[25,25,23]
[-43,29,-2];[35,35,33]
[-57,33,-6];[6,6,4]
[27,46,-16];[37,36,31]
[41,36,-6];[16,16,18]
[-81,41,8];[76,75,73]
[-58,31,-2];[4,4,2]
[42,10,-5];[25,25,25]
[14,36,-16];[87,87,95]
[-4,25,-9];[9,9,7]
[13,14,-14];[55,55,55]
[-74,33,8];[13,13,13]
[-24,47,-13];[252,204,46]
[-57,22,5];[19,19,19]
[-36,28,-11];[54,54,54]
[25,31,-11];[48,52,53]
[-21,44,-10];[3,5,4]
[85,42,-5];[67,71,74]
[-3,42,-11];[84,122,185]
[4,29,-12];[56,56,56]
[-28,33,-9];[57,57,55]
[11,18,-13];[53,53,51]
[91,42,2];[76,76,76]
[17,14,-9];[12,12,14]
[-24,36,-11];[57,59,58]
[45,10,-4];[3,3,3]
[15,32,-14];[61,61,61]
[11,50,-16];[100,102,101]
[35,13,-3];[29,28,23]
[-28,39,-15];[64,59,40]
[10,33,-17];[84,84,84]
[-26,19,1];[65,66,68]
[35,16,-6];[56,55,53]
[12,52,-12];[117,119,118]
[19,11,0];[112,95,41]
[-84,35,-3];[19,19,19]
[37,43,-16];[56,56,56]
[-16,14,-12];[50,51,53]
[14,52,-11];[88,90,89]
[11,47,-14];[31,32,36]
[-33,29,-1];[65,67,66]
[-89,43,2];[3,3,3]
[-20,51,1];[51,51,51]
[14,25,-9];[15,15,15]
[12,37,-16];[26,30,33]
[-15,43,14];[55,57,54]
[-18,46,-17];[80,81,85]
[2,57,-8];[74,72,49]
[-45,51,-9];[238,198,41]
[-40,26,-10];[69,69,67]
[-38,41,-12];[59,59,49]
[-48,43,-15];[66,60,44]
[-30,35,8];[35,37,36]
[17,45,-16];[18,18,18]
[-61,22,-1];[150,183,216]
[20,57,-2];[34,41,57]
[0,39,-12];[83,118,184]
[-35,45,-8];[61,63,62]
[5,30,-15];[41,43,42]
[87,14,2];[74,76,75]
[-53,37,-15];[80,83,88]
[-72,35,-11];[45,47,46]
[-52,16,2];[240,201,82]
[12,48,-16];[67,67,65]
[76,46,-2];[255,220,6]
[-64,30,-5];[59,59,59]
[24,28,-11];[37,38,40]
[-41,37,-15];[50,53,46]
[20,24,-1];[30,31,26]
[5,51,-16];[90,95,99]
[-51,16,1];[67,67,65]
[-1,38,-12];[72,107,173]
[82,28,4];[17,17,17]
[17,17,-7];[13,13,13]
[13,38,-16];[65,69,68]
[-6,31,16];[101,100,98]
[-48,31,-9];[58,59,61]
[7,10,-14];[247,206,66]
[-21,26,11];[64,64,64]
[-51,36,-11];[3,4,6]
[-80,40,-7];[6,2,0]
[-9,46,-15];[39,40,44]
[-34,39,-10];[50,51,53]
[-1,16,-14];[53,53,53]
[12,50,-13];[55,55,55]
[-6,23,-11];[48,42,30]
[-56,44,-15];[209,208,160]
[-37,45,-14];[250,206,49]
[31,52,-11];[56,56,56]
[32,47,-16];[78,79,81]
[45,35,-3];[27,26,22]
[64,46,4];[53,53,53]
[19,48,-15];[58,58,58]
[17,17,-8];[125,124,130]
[46,11,-7];[78,78,78]
[-12,30,-14];[54,54,52]
[14,1,-8];[57,59,58]
[37,48,-15];[56,56,54]
[11,31,-16];[17,16,14]
[-39,49,-8];[60,62,59]
[-40,44,-15];[242,198,41]
[-17,26,1];[35,35,33]
[-7,30,-14];[53,52,47]
[-16,54,3];[44,44,44]
[29,27,-11];[65,65,67]
[38,37,15];[58,62,61]
[12,1,-8];[61,61,61]
[32,39,-16];[3,3,5]
[-76,40,-9];[74,76,75]
[-44,56,0];[46,46,46]
[-9,38,-14];[37,64,115]
[16,56,-9];[96,89,70]
[-29,42,-12];[38,40,39]
[-15,21,-11];[45,45,45]
[-3,45,9];[32,74,148]
[-6,4,-10];[72,71,69]
[-9,33,-17];[71,71,71]
[-45,44,-9];[55,55,55]
[7,52,-12];[53,54,56]
[12,47,-16];[9,9,9]
[-47,30,2];[103,108,112]
[35,34,-16];[92,93,95]
[25,43,-15];[1,2,4]
[-31,49,-7];[17,19,18]
[-86,35,2];[23,23,23]
[-12,20,-13];[51,51,51]
[30,44,-16];[60,60,58]
[39,32,11];[68,68,70]
[30,43,-17];[15,15,15]
[-44,39,-15];[242,196,48]
[-23,49,-11];[249,205,44]
[81,32,-4];[27,27,29]
[25,22,5];[64,65,67]
[-86,38,-2];[9,9,7]
[21,22,1];[41,41,39]
[13,22,-11];[51,51,51]
[-10,57,-1];[49,49,49]
[22,36,-16];[47,47,47]
[29,44,-17];[17,17,19]
[8,0,2];[243,202,76]
[-14,20,-12];[56,58,57]
[-55,16,0];[242,202,80]
[53,46,3];[71,72,74]
[34,38,-16];[27,29,28]
[-79,43,-5];[5,5,3]
[-17,13,-3];[25,24,22]
[-86,48,-1];[59,59,59]
[-10,1,-7];[243,200,46]
[-60,39,-13];[77,77,77]
[-56,34,-14];[60,60,58]
[-6,51,-16];[74,74,74]
[-66,30,-5];[42,42,42]
[-22,31,12];[47,47,45]
[19,25,0];[23,24,19]
[-14,18,-13];[65,66,68]
[-11,3,9];[99,94,74]
[-1,31,-17];[106,104,105]
[-53,28,-10];[47,47,47]
[87,29,-5];[61,61,61]
[-1,51,11];[57,57,59]
[-60,51,5];[78,78,78]
[-83,45,-6];[33,33,33]
[-34,43,-9];[34,36,33]
[1,41,-12];[78,115,185]
[14,26,-8];[25,23,24]
[28,46,-16];[21,20,16]
[-20,35,-11];[13,13,11]
[-50,38,-12];[3,4,6]
[-34,47,-5];[116,118,115]
[-59,42,-12];[10,10,8]
[58,46,-5];[51,51,51]
[-43,30,-1];[6,8,7]
[39,4,-4];[84,83,88]
[85,45,-3];[63,64,66]
[-34,46,9];[34,55,120]
[32,38,-17];[59,63,62]
[-13,11,-14];[52,54,53]
[-29,37,-15];[55,59,60]
[-8,50,-14];[36,36,36]
[-29,31,-8];[60,60,60]
[73,26,0];[41,32,23]
[-13,0,-4];[70,72,71]
[-81,41,-6];[66,68,67]
[6,2,-8];[58,57,53]
[48,33,-2];[56,57,51]
[-20,55,-2];[41,41,41]
[-39,44,-9];[47,47,47]
[-59,25,-5];[25,25,25]
[-28,49,-11];[50,50,50]
[8,33,-13];[26,46,117]
[-22,50,-10];[248,204,43]
[-34,29,1];[26,27,29]
[9,39,-12];[22,64,182]
[-2,8,-13];[57,57,57]
[-10,27,9];[30,29,24]
[30,54,-7];[57,57,55]
[77,42,-6];[245,205,74]
[6,30,-16];[1,1,1]
[-10,13,-14];[71,58,26]
[7,60,5];[155,140,81]
[12,34,-17];[82,81,79]
[5,50,-15];[25,28,35]
[28,47,-16];[92,90,91]
[-1,60,-3];[125,109,60]
[-53,35,-14];[51,55,56]
[9,45,-11];[82,127,208]
[11,39,-13];[7,14,120]
[-25,47,-10];[4,4,6]
[-27,20,4];[5,5,5]
[21,35,-16];[77,81,84]
[-36,45,-11];[73,74,76]
[28,8,-2];[18,16,17]
[-42,36,-14];[111,172,203]
[-17,37,-15];[3,3,3]
[-55,51,-10];[58,58,58]
[17,60,1];[54,55,57]
[-2,49,-8];[48,68,129]
[47,36,-3];[0,1,0]
[-31,50,-6];[36,38,37]
[12,53,-11];[87,87,85]
[4,50,-16];[60,64,67]
[-50,48,-8];[3,3,3]
[-16,3,-6];[42,43,45]
[45,6,-5];[116,115,113]
[21,38,-14];[9,13,25]
[25,22,-1];[24,25,20]
[5,20,-12];[53,53,53]
[-79,39,5];[37,35,36]
[22,38,14];[132,131,127]
[40,7,-5];[67,68,70]
[-88,42,7];[65,65,63]
[-8,26,-9];[86,74,24]
[-82,36,-8];[68,68,68]
[20,34,-16];[48,52,51]
[27,13,-2];[5,5,7]
[-29,16,-2];[68,69,71]
[9,32,-17];[49,49,49]
[3,37,-12];[79,116,184]
[39,26,-2];[16,16,16]
[-63,29,-2];[55,55,53]
[36,34,-13];[35,35,35]
[-60,20,2];[10,11,15]
[42,46,3];[50,50,50]
[-58,36,-12];[8,8,8]
[9,0,-2];[241,203,78]
[16,39,-13];[79,137,218]
[-43,38,-15];[249,204,63]
[-28,29,-11];[29,27,28]
[29,8,-1];[18,18,18]
[-56,25,-7];[4,3,1]
[-75,40,-11];[106,110,111]
[55,41,-6];[51,51,49]
[3,58,-7];[47,49,48]
[43,43,-15];[24,24,24]
[-20,40,-11];[203,168,38]
[77,21,-6];[58,58,56]
[-76,44,-10];[73,73,73]
[-82,42,-2];[10,10,10]
[-35,35,-11];[52,79,150]
[-6,26,-9];[34,33,28]
[-35,32,-13];[66,65,63]
[-42,33,-14];[64,64,64]
[-23,35,-15];[56,55,53]
[-14,54,-2];[35,35,35]
[-13,32,-16];[59,58,56]
[-21,39,-11];[203,168,38]
[-35,33,-13];[66,66,64]
[-82,33,-4];[23,23,23]
[-51,46,-10];[2,2,0]
[34,40,-16];[31,31,31]
[-70,32,-9];[54,56,55]
[28,50,-13];[54,54,54]
[38,30,-11];[109,109,107]
[-48,56,0];[55,55,55]
[38,25,-7];[61,61,61]
[41,47,-13];[59,59,59]
[-17,26,-1];[35,35,33]
[82,45,1];[65,66,61]
[-66,49,-5];[51,51,51]
[41,36,-7];[16,16,18]
[6,30,-15];[44,44,44]
[-48,37,-10];[23,25,24]
[38,11,-5];[56,55,51]
[-10,33,-17];[87,89,88]
[-37,46,13];[238,214,82]
[-16,3,-7];[53,55,54]
[77,23,-7];[62,58,55]
[-24,53,-4];[56,46,34]
[-58,23,-8];[35,35,35]
[18,56,-9];[68,68,70]
[-10,26,8];[104,86,22]
[-47,49,-8];[3,3,3]
[-89,34,4];[76,76,76]
[6,23,-10];[56,46,19]
[-10,22,-12];[69,55,26]
[9,1,-6];[240,203,73]
[-86,39,-8];[65,65,67]
[-18,26,-5];[27,27,25]
[-30,38,-10];[41,43,42]
[-22,34,-11];[37,37,35]
[43,42,-16];[87,87,89]
[-19,51,9];[104,81,39]
[29,38,-16];[15,17,16]
[-11,7,-13];[64,61,54]
[-90,37,-7];[71,73,72]
[-69,46,-9];[41,42,44]
[83,14,2];[71,73,72]
[87,45,1];[60,60,60]
[-21,50,3];[98,100,99]
[8,12,-14];[249,204,59]
[-36,25,-9];[66,68,67]
[42,14,-7];[65,66,68]
[-8,32,-17];[81,82,84]
[-36,27,-10];[56,56,54]
[-12,55,4];[30,30,30]
[6,16,-15];[80,83,88]
[-8,30,-17];[75,72,65]
[-60,38,-13];[60,62,61]
[6,19,-13];[74,67,41]
[-25,40,14];[56,56,48]
[5,55,-9];[13,8,4]
[-87,39,0];[48,50,49]
[-24,51,1];[93,95,92]
[-29,53,-7];[247,208,42]
[-59,46,-10];[12,12,10]
[-38,46,-6];[70,71,66]
[81,14,0];[72,73,75]
[-12,48,-16];[70,71,73]
[83,44,-5];[74,75,77]
[15,18,-14];[60,60,62]
[-53,36,-15];[58,58,56]
[89,37,-2];[66,66,64]
[-3,46,-10];[68,109,191]
[-24,21,-8];[76,78,77]
[-48,35,-11];[127,111,49]
[7,50,-15];[26,27,32]
[-68,45,-10];[14,14,16]
[80,27,-1];[41,41,41]
[82,15,-4];[58,58,58]
[-17,22,4];[13,13,13]
[7,30,-16];[29,29,29]
[-49,48,2];[56,58,57]
[-36,50,9];[241,205,20]
[36,34,12];[49,49,49]
[-3,48,-7];[50,72,132]
[7,50,-14];[37,43,57]
[-7,49,-16];[13,15,14]
[-41,39,14];[58,54,51]
[-89,41,1];[66,68,67]
[-66,39,-11];[54,56,55]
[9,30,-16];[4,3,0]
[-39,41,-10];[124,128,127]
[-7,24,-9];[186,149,19]
[31,20,-5];[48,47,45]
[-20,33,12];[54,56,55]
[46,5,-4];[72,72,72]
[5,15,-14];[54,53,51]
[6,49,-10];[38,62,134]
[-11,48,-16];[53,55,54]
[-21,17,-7];[16,16,14]
[-19,39,-12];[23,14,0]
[51,35,-1];[18,17,15]
[-59,48,-12];[58,58,58]
[-1,30,-17];[118,120,117]
[-27,43,10];[80,81,76]
[25,49,-14];[53,53,53]
[88,15,1];[69,69,69]
[87,46,0];[56,58,57]
[-51,45,-8];[93,85,48]
[43,42,-15];[14,14,16]
[13,16,-14];[54,56,55]
[-20,50,-10];[236,194,32]
[-78,33,-8];[51,51,53]
[19,58,-2];[33,42,59]
[-81,40,-10];[74,75,79]
[-37,53,-7];[65,62,53]
[8,7,-13];[249,204,59]
[88,27,-5];[110,112,111]
[-11,23,-10];[27,27,25]
[-15,37,-15];[43,45,44]
[76,21,0];[66,58,47]
[-17,30,-14];[58,59,53]
[-45,28,-10];[51,51,51]
[-56,44,-11];[8,8,8]
[-6,19,-13];[60,57,42]
[-36,31,4];[60,62,61]
[-23,48,12];[248,216,37]
[-4,53,-10];[52,52,52]
[-68,43,-11];[50,48,51]
[17,6,-7];[1,1,1]
[19,35,-16];[74,78,79]
[-10,48,-17];[88,89,91]
[-23,21,-7];[67,69,68]
[13,42,-16];[76,85,90]
[-18,14,3];[27,25,26]
[51,9,3];[69,69,69]
[-58,52,-7];[57,57,57]
[59,19,-6];[89,87,88]
[-37,20,-6];[216,183,68]
[-88,40,-8];[100,100,98]
[-52,27,-11];[54,54,54]
[16,0,-1];[53,53,53]
[8,1,6];[239,196,29]
[80,26,1];[30,30,30]
[12,59,-5];[163,132,65]
[-53,39,-12];[55,55,55]
[-32,38,-10];[23,23,23]
[9,32,16];[77,77,75]
[-38,55,-3];[39,39,39]
[-19,42,-17];[93,93,93]
[-27,35,-10];[56,58,55]
[29,28,-11];[82,82,84]
[29,43,-17];[32,32,32]
[80,35,-3];[25,25,25]
[16,47,-16];[63,64,66]
[51,8,1];[70,70,70]
[51,12,-4];[52,53,55]
[-61,24,3];[98,119,138]
[-1,50,-16];[51,54,61]
[-38,48,-13];[237,198,61]
[-33,31,-5];[67,69,68]
[-1,60,-6];[239,202,59]
[-39,47,-5];[70,71,66]
[38,31,-2];[60,60,60]
[-78,35,-1];[50,50,50]
[-60,42,-13];[30,29,35]
[-16,7,-6];[2,2,2]
[-14,32,15];[51,51,51]
[-29,55,-3];[41,41,39]
[9,51,-16];[112,111,107]
[-12,28,-12];[49,49,47]
[-87,42,-2];[8,10,9]
[74,22,3];[62,52,40]
[19,34,-15];[48,48,50]
[73,30,-6];[46,47,49]
[74,24,-4];[87,86,84]
[-24,22,-8];[56,56,56]
[-82,43,-2];[10,10,10]
[13,58,-6];[69,64,42]
[16,37,-16];[6,6,6]
[16,10,-6];[49,49,51]
[16,13,-7];[33,35,34]
[-29,34,-14];[54,58,57]
[42,22,-2];[22,22,22]
[-82,35,2];[26,26,24]
[-8,48,-16];[25,27,26]
[-18,28,-12];[75,75,75]
[88,22,-4];[62,62,60]
[-22,44,-11];[55,57,56]
[-26,19,-2];[30,30,28]
[-60,32,-5];[10,10,10]
[-17,46,-16];[16,16,16]
[-30,35,-11];[23,22,17]
[-43,41,-15];[239,197,51]
[7,58,-6];[85,73,35]
[-4,51,-16];[61,65,68]
[-18,25,-11];[17,17,19]
[-25,41,-11];[134,119,60]
[-18,45,-17];[77,78,83]
[-47,32,8];[163,143,70]
[-51,37,-15];[54,55,59]
[32,34,-15];[59,61,58]
[-14,54,-3];[34,36,35]
[29,45,-16];[23,23,25]
[-28,51,0];[46,46,44]
[-6,51,-13];[61,61,61]
[-35,28,-1];[2,2,2]
[-52,47,-13];[111,82,14]
[10,30,-17];[55,55,55]
[24,54,-8];[61,61,59]
[-51,29,-2];[5,5,5]
[-35,33,-14];[59,59,59]
[-58,52,-9];[58,60,59]
[-5,48,-9];[76,90,127]
[22,56,-5];[32,32,32]
[-41,47,-14];[63,60,45]
[-43,30,-2];[6,8,7]
[-13,36,-15];[9,11,10]
[69,47,1];[60,58,59]
[5,40,11];[71,106,160]
[31,46,-16];[17,16,14]
[-87,39,-7];[9,9,9]
[79,23,-6];[56,56,54]
[37,13,4];[61,60,58]
[38,11,3];[35,34,30]
[-34,49,-1];[60,75,118]
[25,40,-13];[6,16,41]
[-86,40,5];[32,34,33]
[9,46,-12];[18,61,174]
[76,22,-6];[61,60,58]
[-71,31,-9];[37,38,40]
[18,13,-6];[10,10,10]
[66,47,3];[70,70,72]
[-82,46,3];[41,40,35]
[3,34,-11];[16,58,170]
[32,43,-16];[64,64,62]
[39,45,-16];[57,57,57]
[-51,16,2];[67,67,67]
[-55,31,-4];[2,4,3]
[13,46,-17];[30,30,28]
[-48,21,4];[216,180,8]
[-2,31,-16];[41,41,43]
[-79,35,-2];[120,115,86]
[26,44,-16];[56,61,67]
[55,20,-3];[23,25,24]
[-14,41,-15];[42,43,45]
[-36,50,-5];[5,5,5]
[6,4,-10];[83,80,71]
[14,42,-13];[61,115,179]
[16,18,1];[19,19,19]
[-60,41,-10];[2,2,0]
[-16,29,-13];[116,120,121]
[-25,18,-6];[98,98,98]
[38,9,1];[40,33,25]
[-22,48,-12];[252,204,44]
[-28,33,-13];[60,60,58]
[-45,38,-15];[234,191,60]
[12,54,-10];[61,62,64]
[-39,42,-15];[231,188,49]
[21,55,-9];[9,9,11]
[4,8,-13];[56,56,56]
[-59,46,5];[4,4,4]
[9,4,-11];[233,197,75]
[40,34,-12];[28,28,26]
[41,46,3];[50,50,48]
[-84,36,-2];[96,98,95]
[77,19,3];[86,77,59]
[33,34,-14];[63,63,63]
[33,41,-17];[57,59,58]
[-12,41,-16];[7,7,7]
[-34,30,-6];[26,29,44]
[-39,44,-12];[104,102,79]
[-43,33,-14];[64,64,64]
[-68,30,-5];[18,18,20]
[17,53,-10];[65,65,65]
[-31,48,-12];[66,61,42]
[3,11,-14];[55,55,55]
[-9,54,-10];[60,60,60]
[-2,50,-16];[18,22,25]
[17,21,0];[34,34,32]
[31,6,0];[27,27,27]
[-8,15,-14];[245,201,66]
[-28,43,-15];[252,204,46]
[-22,37,9];[23,22,18]
[-8,44,-14];[23,52,110]
[-60,40,-14];[87,90,95]
[-59,26,-6];[1,1,1]
[55,14,-4];[72,72,70]
[20,29,-9];[33,33,33]
[-38,17,-6];[238,204,71]
[-15,39,-15];[45,46,48]
[-3,50,-14];[36,40,49]
[-32,37,-14];[55,53,40]
[-81,36,-2];[106,100,74]
[-51,25,-6];[87,86,81]
[-35,42,11];[64,66,65]
[-22,31,-8];[56,57,52]
[0,3,-9];[75,75,75]
[-38,30,1];[47,49,48]
[-12,39,-16];[8,6,7]
[-47,30,-3];[69,71,70]
[-12,45,-17];[71,71,71]
[16,6,-10];[41,41,43]
[-17,26,-6];[32,32,30]
[32,42,-17];[26,26,24]
[58,47,-4];[69,69,69]
[1,8,-13];[57,57,57]
[-68,40,-11];[13,13,15]
[-37,35,-14];[29,30,35]
[-30,37,-15];[49,51,48]
[18,36,-16];[63,63,63]
[2,35,-11];[79,118,185]
[19,33,-13];[61,61,59]
[1,35,-11];[82,119,190]
[-55,43,-12];[5,5,5]
[-58,46,-11];[10,10,8]
[-16,19,-11];[41,42,44]
[-41,41,-10];[10,10,8]
[9,34,11];[10,58,160]
[29,38,-17];[33,33,33]
[-8,60,-1];[50,50,50]
[88,20,2];[69,69,69]
[-81,41,-1];[17,17,17]
[-72,48,-9];[48,48,50]
[65,30,-5];[59,60,62]
[-2,32,-16];[39,39,41]
[-59,42,-9];[2,2,2]
[-30,38,-15];[236,197,60]
[-34,37,-12];[68,68,66]
[-6,6,-12];[61,60,55]
[42,38,-9];[43,43,41]
[-17,26,-8];[29,29,27]
[38,40,-16];[56,54,55]
[11,12,-14];[54,54,54]
[17,35,-16];[117,121,124]
[1,12,-14];[54,54,54]
[32,17,4];[45,44,40]
[15,24,-10];[32,32,32]
[-59,40,-15];[62,64,63]
[-20,22,-9];[13,13,11]
[-11,44,-17];[75,77,74]
[-42,47,-10];[55,57,56]
[-56,22,3];[16,15,13]
[-25,52,-9];[52,52,50]
[12,47,-17];[9,9,9]
[-67,30,-1];[38,39,41]
[-6,48,-14];[68,91,122]
[10,32,-17];[82,84,83]
[-24,38,-15];[55,54,50]
[-57,53,-6];[57,59,58]
[-25,40,-12];[51,51,41]
[43,15,-7];[74,75,79]
[-4,5,-11];[65,67,66]
[-1,49,-8];[53,74,139]
[6,8,-14];[75,68,42]
[0,15,-14];[54,54,54]
[9,5,-12];[243,206,76]
[-35,31,-4];[49,49,39]
[-28,53,-6];[249,205,57]
[39,36,-16];[54,54,54]
