position;colour
[-18,63,27];[82,73,66]
[-15,70,26];[66,60,49]
[-10,71,28];[79,68,65]
[-12,71,27];[82,60,41]
[-11,70,29];[93,83,77]
[-13,70,28];[99,93,90]
[-16,69,27];[62,52,46]
[-21,68,24];[74,69,66]
[-13,66,30];[84,75,68]
[-14,66,30];[85,75,76]
[-9,72,29];[82,75,74]
[-10,71,29];[79,73,71]
[-12,71,28];[156,121,82]
[-12,70,28];[49,40,41]
[-12,69,29];[57,49,43]
[-12,68,29];[90,81,74]
[-12,67,30];[82,77,74]
[-12,66,30];[87,78,79]
[-13,67,29];[33,28,16]
[-14,70,27];[79,75,73]
[-14,69,27];[71,64,63]
[-14,68,28];[68,62,60]
[-14,67,29];[66,60,57]
[-15,70,27];[62,53,46]
[-15,67,28];[74,69,65]
[-15,66,29];[82,77,74]
[-16,70,26];[65,56,49]
[-16,68,27];[65,59,57]
[-16,67,27];[71,64,62]
[-17,69,26];[65,58,57]
[-17,67,27];[73,66,65]
[-18,69,26];[68,61,60]
[-19,67,26];[85,74,74]
[-21,68,25];[74,65,57]
[-35,67,23];[41,61,101]
[-32,52,29];[82,69,66]
[-31,54,30];[74,65,66]
[-24,60,31];[38,49,87]
[-37,58,25];[68,59,60]
[-19,84,19];[145,134,128]
[-37,73,13];[82,69,66]
[-8,72,30];[109,95,93]
[-10,68,30];[90,81,79]
[-9,70,30];[33,77,115]
[-11,68,30];[84,75,71]
[-10,76,28];[132,113,107]
[-11,77,27];[90,77,74]
[-9,76,28];[153,139,137]
[-10,77,27];[156,142,140]
[-11,78,26];[99,89,82]
[-29,78,22];[165,154,148]
[-30,77,22];[99,85,74]
[-13,78,26];[90,81,76]
[-13,77,27];[57,52,49]
[-13,79,26];[90,81,76]
[-15,80,24];[101,89,87]
[-14,80,24];[82,73,74]
[-16,81,23];[74,65,66]
[-14,82,22];[134,121,118]
[-13,80,23];[82,69,66]
[-14,81,22];[96,85,79]
[-23,84,17];[112,102,96]
[-22,84,16];[134,121,118]
[-23,84,16];[107,93,90]
[-24,84,15];[82,77,74]
[-24,72,29];[132,105,41]
[-24,73,28];[129,104,41]
[-24,74,27];[132,105,41]
[-25,74,27];[132,109,41]
[-25,73,28];[129,104,41]
[-26,73,27];[173,134,41]
[-20,83,20];[142,131,126]
[-20,84,20];[142,129,126]
[-21,83,21];[142,128,126]
[-22,83,20];[123,113,115]
[-20,82,22];[140,125,123]
[-20,83,21];[173,158,156]
[-19,84,20];[181,166,165]
[-11,78,25];[76,70,68]
[-17,85,20];[142,126,123]
[-18,83,21];[140,124,123]
[-18,84,20];[145,134,128]
[-15,82,22];[115,101,99]
[-16,84,21];[112,104,104]
[-16,82,22];[117,106,107]
[-17,82,23];[120,107,107]
[-17,83,22];[123,109,107]
[-17,84,21];[82,65,66]
[-16,85,20];[132,121,115]
[-18,85,18];[148,136,131]
[-20,84,18];[134,131,134]
[-19,85,18];[140,125,123]
[-22,83,19];[117,105,101]
[-16,86,17];[33,81,115]
[-18,85,17];[154,136,134]
[-20,85,17];[145,130,129]
[-21,85,17];[123,109,107]
[-35,79,11];[134,121,118]
[-36,75,12];[90,81,74]
[-26,83,14];[82,73,74]
[-23,60,31];[24,24,49]
[-17,62,33];[82,73,74]
[-18,61,33];[74,69,66]
[-19,61,33];[71,63,60]
[-16,64,32];[79,71,66]
[-14,68,31];[109,99,93]
[-14,67,32];[101,95,98]
[-15,66,32];[90,81,74]
[-16,65,32];[84,75,74]
[-15,67,32];[98,88,90]
[-15,68,32];[101,87,84]
[-16,69,31];[99,93,90]
[-15,70,31];[29,55,90]
[-12,74,30];[24,48,82]
[-13,73,30];[35,54,93]
[-15,73,29];[41,60,99]
[-16,73,29];[43,70,109]
[-16,70,30];[74,79,95]
[-17,70,31];[24,52,99]
[-17,69,31];[74,65,66]
[-17,66,32];[90,81,74]
[-25,58,31];[16,28,57]
[-24,59,32];[74,69,66]
[-26,80,21];[198,182,173]
[-33,76,20];[115,101,90]
[-31,77,21];[123,109,107]
[-28,75,23];[33,81,115]
[-27,74,26];[140,113,43]
[-28,76,24];[132,105,41]
[-29,75,24];[148,121,41]
[-25,80,22];[107,89,82]
[-33,52,29];[76,68,68]
[-32,56,29];[79,70,68]
[-31,55,30];[76,70,68]
[-32,56,30];[79,70,68]
[-32,55,30];[79,70,68]
[-31,56,30];[82,69,66]
[-31,64,28];[41,71,112]
[-29,69,26];[57,89,132]
[-29,69,27];[54,87,132]
[-30,68,27];[115,53,79]
[-31,65,27];[123,28,49]
[-32,65,26];[41,71,112]
[-30,68,26];[140,40,57]
[-33,69,24];[41,73,115]
[-28,71,26];[60,95,142]
[-30,70,25];[165,56,74]
[-30,70,26];[49,85,132]
[-32,68,25];[46,78,120]
[-32,67,26];[98,44,71]
[-32,66,26];[46,74,115]
[-33,68,24];[132,36,49]
[-32,70,23];[132,40,57]
[-29,71,26];[57,93,134]
[-30,71,25];[165,65,74]
[-31,71,24];[51,82,123]
[-31,70,24];[145,49,62]
[-32,71,23];[49,82,120]
[-32,70,24];[109,55,79]
[-33,69,23];[46,74,117]
[-34,69,22];[43,67,104]
[-34,70,22];[106,38,60]
[-35,68,22];[43,70,109]
[-35,71,20];[41,66,104]
[-35,69,21];[41,65,107]
[-36,69,19];[35,54,87]
[-36,70,18];[32,48,87]
[-37,68,19];[32,49,82]
[-37,69,18];[74,60,57]
[-38,68,19];[74,67,66]
[-38,72,15];[90,85,82]
[-37,71,16];[87,77,74]
[-37,72,16];[90,81,74]
[-37,74,15];[107,93,90]
[-35,78,12];[115,101,99]
[-36,77,13];[123,109,107]
[-36,77,12];[129,116,112]
[-36,75,13];[82,73,66]
[-37,73,14];[148,130,123]
[-35,78,13];[112,98,95]
[-36,74,15];[107,97,90]
[-36,76,13];[115,101,99]
[-37,74,14];[107,93,90]
[-34,80,14];[101,92,90]
[-35,77,15];[109,95,93]
[-35,77,14];[109,95,93]
[-29,82,13];[99,93,90]
[-32,81,13];[132,117,115]
[-33,81,12];[189,170,165]
[-34,81,11];[214,199,198]
[-34,81,12];[115,101,99]
[-31,82,13];[126,110,104]
[-32,82,13];[129,115,112]
[-33,81,13];[145,132,128]
[-33,82,12];[189,174,167]
[-31,82,14];[115,101,99]
[-30,82,14];[99,85,82]
[-24,83,17];[104,90,88]
[-25,83,16];[131,132,134]
[-26,83,15];[87,78,79]
[-31,81,14];[112,101,101]
[-27,83,14];[82,77,74]
[-28,82,15];[90,81,79]
[-23,83,18];[128,119,120]
[-8,73,30];[107,93,90]
[-9,71,30];[115,101,99]
[-10,69,30];[90,85,82]
[-11,67,31];[84,70,68]
[-12,65,31];[33,81,115]
[-13,65,31];[82,69,66]
[-10,70,30];[82,78,76]
[-11,68,31];[82,73,66]
[-12,69,31];[109,99,93]
[-14,68,32];[109,97,96]
[-9,73,30];[189,178,173]
[-9,72,30];[134,121,118]
[-10,72,31];[132,117,115]
[-10,71,31];[115,101,99]
[-11,71,31];[115,101,99]
[-11,70,31];[123,109,107]
[-12,68,32];[107,97,90]
[-13,69,31];[112,102,96]
[-13,68,32];[107,93,90]
[-13,66,32];[104,89,85]
[-11,73,30];[106,95,98]
[-8,74,30];[214,199,198]
[-9,74,30];[115,101,99]
[-10,74,30];[101,87,84]
[-10,73,30];[132,121,123]
[-11,72,31];[115,105,99]
[-12,72,30];[82,73,66]
[-14,70,31];[38,56,93]
[-12,72,31];[107,93,90]
[-12,75,28];[27,40,68]
[-16,74,29];[41,67,104]
[-15,79,24];[35,44,79]
[-16,79,24];[33,48,82]
[-15,77,26];[35,58,96]
[-14,75,28];[41,66,104]
[-26,83,16];[90,81,82]
[-16,75,28];[43,71,109]
[-17,80,24];[38,56,96]
[-17,79,25];[41,71,109]
[-17,76,27];[41,73,115]
[-18,79,24];[46,78,120]
[-18,78,25];[46,78,120]
[-18,76,26];[49,81,123]
[-18,75,27];[49,81,123]
[-23,62,32];[82,73,66]
[-36,74,13];[82,73,66]
[-23,64,31];[38,62,104]
[-23,63,31];[32,53,90]
[-24,62,31];[65,68,82]
[-22,65,31];[43,70,109]
[-24,70,28];[151,57,74]
[-23,68,29];[140,44,57]
[-21,68,30];[46,78,120]
[-22,69,30];[49,81,123]
[-22,68,30];[49,81,123]
[-23,67,30];[49,69,107]
[-24,70,29];[165,60,74]
[-24,69,29];[51,82,123]
[-29,52,30];[63,50,49]
[-30,52,29];[57,48,49]
[-31,52,30];[82,77,74]
[-26,54,31];[82,69,66]
[-27,53,31];[74,65,57]
[-21,56,32];[115,102,99]
[-25,54,32];[90,77,74]
[-20,57,32];[128,114,109]
[-21,60,32];[71,61,60]
[-19,60,33];[99,89,90]
[-19,59,33];[82,73,66]
[-20,60,33];[63,57,54]
[-21,59,32];[173,174,181]
[-21,62,32];[74,65,57]
[-21,60,33];[71,61,60]
[-22,63,32];[90,77,74]
[-22,60,32];[74,65,66]
[-22,64,32];[123,119,115]
[-20,64,31];[41,60,99]
[-20,65,31];[43,67,104]
[-20,64,32];[38,56,93]
[-20,63,32];[24,40,74]
[-21,64,32];[76,72,79]
[-20,68,30];[49,73,115]
[-20,66,31];[41,68,109]
[-18,68,31];[65,62,66]
[-19,67,31];[49,77,115]
[-19,70,30];[43,71,109]
[-19,69,31];[49,73,115]
[-25,72,27];[33,81,115]
[-23,71,28];[49,85,132]
[-19,73,29];[90,81,74]
[-20,72,29];[49,78,120]
[-20,71,29];[49,78,120]
[-21,72,29];[51,83,126]
[-16,76,27];[43,70,109]
[-22,72,28];[165,138,41]
[-22,70,29];[117,59,85]
[-23,72,28];[33,46,84]
[-23,71,29];[82,65,16]
[-23,63,32];[82,77,74]
[-25,71,28];[93,82,112]
[-22,75,26];[57,89,132]
[-20,74,28];[49,85,123]
[-25,73,26];[33,48,90]
[-13,75,28];[27,42,77]
[-18,74,28];[41,73,115]
[-20,77,25];[54,86,129]
[-20,76,26];[49,85,123]
[-21,77,25];[54,87,129]
[-21,73,28];[54,86,129]
[-22,74,27];[98,106,76]
[-23,73,28];[129,104,41]
[-23,74,27];[33,48,84]
[-24,73,27];[33,48,84]
[-24,74,26];[57,97,140]
[-25,73,27];[33,48,84]
[-26,72,27];[33,81,115]
[-23,77,24];[33,48,82]
[-20,79,24];[49,85,132]
[-21,78,24];[51,86,126]
[-35,79,12];[134,121,117]
[-22,79,24];[54,86,129]
[-22,77,25];[51,87,126]
[-25,74,26];[66,101,148]
[-29,81,15];[99,93,90]
[-27,82,17];[54,48,43]
[-28,82,16];[90,81,82]
[-26,80,18];[43,74,115]
[-28,79,18];[43,71,109]
[-24,82,18];[16,24,41]
[-25,82,17];[93,80,79]
[-27,81,17];[35,50,88]
[-28,80,17];[41,67,109]
[-29,79,18];[43,71,112]
[-29,81,16];[57,52,49]
[-30,79,18];[43,71,109]
[-30,80,17];[41,69,107]
[-24,80,20];[49,78,117]
[-28,78,20];[49,77,115]
[-24,81,19];[41,69,109]
[-23,82,18];[41,48,82]
[-25,81,20];[46,78,120]
[-25,81,19];[46,75,117]
[-26,80,20];[46,78,120]
[-26,80,19];[49,77,123]
[-27,80,19];[43,75,117]
[-28,79,19];[43,75,112]
[-30,78,19];[46,75,115]
[-25,79,21];[51,83,126]
[-25,79,22];[33,81,115]
[-27,74,25];[165,130,41]
[-27,75,24];[140,132,65]
[-27,77,22];[54,86,129]
[-28,75,24];[33,48,84]
[-28,76,23];[107,100,62]
[-29,77,21];[115,105,99]
[-30,78,20];[43,75,117]
[-30,77,21];[189,178,173]
[-24,79,22];[51,86,126]
[-25,77,24];[33,48,84]
[-23,80,23];[41,73,107]
[-23,80,22];[33,50,77]
[-24,80,22];[33,81,115]
[-24,79,23];[33,81,115]
[-25,75,25];[57,101,148]
[-25,77,23];[33,48,82]
[-19,72,29];[33,81,115]
[-23,78,24];[33,48,82]
[-24,77,25];[148,121,49]
[-25,77,25];[145,115,49]
[-16,71,24];[79,70,62]
[-14,70,21];[41,36,33]
[-19,74,29];[46,79,120]
[-23,79,23];[49,85,132]
[-24,78,24];[173,142,57]
[-25,78,24];[159,133,54]
[-26,77,23];[57,89,132]
[-24,76,26];[82,60,16]
[-26,76,24];[49,77,115]
[-23,76,27];[142,119,49]
[-23,78,25];[156,130,57]
[-38,60,20];[107,93,90]
[-38,59,21];[90,81,82]
[-38,59,23];[74,65,66]
[-39,61,21];[74,69,66]
[-37,59,23];[68,61,60]
[-38,59,22];[82,69,66]
[-38,58,22];[90,77,74]
[-38,62,22];[66,60,57]
[-39,62,20];[74,69,66]
[-38,61,21];[71,64,63]
[-38,71,14];[77,65,65]
[-39,65,17];[132,121,115]
[-38,67,16];[90,85,82]
[-38,69,15];[74,69,66]
[-38,72,14];[128,119,115]
[-38,71,15];[118,105,104]
[-38,68,18];[74,66,66]
[-39,67,17];[74,69,66]
[-39,66,17];[93,86,82]
[-38,67,18];[74,69,66]
[-38,65,19];[66,60,57]
[-39,65,19];[71,63,63]
[-37,67,21];[74,65,57]
[-36,67,21];[109,100,98]
[-37,67,20];[74,69,66]
[-37,65,21];[76,64,62]
[-36,67,22];[90,77,74]
[-35,66,22];[156,138,132]
[-35,65,24];[140,125,115]
[-34,65,24];[38,57,95]
[-34,69,23];[41,65,107]
[-34,67,24];[41,65,107]
[-34,62,26];[35,50,87]
[-34,65,25];[41,60,99]
[-33,64,26];[112,32,43]
[-21,61,32];[68,63,60]
[-33,63,26];[38,57,96]
[-33,62,26];[35,53,93]
[-34,60,26];[33,49,84]
[-34,59,26];[33,48,82]
[-35,61,25];[33,49,87]
[-31,58,30];[170,159,153]
[-32,58,30];[82,73,74]
[-33,56,29];[123,109,107]
[-33,55,29];[82,73,74]
[-34,58,28];[82,73,74]
[-35,58,27];[57,52,49]
[-35,58,25];[16,28,57]
[-35,57,26];[107,97,90]
[-36,59,25];[115,105,99]
[-37,61,23];[140,125,123]
[-37,60,24];[140,125,115]
[-35,63,24];[35,50,84]
[-37,63,22];[74,60,57]
[-37,62,22];[123,113,107]
[-36,62,23];[35,48,84]
[-36,60,24];[33,40,74]
[-35,64,23];[35,59,95]
[-36,66,22];[82,77,74]
[-36,65,22];[43,40,44]
[-21,76,28];[99,89,82]
[-21,75,27];[54,86,129]
[-21,74,28];[49,81,123]
[-32,81,14];[128,115,110]
[-33,81,14];[99,81,74]
[-31,78,17];[41,66,104]
[-30,79,17];[46,70,109]
[-21,76,27];[90,81,74]
[-31,79,18];[41,67,104]
[-31,80,15];[16,20,41]
[-32,80,14];[8,20,41]
[-32,77,19];[101,89,85]
[-33,79,15];[33,52,87]
[-32,78,16];[41,61,101]
[-32,79,16];[41,62,101]
[-34,73,18];[74,65,66]
[-35,71,19];[33,44,82]
[-35,72,19];[74,65,66]
[-36,74,17];[99,87,82]
[-37,72,17];[90,77,74]
[-37,71,18];[74,65,66]
[-20,85,16];[115,101,99]
[-35,74,18];[99,89,82]
[-36,72,18];[84,75,76]
[-36,73,17];[99,89,82]
[-36,74,16];[115,101,99]
[-37,70,17];[73,67,65]
[-31,58,29];[123,112,110]
[-32,58,29];[112,104,101]
[-28,62,30];[41,60,99]
[-29,61,30];[35,53,93]
[-30,61,29];[41,53,93]
[-28,71,27];[181,73,82]
[-28,64,29];[41,73,115]
[-28,63,29];[115,28,41]
[-30,63,28];[41,69,112]
[-28,70,27];[57,93,132]
[-28,69,27];[57,89,132]
[-28,68,28];[49,89,132]
[-28,66,29];[49,81,123]
[-28,64,30];[41,70,109]
[-28,63,30];[115,28,41]
[-29,67,28];[74,67,62]
[-29,63,29];[107,28,41]
[-29,62,29];[38,57,96]
[-30,63,29];[41,65,107]
[-31,62,28];[41,60,99]
[-29,53,31];[74,69,66]
[-27,55,32];[112,104,109]
[-26,54,32];[74,69,66]
[-28,55,31];[74,65,66]
[-29,56,31];[137,124,121]
[-28,56,31];[112,100,96]
[-26,57,31];[109,100,101]
[-30,56,30];[54,57,65]
[-22,81,22];[123,113,107]
[-28,57,30];[29,43,77]
[-29,57,30];[33,48,82]
[-30,57,30];[52,53,62]
[-26,60,30];[35,50,87]
[-26,60,31];[35,48,82]
[-26,58,31];[33,44,82]
[-27,57,31];[109,101,95]
[-28,58,30];[33,48,82]
[-29,58,30];[33,48,82]
[-30,58,29];[24,36,74]
[-28,60,30];[35,50,87]
[-29,60,30];[35,50,84]
[-30,59,29];[41,56,90]
[-26,62,31];[41,52,90]
[-24,63,31];[101,92,90]
[-25,63,30];[49,69,107]
[-25,62,31];[16,36,74]
[-27,63,30];[41,60,99]
[-27,71,27];[82,76,73]
[-23,66,31];[41,65,107]
[-24,66,30];[41,73,115]
[-23,66,30];[38,68,109]
[-24,67,30];[41,73,115]
[-24,66,31];[41,73,115]
[-26,73,26];[66,101,148]
[-25,68,29];[49,81,123]
[-25,67,29];[140,44,57]
[-25,66,30];[123,48,66]
[-26,71,28];[57,97,140]
[-26,70,28];[51,87,134]
[-26,69,29];[93,78,112]
[-26,68,29];[148,44,66]
[-26,67,29];[49,81,123]
[-26,66,29];[49,77,115]
[-26,65,30];[41,69,107]
[-26,64,30];[41,73,115]
[-34,74,18];[62,57,60]
[-33,77,16];[41,63,101]
[-34,76,15];[33,48,82]
[-35,75,16];[118,105,101]
[-18,62,25];[99,93,82]
[-19,63,27];[57,52,49]
[-19,62,25];[90,81,82]
[-14,70,23];[57,52,49]
[-15,71,25];[49,44,41]
[-19,63,25];[95,86,79]
[-19,63,26];[57,52,49]
[-21,79,25];[107,97,90]
[-39,64,19];[84,73,68]
[-38,63,20];[112,105,104]
[-38,63,21];[74,65,66]
[-39,64,18];[231,223,214]
[-39,63,19];[107,97,90]
[-39,63,18];[148,130,123]
[-39,62,19];[126,112,107]
[-19,77,27];[115,101,99]
[-20,77,27];[139,128,121]
[-19,78,26];[140,121,115]
[-12,76,28];[74,65,57]
[-11,75,30];[156,141,139]
[-12,77,28];[115,101,99]
[-12,78,26];[93,83,82]
[-22,61,32];[76,64,62]
[-12,79,25];[99,89,90]
[-33,75,20];[115,101,90]
[-32,76,19];[134,121,112]
[-34,73,20];[43,70,109]
[-33,74,20];[43,71,109]
[-34,72,20];[46,68,109]
[-28,73,25];[74,56,16]
[-29,76,22];[49,57,71]
[-32,72,22];[140,44,57]
[-32,76,20];[87,78,71]
[-28,74,24];[33,48,84]
[-32,74,20];[43,74,117]
[-29,73,25];[74,56,16]
[-27,72,27];[66,56,49]
[-28,72,26];[57,97,140]
[-30,73,23];[33,77,115]
[-30,72,24];[68,81,118]
[-31,77,20];[153,140,131]
[-31,73,22];[49,77,123]
[-32,73,22];[142,42,60]
[-33,73,21];[128,37,51]
[-21,58,32];[112,105,104]
[-23,58,32];[66,60,57]
[-13,71,27];[165,134,82]
[-24,58,32];[110,98,95]
[-25,58,32];[107,93,90]
[-21,57,32];[131,120,115]
[-22,57,32];[74,65,62]
[-22,56,32];[123,113,107]
[-23,57,32];[71,64,63]
[-24,56,32];[76,68,68]
[-24,55,32];[95,82,79]
[-25,57,32];[74,60,57]
[-26,57,32];[74,65,66]
[-26,56,32];[68,61,60]
[-17,81,23];[82,69,66]
[-19,81,23];[132,117,115]
[-20,80,24];[87,76,76]
[-21,80,24];[57,48,49]
[-21,81,23];[123,113,107]
[-22,81,23];[115,105,98]
[-17,62,24];[74,65,57]
[-18,63,26];[66,60,49]
[-15,70,23];[115,105,99]
[-14,69,22];[74,65,57]
[-15,64,32];[84,71,68]
[-14,64,32];[95,85,85]
[-16,62,32];[109,98,96]
[-16,61,32];[93,82,79]
[-18,60,33];[90,77,74]
[-18,59,33];[181,170,165]
[-17,71,30];[46,71,112]
[-17,73,29];[43,74,112]
[-18,73,30];[156,142,132]
[-31,79,17];[198,190,181]
[-14,74,29];[41,62,101]
[-16,73,30];[115,105,90]
[-15,73,30];[156,145,140]
[-15,72,30];[107,93,82]
[-17,72,30];[43,70,109]
[-32,78,17];[41,60,99]
[-33,62,27];[87,87,65]
[-33,63,27];[206,166,49]
[-32,62,29];[129,103,41]
[-33,62,28];[126,99,35]
[-31,61,29];[49,44,41]
[-31,60,29];[38,53,93]
[-32,63,28];[173,146,57]
[-19,66,31];[38,62,101]
[-19,65,31];[33,53,87]
[-19,64,32];[41,60,99]
[-20,62,32];[74,69,66]
[-18,64,32];[16,28,49]
[-19,63,32];[43,55,79]
[-32,77,18];[46,71,112]
[-33,78,16];[129,125,123]
[-33,76,17];[41,69,107]
[-33,76,18];[132,121,115]
[-34,58,22];[107,77,49]
[-35,57,22];[49,40,41]
[-36,56,22];[54,46,46]
[-33,60,22];[101,69,43]
[-36,57,22];[51,48,46]
[-30,64,21];[101,75,49]
[-34,63,20];[41,32,24]
[-27,66,22];[85,63,43]
[-28,77,21];[49,82,123]
[-29,65,22];[82,56,33]
[-29,64,22];[115,85,49]
[-30,64,22];[115,85,57]
[-31,62,22];[49,36,33]
[-33,61,22];[112,80,49]
[-35,62,20];[107,69,41]
[-35,60,21];[71,45,32]
[-35,59,22];[93,68,55]
[-36,62,19];[54,48,46]
[-37,61,19];[46,40,38]
[-37,57,21];[33,73,107]
[-32,65,19];[107,73,41]
[-33,65,19];[96,67,38]
[-37,64,18];[54,45,46]
[-36,63,18];[60,50,46]
[-29,66,21];[117,86,54]
[-30,65,21];[96,67,38]
[-32,64,20];[115,89,49]
[-33,65,20];[98,67,38]
[-33,64,20];[93,68,38]
[-34,63,19];[57,40,24]
[-35,64,19];[93,67,43]
[-35,63,19];[98,74,49]
[-36,64,18];[49,36,33]
[-37,63,18];[54,45,41]
[-37,62,18];[51,42,41]
[-38,63,18];[131,113,112]
[-36,70,14];[71,63,60]
[-29,68,20];[123,97,66]
[-35,68,17];[131,101,62]
[-37,68,16];[54,49,46]
[-28,67,20];[90,69,41]
[-38,67,15];[90,81,82]
[-34,66,18];[74,48,24]
[-35,66,18];[90,58,35]
[-27,67,21];[71,48,35]
[-29,68,19];[73,49,30]
[-29,67,20];[49,32,24]
[-30,68,19];[115,90,57]
[-30,67,19];[68,52,35]
[-31,68,19];[60,45,32]
[-31,67,19];[148,117,74]
[-31,66,20];[99,65,41]
[-32,66,19];[82,56,33]
[-33,69,17];[132,101,66]
[-33,66,19];[90,60,38]
[-34,68,16];[115,89,57]
[-29,80,16];[35,51,90]
[-34,67,17];[123,97,57]
[-28,79,22];[164,151,143]
[-34,65,18];[98,70,38]
[-35,66,17];[73,49,29]
[-36,70,15];[66,56,57]
[-36,68,16];[76,67,65]
[-36,66,17];[62,47,32]
[-37,70,14];[74,65,66]
[-37,69,14];[65,73,82]
[-38,66,16];[104,94,93]
[-33,80,10];[74,85,90]
[-35,77,11];[112,98,96]
[-24,65,31];[41,69,109]
[-37,72,13];[82,73,74]
[-27,70,19];[66,60,57]
[-28,69,20];[66,52,49]
[-30,69,19];[90,60,41]
[-27,68,21];[63,40,24]
[-29,69,19];[57,52,49]
[-31,69,18];[99,65,41]
[-33,74,14];[71,63,62]
[-34,78,11];[99,89,90]
[-34,77,12];[82,73,74]
[-34,73,14];[60,56,52]
[-17,74,29];[46,74,112]
[-34,72,14];[74,69,66]
[-35,76,11];[33,73,107]
[-35,74,12];[84,75,71]
[-35,72,13];[87,78,71]
[-36,74,12];[84,73,68]
[-36,73,13];[84,71,68]
[-36,71,14];[74,60,66]
[-32,78,12];[90,85,82]
[-27,81,13];[84,75,76]
[-29,81,12];[82,73,74]
[-32,80,12];[104,91,85]
[-27,77,15];[154,121,88]
[-30,75,15];[41,28,24]
[-26,76,16];[126,97,57]
[-27,82,13];[82,73,74]
[-27,77,16];[123,93,57]
[-27,76,16];[134,101,68]
[-27,75,17];[140,113,74]
[-27,74,17];[87,72,57]
[-28,82,12];[99,85,82]
[-28,81,13];[84,75,76]
[-28,79,14];[140,109,76]
[-28,78,14];[156,125,90]
[-25,80,21];[148,133,123]
[-28,77,15];[134,103,68]
[-28,76,15];[140,109,74]
[-29,82,12];[107,93,90]
[-29,80,13];[84,73,68]
[-29,78,14];[156,130,90]
[-29,77,15];[137,110,79]
[-29,76,15];[140,109,74]
[-29,75,16];[71,53,44]
[-30,81,11];[115,101,99]
[-30,80,12];[84,74,74]
[-30,79,12];[84,75,76]
[-30,76,14];[82,69,49]
[-31,81,11];[117,103,101]
[-31,80,12];[71,67,65]
[-32,81,10];[140,138,140]
[-32,79,11];[107,97,93]
[-22,84,15];[99,85,82]
[-24,82,14];[82,73,74]
[-25,81,14];[79,70,65]
[-23,79,16];[126,95,60]
[-25,79,15];[123,89,49]
[-25,78,16];[148,117,82]
[-26,78,16];[142,109,71]
[-25,77,16];[142,106,71]
[-25,76,17];[129,99,63]
[-24,74,18];[41,32,24]
[-25,74,18];[132,97,66]
[-23,83,14];[33,81,115]
[-23,81,15];[41,32,24]
[-24,83,14];[82,73,66]
[-24,82,15];[87,74,71]
[-35,73,19];[104,93,90]
[-24,81,15];[65,48,38]
[-24,79,16];[123,91,57]
[-24,78,17];[150,118,82]
[-24,76,18];[115,89,57]
[-25,82,15];[88,76,76]
[-25,81,15];[62,44,35]
[-25,80,16];[132,101,66]
[-25,79,16];[115,81,41]
[-25,78,17];[148,121,82]
[-25,75,18];[104,74,43]
[-19,85,16];[115,105,99]
[-17,85,16];[115,101,99]
[-20,84,15];[82,91,104]
[-19,83,16];[74,66,66]
[-19,82,17];[54,41,35]
[-22,82,16];[85,58,35]
[-20,81,17];[134,102,65]
[-21,81,16];[107,73,49]
[-22,81,16];[73,51,32]
[-21,80,17];[181,138,90]
[-21,78,18];[68,56,52]
[-22,77,18];[104,86,71]
[-23,76,18];[98,71,43]
[-24,71,21];[76,68,68]
[-18,84,17];[76,68,68]
[-19,83,17];[74,67,63]
[-25,80,15];[132,101,66]
[-19,81,18];[87,70,60]
[-20,84,16];[107,97,99]
[-20,83,17];[74,67,63]
[-20,82,17];[57,45,35]
[-20,81,18];[148,109,74]
[-21,81,17];[131,95,62]
[-11,68,29];[84,75,76]
[-21,77,19];[82,69,74]
[-22,80,17];[128,93,60]
[-22,78,18];[107,73,41]
[-22,76,19];[33,28,16]
[-23,76,19];[90,67,43]
[-23,75,19];[84,56,35]
[-15,84,18];[115,109,107]
[-29,70,26];[57,87,134]
[-16,84,17];[90,81,82]
[-16,80,19];[123,89,57]
[-18,80,18];[74,67,63]
[-20,77,19];[74,60,57]
[-20,75,20];[40,32,24]
[-27,67,29];[79,67,101]
[-21,74,20];[33,12,8]
[-23,72,21];[74,63,62]
[-32,74,21];[46,77,117]
[-15,82,19];[74,69,66]
[-16,83,18];[76,67,68]
[-16,82,19];[74,66,66]
[-37,66,16];[54,46,46]
[-16,80,20];[118,83,54]
[-17,83,18];[173,158,156]
[-17,81,19];[82,56,33]
[-18,82,18];[74,69,66]
[-18,81,19];[49,40,33]
[-18,80,19];[87,71,55]
[-18,79,20];[126,98,65]
[-19,80,19];[74,69,66]
[-19,76,21];[132,105,66]
[-20,76,20];[49,40,33]
[-20,75,21];[77,55,32]
[-21,76,20];[90,77,74]
[-22,74,20];[82,72,68]
[-22,72,21];[74,65,60]
[-17,63,22];[38,82,115]
[-15,66,22];[62,48,38]
[-16,66,28];[76,71,68]
[-16,65,29];[82,59,38]
[-19,64,28];[51,52,55]
[-13,64,31];[82,69,66]
[-21,79,18];[107,73,41]
[-14,63,31];[82,69,66]
[-15,65,29];[60,53,49]
[-15,63,30];[66,60,57]
[-15,62,31];[82,73,74]
[-16,65,28];[33,24,16]
[-16,62,30];[57,52,49]
[-16,61,30];[57,48,49]
[-16,60,31];[41,81,115]
[-17,61,30];[51,45,43]
[-17,60,31];[49,44,41]
[-18,64,28];[49,40,33]
[-18,63,29];[117,90,54]
[-19,63,28];[38,33,29]
[-19,62,29];[74,48,33]
[-19,61,29];[93,60,35]
[-20,66,26];[73,50,35]
[-20,63,28];[98,64,43]
[-21,66,26];[123,91,60]
[-21,65,26];[41,32,24]
[-21,64,27];[123,89,57]
[-24,66,24];[38,28,21]
[-21,62,27];[106,68,38]
[-15,81,23];[109,95,93]
[-19,59,30];[54,45,46]
[-18,58,31];[41,77,115]
[-18,58,32];[123,109,107]
[-18,59,31];[49,40,41]
[-19,60,30];[49,36,33]
[-19,59,31];[49,44,41]
[-19,58,31];[95,99,109]
[-16,66,22];[57,44,38]
[-20,62,28];[74,48,24]
[-20,61,29];[90,63,35]
[-20,60,29];[96,64,38]
[-33,67,18];[115,81,49]
[-20,59,30];[54,41,35]
[-21,82,21];[140,125,123]
[-20,58,30];[49,40,41]
[-21,62,28];[96,67,38]
[-22,64,26];[123,93,57]
[-23,65,25];[137,106,65]
[-23,64,25];[117,86,54]
[-21,60,29];[107,69,41]
[-22,59,28];[107,85,49]
[-23,57,29];[57,46,40]
[-21,56,31];[90,99,106]
[-22,59,29];[115,83,51]
[-22,58,30];[55,41,29]
[-23,63,26];[66,44,24]
[-23,61,27];[82,56,33]
[-23,60,28];[49,36,24]
[-23,59,29];[99,65,41]
[-23,57,30];[54,47,44]
[-24,62,26];[101,69,41]
[-24,61,27];[101,72,43]
[-24,59,28];[99,65,41]
[-24,58,28];[104,75,44]
[-24,57,29];[74,48,24]
[-24,55,30];[60,52,51]
[-24,54,31];[90,79,77]
[-25,63,25];[115,85,49]
[-25,61,26];[115,85,49]
[-25,60,27];[140,109,74]
[-26,57,27];[74,44,33]
[-25,55,30];[51,44,43]
[-25,54,30];[60,52,49]
[-26,54,30];[57,52,49]
[-35,59,26];[33,40,74]
[-27,53,29];[41,36,33]
[-25,64,24];[93,65,38]
[-25,63,24];[112,82,52]
[-25,61,25];[123,93,57]
[-25,60,26];[104,79,55]
[-25,59,27];[112,78,46]
[-25,56,28];[115,85,49]
[-25,54,29];[60,48,46]
[-25,53,30];[33,69,99]
[-26,61,26];[49,36,24]
[-26,59,27];[123,93,57]
[-26,58,27];[118,86,55]
[-26,56,28];[112,82,51]
[-26,54,29];[54,48,46]
[-27,55,29];[52,43,40]
[-27,61,25];[49,36,24]
[-26,61,25];[87,59,35]
[-32,52,27];[43,36,35]
[-26,64,24];[117,109,104]
[-26,63,24];[156,146,140]
[-26,62,25];[106,74,43]
[-27,62,24];[54,48,40]
[-27,61,24];[43,30,24]
[-27,60,25];[107,71,46]
[-27,59,26];[132,97,57]
[-28,54,29];[51,44,38]
[-29,57,26];[121,95,60]
[-29,55,27];[93,70,51]
[-19,62,26];[60,54,51]
[-29,54,28];[49,40,41]
[-29,52,29];[62,57,54]
[-30,56,26];[73,63,60]
[-30,55,26];[46,38,35]
[-30,54,27];[41,36,33]
[-30,53,28];[51,44,43]
[-30,51,29];[63,52,51]
[-31,52,28];[41,32,33]
[-31,51,29];[54,46,46]
[-32,51,28];[57,48,41]
[-33,50,28];[54,50,51]
[-27,63,24];[71,64,60]
[-30,60,23];[107,77,49]
[-33,57,23];[41,28,24]
[-36,59,24];[109,101,95]
[-31,56,26];[43,38,35]
[-35,54,24];[38,36,35]
[-33,52,27];[49,41,40]
[-27,58,31];[33,48,82]
[-34,50,28];[57,48,49]
[-25,67,22];[90,81,74]
[-26,65,23];[71,63,62]
[-27,65,22];[33,81,115]
[-27,63,23];[132,125,123]
[-28,61,24];[24,24,16]
[-32,72,23];[112,53,76]
[-29,63,23];[106,74,43]
[-29,61,24];[49,39,35]
[-29,59,25];[51,44,43]
[-32,53,30];[74,69,66]
[-30,62,23];[49,36,24]
[-30,60,24];[123,94,57]
[-30,59,24];[107,75,46]
[-30,57,25];[41,36,33]
[-31,60,23];[132,97,66]
[-31,59,24];[79,55,35]
[-21,82,22];[156,142,140]
[-31,57,25];[27,20,19]
[-31,56,25];[57,49,46]
[-32,57,24];[73,53,32]
[-32,55,26];[38,34,33]
[-32,54,26];[19,20,16]
[-33,58,23];[118,90,57]
[-33,57,24];[33,28,24]
[-33,56,24];[98,68,43]
[-33,54,25];[54,45,46]
[-33,51,27];[41,36,33]
[-34,54,25];[46,40,38]
[-34,53,25];[49,41,38]
[-35,54,25];[46,41,41]
[-17,73,23];[106,78,46]
[-18,72,23];[85,67,55]
[-9,76,26];[82,94,104]
[-8,74,27];[87,79,79]
[-9,74,27];[33,36,33]
[-37,66,21];[68,63,60]
[-10,74,26];[84,74,74]
[-12,74,25];[71,59,49]
[-14,74,24];[165,142,99]
[-8,75,28];[132,117,115]
[-10,77,25];[99,85,82]
[-10,75,27];[82,73,74]
[-10,74,27];[52,49,49]
[-11,78,24];[82,73,74]
[-11,77,25];[84,75,74]
[-11,74,26];[84,75,74]
[-11,73,27];[84,77,71]
[-11,72,27];[76,68,68]
[-12,75,25];[82,52,33]
[-12,74,26];[68,59,60]
[-13,76,24];[106,76,43]
[-13,75,24];[128,94,54]
[-13,74,25];[148,117,82]
[-14,76,24];[107,73,41]
[-14,74,25];[165,134,99]
[-14,71,26];[173,138,90]
[-15,74,24];[154,121,88]
[-15,73,25];[137,106,71]
[-15,72,25];[140,109,74]
[-16,74,24];[123,93,57]
[-17,71,25];[93,81,82]
[-18,72,24];[65,53,41]
[-18,70,25];[66,56,57]
[-20,70,24];[71,61,62]
[-21,70,24];[66,60,57]
[-21,69,24];[71,66,63]
[-14,76,23];[129,97,60]
[-15,80,21];[71,47,29]
[-18,74,22];[128,94,57]
[-20,72,22];[82,64,49]
[-25,68,22];[57,49,40]
[-12,79,23];[82,69,66]
[-12,78,23];[84,75,76]
[-13,80,22];[82,73,66]
[-38,65,16];[63,85,106]
[-13,79,22];[87,74,71]
[-14,81,21];[99,85,82]
[-14,79,22];[62,51,49]
[-14,78,22];[74,48,33]
[-14,77,23];[132,97,66]
[-12,73,26];[101,88,84]
[-15,76,23];[123,93,57]
[-16,76,23];[142,109,71]
[-16,75,23];[137,103,71]
[-17,78,21];[117,87,60]
[-17,80,23];[41,48,82]
[-18,77,21];[117,86,51]
[-18,76,22];[145,114,74]
[-18,75,22];[126,99,63]
[-19,74,22];[90,65,41]
[-19,73,22];[49,32,24]
[-20,72,23];[101,97,93]
[-21,71,23];[71,67,62]
[-21,73,21];[79,58,40]
[-19,85,19];[140,130,123]
[-23,70,22];[71,61,57]
[-34,56,28];[79,70,68]
[-34,55,28];[76,70,68]
[-35,56,28];[76,70,68]
[-34,52,29];[106,98,96]
[-34,54,29];[30,28,24]
[-36,55,27];[74,65,66]
[-34,51,29];[129,118,115]
[-35,54,28];[74,69,66]
[-35,53,28];[76,70,68]
[-38,57,22];[82,73,66]
[-37,57,25];[76,67,66]
[-37,57,24];[112,106,104]
[-37,56,25];[74,69,66]
[-15,75,28];[43,67,104]
[-15,75,29];[41,81,115]
[-29,65,21];[115,81,49]
[-15,74,30];[181,174,173]
[-26,65,22];[29,10,2]
[-22,80,23];[16,32,66]
[-27,64,23];[29,10,2]
[-26,65,21];[33,81,115]
[-20,74,20];[33,81,115]
[-21,74,19];[33,16,16]
[-19,71,17];[57,32,24]
[-20,70,15];[66,44,33]
[-37,57,22];[82,69,66]
[-37,56,24];[87,79,77]
[-37,56,23];[74,67,66]
[-36,53,25];[57,48,49]
[-37,55,25];[74,69,66]
[-36,53,27];[90,77,73]
[-35,51,28];[66,56,49]
[-36,54,24];[62,63,68]
[-25,65,21];[32,14,8]
[-23,64,20];[57,32,24]
[-24,64,21];[49,24,16]
[-24,64,20];[49,24,8]
[-21,72,17];[49,20,16]
[-20,73,19];[35,17,8]
[-21,73,18];[29,14,10]
[-31,53,28];[51,44,43]
[-5,99,1];[123,89,24]
[-27,62,30];[41,60,99]
[-19,97,0];[107,73,24]
[-20,97,0];[43,34,27]
[-9,103,2];[98,67,18]
[-26,82,17];[60,51,49]
[-9,104,2];[107,73,16]
[-8,104,3];[148,117,38]
[-7,104,3];[172,141,51]
[-14,104,4];[192,160,65]
[-15,104,4];[172,141,51]
[-18,103,2];[140,106,35]
[-6,104,-5];[134,103,35]
[-6,104,-4];[145,114,38]
[-5,103,-4];[120,89,24]
[-6,103,-5];[140,109,41]
[-6,102,-6];[126,93,30]
[-19,80,23];[68,62,68]
[-7,101,-7];[134,98,35]
[-8,95,-8];[148,117,41]
[-8,106,-2];[132,101,33]
[-7,106,-3];[132,97,33]
[-7,105,-3];[150,117,38]
[-15,103,4];[148,113,33]
[-32,77,20];[156,142,132]
[-31,69,25];[140,44,57]
[-16,103,4];[145,114,33]
[-16,71,26];[74,65,57]
[-24,64,24];[76,52,35]
[-16,102,4];[120,89,24]
[-19,101,1];[156,121,46]
[-17,103,3];[140,101,33]
[-18,102,2];[137,102,38]
[-18,101,2];[126,89,30]
[-4,103,-1];[148,113,33]
[-5,101,-3];[107,73,24]
[-6,101,-5];[107,73,24]
[-7,100,-6];[107,73,24]
[-7,100,-8];[132,89,24]
[-6,101,-6];[120,89,27]
[-7,100,-7];[140,105,33]
[-8,99,-9];[132,93,33]
[-8,100,-8];[126,87,30]
[-8,100,-9];[131,94,29]
[-8,102,-9];[134,98,32]
[-31,81,15];[74,65,66]
[-7,104,-6];[145,110,35]
[-7,102,-7];[145,109,46]
[-38,69,16];[82,73,74]
[-11,99,5];[41,40,33]
[-12,100,6];[99,60,16]
[-11,100,5];[128,98,38]
[-17,101,3];[107,77,24]
[-18,100,2];[117,81,24]
[-16,100,4];[123,90,30]
[-15,102,4];[148,113,33]
[-15,101,4];[115,81,21]
[-15,100,5];[132,101,33]
[-14,102,6];[145,114,41]
[-12,103,6];[165,134,49]
[-11,105,1];[104,73,21]
[-11,106,1];[109,75,21]
[-11,106,2];[109,77,21]
[-10,106,3];[101,69,18]
[-10,101,6];[126,96,35]
[-18,95,0];[156,123,43]
[-11,106,-1];[41,36,33]
[-10,107,0];[145,113,38]
[-9,107,-1];[148,117,41]
[-7,106,0];[172,144,60]
[-6,106,0];[194,162,71]
[-7,106,-1];[181,151,63]
[-5,104,-1];[165,130,49]
[-5,103,0];[173,139,46]
[-5,100,-1];[123,86,27]
[-4,102,-1];[142,110,33]
[-5,102,0];[145,113,38]
[-5,101,-1];[131,98,30]
[-5,103,3];[189,158,74]
[-10,106,1];[107,77,24]
[-8,106,1];[126,93,30]
[-7,106,1];[175,142,54]
[-5,105,1];[165,134,49]
[-6,106,1];[189,158,65]
[-5,104,1];[198,166,66]
[-5,103,1];[165,134,49]
[-16,91,-1];[49,32,24]
[-16,90,-1];[140,109,41]
[-18,93,-1];[115,77,24]
[-15,99,4];[123,89,24]
[-13,100,5];[140,105,33]
[-5,101,-2];[137,102,33]
[-5,100,-2];[129,97,30]
[-5,99,-4];[120,86,27]
[-7,97,-6];[115,81,24]
[-8,98,-8];[172,139,51]
[-6,99,-5];[132,95,33]
[-7,98,-6];[132,97,33]
[-7,99,-7];[142,111,40]
[-19,98,1];[165,134,49]
[-30,76,22];[90,78,76]
[-18,99,1];[112,79,24]
[-18,98,1];[153,121,41]
[-24,64,31];[41,60,99]
[-16,98,3];[115,81,24]
[-17,98,2];[139,103,35]
[-8,105,3];[140,105,33]
[-8,105,2];[164,131,46]
[-9,106,1];[115,83,27]
[-21,101,0];[112,82,32]
[-18,62,26];[62,57,54]
[-10,104,5];[148,113,41]
[-9,105,4];[109,78,21]
[-5,101,2];[128,98,38]
[-24,75,18];[99,69,41]
[-8,96,-8];[156,121,49]
[-8,97,-8];[46,39,30]
[-10,104,3];[96,64,16]
[-10,92,-7];[74,40,16]
[-9,91,-6];[156,117,41]
[-9,90,-6];[49,39,32]
[-9,94,-7];[151,121,41]
[-9,93,-7];[139,105,35]
[-10,104,1];[93,63,16]
[-10,103,1];[95,64,18]
[-9,104,3];[90,56,16]
[-11,105,5];[173,146,57]
[-12,104,5];[197,163,68]
[-13,102,6];[164,132,46]
[-12,101,6];[140,105,33]
[-14,103,5];[151,116,38]
[-13,101,6];[148,114,35]
[-11,106,4];[120,89,27]
[-12,106,4];[165,134,49]
[-13,106,3];[189,154,66]
[-12,106,2];[151,117,41]
[-13,106,2];[132,101,33]
[-17,104,2];[120,89,27]
[-20,93,-7];[109,74,24]
[-8,100,-6];[107,69,24]
[-10,97,-8];[104,70,24]
[-9,99,-8];[107,69,24]
[-8,102,-7];[101,66,24]
[-10,98,-10];[107,69,24]
[-11,96,-11];[118,85,29]
[-17,60,32];[120,110,104]
[-12,96,-11];[123,89,33]
[-15,93,-13];[107,69,24]
[-14,93,-13];[115,81,24]
[-12,96,-12];[117,87,30]
[-13,95,-12];[134,102,40]
[-12,95,-11];[107,73,24]
[-13,94,-12];[115,82,27]
[-13,93,-12];[123,89,33]
[-14,94,-12];[101,68,24]
[-15,68,28];[65,56,54]
[-14,93,-12];[109,73,24]
[-15,93,-12];[107,69,24]
[-27,58,27];[115,85,49]
[-21,95,-4];[118,85,29]
[-21,96,-4];[107,73,24]
[-20,93,-9];[140,105,41]
[-18,93,-11];[115,81,24]
[-18,93,-10];[115,81,24]
[-19,93,-10];[165,130,57]
[-19,93,-9];[132,101,33]
[-19,93,-2];[57,25,21]
[-21,92,-6];[99,69,24]
[-38,64,20];[82,81,82]
[-14,93,-11];[107,69,24]
[-13,92,-11];[115,85,24]
[-13,93,-11];[107,70,24]
[-18,92,-8];[104,69,24]
[-10,94,-10];[49,73,90]
[-11,95,-10];[99,69,24]
[-12,94,-11];[117,87,30]
[-9,95,-9];[57,97,132]
[-20,92,-6];[126,93,30]
[-34,56,29];[79,70,68]
[-25,67,23];[71,62,60]
[-20,93,-6];[107,73,24]
[-20,94,-5];[112,78,27]
[-21,95,-5];[112,82,27]
[-21,94,-6];[107,73,24]
[-21,92,-8];[107,73,24]
[-21,94,-7];[145,112,46]
[-21,93,-8];[107,73,24]
[-19,92,-9];[101,67,24]
[-18,92,-10];[104,70,24]
[-19,100,0];[104,67,24]
[-18,101,1];[101,66,24]
[-18,97,-2];[107,73,24]
[-17,98,0];[104,70,24]
[-18,98,-1];[101,69,24]
[-20,96,-4];[117,83,30]
[-20,95,-4];[118,85,29]
[-20,100,-2];[104,67,24]
[-20,98,-3];[104,67,24]
[-9,102,2];[107,73,24]
[-6,100,-3];[107,69,24]
[-6,100,-1];[99,73,24]
[-6,101,-3];[101,63,24]
[-6,102,-2];[109,74,24]
[-5,102,1];[139,105,30]
[-5,102,2];[134,99,35]
[-6,102,1];[107,70,24]
[-6,102,0];[104,67,24]
[-6,103,3];[211,184,84]
[-6,103,2];[115,81,24]
[-8,102,0];[123,89,24]
[-6,98,-4];[120,89,24]
[-7,98,-5];[41,36,33]
[-5,99,-1];[107,73,24]
[-6,99,-2];[101,67,24]
[-7,98,-4];[101,67,24]
[-9,103,5];[173,142,57]
[-27,56,32];[57,52,49]
[-11,102,3];[115,81,27]
[-11,102,4];[112,82,27]
[-12,102,3];[99,69,24]
[-25,77,17];[156,125,90]
[-10,102,5];[99,65,24]
[-11,102,5];[99,65,24]
[-13,102,3];[117,87,30]
[-26,80,14];[90,56,24]
[-15,97,2];[49,36,24]
[-13,98,4];[41,32,24]
[-16,97,2];[109,78,21]
[-14,99,3];[95,64,24]
[-17,99,2];[154,117,43]
[-13,99,4];[101,68,24]
[-14,99,4];[115,85,24]
[-14,100,4];[101,68,24]
[-12,102,5];[101,66,24]
[-15,101,3];[104,66,24]
[-12,102,6];[187,155,60]
[-11,104,6];[184,152,62]
[-11,101,6];[90,56,16]
[-27,58,-13];[99,85,41]
[-17,82,-20];[99,81,41]
[-17,65,28];[71,48,27]
[-33,43,-8];[33,28,8]
[-33,43,-9];[66,48,16]
[-9,88,-23];[198,158,74]
[-9,87,-23];[66,56,33]
[-9,94,-9];[41,55,71]
[-27,51,-13];[66,56,24]
[-31,45,-12];[41,40,16]
[-34,43,-11];[49,36,8]
[-34,71,21];[41,73,115]
[-28,49,-11];[41,32,8]
[-34,42,-10];[74,60,24]
[-33,42,-10];[74,56,24]
[-36,39,-9];[82,65,33]
[-8,86,-22];[33,24,8]
[-14,65,32];[90,85,82]
[-9,86,-22];[57,52,24]
[-10,88,-19];[90,73,33]
[-10,86,-19];[74,60,33]
[-9,85,-21];[66,52,24]
[-8,87,-20];[90,73,33]
[-9,87,-20];[74,56,33]
[-13,81,-22];[90,56,33]
[-15,84,-16];[74,44,24]
[-16,83,-21];[140,85,49]
[-19,66,-16];[66,56,24]
[-19,66,-17];[74,65,33]
[-6,105,1];[192,160,68]
[-19,66,-15];[41,36,16]
[-20,65,-15];[115,97,49]
[-30,47,-12];[33,28,8]
[-32,44,-12];[206,170,90]
[-16,89,-18];[74,56,33]
[-14,91,-18];[57,44,24]
[-13,91,-18];[41,32,8]
[-14,90,-18];[41,36,16]
[-14,89,-17];[99,81,41]
[-37,60,20];[51,42,41]
[-14,89,-18];[57,48,24]
[-35,78,14];[107,93,90]
[-11,90,-18];[115,93,41]
[-12,90,-18];[57,48,16]
[-12,89,-18];[90,77,41]
[-13,89,-18];[74,56,16]
[-17,70,-18];[49,40,16]
[-25,55,32];[74,69,66]
[-18,69,-18];[82,69,33]
[-35,49,-11];[82,65,33]
[-29,48,-10];[33,32,8]
[-30,46,-10];[90,77,33]
[-6,99,-4];[120,86,27]
[-31,44,-10];[49,44,16]
[-25,70,-16];[99,85,41]
[-26,70,-15];[66,60,24]
[-25,71,-15];[66,56,24]
[-26,69,-15];[41,32,16]
[-26,68,-15];[123,105,57]
[-26,69,-13];[24,32,41]
[-25,58,28];[123,85,49]
[-31,48,-13];[41,32,8]
[-36,44,-7];[41,36,8]
[-35,50,-8];[33,24,8]
[-37,44,-7];[41,36,8]
[-38,40,-7];[99,77,41]
[-37,42,-7];[115,93,49]
[-37,47,-9];[90,77,33]
[-34,53,-10];[33,28,8]
[-34,53,-11];[132,109,49]
[-35,51,-10];[41,32,8]
[-37,45,-9];[107,89,41]
[-37,44,-8];[49,40,16]
[-38,43,-8];[41,36,16]
[-38,42,-8];[74,60,33]
[-38,41,-8];[66,52,24]
[-33,55,25];[82,71,63]
[-25,68,-12];[132,109,57]
[-33,53,-9];[41,32,8]
[-34,51,-8];[82,65,24]
[-33,51,-8];[33,32,8]
[-36,47,-7];[255,211,115]
[-31,52,-11];[123,101,49]
[-30,51,-11];[148,117,57]
[-30,52,-11];[140,109,57]
[-25,64,-16];[82,69,33]
[-30,55,-12];[66,56,24]
[-30,55,-11];[99,77,33]
[-30,54,-12];[57,44,16]
[-31,53,-11];[181,150,66]
[-13,88,-22];[206,174,90]
[-21,70,-18];[115,93,41]
[-12,83,-21];[140,113,57]
[-34,44,-9];[165,138,66]
[-34,45,-9];[222,178,82]
[-22,67,-13];[148,121,57]
[-24,63,-12];[132,109,57]
[-24,62,-12];[148,125,66]
[-21,72,-18];[82,69,33]
[-27,59,-12];[115,97,49]
[-28,59,-12];[123,105,49]
[-28,58,-12];[33,28,8]
[-29,58,-12];[33,28,8]
[-35,41,-10];[90,77,33]
[-11,80,-21];[33,20,0]
[-21,72,-15];[66,56,24]
[-36,40,-9];[90,69,24]
[-35,44,-7];[74,65,33]
[-35,44,-8];[66,56,24]
[-25,62,-14];[132,113,49]
[-18,83,-16];[16,16,0]
[-16,82,-16];[66,48,16]
[-16,81,-17];[8,8,16]
[-22,69,-13];[33,36,49]
[-14,78,26];[57,48,49]
[-16,80,-16];[24,32,49]
[-26,58,-11];[33,36,57]
[-29,52,-10];[24,28,41]
[-16,79,-16];[24,28,41]
[-21,69,-14];[189,166,82]
[-26,60,-12];[33,32,49]
[-29,52,-11];[24,32,49]
[-31,50,-10];[107,89,41]
[-32,45,-9];[24,28,41]
[-33,45,-9];[24,32,41]
[-15,63,32];[104,90,88]
[-20,80,-17];[24,28,41]
[-25,71,-14];[107,89,41]
[-22,75,-15];[24,28,33]
[-19,69,30];[76,60,93]
[-16,87,-18];[16,20,24]
[-17,86,-18];[66,52,24]
[-37,71,14];[74,60,57]
[-24,72,-14];[74,60,33]
[-19,102,1];[156,125,49]
[-24,71,-13];[24,36,49]
[-23,73,-14];[49,36,16]
[-27,65,-12];[24,28,33]
[-23,72,-14];[66,56,24]
[-24,70,-13];[74,60,24]
[-34,77,11];[82,73,74]
[-35,74,13];[82,77,74]
[-28,63,-12];[24,28,41]
[-34,50,-8];[90,73,24]
[-18,82,-16];[24,32,49]
[-17,81,-16];[24,28,41]
[-25,66,-12];[24,32,49]
[-27,62,-11];[33,36,57]
[-31,56,-10];[33,36,49]
[-31,53,-9];[24,32,49]
[-33,46,-9];[255,255,198]
[-17,82,-16];[41,28,8]
[-18,80,-16];[24,28,41]
[-22,71,-14];[57,44,16]
[-25,66,-13];[24,32,41]
[-25,65,-12];[24,32,49]
[-26,65,-12];[24,32,49]
[-26,63,-12];[33,36,57]
[-27,60,-12];[33,36,49]
[-29,57,-11];[33,32,49]
[-31,53,-10];[24,32,49]
[-31,52,-10];[123,101,49]
[-32,52,-9];[24,32,49]
[-33,49,-9];[24,28,41]
[-15,80,-21];[8,8,8]
[-17,76,-20];[57,48,24]
[-20,71,-17];[66,56,24]
[-16,80,-20];[41,32,0]
[-17,76,-19];[24,20,0]
[-15,84,-21];[57,44,8]
[-17,80,-20];[57,44,8]
[-20,75,-17];[24,32,49]
[-22,71,-16];[33,36,57]
[-23,67,-16];[123,105,49]
[-17,81,-19];[41,28,0]
[-18,80,-19];[24,32,41]
[-19,75,-18];[33,36,49]
[-26,62,-15];[165,138,66]
[-27,60,-14];[107,89,41]
[-25,66,-15];[33,32,49]
[-30,57,-12];[24,32,49]
[-32,53,-11];[24,32,49]
[-18,82,-19];[49,40,16]
[-22,74,-17];[33,36,57]
[-24,69,-16];[24,32,49]
[-27,62,-14];[33,36,49]
[-28,61,-14];[33,36,57]
[-31,55,-12];[66,52,24]
[-31,54,-12];[57,44,16]
[-35,47,-10];[24,28,41]
[-35,46,-10];[24,28,41]
[-22,60,28];[88,60,38]
[-19,82,-18];[33,40,57]
[-24,72,-15];[66,52,24]
[-26,66,-14];[24,32,49]
[-27,66,-14];[24,32,49]
[-27,65,-13];[24,24,33]
[-27,64,-14];[33,36,57]
[-29,62,-13];[33,36,49]
[-30,59,-12];[33,36,49]
[-30,58,-12];[33,36,49]
[-31,57,-11];[16,24,33]
[-35,49,-9];[24,28,33]
[-36,47,-8];[66,52,24]
[-18,83,-18];[16,12,0]
[-19,81,-18];[33,40,66]
[-20,79,-18];[24,32,49]
[-22,75,-16];[33,36,49]
[-27,65,-14];[33,44,66]
[-28,63,-14];[33,40,57]
[-33,54,-10];[57,44,24]
[-16,79,-20];[24,32,49]
[-15,79,-19];[49,40,8]
[-16,79,-17];[66,60,24]
[-16,79,-19];[24,28,41]
[-17,79,-20];[24,32,41]
[-29,59,-11];[41,52,74]
[-30,48,-12];[41,32,8]
[-31,46,-12];[57,44,16]
[-33,43,-11];[255,219,115]
[-23,59,-15];[24,28,33]
[-27,53,-13];[16,24,33]
[-28,51,-13];[41,32,16]
[-30,46,-11];[33,32,8]
[-19,67,-17];[90,81,41]
[-23,60,-15];[24,28,33]
[-25,56,-14];[24,28,33]
[-18,71,-17];[66,60,24]
[-17,72,-17];[33,36,49]
[-18,70,-17];[57,48,24]
[-17,71,-17];[99,85,41]
[-20,66,-16];[16,24,33]
[-22,62,-15];[24,24,33]
[-26,54,-12];[41,48,74]
[-18,72,-15];[33,36,57]
[-28,64,-12];[41,28,8]
[-18,69,-16];[132,109,49]
[-23,60,-13];[33,36,57]
[-30,49,-10];[24,28,41]
[-30,47,-10];[57,44,16]
[-11,84,-19];[24,28,41]
[-13,80,-18];[107,89,49]
[-13,79,-18];[24,28,41]
[-15,80,-17];[181,150,82]
[-18,71,30];[46,74,117]
[-15,79,-17];[33,32,49]
[-16,73,-17];[49,52,82]
[-17,73,-16];[99,85,41]
[-17,85,17];[132,117,115]
[-19,69,-15];[49,44,16]
[-20,68,-15];[33,36,57]
[-21,65,-15];[8,12,16]
[-22,65,-14];[33,36,49]
[-22,62,-14];[33,44,66]
[-24,60,-13];[33,36,57]
[-25,59,-13];[24,32,49]
[-26,56,-12];[33,36,57]
[-27,55,-12];[24,32,49]
[-27,53,-12];[41,48,74]
[-29,51,-11];[24,32,49]
[-17,71,-18];[123,105,49]
[-29,50,-13];[140,109,57]
[-20,84,19];[140,125,123]
[-18,65,32];[24,44,82]
[-14,77,-19];[16,24,33]
[-14,78,-20];[24,32,49]
[-15,76,-19];[24,28,33]
[-18,70,-18];[33,32,16]
[-19,68,-17];[82,73,33]
[-20,67,-17];[57,48,24]
[-23,61,-15];[24,32,41]
[-27,54,-14];[41,48,74]
[-16,77,-20];[74,60,24]
[-17,73,-19];[49,52,82]
[-19,72,-18];[33,36,57]
[-29,71,25];[66,85,123]
[-19,69,-18];[148,125,57]
[-20,69,-17];[8,16,24]
[-22,67,-17];[33,36,57]
[-24,62,-15];[33,36,57]
[-26,58,-14];[115,97,49]
[-28,53,-13];[33,40,66]
[-30,52,-12];[165,134,66]
[-37,71,13];[57,79,101]
[-31,47,-12];[57,44,16]
[-14,80,-21];[132,109,57]
[-14,79,-21];[41,44,66]
[-15,78,-20];[24,28,41]
[-16,76,-20];[24,28,41]
[-37,58,24];[173,174,181]
[-18,73,-19];[24,32,49]
[-18,72,-19];[33,36,57]
[-19,71,-18];[132,109,49]
[-19,70,-18];[57,48,24]
[-21,68,-17];[24,32,49]
[-22,64,-17];[24,32,49]
[-23,65,-16];[33,36,49]
[-23,62,-16];[33,44,66]
[-24,63,-16];[33,36,57]
[-24,62,-16];[33,36,49]
[-24,61,-16];[33,36,57]
[-25,61,-15];[33,36,57]
[-25,60,-15];[33,36,57]
[-15,90,-19];[41,28,16]
[-27,56,-14];[33,36,49]
[-21,59,29];[98,74,49]
[-28,55,-14];[33,32,49]
[-30,52,-13];[24,32,49]
[-30,51,-13];[24,28,41]
[-15,83,21];[131,121,115]
[-33,47,-11];[24,32,41]
[-33,45,-11];[24,28,41]
[-23,65,31];[41,67,104]
[-34,45,-11];[24,28,41]
[-34,43,-8];[66,56,24]
[-36,39,-8];[90,81,41]
[-36,44,-10];[49,40,16]
[-37,43,-9];[66,52,16]
[-37,42,-9];[66,52,24]
[-38,40,-8];[255,255,156]
[-36,41,-9];[99,85,41]
[-36,43,-10];[74,60,24]
[-36,42,-10];[66,52,24]
[-37,41,-9];[123,105,49]
[-37,40,-9];[140,113,57]
[-32,59,23];[57,36,24]
[-38,38,-8];[181,150,74]
[-23,72,-16];[82,69,33]
[-20,73,28];[51,81,120]
[-34,45,-8];[41,44,66]
[-13,80,24];[82,73,74]
[-35,42,-8];[66,52,24]
[-36,40,-7];[132,109,57]
[-35,43,-8];[57,48,16]
[-37,39,-7];[123,97,33]
[-38,39,-7];[148,121,57]
[-23,74,-16];[181,154,74]
[-22,74,-15];[181,154,74]
[-23,73,-15];[24,24,33]
[-22,73,-15];[165,134,66]
[-13,89,-21];[140,117,66]
[-29,62,23];[85,56,38]
[-21,74,-17];[24,32,49]
[-22,72,-17];[24,24,8]
[-28,60,-13];[115,97,49]
[-38,65,20];[66,60,57]
[-28,59,-13];[99,85,41]
[-10,84,-21];[57,44,24]
[-11,85,-19];[90,77,41]
[-12,85,-21];[57,44,16]
[-11,79,-20];[82,73,33]
[-19,76,-15];[49,44,16]
[-19,74,-19];[49,40,16]
[-21,71,-18];[115,97,41]
[-19,73,-18];[33,32,49]
[-32,51,-10];[49,44,16]
[-34,48,-11];[24,28,41]
[-33,50,-11];[16,16,24]
[-32,51,-11];[82,69,33]
[-33,48,-9];[24,32,41]
[-33,49,-10];[57,44,16]
[-32,50,-10];[57,44,16]
[-28,57,-13];[33,24,8]
[-28,56,-12];[74,60,24]
[-28,55,-12];[82,69,33]
[-30,56,-12];[82,69,33]
[-28,57,-12];[33,28,8]
[-29,56,-11];[82,69,33]
[-29,57,-12];[66,52,16]
[-32,56,-11];[107,89,41]
[-32,56,-10];[49,44,16]
[-31,54,-11];[140,117,57]
[-32,55,-11];[24,32,49]
[-32,55,-12];[66,56,24]
[-18,78,-18];[24,32,41]
[-18,77,-16];[49,44,16]
[-27,52,-12];[181,146,74]
[-28,52,-13];[33,36,57]
[-28,52,-14];[173,142,74]
[-21,67,31];[90,47,73]
[-15,85,-20];[24,28,41]
[-15,85,-21];[66,52,16]
[-15,84,-20];[49,36,0]
[-18,70,-16];[74,60,24]
[-19,70,-16];[74,60,24]
[-32,54,-11];[107,89,41]
[-13,76,28];[74,60,57]
[-33,54,-11];[198,162,82]
[-32,53,-9];[156,134,66]
[-32,54,-10];[247,203,115]
[-29,53,28];[46,40,38]
[-33,51,-9];[99,85,41]
[-34,52,-11];[49,44,16]
[-34,51,-11];[66,52,24]
[-15,77,-17];[24,32,49]
[-37,59,21];[57,48,46]
[-34,48,-8];[57,48,24]
[-34,49,-8];[148,121,57]
[-35,49,-10];[57,44,16]
[-35,48,-10];[24,32,41]
[-34,50,-10];[24,28,41]
[-34,49,-11];[57,52,24]
[-34,50,-11];[156,125,57]
[-33,50,-9];[156,125,57]
[-34,49,-10];[8,8,8]
[-27,63,-14];[33,36,57]
[-35,67,17];[99,65,41]
[-27,63,-15];[24,20,0]
[-23,67,-13];[49,40,16]
[-25,65,-14];[99,85,41]
[-24,64,-12];[82,69,33]
[-22,68,-14];[90,73,33]
[-24,64,-13];[74,60,24]
[-25,63,-13];[165,138,66]
[-23,71,-16];[41,36,16]
[-23,70,-16];[99,81,41]
[-22,70,-16];[165,142,74]
[-23,68,-16];[165,134,66]
[-24,68,-16];[49,40,16]
[-24,67,-15];[24,32,49]
[-25,66,-16];[148,121,57]
[-23,67,-14];[123,101,49]
[-23,68,-15];[115,97,49]
[-23,69,-16];[57,44,16]
[-24,67,-16];[140,117,57]
[-25,65,-15];[24,32,49]
[-25,68,-15];[82,73,33]
[-25,68,-14];[82,73,33]
[-28,50,-11];[165,138,74]
[-29,49,-10];[66,56,24]
[-29,50,-11];[8,8,8]
[-29,51,-12];[173,146,74]
[-30,50,-13];[66,52,24]
[-21,75,-17];[24,32,49]
[-21,75,-18];[49,36,16]
[-22,70,-15];[123,105,49]
[-24,71,-15];[173,146,74]
[-24,70,-14];[132,109,49]
[-24,70,-16];[57,48,24]
[-20,72,-17];[8,8,8]
[-24,69,-13];[107,85,41]
[-24,68,-13];[82,73,33]
[-24,70,-15];[8,8,16]
[-24,71,-16];[123,105,49]
[-28,53,-12];[132,109,49]
[-28,52,-11];[165,138,74]
[-29,53,-13];[74,60,33]
[-28,52,-12];[24,28,41]
[-28,51,-12];[41,32,16]
[-29,52,-13];[165,138,74]
[-29,51,-13];[181,154,82]
[-15,81,-20];[99,85,41]
[-15,81,-21];[57,36,16]
[-16,82,-20];[57,48,24]
[-13,82,-18];[49,40,16]
[-13,80,-20];[0,4,8]
[-14,81,-21];[16,20,24]
[-13,81,-18];[41,36,16]
[-34,44,-11];[173,142,74]
[-33,44,-11];[255,255,255]
[-33,44,-9];[115,101,49]
[-32,44,-9];[255,255,214]
[-32,45,-10];[24,32,41]
[-6,105,-1];[222,190,90]
[-31,45,-10];[132,105,49]
[-32,44,-10];[99,81,41]
[-30,49,-11];[99,81,41]
[-30,49,-12];[8,16,16]
[-29,73,24];[33,81,115]
[-31,49,-12];[57,44,16]
[-30,48,-10];[33,32,8]
[-31,48,-12];[33,32,8]
[-31,47,-10];[107,89,33]
[-32,46,-11];[8,8,8]
[-31,46,-11];[24,28,33]
[-32,45,-11];[16,24,33]
[-34,52,-10];[33,28,8]
[-18,83,-19];[49,36,8]
[-20,68,-18];[132,109,49]
[-21,67,-17];[66,56,24]
[-19,67,-15];[140,113,57]
[-20,67,-15];[66,56,24]
[-32,67,25];[46,75,117]
[-20,67,-16];[24,32,49]
[-13,82,-22];[123,73,49]
[-14,83,-21];[57,36,16]
[-6,100,-4];[123,89,24]
[-12,83,-18];[8,12,16]
[-13,83,-20];[165,134,66]
[-12,82,-21];[57,48,24]
[-13,83,-17];[49,32,16]
[-20,66,-15];[74,60,33]
[-33,70,23];[132,40,57]
[-21,66,-17];[74,60,33]
[-32,44,-11];[74,65,33]
[-18,85,-18];[24,20,8]
[-17,85,-17];[16,24,33]
[-17,70,30];[46,71,112]
[-34,77,15];[68,67,79]
[-14,83,-18];[24,28,41]
[-17,84,-20];[49,32,16]
[-15,83,-20];[66,52,16]
[-17,86,-17];[74,65,24]
[-18,84,-17];[33,24,8]
[-34,48,-10];[24,28,33]
[-18,85,-17];[16,8,0]
[-36,45,-9];[115,101,49]
[-36,46,-10];[66,56,24]
[-36,45,-10];[198,162,82]
[-19,79,-15];[24,28,41]
[-36,48,-10];[90,69,33]
[-36,47,-10];[66,56,24]
[-20,85,18];[123,109,107]
[-19,68,-16];[66,56,24]
[-21,69,-17];[115,93,41]
[-24,65,-15];[82,73,33]
[-23,66,-16];[49,40,16]
[-23,67,-17];[115,97,49]
[-24,64,-14];[82,73,33]
[-24,65,-16];[90,73,33]
[-20,69,-14];[255,235,115]
[-22,68,-15];[132,109,49]
[-22,68,-16];[8,16,24]
[-21,67,-14];[49,44,16]
[-23,66,-15];[148,117,57]
[-23,65,-13];[181,150,74]
[-23,64,-14];[33,36,49]
[-24,63,-13];[66,52,24]
[-21,68,-14];[123,105,49]
[-21,69,-15];[239,199,99]
[-22,67,-16];[123,101,49]
[-23,64,-13];[66,56,24]
[-23,74,-15];[57,48,24]
[-26,57,-13];[41,36,8]
[-27,57,-13];[33,28,8]
[-21,65,-14];[107,85,41]
[-22,65,-15];[198,162,74]
[-18,78,-15];[57,48,24]
[-24,67,-13];[90,73,41]
[-12,86,-22];[82,73,41]
[-8,87,-23];[66,52,24]
[-7,88,-21];[33,16,8]
[-11,89,-23];[132,109,49]
[-10,89,-21];[24,16,0]
[-10,89,-22];[33,20,0]
[-7,89,-21];[33,16,8]
[-8,89,-21];[82,73,41]
[-9,89,-20];[132,109,57]
[-14,82,-17];[41,32,16]
[-8,89,-23];[173,142,74]
[-8,88,-22];[24,16,0]
[-8,89,-22];[16,16,0]
[-12,93,-11];[112,82,27]
[-14,88,-17];[33,28,8]
[-14,92,-18];[24,16,8]
[-15,92,-20];[24,12,8]
[-12,91,-19];[33,24,0]
[-13,92,-18];[156,125,66]
[-5,101,-4];[120,85,27]
[-13,91,-19];[24,20,0]
[-12,91,-18];[33,24,0]
[-12,90,-19];[24,16,0]
[-13,89,-22];[66,52,16]
[-11,90,-19];[82,69,33]
[-11,88,-20];[24,16,0]
[-12,88,-20];[24,20,0]
[-22,68,-17];[49,40,16]
[-10,89,-19];[66,52,24]
[-11,89,-20];[24,16,0]
[-12,88,-22];[41,32,0]
[-24,81,20];[46,77,117]
[-16,88,-19];[33,28,16]
[-15,88,-19];[82,69,33]
[-14,86,-20];[49,40,8]
[-18,68,-16];[82,73,33]
[-15,88,-18];[8,8,0]
[-15,87,-19];[49,40,16]
[-12,73,30];[16,24,49]
[-20,77,-17];[24,32,49]
[-18,76,-18];[33,36,49]
[-17,75,-17];[24,28,41]
[-32,49,-10];[41,32,8]
[-31,50,-11];[57,48,24]
[-32,47,-9];[24,32,41]
[-33,47,-9];[24,32,49]
[-33,47,-10];[82,69,33]
[-21,78,-17];[24,28,49]
[-20,78,-17];[24,32,49]
[-13,83,-21];[231,190,99]
[-12,83,-22];[173,146,74]
[-16,86,-18];[74,60,33]
[-16,85,-19];[90,77,41]
[-16,86,-19];[90,77,41]
[-16,85,-20];[24,28,41]
[-17,85,-19];[99,81,41]
[-13,85,-19];[49,36,8]
[-19,99,1];[115,77,24]
[-12,86,-20];[33,28,0]
[-12,84,-18];[99,81,41]
[-27,79,19];[46,75,120]
[-12,85,-18];[49,40,16]
[-13,85,-20];[49,40,8]
[-13,86,-21];[8,8,0]
[-14,82,-18];[33,28,8]
[-13,84,-20];[57,40,8]
[-15,82,-20];[0,8,8]
[-13,85,-21];[24,28,41]
[-14,85,-21];[90,77,33]
[-5,99,-2];[115,83,27]
[-14,84,-20];[49,36,0]
[-13,83,-18];[90,77,33]
[-26,63,-15];[140,113,57]
[-14,83,-20];[33,16,8]
[-13,81,-20];[24,24,8]
[-24,62,-13];[198,166,82]
[-25,62,-15];[132,113,49]
[-17,75,-20];[74,65,33]
[-26,68,-14];[33,32,16]
[-25,67,-13];[41,44,66]
[-26,67,-13];[16,24,33]
[-25,67,-14];[107,85,41]
[-16,74,-19];[49,44,16]
[-16,75,-20];[74,65,33]
[-19,79,-18];[24,32,49]
[-20,64,-16];[173,142,66]
[-21,64,-15];[24,32,49]
[-31,55,-13];[99,77,33]
[-31,51,-9];[82,69,33]
[-16,77,-17];[90,77,33]
[-27,54,29];[57,48,49]
[-24,58,-15];[57,48,24]
[-25,57,-12];[49,40,16]
[-25,57,-13];[41,36,16]
[-30,50,-10];[49,44,16]
[-27,56,-11];[8,8,8]
[-25,58,-13];[132,113,57]
[-14,64,30];[71,63,60]
[-25,58,-12];[173,146,74]
[-26,58,-12];[148,125,57]
[-26,57,-12];[41,32,8]
[-28,56,-14];[33,36,49]
[-14,81,23];[106,95,95]
[-29,55,-14];[198,166,82]
[-25,58,-15];[90,77,33]
[-26,58,-15];[115,97,49]
[-26,57,-15];[8,16,16]
[-27,58,-14];[99,85,41]
[-27,57,-14];[8,16,24]
[-28,55,-11];[99,81,41]
[-29,53,-10];[49,40,16]
[-30,51,-10];[66,56,24]
[-31,51,-10];[0,8,8]
[-32,49,-9];[0,8,8]
[-28,56,-11];[8,8,8]
[-28,67,28];[49,77,123]
[-29,55,-10];[66,56,24]
[-30,53,-10];[214,170,82]
[-30,52,-10];[115,97,49]
[-32,52,-12];[140,117,57]
[-30,56,-13];[8,8,8]
[-30,48,-13];[115,93,41]
[-29,57,-13];[33,24,8]
[-31,53,-12];[214,170,82]
[-28,59,-14];[49,44,16]
[-31,50,-12];[49,44,16]
[-32,49,-12];[0,8,8]
[-29,56,-13];[8,8,8]
[-29,55,-13];[8,8,8]
[-31,53,-13];[66,52,8]
[-32,51,-12];[123,105,49]
[-30,54,-13];[8,8,8]
[-31,52,-12];[115,97,49]
[-32,50,-12];[0,8,8]
[-28,60,-11];[173,146,74]
[-28,61,-11];[115,97,49]
[-11,74,29];[24,34,60]
[-30,59,-13];[41,36,16]
[-29,59,-13];[33,28,8]
[-29,58,-13];[33,28,8]
[-21,78,25];[33,77,107]
[-30,60,-12];[16,16,24]
[-30,60,-13];[66,52,24]
[-30,61,-12];[24,28,33]
[-16,83,-19];[33,16,8]
[-16,83,-20];[74,65,24]
[-14,83,-17];[57,48,16]
[-15,84,-17];[41,28,16]
[-16,83,-17];[24,32,41]
[-19,78,-19];[49,44,16]
[-20,78,-18];[24,32,49]
[-26,61,-14];[107,93,41]
[-27,62,-15];[123,105,49]
[-25,63,-12];[132,109,49]
[-26,63,-14];[8,8,8]
[-26,61,-12];[24,32,49]
[-26,62,-13];[132,109,49]
[-17,74,-19];[33,36,49]
[-24,66,-16];[214,174,82]
[-21,77,-17];[66,52,24]
[-16,74,-17];[66,52,24]
[-16,78,-20];[90,77,41]
[-17,77,-19];[41,36,16]
[-22,69,-17];[107,77,24]
[-19,77,-18];[24,32,49]
[-19,76,-18];[33,36,49]
[-18,77,-19];[24,32,49]
[-18,76,-19];[33,36,49]
[-18,75,-19];[24,28,41]
[-19,77,-19];[24,32,41]
[-20,76,-18];[24,32,49]
[-20,77,-15];[66,52,24]
[-25,67,30];[132,44,66]
[-17,77,-15];[206,162,57]
[-17,76,-15];[33,32,49]
[-17,76,-16];[214,170,82]
[-18,79,-19];[24,32,49]
[-20,70,-15];[66,56,24]
[-32,64,27];[115,28,41]
[-22,71,-17];[90,77,33]
[-22,70,-17];[24,16,0]
[-20,71,-15];[24,16,0]
[-17,80,-16];[24,32,49]
[-17,79,-16];[24,32,41]
[-21,70,-15];[8,4,0]
[-21,71,-14];[181,150,74]
[-13,81,-21];[90,56,33]
[-13,80,-21];[57,44,24]
[-12,83,-19];[231,190,99]
[-11,82,-19];[82,69,41]
[-10,88,-23];[41,32,8]
[-11,88,-23];[74,60,33]
[-37,73,15];[66,56,57]
[-11,85,-22];[0,4,8]
[-18,73,-15];[132,105,49]
[-19,72,-15];[33,28,8]
[-20,74,-18];[49,44,16]
[-21,72,-17];[33,28,8]
[-14,92,-21];[173,146,66]
[-14,90,-21];[57,48,24]
[-16,87,-20];[41,44,66]
[-14,88,-21];[49,36,8]
[-14,87,-21];[49,36,8]
[-9,75,29];[189,170,165]
[-11,83,-19];[123,101,49]
[2,48,-17];[74,69,132]
[1,47,-18];[74,69,123]
[-21,77,-18];[74,65,33]
[1,45,-20];[123,113,206]
[3,49,-17];[57,48,90]
[1,50,-18];[82,77,140]
[2,49,-17];[66,60,107]
[2,50,-18];[41,40,74]
[2,49,-18];[66,60,115]
[2,48,-18];[74,65,123]
[1,49,-19];[49,44,82]
[1,48,-19];[74,69,148]
[-16,72,-18];[41,28,8]
[4,50,-18];[49,44,90]
[3,51,-17];[49,40,82]
[3,50,-18];[57,52,99]
[3,49,-19];[99,89,165]
[2,50,-19];[41,36,74]
[1,50,-19];[41,36,66]
[3,48,-19];[90,81,148]
[0,49,-20];[41,36,66]
[0,47,-20];[33,32,66]
[-12,45,-33];[41,36,74]
[-11,46,-33];[49,48,90]
[-13,46,-34];[49,40,82]
[-33,74,19];[46,74,115]
[2,45,-19];[107,97,173]
[3,44,-22];[33,28,57]
[3,45,-21];[115,109,189]
[3,47,-18];[66,56,107]
[2,47,-18];[107,101,181]
[2,46,-19];[41,36,74]
[1,48,-21];[33,32,66]
[0,48,-21];[41,36,66]
[-27,61,-14];[24,32,49]
[2,46,-22];[57,48,90]
[3,46,-20];[90,81,148]
[3,47,-21];[57,56,107]
[2,47,-20];[24,24,49]
[-36,55,26];[76,67,66]
[-2,41,-23];[24,24,49]
[-11,47,-33];[49,44,90]
[-3,42,-22];[41,32,66]
[-3,41,-22];[41,40,74]
[-18,100,0];[104,67,24]
[2,43,-24];[82,73,132]
[3,36,-22];[66,60,115]
[1,42,-22];[49,40,82]
[-3,43,-21];[57,56,99]
[-2,41,-22];[99,93,156]
[-2,40,-23];[99,89,156]
[-1,45,-24];[41,36,66]
[-23,81,21];[90,81,74]
[0,45,-23];[57,48,90]
[-1,42,-25];[41,36,66]
[-30,49,-13];[41,36,8]
[-2,43,-25];[41,36,66]
[-1,45,-25];[41,36,66]
[0,45,-24];[33,32,66]
[0,44,-25];[57,48,99]
[0,44,-26];[49,44,90]
[1,46,-24];[90,81,148]
[0,46,-24];[24,24,49]
[-10,45,-32];[74,65,115]
[-11,44,-31];[90,85,148]
[-11,45,-32];[57,48,90]
[-28,68,27];[57,89,132]
[-12,45,-32];[41,36,74]
[-13,46,-33];[41,32,66]
[-11,48,-32];[49,40,82]
[-24,66,23];[49,36,33]
[-30,54,-11];[57,44,16]
[-10,48,-31];[49,40,82]
[-12,47,-33];[49,40,82]
[-20,93,-8];[112,79,27]
[-11,48,-31];[49,48,90]
[-12,48,-32];[41,40,82]
[-13,48,-33];[49,40,82]
[0,40,-23];[41,36,74]
[1,40,-24];[74,69,123]
[-30,57,-10];[33,36,49]
[1,36,-24];[49,44,82]
[-6,106,-1];[192,162,63]
[2,34,-23];[66,56,107]
[2,34,-24];[57,48,90]
[3,34,-24];[33,32,66]
[2,35,-25];[33,28,57]
[4,36,-24];[82,73,132]
[4,37,-23];[99,89,156]
[3,36,-24];[49,44,82]
[2,40,-24];[74,65,123]
[2,39,-24];[82,73,132]
[3,40,-22];[107,101,173]
[0,39,-23];[74,65,115]
[0,38,-24];[41,36,66]
[0,36,-25];[41,36,74]
[0,37,-24];[41,32,66]
[-26,62,30];[41,57,95]
[-1,38,-25];[49,40,82]
[0,37,-25];[41,36,66]
[2,36,-25];[49,48,90]
[1,37,-25];[24,24,49]
[1,36,-25];[41,36,74]
[-1,43,-26];[41,40,82]
[1,44,-25];[57,52,99]
[2,38,-23];[33,28,57]
[-23,72,29];[93,72,24]
[-9,73,28];[87,78,79]
[3,38,-24];[49,44,82]
[-20,69,-15];[115,93,41]
[3,34,-23];[49,48,90]
[3,33,-24];[41,36,74]
[-1,41,-24];[33,32,66]
[0,40,-22];[99,89,156]
[1,39,-22];[99,93,165]
[0,42,-26];[41,36,66]
[1,42,-26];[115,109,181]
[0,42,-22];[49,40,82]
[0,41,-24];[41,32,66]
[1,41,-25];[49,40,82]
[1,42,-24];[49,48,90]
[1,41,-24];[49,40,82]
[-2,43,-24];[49,40,82]
[1,42,-25];[57,48,90]
[-1,41,-22];[57,48,90]
[-1,40,-24];[49,44,82]
[0,41,-25];[33,28,57]
[1,44,-20];[123,117,206]
[2,47,-21];[49,40,82]
[3,48,-20];[82,73,140]
[-36,76,12];[90,77,74]
[2,48,-21];[24,24,57]
[1,45,-22];[57,52,99]
[2,44,-23];[99,89,165]
[-34,66,24];[41,63,104]
[1,43,-23];[66,60,115]
[1,46,-19];[66,60,115]
[0,44,-20];[99,93,173]
[-1,47,-21];[41,40,82]
[-11,102,6];[95,63,24]
[0,45,-21];[57,48,90]
[-33,66,25];[41,68,109]
[1,46,-22];[74,65,115]
[1,35,-25];[41,36,74]
[1,36,-23];[74,69,140]
[-29,49,-11];[90,77,33]
[2,35,-22];[74,65,123]
[2,35,-23];[74,65,123]
[-12,47,-32];[41,40,82]
[-13,47,-33];[41,32,66]
[-12,47,-31];[49,40,82]
[-12,46,-31];[41,40,82]
[-13,46,-31];[41,32,66]
[-12,45,-31];[49,40,82]
[-13,46,-32];[41,32,66]
[-1,46,-23];[33,28,57]
[-22,64,31];[38,61,87]
[-3,43,-22];[41,36,66]
[-12,46,-30];[49,44,90]
[-12,45,-30];[99,93,173]
[4,34,-23];[66,60,115]
[4,50,-16];[49,40,82]
[3,49,-16];[66,60,115]
[-8,107,0];[164,129,51]
[3,35,-22];[66,60,115]
[-33,59,28];[134,124,117]
[4,36,-23];[74,69,132]
[4,35,-22];[57,56,107]
[3,48,-17];[74,60,115]
[4,47,-18];[66,56,107]
[4,49,-17];[57,56,107]
[-8,47,-30];[33,28,57]
[-5,46,-28];[41,36,66]
[-9,47,-31];[33,28,57]
[-5,45,-29];[24,24,49]
[-8,46,-31];[33,28,57]
[-9,46,-31];[41,40,74]
[-1,44,-25];[41,36,66]
[-8,45,-31];[33,28,57]
[2,39,-25];[49,40,82]
[-9,45,-31];[33,28,57]
[-6,45,-27];[33,28,57]
[-7,46,-28];[33,32,74]
[-9,47,-29];[33,28,57]
[-4,44,-25];[33,32,74]
[-9,46,-29];[33,28,57]
[-3,43,-24];[33,24,57]
[-9,45,-29];[33,28,57]
[-2,42,-24];[41,36,66]
[-9,45,-30];[24,24,49]
[-9,44,-29];[24,24,49]
[-5,44,-28];[33,28,57]
[-8,44,-30];[33,28,57]
[-9,44,-31];[33,32,66]
[-10,47,-30];[49,40,82]
[0,39,-22];[66,56,107]
[-10,47,-31];[49,44,82]
[1,41,-20];[239,195,16]
[2,42,-19];[239,195,16]
[2,41,-19];[239,195,16]
[3,43,-23];[239,195,16]
[3,42,-23];[239,195,16]
[4,42,-22];[239,195,16]
[-18,77,-15];[24,32,49]
[1,42,-20];[239,195,16]
[2,43,-23];[41,36,66]
[2,42,-23];[90,81,148]
[0,42,-21];[82,69,132]
[-1,42,-21];[82,77,140]
[-2,42,-21];[49,44,82]
[-2,43,-21];[156,154,222]
[-1,44,-21];[66,60,115]
[10,43,-14];[83,83,83]
[39,30,10];[104,104,104]
[3,44,-21];[99,93,165]
[0,44,-22];[41,40,82]
[40,30,10];[99,99,99]
[39,30,9];[107,107,107]
[7,40,-18];[60,60,61]
[16,37,-11];[109,110,110]
[14,38,-13];[97,97,97]
[13,38,-14];[92,93,93]
[22,35,-6];[124,124,123]
[34,32,3];[140,140,140]
[38,30,7];[110,110,110]
[38,30,6];[119,120,119]
[36,31,5];[125,125,125]
[35,31,4];[132,133,133]
[33,32,2];[143,144,143]
[26,34,-3];[144,144,144]
[20,36,-8];[115,115,115]
[19,37,-9];[109,109,108]
[41,30,9];[99,98,99]
[40,30,9];[101,101,101]
[40,30,8];[105,105,105]
[6,41,-16];[60,60,60]
[0,44,-21];[49,48,90]
[5,41,-20];[53,53,53]
[3,42,-22];[239,195,16]
[1,42,-23];[49,40,82]
[42,29,10];[92,91,93]
[40,28,8];[230,230,229]
[14,36,-13];[153,153,153]
[19,35,-10];[132,132,132]
[18,35,-10];[132,132,132]
[-10,89,-20];[24,16,0]
[17,35,-11];[138,138,138]
[-26,53,31];[76,69,66]
[27,32,-3];[174,174,174]
[18,35,-9];[132,132,132]
[12,37,-14];[166,167,167]
[28,32,-2];[182,179,180]
[38,29,6];[183,184,184]
[-18,74,29];[148,138,132]
[35,30,4];[160,161,159]
[-34,56,24];[115,101,99]
[33,31,2];[157,159,158]
[32,31,2];[156,158,158]
[31,31,1];[210,211,210]
[-10,76,26];[82,77,74]
[30,32,0];[147,146,147]
[26,33,-3];[140,141,140]
[-27,54,-12];[33,36,57]
[25,33,-4];[159,159,160]
[24,33,-5];[149,149,149]
[-17,83,21];[128,116,112]
[20,35,-8];[130,131,130]
[19,36,-9];[117,117,117]
[19,35,-9];[147,147,147]
[16,36,-12];[188,186,186]
[13,37,-14];[162,163,163]
[-16,77,26];[43,71,109]
[-17,79,20];[181,138,90]
[39,32,9];[185,183,185]
[44,30,12];[102,102,102]
[43,29,11];[133,132,132]
[43,31,12];[109,109,109]
[42,31,11];[122,121,122]
[42,30,10];[91,90,90]
[-19,77,20];[98,87,87]
[10,41,-13];[78,78,78]
[-13,79,25];[84,79,76]
[9,41,-14];[72,71,71]
[2,41,-21];[85,86,86]
[6,39,-17];[66,67,65]
[2,47,-19];[33,28,57]
[5,40,-19];[89,90,89]
[7,39,-17];[73,72,71]
[6,39,-18];[82,82,81]
[8,38,-16];[69,69,69]
[12,38,-12];[90,90,90]
[17,36,-8];[113,113,114]
[32,32,3];[143,144,144]
[27,33,-1];[148,148,148]
[37,30,8];[111,111,111]
[36,30,7];[117,118,118]
[30,32,2];[148,148,148]
[-24,72,-16];[132,109,57]
[27,33,0];[148,148,148]
[26,33,-1];[148,148,148]
[24,34,-3];[137,137,137]
[22,34,-4];[131,131,131]
[14,37,-11];[105,106,106]
[5,40,-18];[68,68,68]
[0,41,-22];[49,40,82]
[5,41,-17];[57,57,57]
[6,40,-17];[60,60,60]
[3,42,-19];[51,51,51]
[3,41,-19];[189,154,33]
[10,42,-14];[51,51,51]
[-29,72,25];[165,60,74]
[10,42,-15];[72,72,72]
[-27,80,18];[43,71,109]
[3,42,-21];[74,74,74]
[5,42,-19];[53,53,54]
[8,41,-17];[63,63,63]
[7,41,-18];[59,59,59]
[6,41,-19];[55,55,55]
[5,42,-20];[41,40,41]
[4,42,-21];[239,195,16]
[2,43,-22];[24,28,49]
[11,41,-14];[78,78,78]
[10,41,-15];[73,72,72]
[10,41,-16];[67,67,68]
[1,44,-22];[49,40,82]
[4,43,-20];[59,59,59]
[-33,63,20];[74,48,33]
[2,44,-22];[57,52,99]
[8,42,-17];[55,55,54]
[5,43,-19];[57,57,57]
[-17,78,25];[41,73,115]
[18,40,-8];[104,104,104]
[-12,105,4];[181,154,66]
[12,42,-13];[140,140,140]
[24,37,-3];[123,122,122]
[-32,63,27];[41,60,99]
[18,39,-8];[105,105,105]
[17,39,-9];[108,108,108]
[9,42,-15];[57,57,58]
[9,42,-16];[57,57,57]
[43,28,12];[131,131,131]
[45,28,13];[115,116,116]
[43,28,11];[138,139,138]
[43,27,11];[141,141,141]
[3,43,-20];[60,60,60]
[4,42,-18];[54,54,55]
[2,43,-20];[33,32,66]
[1,43,-20];[24,24,49]
[-18,77,26];[49,77,123]
[7,42,-17];[56,56,55]
[7,41,-16];[55,55,54]
[6,43,-17];[55,55,55]
[3,44,-20];[82,77,140]
[4,40,-19];[81,80,81]
[2,44,-20];[107,101,181]
[9,43,-15];[57,57,57]
[9,43,-14];[62,62,62]
[8,42,-16];[56,56,55]
[-9,76,27];[112,99,96]
[8,41,-15];[66,66,66]
[41,32,11];[157,156,157]
[-26,79,22];[41,40,49]
[40,31,10];[104,106,104]
[43,29,13];[98,99,98]
[45,29,14];[84,84,84]
[45,28,14];[103,104,102]
[-19,78,-18];[24,32,49]
[44,30,13];[98,98,98]
[44,28,13];[123,123,123]
[43,30,12];[107,107,107]
[42,30,12];[110,111,110]
[8,38,-17];[73,73,73]
[4,39,-20];[255,255,255]
[-33,63,21];[82,52,33]
[-28,80,14];[107,77,49]
[5,39,-19];[89,89,89]
[1,40,-23];[51,51,51]
[1,41,-23];[49,40,82]
[6,40,-19];[79,78,78]
[4,40,-21];[92,92,92]
[2,41,-23];[41,32,66]
[-16,72,25];[82,73,66]
[30,34,2];[140,140,140]
[26,35,0];[139,139,139]
[34,32,6];[132,132,132]
[38,31,9];[110,110,110]
[29,33,2];[146,146,146]
[36,31,7];[122,122,122]
[35,31,6];[125,126,125]
[33,32,5];[137,137,137]
[32,33,4];[140,140,140]
[31,33,3];[144,145,144]
[30,33,2];[147,147,147]
[28,34,1];[141,142,142]
[28,33,1];[147,147,148]
[-27,79,15];[132,101,57]
[26,35,-1];[140,140,140]
[26,34,-1];[146,146,145]
[25,34,-2];[143,143,143]
[-29,60,-13];[33,36,49]
[24,35,-3];[133,133,133]
[23,36,-3];[124,124,124]
[22,36,-4];[119,120,119]
[22,35,-4];[124,124,124]
[18,37,-7];[107,107,107]
[16,37,-9];[108,108,108]
[15,38,-10];[100,100,100]
[1,42,-21];[239,195,16]
[14,38,-11];[97,98,98]
[-36,40,-10];[132,109,57]
[12,39,-15];[81,81,81]
[-26,75,17];[90,65,41]
[10,40,-16];[69,69,69]
[11,39,-15];[77,77,77]
[11,37,-16];[96,96,96]
[9,38,-17];[73,74,74]
[11,38,-16];[81,81,81]
[10,39,-16];[74,74,74]
[10,38,-16];[76,76,76]
[9,39,-17];[65,66,65]
[-16,65,22];[33,81,115]
[9,38,-16];[76,76,76]
[9,38,-15];[75,75,75]
[28,35,0];[136,137,136]
[36,32,6];[127,126,126]
[39,31,8];[109,108,109]
[38,32,7];[133,133,131]
[-7,107,-1];[189,158,66]
[-18,84,-19];[41,36,16]
[36,33,6];[171,172,172]
[-21,82,16];[73,47,32]
[34,34,4];[174,172,172]
[35,33,5];[157,158,158]
[30,35,1];[151,151,151]
[27,36,-1];[142,142,142]
[26,36,-2];[136,136,136]
[-25,72,28];[74,56,16]
[22,38,-5];[113,113,113]
[21,38,-6];[113,113,114]
[19,39,-8];[106,107,106]
[21,37,-7];[110,110,111]
[16,39,-11];[99,99,99]
[19,38,-9];[107,107,107]
[22,37,-5];[115,115,115]
[20,37,-7];[107,108,108]
[26,35,-2];[140,140,140]
[35,32,4];[134,134,134]
[38,31,7];[115,115,115]
[37,31,6];[121,121,121]
[36,32,5];[129,129,129]
[35,32,5];[132,132,132]
[34,32,4];[138,138,138]
[33,33,3];[141,141,141]
[31,34,1];[144,143,143]
[31,33,1];[148,148,148]
[30,34,1];[142,142,143]
[28,35,-1];[140,140,140]
[27,35,-2];[141,141,141]
[27,34,-2];[148,148,148]
[-10,76,27];[107,93,90]
[-27,77,23];[54,87,129]
[26,36,-3];[135,134,134]
[26,35,-3];[140,140,140]
[24,36,-4];[127,127,127]
[23,36,-5];[121,121,121]
[22,37,-6];[115,115,115]
[21,37,-6];[112,113,112]
[-35,45,-9];[255,207,107]
[-6,45,-26];[33,32,74]
[21,36,-7];[117,117,117]
[20,37,-8];[109,109,108]
[19,37,-8];[108,108,108]
[18,39,-9];[110,111,111]
[18,38,-9];[106,106,106]
[17,38,-10];[106,106,105]
[16,39,-10];[110,109,110]
[16,38,-11];[102,102,102]
[15,40,-11];[112,112,112]
[13,41,-13];[121,122,121]
[25,35,-3];[138,137,137]
[13,39,-13];[86,86,86]
[12,41,-14];[86,86,86]
[42,27,10];[171,171,171]
[41,28,9];[197,196,197]
[42,28,11];[146,146,146]
[-37,46,-8];[132,105,57]
[41,29,11];[90,90,90]
[41,28,10];[176,175,175]
[10,43,-13];[55,55,55]
[40,28,9];[215,217,216]
[40,29,10];[98,98,98]
[42,28,10];[158,158,158]
[40,28,10];[179,179,178]
[17,36,-9];[115,114,115]
[37,29,8];[128,129,131]
[37,29,7];[155,153,153]
[-28,55,-13];[66,56,24]
[36,29,6];[184,184,183]
[1,38,-22];[74,65,123]
[35,30,6];[130,129,129]
[-8,75,30];[198,182,173]
[-19,71,30];[43,74,117]
[33,30,4];[178,177,177]
[-16,78,22];[129,98,63]
[32,31,3];[143,143,143]
[30,31,2];[154,154,155]
[29,32,1];[146,146,146]
[26,33,-2];[147,148,147]
[25,33,-2];[143,143,143]
[24,33,-3];[136,136,136]
[-27,79,22];[120,109,101]
[23,34,-4];[132,132,132]
[-25,64,-14];[82,69,33]
[20,34,-6];[135,135,136]
[31,30,2];[222,222,222]
[15,36,-12];[143,143,143]
[-26,77,16];[131,101,65]
[-13,104,5];[197,163,71]
[15,36,-11];[139,138,139]
[37,29,6];[231,232,231]
[34,30,4];[225,227,226]
[33,30,3];[234,235,235]
[-27,51,-12];[41,36,16]
[32,30,2];[230,231,230]
[31,31,2];[155,157,155]
[31,30,1];[221,220,220]
[30,31,0];[207,207,208]
[29,31,0];[203,203,203]
[28,32,-1];[190,190,188]
[27,32,-2];[183,183,183]
[26,32,-3];[169,169,170]
[25,33,-3];[138,138,138]
[25,32,-4];[160,160,160]
[23,33,-5];[144,144,144]
[22,34,-5];[131,131,131]
[-13,67,32];[104,94,96]
[22,33,-6];[139,140,140]
[21,34,-7];[134,134,134]
[20,34,-8];[132,132,132]
[19,35,-7];[119,119,118]
[18,35,-8];[135,134,133]
[17,35,-10];[134,135,134]
[16,36,-10];[133,133,132]
[16,35,-11];[140,140,140]
[15,36,-10];[125,126,126]
[14,36,-11];[143,141,143]
[14,36,-12];[148,148,148]
[-16,77,22];[132,101,66]
[13,36,-13];[161,161,161]
[12,37,-13];[132,132,132]
[12,36,-14];[173,173,173]
[10,36,-16];[78,78,78]
[-14,67,28];[66,60,57]
[20,37,-5];[110,111,110]
[12,40,-11];[108,109,109]
[16,39,-9];[117,118,116]
[35,33,6];[183,184,182]
[39,32,10];[185,185,186]
[37,32,8];[128,129,128]
[36,32,8];[131,133,133]
[35,33,7];[172,172,171]
[-25,65,23];[41,32,33]
[34,33,6];[146,146,146]
[32,34,4];[147,147,147]
[-19,77,-15];[165,134,66]
[31,34,4];[147,146,146]
[-21,71,29];[54,86,129]
[-12,98,4];[165,125,41]
[28,35,1];[133,132,132]
[27,35,0];[139,139,139]
[21,37,-4];[112,112,112]
[18,38,-7];[104,104,106]
[23,38,-4];[115,115,115]
[28,36,0];[151,152,151]
[38,33,8];[188,189,188]
[39,33,9];[189,189,189]
[37,33,8];[189,189,189]
[-26,55,-12];[33,36,57]
[36,34,7];[189,189,189]
[34,34,6];[188,187,187]
[33,35,5];[187,188,187]
[30,35,2];[166,166,166]
[29,36,1];[157,157,157]
[-18,61,25];[41,44,41]
[28,36,1];[155,154,155]
[27,37,0];[144,144,144]
[27,36,0];[146,146,146]
[26,36,-1];[137,138,137]
[25,37,-1];[129,129,129]
[25,37,-2];[127,127,127]
[24,37,-2];[123,123,123]
[23,38,-3];[115,115,115]
[23,37,-3];[111,110,111]
[21,39,-5];[107,107,107]
[21,38,-5];[108,108,108]
[19,38,-6];[107,107,107]
[18,40,-7];[103,104,104]
[18,39,-7];[101,102,101]
[15,41,-10];[115,115,115]
[15,40,-9];[111,110,110]
[15,39,-9];[118,116,116]
[-33,75,18];[41,69,107]
[13,41,-11];[126,126,126]
[12,42,-12];[138,138,138]
[-34,73,19];[41,69,115]
[12,41,-12];[132,132,132]
[12,40,-12];[92,93,93]
[-5,100,0];[104,67,24]
[11,40,-12];[89,88,88]
[10,42,-13];[94,94,94]
[-20,59,33];[79,69,62]
[11,42,-13];[159,159,159]
[10,38,-14];[51,51,51]
[9,39,-15];[99,99,99]
[11,39,-13];[41,40,41]
[10,39,-14];[51,51,51]
[9,40,-15];[69,69,69]
[-14,94,-10];[115,89,66]
[-13,91,0];[189,154,115]
[-11,100,2];[198,162,123]
[-16,86,-20];[24,28,41]
[-10,100,2];[198,166,123]
[-10,99,1];[206,174,132]
[-11,91,-2];[107,105,107]
[-11,91,0];[198,162,132]
[-11,91,-1];[206,170,140]
[-12,91,-1];[206,170,132]
[-19,93,-7];[104,70,24]
[-19,93,-6];[101,66,24]
[-19,96,-3];[104,70,24]
[-17,93,0];[43,37,30]
[-18,94,-3];[107,77,49]
[-19,95,-4];[107,69,24]
[-19,94,-4];[107,70,24]
[-19,94,-5];[104,70,24]
[-18,88,-5];[132,97,74]
[-18,90,-6];[132,97,74]
[-18,91,-5];[173,142,99]
[-19,91,-7];[132,101,74]
[-19,92,-7];[107,70,24]
[-24,67,23];[57,40,24]
[-15,89,-12];[123,97,66]
[-15,91,-10];[132,97,74]
[-15,89,-11];[132,97,74]
[-15,92,-10];[107,69,24]
[-18,91,-10];[107,70,24]
[-16,93,-10];[132,101,74]
[-17,92,-10];[107,69,24]
[-16,92,-10];[107,70,24]
[-20,90,-9];[132,97,74]
[-19,91,-8];[132,97,74]
[-20,89,-8];[132,97,74]
[-18,92,-9];[107,69,24]
[-19,92,-8];[107,73,24]
[-18,91,-9];[132,97,74]
[-18,90,-10];[123,93,66]
[-18,67,31];[104,94,90]
[-8,101,-14];[181,158,123]
[-9,101,-13];[181,138,99]
[-13,92,-3];[156,125,82]
[-9,98,-11];[165,134,99]
[-16,72,30];[107,89,82]
[-19,96,-2];[140,109,74]
[-13,88,-17];[74,65,33]
[-20,97,-2];[140,113,82]
[-20,96,-2];[148,125,82]
[-23,99,-1];[123,97,57]
[-8,101,-2];[189,154,115]
[-10,102,1];[123,89,24]
[-9,101,0];[189,158,115]
[-7,102,-4];[112,78,24]
[-8,102,-2];[57,44,33]
[-8,102,-3];[165,134,90]
[-7,102,-3];[107,73,24]
[-22,84,18];[120,107,107]
[-8,102,-1];[123,85,24]
[-13,93,-10];[107,69,24]
[-18,63,25];[38,82,115]
[-10,97,-1];[115,93,57]
[-9,98,-1];[198,166,132]
[-12,93,1];[206,174,140]
[-11,93,1];[165,134,90]
[-8,96,-4];[198,162,123]
[-10,96,-2];[148,89,41]
[-10,97,-3];[140,101,66]
[-14,90,-2];[165,138,90]
[-27,59,30];[33,49,87]
[-13,90,-1];[181,150,107]
[-17,99,1];[107,69,24]
[-17,98,1];[99,65,24]
[-7,100,-4];[107,69,24]
[-7,101,-4];[109,74,24]
[-7,101,-3];[107,69,24]
[-8,100,-2];[189,158,115]
[-19,95,-3];[109,73,24]
[-13,91,-20];[24,16,0]
[-20,96,-3];[117,83,30]
[-21,97,-3];[107,73,24]
[-21,96,-3];[156,125,74]
[-15,96,1];[189,150,115]
[-17,96,1];[156,124,43]
[-18,95,-1];[140,109,33]
[-18,94,-1];[156,125,49]
[-15,95,1];[198,154,123]
[-33,80,14];[82,77,74]
[-13,95,1];[206,174,140]
[-14,95,1];[206,174,148]
[-15,94,1];[181,142,99]
[-15,93,0];[173,142,99]
[-16,93,0];[41,40,33]
[-16,102,2];[90,60,16]
[-16,100,2];[107,73,24]
[-16,91,-3];[132,105,74]
[-16,92,-2];[156,125,82]
[-15,92,0];[173,142,99]
[-14,91,-1];[165,138,90]
[-36,46,-9];[0,8,8]
[-15,92,-1];[165,138,90]
[-16,92,-1];[165,134,90]
[-11,96,1];[181,150,107]
[-8,98,-5];[156,125,82]
[-26,68,21];[57,40,38]
[-15,102,2];[44,38,32]
[-12,101,2];[181,150,99]
[-13,102,2];[57,44,33]
[-13,101,2];[189,150,107]
[-13,100,2];[198,158,115]
[-12,99,2];[206,170,132]
[-10,97,1];[206,182,156]
[-11,97,1];[156,121,82]
[-8,99,-3];[206,178,148]
[-11,96,0];[198,158,123]
[-8,99,-6];[101,67,24]
[-7,100,-5];[107,73,24]
[-7,99,-5];[104,70,24]
[-10,93,0];[156,121,74]
[-11,95,0];[189,158,115]
[-9,96,-1];[132,105,74]
[-5,102,-3];[107,73,16]
[-10,97,-2];[148,89,41]
[-9,97,-11];[140,117,74]
[-11,97,-10];[101,67,24]
[-10,97,-11];[140,113,74]
[-9,98,-12];[140,109,66]
[-9,99,-12];[173,142,99]
[-9,100,-13];[148,117,74]
[-8,74,28];[82,77,74]
[-10,93,-1];[189,150,115]
[-10,95,0];[198,162,123]
[-26,55,29];[49,40,41]
[-13,88,-7];[132,97,74]
[-21,63,27];[87,56,35]
[-13,88,-8];[132,97,74]
[-9,98,0];[173,142,99]
[-17,83,-19];[33,28,16]
[-12,46,-33];[41,36,74]
[-9,99,1];[206,174,140]
[-9,98,1];[206,178,140]
[-12,98,2];[82,60,33]
[-8,99,0];[206,170,140]
[-13,94,1];[198,170,140]
[-29,65,28];[49,73,115]
[-14,94,1];[198,162,123]
[-16,98,2];[104,69,24]
[-7,99,-4];[104,70,24]
[-14,92,-4];[132,109,74]
[-21,96,-2];[173,146,115]
[-13,93,1];[206,174,140]
[-25,100,-2];[173,134,90]
[-19,95,-2];[140,109,66]
[-19,94,-2];[41,56,82]
[-15,100,2];[173,142,99]
[-15,99,2];[82,65,24]
[-9,97,-10];[214,178,148]
[-10,96,-10];[132,105,66]
[-10,95,-9];[41,56,74]
[-15,62,32];[76,70,68]
[-23,97,-2];[132,105,66]
[-25,99,-2];[132,105,66]
[-21,83,15];[76,70,68]
[-24,99,-2];[181,146,115]
[-24,98,-2];[140,109,66]
[-34,72,19];[41,65,107]
[-10,91,-2];[198,166,132]
[-14,93,-3];[49,24,16]
[-11,93,-2];[90,81,74]
[33,34,4];[180,181,181]
[-12,93,-3];[41,12,8]
[-12,93,-1];[99,85,82]
[-11,92,-1];[132,125,123]
[-12,93,-2];[49,28,16]
[-13,93,-2];[57,32,16]
[-13,93,-4];[49,24,8]
[-25,69,29];[161,58,71]
[-13,92,-4];[16,12,8]
[-8,95,-4];[189,150,107]
[19,34,-8];[132,132,132]
[-8,97,-6];[126,90,32]
[-8,96,-6];[164,133,51]
[-8,98,-6];[132,97,33]
[-9,98,-7];[104,70,24]
[-8,97,-7];[117,83,30]
[-9,97,-7];[90,60,16]
[-10,94,-7];[148,117,74]
[-9,94,-6];[156,121,82]
[-10,101,1];[41,36,33]
[-8,94,-4];[181,142,99]
[-8,95,-3];[206,170,140]
[-9,95,-1];[198,162,132]
[-9,94,-1];[189,158,115]
[-26,68,-13];[24,32,49]
[-11,92,-6];[148,121,82]
[-11,45,-31];[82,73,132]
[-10,92,-6];[165,134,90]
[-10,93,-6];[165,134,90]
[-10,92,-5];[165,134,90]
[-9,93,-5];[173,138,99]
[-9,92,-3];[189,150,107]
[-9,94,-2];[206,166,140]
[-9,95,-2];[206,174,148]
[-9,100,-10];[181,154,123]
[-13,97,0];[140,101,66]
[-13,96,0];[140,101,66]
[-11,92,-4];[33,16,8]
[-11,93,-4];[90,81,74]
[-10,97,-9];[107,73,24]
[-35,72,18];[82,73,74]
[-10,97,-10];[132,105,74]
[0,46,-21];[49,44,90]
[-9,98,-10];[132,105,66]
[-9,99,-10];[198,166,140]
[-9,99,-11];[140,113,74]
[-9,98,-9];[123,97,66]
[-9,97,-8];[132,97,33]
[-30,47,-11];[33,24,8]
[-9,97,-9];[90,69,41]
[-9,96,-8];[148,113,38]
[-14,97,2];[107,105,107]
[-13,98,2];[181,150,115]
[-16,98,1];[156,130,90]
[32,34,5];[172,172,171]
[-18,96,0];[126,90,30]
[-18,97,0];[117,86,30]
[-22,63,-15];[24,32,49]
[-17,97,0];[104,70,24]
[-31,70,25];[49,81,123]
[-17,97,1];[115,77,24]
[-16,96,1];[173,138,90]
[-15,98,2];[198,166,123]
[-18,93,-3];[140,105,74]
[-1,39,-25];[24,24,49]
[-17,92,-3];[132,97,74]
[-17,92,-4];[148,113,82]
[-17,91,-4];[181,150,107]
[-18,93,-4];[148,121,82]
[-18,92,-4];[181,146,107]
[-17,87,-5];[132,97,74]
[-14,89,-5];[165,138,99]
[-13,90,-6];[132,105,74]
[-13,90,-5];[99,60,24]
[-12,93,-8];[132,109,74]
[-20,67,-18];[132,113,49]
[-12,92,-7];[132,101,74]
[-11,93,-8];[132,101,74]
[-11,94,-8];[99,81,49]
[-12,94,-10];[115,81,30]
[-11,96,-10];[112,78,27]
[-12,94,-9];[140,109,74]
[-12,95,-10];[107,70,24]
[-11,95,-9];[49,73,99]
[-16,91,-4];[132,105,74]
[-20,97,-1];[90,69,41]
[-18,96,-1];[134,102,35]
[-19,96,-1];[132,97,33]
[8,40,-18];[57,58,56]
[-19,97,-1];[79,48,21]
[-19,98,-1];[189,178,165]
[-33,79,14];[16,24,49]
[-21,99,-1];[189,158,132]
[-21,98,-2];[115,89,57]
[-11,93,0];[123,105,99]
[-11,92,0];[140,105,74]
[-10,91,-3];[181,146,107]
[-10,90,-2];[189,154,115]
[-23,73,20];[38,30,29]
[-11,89,-2];[181,146,107]
[-12,89,-2];[156,130,90]
[-34,70,21];[41,69,107]
[-11,91,-6];[148,121,82]
[-12,91,-5];[132,101,74]
[-20,72,-15];[82,73,33]
[-12,91,-6];[132,97,74]
[-11,91,-5];[156,130,90]
[-11,91,-4];[165,134,90]
[-10,91,-4];[165,134,90]
[-35,45,-8];[255,255,255]
[-14,90,-4];[132,97,74]
[-15,91,-4];[132,97,74]
[-26,62,-12];[33,36,49]
[-13,90,-2];[156,130,90]
[-13,90,-3];[140,113,74]
[-22,62,27];[93,61,38]
[-24,100,-1];[181,154,123]
[-23,98,-1];[173,146,107]
[-23,98,-2];[198,166,140]
[-25,100,-1];[189,174,140]
[-12,92,-3];[41,12,16]
[-11,92,-2];[57,20,24]
[-12,92,-1];[107,97,90]
[-12,92,-2];[156,125,82]
[-13,92,-2];[107,101,90]
[-11,98,2];[189,162,123]
[-5,85,-8];[96,54,30]
[-5,86,-9];[96,57,33]
[-33,62,21];[140,109,74]
[-5,86,-10];[93,53,27]
[-24,83,15];[82,77,74]
[-6,85,-8];[96,56,30]
[13,2,7];[66,40,24]
[13,3,8];[63,38,21]
[14,3,8];[66,36,24]
[-8,103,2];[68,48,30]
[13,4,8];[68,41,27]
[13,3,7];[66,37,24]
[13,5,9];[71,41,30]
[11,4,12];[84,49,33]
[10,3,12];[82,48,33]
[17,39,-8];[125,126,126]
[11,4,11];[82,52,33]
[10,5,12];[95,56,33]
[9,4,13];[82,48,33]
[-36,46,-8];[16,20,24]
[7,4,13];[84,49,33]
[5,4,12];[74,44,33]
[4,4,11];[71,42,27]
[3,5,9];[79,47,32]
[16,36,-9];[118,119,116]
[4,4,10];[71,42,27]
[2,4,8];[71,42,30]
[3,4,8];[71,42,30]
[23,34,-6];[132,132,132]
[2,5,7];[71,42,33]
[1,7,5];[68,40,30]
[-31,54,-9];[107,89,41]
[1,4,6];[62,36,27]
[1,5,6];[62,36,27]
[-24,74,19];[99,77,49]
[2,4,7];[74,44,33]
[1,4,5];[71,41,30]
[0,6,4];[68,38,27]
[-12,92,-5];[33,16,8]
[0,5,4];[68,37,30]
[14,3,9];[66,37,27]
[13,2,11];[66,40,24]
[13,2,10];[63,38,24]
[12,2,11];[63,38,24]
[11,3,12];[71,42,30]
[11,2,12];[66,40,24]
[10,3,13];[74,44,33]
[10,2,13];[63,38,24]
[9,2,13];[63,38,24]
[-18,93,-5];[156,125,90]
[7,3,13];[68,41,27]
[6,2,13];[66,36,24]
[-12,95,0];[198,162,123]
[6,3,13];[68,41,27]
[5,3,12];[68,38,27]
[5,2,12];[66,40,24]
[4,3,11];[68,41,27]
[8,5,12];[101,60,35]
[6,42,-19];[51,51,51]
[8,6,11];[132,81,49]
[7,5,12];[90,52,33]
[8,6,10];[126,78,46]
[7,6,10];[109,67,41]
[7,6,11];[120,74,46]
[6,6,9];[101,57,35]
[6,7,8];[93,55,35]
[5,7,8];[90,52,32]
[-6,85,-7];[66,40,24]
[-5,84,-8];[57,36,16]
[-5,85,-11];[82,48,24]
[-5,85,-10];[90,56,33]
[-6,87,-13];[123,77,41]
[-45,12,-23];[68,41,27]
[-45,11,-22];[71,42,30]
[-45,11,-23];[68,41,27]
[-45,12,-24];[71,41,30]
[-46,11,-22];[74,44,33]
[-46,9,-21];[68,38,27]
[-46,9,-22];[71,42,30]
[-46,8,-21];[68,38,27]
[-46,10,-19];[82,48,33]
[-46,11,-20];[68,38,27]
[-46,11,-21];[71,38,30]
[-47,10,-20];[71,42,27]
[-47,9,-20];[71,41,30]
[-47,8,-19];[66,36,24]
[-47,8,-20];[71,41,30]
[-47,7,-19];[66,36,24]
[-47,7,-20];[66,36,24]
[-46,6,-16];[66,36,24]
[-46,8,-17];[66,37,24]
[-47,7,-17];[68,38,27]
[-28,66,21];[99,73,49]
[-47,7,-18];[66,37,24]
[-47,6,-17];[66,36,24]
[-47,6,-18];[66,40,24]
[-47,6,-19];[66,36,24]
[-46,10,-17];[74,44,33]
[-47,4,-15];[63,38,24]
[-24,65,24];[99,73,49]
[-46,6,-15];[68,38,27]
[-37,10,-19];[51,26,16]
[-37,10,-20];[51,26,16]
[-37,8,-20];[66,36,24]
[-37,9,-21];[57,32,16]
[-37,8,-22];[60,33,18]
[-37,7,-21];[63,37,21]
[-37,10,-22];[49,28,16]
[-37,9,-23];[60,34,18]
[-37,9,-18];[63,34,21]
[-37,8,-18];[71,40,27]
[-22,83,18];[120,107,107]
[-33,76,13];[68,52,43]
[-37,8,-19];[60,33,18]
[-37,7,-18];[71,40,27]
[-38,5,-15];[71,42,33]
[-37,8,-17];[74,44,33]
[-37,7,-16];[68,40,30]
[-37,5,-16];[62,36,27]
[-38,6,-15];[74,44,33]
[-36,72,14];[82,71,68]
[-38,7,-15];[74,44,33]
[-38,6,-14];[82,49,33]
[-39,6,-10];[104,63,35]
[-40,6,-10];[109,67,41]
[-45,10,-15];[66,36,24]
[-46,9,-16];[66,36,24]
[-45,7,-15];[74,44,33]
[-46,7,-15];[71,41,30]
[-45,6,-14];[74,44,33]
[-46,5,-14];[71,42,30]
[-45,9,-15];[74,44,33]
[-45,8,-14];[76,45,33]
[-45,7,-14];[76,45,33]
[-45,6,-13];[79,46,33]
[-30,75,22];[54,85,126]
[-45,5,-14];[74,44,33]
[-38,8,-15];[76,45,30]
[-39,9,-15];[66,40,24]
[-40,7,-13];[87,50,33]
[-40,7,-14];[84,49,33]
[-39,6,-13];[90,53,33]
[-40,6,-12];[74,40,24]
[-40,6,-13];[85,52,29]
[-42,6,-12];[104,66,40]
[-42,6,-11];[96,56,33]
[-43,6,-12];[101,62,40]
[-46,13,-21];[66,36,24]
[-11,67,30];[84,75,76]
[-9,92,-7];[107,73,24]
[-47,14,-18];[66,36,24]
[-47,15,-15];[60,33,18]
[-46,15,-14];[66,38,24]
[-31,79,16];[41,69,107]
[-46,15,-15];[66,36,24]
[-44,14,-13];[74,44,33]
[-45,15,-13];[66,40,27]
[-44,16,-13];[74,44,33]
[-42,14,-12];[71,42,30]
[-42,13,-12];[93,57,38]
[-31,54,-13];[57,44,16]
[-43,14,-12];[74,44,33]
[-42,15,-12];[76,46,33]
[-19,77,26];[49,81,123]
[-36,16,-21];[68,41,27]
[-35,15,-16];[60,33,18]
[-35,14,-17];[57,32,21]
[-35,15,-15];[79,44,27]
[-16,84,19];[189,174,173]
[14,41,-11];[120,120,120]
[-37,14,-14];[68,41,27]
[-36,13,-14];[74,44,33]
[-37,13,-14];[82,52,41]
[-43,14,-25];[82,48,33]
[-46,14,-21];[68,38,27]
[-45,13,-24];[62,32,21]
[-46,14,-22];[74,44,33]
[-47,15,-21];[71,41,30]
[-46,14,-23];[74,44,33]
[-47,15,-17];[57,33,16]
[-47,14,-19];[66,36,24]
[-37,5,-17];[71,41,30]
[-47,16,-17];[57,32,16]
[-46,17,-15];[54,30,21]
[-45,17,-14];[66,40,24]
[-45,16,-14];[71,42,27]
[-12,69,32];[109,99,93]
[-46,16,-15];[57,32,18]
[-44,18,-13];[66,36,24]
[-44,17,-14];[76,45,30]
[-43,18,-13];[68,38,27]
[-43,18,-12];[71,42,27]
[-43,17,-13];[66,40,24]
[-41,18,-12];[82,48,33]
[24,35,-5];[130,130,130]
[-42,18,-12];[71,42,30]
[-46,18,-17];[60,33,18]
[-43,19,-12];[66,36,24]
[-44,19,-13];[66,36,24]
[-45,19,-15];[54,30,18]
[-44,18,-14];[84,52,33]
[-38,70,17];[82,73,74]
[-45,18,-16];[57,32,16]
[-18,62,33];[74,67,66]
[-45,18,-17];[57,32,16]
[-38,12,-22];[49,28,16]
[-37,13,-22];[68,38,27]
[-36,13,-22];[68,38,27]
[-36,14,-22];[66,36,24]
[-37,14,-23];[74,44,33]
[-37,15,-22];[66,36,24]
[-37,15,-23];[71,41,30]
[-37,12,-21];[60,33,18]
[-36,12,-20];[66,36,24]
[-36,12,-19];[66,36,24]
[-36,13,-21];[66,36,24]
[-10,92,-2];[99,85,66]
[-36,13,-20];[66,37,24]
[-30,52,28];[49,41,38]
[-7,103,1];[140,105,33]
[-36,14,-21];[63,34,24]
[-34,16,-17];[68,41,27]
[-16,95,1];[173,134,82]
[-34,15,-18];[54,32,16]
[-35,15,-20];[66,36,24]
[-35,15,-19];[60,33,18]
[-43,16,-25];[90,56,41]
[-44,16,-24];[93,57,35]
[-45,17,-23];[68,38,27]
[-45,19,-19];[66,36,24]
[-44,19,-19];[66,40,24]
[-46,18,-19];[66,36,24]
[-45,18,-21];[68,41,27]
[-45,18,-19];[66,38,24]
[-45,17,-21];[66,40,24]
[-45,20,-17];[54,29,16]
[-45,18,-18];[63,34,24]
[-44,20,-16];[71,40,27]
[-17,63,32];[84,74,68]
[-44,20,-17];[57,30,18]
[-46,18,-18];[66,36,24]
[-36,48,-8];[49,40,16]
[-45,19,-17];[54,30,16]
[-45,19,-18];[63,34,21]
[-44,20,-14];[63,37,21]
[-44,21,-15];[66,41,27]
[-44,21,-16];[71,41,30]
[0,47,-22];[33,28,57]
[-43,21,-14];[54,30,16]
[-43,21,-13];[54,30,18]
[-42,22,-11];[57,32,21]
[-42,20,-12];[66,36,24]
[-41,19,-12];[79,46,33]
[-41,20,-11];[71,41,30]
[-34,45,-10];[24,28,41]
[-42,20,-11];[71,42,30]
[-42,19,-12];[66,37,24]
[-35,55,28];[74,69,66]
[-7,45,-27];[33,28,57]
[-41,21,-10];[66,38,24]
[-41,20,-10];[71,38,24]
[-40,20,-10];[74,44,33]
[-34,79,14];[115,105,99]
[17,37,-10];[109,109,109]
[-47,4,-18];[66,40,24]
[-19,70,-15];[33,28,8]
[-47,3,-16];[63,38,24]
[-33,78,18];[95,82,79]
[-47,3,-15];[66,38,24]
[-47,4,-16];[63,38,24]
[-47,4,-17];[66,40,24]
[-46,7,-22];[66,40,24]
[-46,6,-21];[51,32,18]
[-47,5,-19];[66,40,24]
[-47,7,-21];[68,38,27]
[-47,7,-22];[68,40,27]
[-47,6,-20];[63,34,24]
[-47,6,-21];[68,38,27]
[-45,10,-24];[68,41,27]
[-43,11,-25];[82,48,33]
[-40,11,-26];[87,50,33]
[-38,10,-24];[62,38,27]
[-38,10,-25];[74,44,33]
[-39,67,18];[74,65,66]
[-37,8,-23];[60,34,18]
[-37,7,-22];[66,36,24]
[-37,6,-20];[71,41,30]
[-37,6,-21];[66,36,24]
[-37,5,-20];[57,32,24]
[-38,2,-16];[71,38,24]
[-37,4,-17];[68,38,27]
[-37,4,-18];[71,41,30]
[-37,4,-19];[74,40,33]
[-37,3,-16];[66,40,24]
[-37,2,-17];[68,38,24]
[-2,42,-25];[41,36,66]
[-37,2,-15];[68,38,27]
[-37,2,-16];[68,37,24]
[-37,3,-15];[71,41,30]
[-23,61,-14];[49,56,82]
[-37,4,-13];[49,28,16]
[-37,3,-12];[66,36,24]
[-17,72,-18];[24,28,41]
[-14,89,-11];[132,97,74]
[-37,3,-13];[71,41,27]
[3,6,6];[76,45,33]
[3,7,5];[76,44,30]
[2,7,5];[71,40,27]
[3,6,7];[79,46,33]
[2,8,5];[76,45,30]
[-17,73,-17];[41,48,74]
[-17,78,-19];[24,32,49]
[1,8,4];[66,36,24]
[5,8,4];[76,42,27]
[4,9,3];[88,49,35]
[-9,100,-8];[107,74,24]
[0,8,3];[63,34,21]
[2,8,4];[71,42,27]
[-37,4,-16];[68,40,30]
[-37,3,-14];[71,42,30]
[4,7,6];[79,44,27]
[5,7,6];[90,52,33]
[4,8,4];[82,48,33]
[6,9,2];[74,44,27]
[5,9,3];[57,32,24]
[6,8,4];[82,48,33]
[6,8,2];[66,36,24]
[7,8,4];[84,49,33]
[7,8,3];[82,48,33]
[-21,70,29];[49,77,123]
[8,7,7];[93,53,33]
[8,7,6];[107,69,49]
[8,7,5];[90,56,33]
[10,7,7];[99,56,33]
[9,7,6];[74,40,24]
[-31,73,23];[49,85,123]
[11,7,8];[104,62,38]
[10,7,8];[104,64,38]
[-36,75,15];[115,105,99]
[11,6,8];[101,62,38]
[12,6,8];[82,48,33]
[12,5,7];[74,44,33]
[13,4,7];[66,40,24]
[13,3,6];[66,38,24]
[-36,55,24];[32,29,24]
[13,4,5];[66,40,24]
[10,5,2];[68,41,27]
[9,6,1];[71,38,30]
[9,5,2];[68,41,27]
[-30,55,31];[82,77,74]
[10,5,1];[66,40,27]
[9,5,-1];[68,38,27]
[8,8,-2];[68,40,30]
[8,5,-1];[66,38,24]
[-8,87,-22];[198,154,82]
[10,4,1];[66,40,24]
[9,6,0];[71,38,30]
[19,39,-7];[104,105,104]
[9,5,0];[66,36,24]
[8,4,-2];[66,37,24]
[7,7,-2];[74,44,33]
[-26,74,26];[63,101,148]
[7,6,-3];[71,42,30]
[7,5,-4];[68,38,27]
[7,5,-3];[66,36,24]
[6,6,-5];[68,37,27]
[6,5,-5];[68,41,27]
[2,35,-24];[57,56,99]
[6,4,-4];[68,38,27]
[5,6,-6];[74,44,33]
[4,6,-6];[71,42,30]
[6,8,5];[87,52,35]
[5,4,-5];[71,41,30]
[4,5,-6];[68,41,27]
[4,4,-6];[68,41,27]
[3,6,-7];[71,42,30]
[1,5,-6];[84,49,33]
[2,5,-7];[74,44,33]
[1,5,-7];[87,50,33]
[0,4,-6];[84,49,33]
[2,4,-7];[74,44,33]
[-1,4,-6];[87,50,33]
[-2,3,-6];[90,52,33]
[4,3,-6];[71,42,30]
[3,3,-7];[71,42,30]
[2,3,-7];[74,44,33]
[0,6,-6];[87,50,33]
[-2,5,-5];[90,52,33]
[-3,3,-1];[71,42,30]
[-3,3,-4];[82,48,33]
[6,17,-4];[76,45,30]
[6,16,-4];[66,36,24]
[6,15,-5];[54,30,16]
[6,14,-5];[57,32,16]
[6,12,-7];[63,34,21]
[-1,8,-8];[82,50,33]
[-20,79,18];[85,68,55]
[-3,6,-3];[66,36,24]
[-3,4,-1];[68,41,27]
[-3,5,-3];[66,36,24]
[-3,4,-2];[68,41,27]
[1,22,3];[68,38,27]
[2,21,3];[82,48,33]
[2,20,3];[90,52,33]
[-32,45,-12];[132,109,57]
[3,19,2];[76,42,27]
[4,21,2];[87,49,33]
[-37,45,-7];[140,113,57]
[4,21,1];[90,56,33]
[4,20,2];[79,49,33]
[26,33,-4];[155,155,155]
[5,21,0];[74,44,33]
[-27,55,-11];[132,105,49]
[6,21,0];[71,41,30]
[5,20,1];[71,45,30]
[5,19,0];[76,45,33]
[5,20,0];[68,38,27]
[6,19,0];[74,44,33]
[6,19,-1];[71,42,30]
[6,21,-3];[60,33,18]
[6,20,-3];[66,40,24]
[6,19,-2];[71,41,30]
[-35,67,22];[66,56,57]
[6,18,-5];[63,38,24]
[-20,100,0];[132,97,33]
[6,20,-4];[66,40,24]
[5,18,-5];[63,36,21]
[5,16,-6];[54,30,18]
[6,15,-6];[57,32,16]
[6,14,-6];[60,30,18]
[6,18,-4];[60,34,18]
[6,17,-5];[82,52,33]
[4,12,-7];[66,38,24]
[5,14,-7];[63,34,21]
[5,12,-7];[66,37,21]
[3,11,-8];[68,40,30]
[-4,45,-28];[41,36,66]
[-11,92,-5];[41,20,8]
[-3,15,1];[82,48,33]
[-2,16,2];[63,34,21]
[-2,15,2];[84,48,30]
[-11,93,-7];[132,105,74]
[-3,14,2];[57,32,16]
[-10,95,1];[206,174,140]
[-2,14,2];[54,30,18]
[-1,15,3];[66,36,24]
[1,14,3];[71,42,30]
[0,3,-7];[87,50,33]
[2,14,4];[74,44,33]
[4,13,4];[84,50,33]
[4,12,4];[93,56,38]
[7,12,1];[90,52,33]
[18,38,-10];[107,107,107]
[7,11,1];[90,54,33]
[8,12,0];[76,45,33]
[8,12,-1];[74,42,30]
[8,11,-1];[82,48,33]
[8,11,-2];[74,44,33]
[8,10,-2];[66,40,24]
[8,10,-3];[66,36,24]
[6,7,-5];[68,37,27]
[8,9,-3];[62,36,27]
[7,8,-2];[68,38,27]
[7,8,-3];[66,36,24]
[6,7,-4];[68,38,27]
[7,11,2];[93,54,35]
[7,10,1];[76,45,33]
[6,10,2];[82,48,33]
[5,9,1];[43,22,13]
[-18,70,30];[46,74,115]
[-1,22,4];[57,30,21]
[-2,22,4];[49,28,16]
[-31,74,23];[148,117,33]
[3,41,-22];[82,73,140]
[2,19,3];[71,42,30]
[-29,60,-12];[41,36,16]
[0,21,4];[71,42,27]
[0,21,3];[71,42,27]
[3,17,2];[107,69,41]
[1,18,3];[79,46,33]
[4,18,2];[87,53,33]
[4,16,2];[99,60,41]
[5,18,0];[82,48,33]
[5,16,1];[93,56,35]
[5,18,1];[82,48,33]
[6,17,0];[79,46,33]
[7,16,-1];[66,40,24]
[-35,68,21];[35,59,98]
[6,16,0];[82,50,33]
[6,17,-2];[76,44,30]
[7,16,-2];[66,36,24]
[6,16,-3];[74,41,27]
[7,15,-4];[57,32,16]
[7,15,-3];[71,40,27]
[6,12,-6];[63,34,21]
[7,14,-4];[54,30,21]
[7,13,-5];[57,34,21]
[7,11,-6];[60,33,18]
[7,12,-6];[57,32,16]
[1,15,-8];[84,50,33]
[-10,84,-20];[24,24,8]
[0,14,-9];[82,49,33]
[-33,53,26];[46,37,38]
[-1,14,-8];[84,49,33]
[-1,13,-8];[82,48,33]
[-1,12,-8];[74,44,33]
[1,17,-8];[82,50,33]
[1,18,-8];[79,46,33]
[1,17,-9];[82,50,33]
[1,16,-9];[87,53,33]
[0,17,-8];[90,54,33]
[0,16,-8];[93,54,33]
[-1,15,-8];[90,52,33]
[3,20,-7];[68,41,27]
[-8,99,-2];[107,85,66]
[2,18,-9];[74,44,33]
[2,17,-9];[76,45,33]
[-2,11,2];[60,33,18]
[-1,11,3];[63,34,24]
[-1,12,4];[60,33,24]
[0,11,4];[66,38,24]
[-16,83,21];[123,109,107]
[-2,12,3];[57,32,18]
[-1,12,3];[60,33,24]
[-2,11,3];[60,33,18]
[-20,79,25];[148,133,123]
[-2,12,2];[60,33,18]
[-8,88,-23];[33,16,8]
[1,13,4];[74,44,33]
[0,13,3];[71,41,30]
[-1,13,3];[63,34,21]
[11,37,-15];[113,112,113]
[1,12,4];[66,38,24]
[1,11,4];[71,41,30]
[3,12,4];[79,49,33]
[3,11,4];[90,56,33]
[-2,8,1];[62,38,27]
[-33,50,-8];[41,32,8]
[-10,45,-30];[33,28,57]
[1,9,3];[54,30,16]
[2,9,2];[43,22,10]
[10,37,-14];[88,85,87]
[-37,4,-14];[74,44,33]
[1,9,2];[46,22,13]
[1,10,3];[74,44,33]
[0,10,4];[71,42,33]
[37,30,6];[123,122,123]
[2,9,3];[57,32,16]
[2,10,4];[74,44,33]
[3,9,2];[41,20,10]
[6,11,3];[99,65,41]
[5,9,2];[99,56,41]
[3,10,3];[65,36,21]
[5,11,3];[107,69,41]
[5,10,2];[66,36,24]
[4,11,4];[96,57,38]
[4,10,2];[41,24,16]
[-32,62,27];[35,53,93]
[-21,70,30];[148,48,66]
[3,10,4];[82,48,33]
[-3,9,-1];[66,37,27]
[-3,8,-3];[71,41,30]
[-4,9,-2];[74,44,33]
[-4,9,-3];[74,44,33]
[-25,58,-14];[107,89,41]
[-4,10,-2];[66,38,24]
[-18,66,31];[24,28,49]
[-4,11,-2];[66,37,21]
[-4,12,-2];[66,38,24]
[-4,11,-3];[66,37,24]
[-4,14,-3];[63,34,24]
[-5,14,-2];[57,32,16]
[-4,13,-3];[66,40,24]
[-23,55,32];[104,93,90]
[-4,12,-4];[71,42,30]
[-4,11,-4];[71,42,30]
[-5,17,-2];[60,33,18]
[-24,84,16];[106,95,95]
[-25,55,29];[46,40,38]
[-5,16,-2];[66,38,24]
[-5,18,-2];[63,34,21]
[-12,102,4];[112,81,24]
[-5,18,-3];[66,40,24]
[-21,61,28];[107,73,41]
[-5,17,-3];[63,34,21]
[13,4,6];[68,40,27]
[-3,21,3];[63,34,21]
[-3,20,2];[60,33,18]
[0,18,3];[74,45,33]
[-1,19,3];[68,41,27]
[-2,18,3];[71,41,30]
[0,17,3];[76,42,33]
[0,16,3];[74,44,33]
[-1,17,3];[66,36,24]
[-1,16,3];[68,37,27]
[-37,38,-8];[99,81,41]
[1,15,3];[87,50,33]
[2,17,3];[93,57,38]
[2,16,3];[87,50,33]
[-14,92,-2];[33,16,8]
[4,14,3];[87,53,33]
[5,41,-18];[54,55,55]
[4,13,3];[87,53,33]
[3,14,3];[84,52,35]
[2,15,3];[101,64,43]
[2,14,3];[82,48,33]
[-25,80,19];[43,75,117]
[4,15,2];[120,77,51]
[5,15,2];[93,60,38]
[5,14,3];[87,54,33]
[5,14,2];[87,53,33]
[5,13,3];[90,52,33]
[6,14,2];[79,46,33]
[6,13,2];[93,57,38]
[6,16,1];[90,56,33]
[-16,84,-20];[66,36,16]
[6,15,-1];[66,36,24]
[-12,90,-21];[24,16,0]
[6,15,1];[74,44,33]
[8,14,-1];[71,42,27]
[3,19,-8];[60,33,18]
[7,13,1];[82,48,33]
[8,14,-2];[71,42,27]
[7,14,-1];[71,41,30]
[7,14,-3];[63,37,21]
[8,13,-2];[66,38,24]
[8,13,-3];[63,34,21]
[8,12,-2];[68,37,24]
[8,12,-3];[66,36,24]
[8,11,-4];[57,34,21]
[7,11,-5];[57,32,21]
[39,30,7];[108,108,108]
[6,9,-5];[66,38,24]
[-27,79,14];[128,94,54]
[8,10,-4];[63,34,24]
[-16,75,-18];[66,52,24]
[6,8,-5];[60,30,18]
[4,7,-7];[66,36,24]
[6,41,-17];[60,60,60]
[5,7,-6];[74,44,33]
[4,7,-6];[66,40,24]
[-3,5,-4];[79,49,33]
[-10,100,1];[198,166,123]
[-2,7,-5];[55,32,21]
[-3,8,-5];[79,46,33]
[-2,8,-7];[82,52,33]
[-3,8,-7];[87,53,33]
[-2,8,-8];[82,49,33]
[-4,9,-5];[82,48,33]
[-4,10,-5];[68,40,27]
[-3,12,-6];[74,44,33]
[-2,10,-7];[87,53,33]
[-16,79,21];[129,102,74]
[-3,10,-6];[76,46,33]
[-4,11,-5];[71,42,30]
[-3,11,-7];[79,46,33]
[-2,12,-8];[76,45,33]
[-2,11,-8];[82,44,33]
[-3,12,-7];[79,46,33]
[-14,101,2];[189,150,115]
[-4,13,-6];[82,50,33]
[0,7,-7];[66,36,24]
[2,6,-7];[74,44,33]
[3,7,-8];[68,38,27]
[5,8,-7];[66,36,24]
[5,8,-6];[66,36,24]
[38,32,8];[173,172,173]
[5,9,-7];[71,42,30]
[4,8,-7];[71,41,30]
[16,40,-9];[108,108,107]
[4,8,-8];[79,46,33]
[-37,10,-17];[60,33,18]
[-32,60,28];[41,56,90]
[-35,11,-18];[66,40,24]
[-28,61,30];[49,60,99]
[-36,11,-16];[63,34,21]
[-35,12,-18];[57,33,18]
[3,7,-7];[71,42,30]
[-36,12,-16];[63,34,24]
[1,13,3];[79,48,38]
[-40,8,-14];[82,48,33]
[-4,9,-4];[79,46,33]
[-37,11,-22];[54,30,16]
[17,37,-11];[112,112,111]
[-38,12,-24];[60,33,21]
[-38,11,-24];[66,36,24]
[-29,54,-11];[66,52,24]
[-38,11,-23];[60,36,21]
[-12,90,-1];[189,158,115]
[-45,10,-16];[74,44,33]
[-39,12,-25];[84,49,33]
[-41,12,-25];[90,52,33]
[-39,11,-25];[79,49,33]
[-29,48,-11];[41,32,8]
[-20,78,-15];[24,28,49]
[-41,13,-25];[54,30,18]
[-41,12,-26];[87,50,33]
[-42,13,-25];[54,30,18]
[-42,12,-25];[90,52,33]
[-8,96,-7];[142,112,35]
[-43,12,-25];[87,50,33]
[-40,13,-25];[66,36,24]
[-40,14,-26];[82,48,33]
[-39,13,-24];[49,28,16]
[-14,102,5];[148,113,38]
[-38,14,-25];[79,46,33]
[-39,15,-25];[93,56,38]
[-39,14,-25];[79,46,33]
[-40,14,-25];[82,48,33]
[-41,14,-26];[82,48,33]
[2,34,-25];[41,40,74]
[-44,10,-15];[76,46,30]
[-44,7,-14];[82,48,33]
[-44,6,-13];[87,50,33]
[-42,6,-13];[82,48,33]
[-1,40,-23];[66,56,107]
[-43,8,-14];[82,48,33]
[-43,7,-14];[87,49,33]
[-43,6,-13];[90,51,29]
[-41,6,-13];[82,44,24]
[-42,9,-15];[57,32,16]
[19,38,-8];[104,105,104]
[-41,7,-13];[87,50,33]
[-42,9,-14];[79,45,27]
[7,14,-2];[82,48,33]
[-42,8,-14];[82,48,33]
[-20,78,26];[98,84,79]
[7,3,-3];[66,36,24]
[9,3,0];[66,40,24]
[-2,41,-24];[41,36,66]
[9,3,-1];[66,36,24]
[8,3,-2];[66,38,24]
[-46,9,-24];[71,42,30]
[-46,8,-23];[71,41,30]
[-43,10,-26];[87,50,33]
[-43,10,-27];[82,48,33]
[-44,10,-26];[76,45,30]
[-6,85,-6];[140,93,57]
[-7,85,-7];[82,49,27]
[6,42,-16];[56,56,56]
[-6,84,-7];[68,38,18]
[-21,71,-17];[24,16,0]
[-7,85,-4];[123,81,49]
[-7,84,-3];[109,67,41]
[-6,83,-5];[99,60,33]
[-7,84,-4];[112,70,41]
[-8,84,-3];[140,93,57]
[-8,83,-2];[79,48,27]
[-6,81,-4];[123,81,49]
[-6,81,-5];[82,48,24]
[-6,84,-5];[156,105,66]
[-6,84,-6];[123,81,49]
[-7,85,-5];[134,87,54]
[-24,69,-10];[38,22,13]
[-25,69,-9];[38,22,13]
[-17,81,-18];[41,36,8]
[-15,84,-19];[41,32,8]
[-16,85,-18];[148,130,66]
[8,6,-2];[57,32,24]
[-16,81,-19];[90,52,33]
[-15,81,-19];[98,56,29]
[-29,55,31];[74,65,66]
[-36,13,-16];[63,34,21]
[-35,13,-16];[60,33,18]
[-35,14,-18];[55,33,24]
[-47,14,-17];[63,34,21]
[-47,13,-19];[66,37,24]
[-47,12,-20];[57,32,16]
[-46,12,-20];[66,40,24]
[-46,12,-21];[71,41,30]
[-47,13,-18];[66,40,24]
[-46,11,-16];[49,28,18]
[-44,11,-16];[46,26,16]
[-45,11,-16];[57,36,24]
[1,43,-25];[33,32,57]
[-45,12,-15];[79,46,33]
[-44,11,-15];[62,36,21]
[0,47,-19];[33,28,57]
[-43,10,-15];[82,48,33]
[-42,10,-15];[82,48,33]
[-43,11,-14];[82,48,33]
[-41,10,-14];[82,52,33]
[-40,10,-14];[82,52,33]
[-41,10,-13];[95,60,35]
[-35,76,15];[74,65,57]
[-38,11,-14];[76,48,33]
[-38,11,-13];[71,42,30]
[-37,12,-13];[74,44,33]
[-36,13,-15];[63,34,21]
[-37,12,-14];[66,41,30]
[-15,90,-4];[132,101,74]
[-39,16,-11];[101,63,43]
[-40,17,-11];[96,60,38]
[-46,17,-21];[66,36,24]
[-41,15,-12];[104,66,41]
[-3,6,-1];[57,32,16]
[-1,8,2];[49,28,16]
[-2,6,1];[60,34,18]
[-2,5,1];[60,34,18]
[-22,74,-16];[24,32,49]
[0,7,3];[66,36,24]
[-1,7,2];[54,30,18]
[-3,7,-1];[51,29,16]
[-17,102,3];[132,97,33]
[-5,82,-5];[96,57,33]
[0,6,3];[71,40,27]
[-1,6,1];[54,29,16]
[-1,5,3];[71,41,30]
[-1,8,1];[33,24,16]
[-1,5,2];[66,36,24]
[-2,8,0];[49,28,16]
[-2,7,0];[49,28,16]
[-46,14,-14];[68,37,24]
[-26,62,-14];[132,109,49]
[-46,13,-15];[74,48,33]
[-46,12,-15];[74,44,33]
[-47,13,-16];[66,36,24]
[-45,11,-14];[82,49,33]
[-46,13,-14];[79,46,33]
[-46,12,-14];[79,46,33]
[-44,11,-14];[82,48,33]
[-45,14,-13];[68,41,33]
[-44,13,-12];[82,48,33]
[-44,12,-13];[87,54,38]
[-43,11,-13];[93,54,35]
[-43,12,-13];[101,61,41]
[-42,12,-12];[101,63,41]
[-43,13,-12];[87,53,38]
[-43,12,-12];[101,61,41]
[-1,7,-7];[66,36,24]
[-42,11,-13];[93,56,35]
[-41,11,-13];[112,71,43]
[-38,13,-12];[79,46,33]
[-39,12,-12];[82,52,33]
[-38,13,-13];[71,42,30]
[-38,12,-13];[74,44,33]
[-1,9,2];[66,36,24]
[-39,12,-13];[82,49,33]
[-40,12,-12];[87,53,33]
[-36,15,-14];[82,48,33]
[-35,15,-14];[68,38,27]
[-36,15,-13];[76,45,30]
[-38,15,-12];[93,57,35]
[-40,15,-12];[117,74,46]
[-37,16,-12];[84,50,35]
[-37,14,-13];[84,50,33]
[-38,15,-13];[96,57,38]
[4,19,2];[71,42,27]
[-39,13,-12];[79,49,33]
[-39,14,-13];[87,56,38]
[-40,13,-12];[87,53,33]
[-41,13,-12];[87,54,35]
[-41,12,-12];[95,59,35]
[-6,51,-30];[79,38,24]
[2,49,-20];[49,48,90]
[-6,51,-29];[79,38,24]
[-10,60,-22];[57,28,16]
[-9,93,-3];[198,162,123]
[-9,59,-21];[51,25,16]
[-9,60,-21];[63,30,21]
[-7,58,-21];[71,37,24]
[-8,59,-21];[57,29,16]
[5,43,-18];[57,57,57]
[-44,11,-13];[90,53,33]
[-8,58,-21];[63,30,21]
[6,19,-3];[60,33,18]
[-9,60,-20];[63,30,21]
[-5,50,-27];[49,22,16]
[-5,50,-28];[49,22,16]
[-8,50,-26];[68,28,21]
[-8,101,-13];[189,158,132]
[-8,53,-25];[77,38,27]
[-1,51,-24];[57,24,16]
[-1,52,-24];[71,34,24]
[-6,50,-23];[63,26,21]
[-7,49,-25];[46,22,18]
[-8,50,-25];[66,32,24]
[-7,51,-23];[57,20,16]
[-3,54,-27];[90,49,35]
[-38,39,-8];[255,255,165]
[-3,55,-27];[74,40,24]
[-1,53,-25];[90,52,33]
[-2,53,-25];[74,24,24]
[-2,53,-26];[66,24,16]
[-1,52,-25];[71,34,24]
[-25,78,22];[51,86,126]
[-16,87,-5];[132,97,74]
[-1,52,-26];[74,36,24]
[-2,54,-25];[142,52,38]
[-36,68,21];[16,40,74]
[9,37,-17];[89,89,89]
[-1,51,-26];[49,22,16]
[-2,50,-25];[49,22,16]
[-3,50,-25];[49,22,16]
[-4,50,-26];[49,24,16]
[-33,44,-8];[49,36,16]
[-6,51,-23];[66,32,24]
[-2,53,-23];[62,21,16]
[-3,53,-22];[71,30,21]
[-3,53,-23];[66,36,16]
[-26,59,-15];[33,36,49]
[4,3,10];[71,41,30]
[-3,52,-23];[76,37,24]
[-4,51,-22];[65,30,21]
[-5,52,-22];[71,22,21]
[5,19,1];[74,44,33]
[-5,54,-24];[74,36,24]
[-5,56,-30];[115,40,33]
[-6,56,-30];[107,36,33]
[-8,56,-30];[132,48,41]
[-5,55,-30];[90,48,33]
[-6,55,-30];[98,40,30]
[-7,56,-30];[115,40,33]
[-7,55,-30];[74,28,24]
[-4,58,-27];[66,40,24]
[-4,61,-27];[109,61,41]
[-28,55,27];[115,92,62]
[-4,62,-26];[101,57,41]
[-3,61,-27];[109,63,43]
[-10,90,-3];[181,150,107]
[-3,60,-27];[123,77,51]
[40,32,9];[152,152,152]
[-4,58,-24];[49,32,24]
[-3,60,-23];[90,52,33]
[-3,59,-23];[41,24,16]
[-20,74,21];[82,52,33]
[-46,13,-22];[60,33,21]
[-4,61,-23];[84,42,27]
[-7,74,29];[153,152,156]
[12,39,-12];[84,84,84]
[-4,62,-23];[87,45,30]
[-4,63,-24];[104,60,43]
[-3,61,-25];[96,53,38]
[-3,60,-24];[98,55,38]
[-3,60,-25];[104,59,41]
[-3,60,-26];[109,63,43]
[-21,57,30];[54,45,46]
[-7,60,-21];[60,32,18]
[-7,59,-21];[63,33,21]
[-20,63,27];[49,44,41]
[-8,60,-21];[60,30,18]
[-8,61,-21];[74,40,24]
[-21,77,27];[115,105,99]
[15,39,-12];[94,94,94]
[-7,63,-29];[88,49,35]
[-7,62,-29];[115,69,41]
[-9,62,-30];[104,60,43]
[-12,60,-27];[76,40,27]
[-34,80,12];[134,121,117]
[-10,60,-21];[57,30,21]
[-12,76,24];[63,47,29]
[-6,63,-25];[88,49,35]
[-7,62,-25];[79,44,29]
[-7,62,-26];[93,52,35]
[-21,76,26];[54,87,129]
[-5,63,-27];[88,49,35]
[-4,63,-27];[132,81,57]
[-5,62,-28];[132,81,57]
[-21,73,19];[38,18,10]
[-4,62,-27];[112,63,43]
[-5,63,-28];[134,83,60]
[-6,62,-30];[123,73,49]
[30,33,0];[148,148,148]
[-5,62,-29];[126,74,49]
[-5,61,-29];[117,67,43]
[-6,62,-29];[128,77,51]
[-5,60,-29];[126,78,54]
[-34,51,-9];[33,28,8]
[-5,59,-30];[123,73,49]
[-6,60,-29];[115,69,49]
[-6,59,-30];[140,85,57]
[-7,61,-30];[109,63,41]
[-7,60,-30];[107,60,41]
[5,17,2];[93,54,35]
[-7,59,-30];[107,65,41]
[-9,61,-30];[104,60,43]
[-9,60,-30];[90,48,33]
[-12,89,-20];[24,16,0]
[-9,59,-30];[93,50,35]
[-10,61,-30];[107,60,41]
[-10,60,-29];[87,45,30]
[-10,59,-29];[87,45,30]
[-11,60,-29];[87,48,33]
[-13,94,-10];[107,69,24]
[-13,60,-27];[82,44,33]
[-11,59,-28];[74,36,24]
[-11,58,-29];[82,44,33]
[-11,58,-28];[76,37,24]
[-11,57,-29];[87,45,30]
[-11,57,-28];[84,42,30]
[-12,59,-27];[68,34,24]
[-13,60,-26];[71,36,24]
[-13,59,-26];[66,36,24]
[-13,59,-27];[71,34,21]
[-12,58,-27];[66,36,24]
[-17,93,-2];[148,117,74]
[-12,57,-27];[74,36,24]
[-11,57,-25];[66,32,24]
[-13,59,-25];[63,33,21]
[-12,57,-25];[63,30,21]
[-4,63,-25];[109,64,46]
[-12,57,-26];[66,36,24]
[-13,60,-24];[60,29,18]
[-13,59,-24];[63,30,21]
[-12,60,-23];[57,30,21]
[-12,59,-23];[57,28,16]
[13,40,-13];[86,87,85]
[-11,58,-22];[52,26,16]
[-10,57,-23];[63,30,21]
[-11,57,-23];[60,32,16]
[-11,56,-23];[41,24,16]
[-11,58,-23];[54,26,16]
[27,35,-1];[141,141,142]
[-11,57,-24];[63,32,21]
[-9,57,-21];[63,32,16]
[-10,59,-21];[51,25,16]
[-10,58,-22];[49,32,24]
[-25,57,-14];[16,16,24]
[-10,57,-22];[49,36,24]
[-6,57,-23];[57,32,16]
[-7,61,-21];[74,36,24]
[-5,59,-21];[76,38,27]
[-35,77,12];[101,85,84]
[-6,59,-21];[71,34,24]
[-5,60,-21];[71,34,24]
[-6,61,-21];[74,40,24]
[-23,79,17];[123,93,57]
[-5,62,-22];[84,45,33]
[-7,62,-23];[79,42,30]
[-10,61,-21];[54,29,16]
[-9,62,-24];[79,44,29]
[-8,62,-25];[90,50,38]
[-8,62,-23];[71,38,29]
[-5,52,-29];[77,36,24]
[-3,53,-29];[107,36,33]
[-5,53,-29];[104,37,27]
[-4,51,-29];[99,56,41]
[-3,52,-29];[79,41,27]
[-3,51,-29];[57,24,16]
[-4,53,-29];[106,37,30]
[-4,52,-29];[87,45,30]
[-5,50,-30];[49,20,16]
[-8,52,-29];[82,25,21]
[-7,50,-28];[66,30,18]
[-7,50,-29];[66,36,24]
[-8,51,-28];[49,16,8]
[-5,58,-30];[82,44,32]
[-20,70,-18];[90,73,33]
[-4,56,-29];[90,36,27]
[-5,58,-29];[73,38,24]
[-5,57,-29];[101,34,27]
[-5,59,-29];[115,69,49]
[1,47,-22];[41,36,74]
[-7,58,-26];[71,38,27]
[-4,54,-27];[79,37,30]
[-4,54,-28];[74,40,24]
[-4,10,-3];[66,38,24]
[-4,54,-29];[49,20,16]
[-5,54,-27];[71,34,24]
[-6,53,-29];[189,65,49]
[-32,61,29];[117,95,35]
[-5,54,-29];[74,36,24]
[-6,54,-29];[74,36,24]
[-5,54,-30];[90,52,33]
[-6,54,-30];[82,44,29]
[-9,55,-29];[76,25,21]
[-10,57,-27];[107,60,41]
[-9,100,-11];[198,170,140]
[-10,57,-28];[87,45,30]
[-4,57,-22];[99,48,33]
[-3,55,-22];[82,48,24]
[-4,55,-22];[82,40,24]
[-5,57,-22];[123,44,33]
[-38,13,-23];[66,36,24]
[-5,57,-21];[132,48,33]
[-5,56,-21];[79,26,21]
[-6,57,-21];[140,48,41]
[-34,80,11];[107,93,90]
[-6,58,-23];[93,43,32]
[-6,58,-21];[74,36,24]
[-6,58,-22];[41,24,16]
[-7,58,-24];[87,48,35]
[-7,57,-23];[57,32,16]
[-7,57,-24];[76,40,29]
[4,34,-24];[49,40,82]
[-7,57,-25];[90,44,29]
[-8,57,-22];[41,20,16]
[-2,55,-23];[87,45,30]
[-4,58,-22];[74,40,24]
[-35,53,25];[66,56,49]
[-3,56,-23];[57,20,16]
[-2,57,-24];[106,37,30]
[-33,61,28];[115,89,33]
[4,43,-19];[58,58,58]
[-2,56,-24];[99,44,33]
[-3,58,-23];[148,56,41]
[-4,59,-23];[90,48,33]
[-19,68,-15];[115,93,41]
[-7,58,-25];[66,36,24]
[-6,58,-24];[82,44,32]
[-10,54,-25];[66,20,16]
[-10,55,-24];[107,60,41]
[-6,53,-28];[74,36,24]
[-7,53,-27];[76,40,27]
[-8,53,-28];[77,40,27]
[-7,53,-30];[82,40,33]
[-8,53,-29];[71,33,21]
[-10,55,-28];[57,20,16]
[-10,55,-26];[90,32,24]
[-11,55,-25];[115,40,33]
[-11,55,-26];[90,32,24]
[-11,55,-27];[82,28,24]
[-10,54,-26];[76,25,18]
[-10,53,-27];[76,40,24]
[-10,57,-25];[107,60,41]
[-10,57,-26];[123,73,49]
[-8,52,-26];[71,37,27]
[-8,53,-26];[74,36,24]
[-8,53,-27];[74,36,24]
[-34,61,25];[35,46,84]
[-10,52,-25];[74,32,24]
[-14,93,-10];[104,69,24]
[-10,52,-26];[74,32,24]
[-9,52,-27];[140,48,41]
[-10,54,-23];[49,20,8]
[-44,9,-15];[74,44,33]
[-10,54,-24];[60,26,18]
[-9,54,-23];[49,16,16]
[-9,53,-24];[71,33,24]
[-23,82,21];[140,125,123]
[-20,70,-17];[74,60,24]
[-6,58,-27];[73,38,24]
[-31,76,13];[82,65,41]
[-5,59,-28];[123,73,49]
[-4,59,-27];[123,73,49]
[-4,58,-26];[73,38,24]
[-3,59,-24];[57,32,16]
[-4,59,-25];[123,73,49]
[-6,58,-25];[90,44,29]
[-6,58,-26];[74,40,24]
[-2,58,-26];[107,40,33]
[-3,58,-26];[145,50,43]
[-30,82,13];[115,101,99]
[-3,59,-25];[49,32,24]
[-3,59,-26];[57,36,24]
[-29,61,23];[73,56,35]
[-3,58,-25];[181,65,49]
[-34,59,27];[43,48,74]
[-2,57,-25];[109,38,30]
[-2,56,-25];[90,41,30]
[-2,55,-26];[66,32,24]
[-3,54,-26];[79,40,27]
[-5,54,-26];[68,30,18]
[-3,54,-24];[49,20,16]
[-4,54,-23];[71,34,21]
[-37,65,22];[88,76,73]
[-21,64,-17];[132,109,49]
[-3,54,-23];[60,26,18]
[-11,69,29];[82,73,74]
[-4,54,-21];[79,40,24]
[-5,55,-21];[66,20,16]
[-5,54,-21];[74,36,24]
[-6,56,-21];[90,32,24]
[-6,55,-21];[68,24,18]
[-6,54,-21];[71,33,24]
[-7,54,-21];[74,32,24]
[-7,55,-21];[68,21,16]
[-8,57,-21];[41,20,16]
[-8,56,-22];[82,41,27]
[-35,40,-8];[140,117,57]
[-14,84,-21];[49,36,0]
[-7,52,-23];[54,18,13]
[-7,53,-23];[62,29,18]
[-7,54,-22];[74,32,24]
[-7,53,-22];[62,29,18]
[-8,55,-22];[74,40,24]
[-8,54,-22];[49,20,16]
[-9,56,-22];[41,20,16]
[-37,67,16];[57,48,49]
[-11,60,-24];[57,28,18]
[2,42,-22];[41,42,42]
[-12,60,-24];[60,29,18]
[-19,75,28];[49,81,123]
[-10,61,-23];[65,36,21]
[-12,61,-23];[49,24,16]
[-15,65,32];[87,78,74]
[-13,60,-25];[66,32,16]
[-13,61,-26];[49,28,18]
[-10,61,-25];[77,42,29]
[-38,41,-7];[74,60,33]
[-8,62,-26];[82,45,35]
[-8,62,-29];[79,44,29]
[-9,62,-27];[88,49,35]
[-10,61,-29];[90,48,33]
[-11,61,-29];[87,48,33]
[-9,62,-25];[79,44,29]
[-10,61,-26];[79,44,29]
[-21,65,-17];[66,56,24]
[-10,61,-27];[77,42,29]
[-11,61,-26];[68,36,21]
[-11,61,-28];[71,38,27]
[-12,61,-27];[49,28,16]
[-21,74,-15];[99,60,33]
[-8,107,-1];[181,150,60]
[-21,74,-14];[24,32,49]
[-20,73,-15];[33,36,57]
[-12,89,-3];[148,117,74]
[-21,72,-14];[66,56,24]
[-35,43,-11];[74,65,33]
[-5,49,-23];[46,22,18]
[-4,50,-23];[46,22,18]
[-22,97,-2];[198,170,140]
[-4,50,-25];[49,20,16]
[-6,53,-26];[63,29,21]
[-7,53,-26];[74,36,24]
[-9,53,-23];[74,32,24]
[-9,52,-25];[57,20,16]
[-8,52,-23];[93,36,27]
[-9,52,-24];[74,36,24]
[-5,54,-23];[77,38,27]
[-6,53,-24];[74,40,24]
[-6,53,-25];[71,34,24]
[-5,53,-23];[82,41,27]
[-5,53,-24];[76,40,27]
[-5,53,-22];[140,48,41]
[-11,90,-1];[206,170,132]
[-6,53,-22];[63,26,21]
[-2,53,-28];[82,45,27]
[-28,62,-11];[41,52,82]
[-2,53,-27];[79,38,24]
[-1,51,-27];[49,22,16]
[-2,51,-28];[49,20,16]
[-4,58,-28];[66,40,24]
[-29,54,-10];[8,8,8]
[-4,59,-28];[66,40,24]
[-32,54,30];[74,67,65]
[-32,75,19];[46,74,112]
[-4,58,-29];[148,56,49]
[-3,57,-27];[66,24,16]
[-3,58,-27];[79,40,24]
[-2,57,-27];[104,36,30]
[-3,56,-28];[85,42,27]
[-2,56,-27];[93,50,33]
[-2,55,-27];[82,41,27]
[-27,61,30];[41,56,99]
[-3,57,-28];[57,28,16]
[-3,56,-29];[98,40,30]
[-9,56,-25];[41,24,16]
[-8,57,-24];[57,32,16]
[-9,56,-23];[41,20,16]
[-10,56,-22];[49,24,16]
[-11,56,-24];[57,28,21]
[-5,103,-3];[148,109,35]
[-9,57,-25];[123,73,49]
[-11,56,-25];[41,20,16]
[2,40,-21];[99,93,173]
[-8,57,-26];[82,44,33]
[-10,56,-28];[68,30,21]
[-11,56,-27];[41,20,16]
[-11,56,-28];[49,24,16]
[-8,99,-13];[140,109,66]
[-9,56,-29];[131,48,35]
[-17,83,-20];[41,24,8]
[-9,57,-28];[123,73,49]
[-9,57,-30];[49,32,16]
[-10,57,-29];[90,48,33]
[-10,56,-29];[74,36,24]
[-7,58,-27];[49,28,16]
[-6,58,-28];[82,44,32]
[-7,57,-28];[57,36,24]
[-8,57,-28];[115,69,49]
[-6,58,-29];[49,28,16]
[-7,53,-25];[74,36,24]
[-7,57,-29];[123,73,49]
[-6,58,-30];[57,36,24]
[-7,57,-26];[49,28,16]
[-7,57,-27];[57,36,24]
[-8,57,-29];[115,73,49]
[-8,57,-30];[57,32,16]
[6,1,13];[38,34,27]
[-22,76,-15];[24,24,33]
[-22,75,-14];[33,36,49]
[-22,74,-14];[148,121,57]
[-18,69,30];[41,73,115]
[-24,69,-11];[38,22,13]
[-22,71,-13];[41,32,8]
[-47,14,-16];[63,34,21]
[-23,73,-13];[101,63,35]
[-23,70,-12];[38,22,13]
[-8,77,-1];[65,42,21]
[-8,76,-1];[33,20,8]
[-6,79,-3];[33,20,8]
[-39,18,-11];[82,48,33]
[-40,19,-10];[74,42,30]
[-40,18,-11];[82,50,33]
[-37,10,-18];[54,30,18]
[-37,11,-21];[49,28,16]
[6,3,-4];[68,40,27]
[-42,15,-26];[82,48,33]
[-39,6,-12];[74,40,24]
[-44,15,-25];[84,50,33]
[-29,82,15];[101,90,84]
[-45,15,-24];[82,49,33]
[-46,16,-21];[66,38,24]
[-46,15,-22];[76,45,33]
[-47,16,-20];[66,36,24]
[-46,15,-24];[79,46,33]
[-15,77,22];[128,101,62]
[-46,16,-22];[71,41,30]
[-33,16,-16];[57,32,16]
[-17,95,0];[173,142,57]
[-33,17,-15];[57,28,16]
[-34,16,-15];[63,34,21]
[-33,18,-13];[68,38,27]
[-28,80,13];[62,52,46]
[-33,18,-14];[66,37,24]
[-34,17,-12];[74,44,33]
[-33,17,-13];[71,41,30]
[-34,16,-13];[66,36,24]
[-34,16,-14];[60,30,18]
[-35,16,-13];[68,41,27]
[-33,18,-12];[68,37,27]
[-24,60,27];[49,40,24]
[-34,18,-12];[71,42,30]
[-36,18,-11];[71,42,27]
[-36,16,-12];[82,48,33]
[-35,17,-12];[74,46,33]
[-14,86,-21];[82,65,33]
[-36,17,-11];[74,44,33]
[13,37,-12];[106,107,105]
[-36,17,-12];[79,46,33]
[-35,18,-10];[79,46,33]
[-36,18,-10];[82,48,33]
[-37,18,-10];[84,49,33]
[-37,18,-11];[71,42,30]
[-38,17,-11];[87,53,33]
[-39,20,-9];[79,48,35]
[-39,19,-10];[76,45,33]
[-27,56,31];[84,78,73]
[-38,19,-10];[82,52,33]
[-19,74,30];[159,147,139]
[-38,18,-10];[76,45,30]
[-27,81,16];[33,44,74]
[-38,21,-9];[71,41,30]
[-35,45,-10];[41,44,66]
[3,0,-4];[115,71,46]
[-25,61,31];[35,59,95]
[2,0,-4];[82,48,33]
[2,0,-5];[115,73,49]
[2,0,-6];[99,60,41]
[1,0,-3];[84,52,30]
[1,0,-4];[82,48,33]
[0,0,-3];[79,46,30]
[1,0,-5];[104,63,43]
[-1,0,-2];[90,54,35]
[-1,0,-3];[82,48,33]
[-1,0,-4];[90,54,35]
[-2,0,-3];[115,73,49]
[-39,23,-20];[99,57,35]
[-14,92,-20];[33,16,8]
[-39,22,-21];[96,58,38]
[-40,24,-19];[87,50,33]
[-40,23,-20];[90,52,33]
[-40,22,-21];[90,54,33]
[-8,98,-9];[148,113,41]
[3,10,-9];[68,40,27]
[-41,23,-19];[79,46,33]
[-27,57,-12];[41,32,8]
[-41,22,-20];[90,54,33]
[-41,24,-17];[71,41,30]
[-9,103,4];[41,36,33]
[-41,24,-19];[76,42,27]
[-42,22,-20];[84,50,33]
[-42,24,-17];[66,36,24]
[-42,23,-19];[74,44,33]
[-31,45,-9];[66,56,24]
[-43,22,-20];[76,42,30]
[-23,72,-15];[99,81,41]
[-42,23,-17];[60,30,18]
[-43,22,-19];[79,46,33]
[-43,22,-18];[71,42,30]
[-42,23,-14];[66,36,24]
[-43,23,-15];[49,28,16]
[-41,16,-26];[84,50,33]
[-42,16,-26];[84,49,33]
[-40,16,-25];[96,62,38]
[-25,70,29];[165,60,74]
[-24,59,27];[115,87,55]
[-41,16,-25];[93,59,35]
[-38,17,-24];[74,44,33]
[-40,17,-25];[87,53,33]
[-38,17,-23];[74,44,33]
[-39,16,-24];[82,52,33]
[-38,16,-23];[71,40,27]
[-37,16,-22];[71,42,30]
[-30,80,13];[76,71,68]
[-37,17,-23];[74,44,33]
[-34,18,-20];[71,42,30]
[-33,19,-17];[49,28,16]
[-33,19,-18];[49,28,16]
[-41,20,-22];[84,49,33]
[-31,68,26];[140,40,57]
[-41,19,-23];[76,45,33]
[-42,17,-24];[87,53,33]
[-23,38,-2];[150,168,183]
[-43,20,-22];[79,46,33]
[-33,67,15];[96,53,38]
[-43,18,-23];[79,46,33]
[-5,104,-2];[162,127,43]
[-2,16,3];[66,36,24]
[-44,17,-23];[76,45,33]
[-43,21,-18];[74,44,33]
[-13,60,-16];[51,89,43]
[-44,20,-20];[71,42,30]
[-29,58,-10];[33,36,49]
[-44,18,-21];[71,42,30]
[-44,21,-18];[66,36,24]
[-43,20,-20];[68,38,27]
[-44,18,-22];[74,44,33]
[-30,23,-14];[66,32,16]
[-44,20,-19];[66,36,24]
[-44,19,-20];[68,41,27]
[-37,23,-21];[96,57,38]
[-37,22,-21];[93,57,35]
[-38,22,-22];[41,36,33]
[-21,72,2];[41,36,33]
[-35,27,-18];[82,52,33]
[-21,41,-9];[145,160,170]
[-35,25,-19];[90,54,33]
[-35,24,-19];[87,53,33]
[-30,35,-9];[145,159,178]
[-9,76,-16];[30,57,21]
[-36,25,-19];[99,61,41]
[-19,110,-8];[66,109,49]
[-35,26,-18];[87,50,33]
[-24,74,-1];[33,65,24]
[7,25,-1];[134,91,51]
[-33,26,-18];[74,40,33]
[-33,25,-18];[74,44,33]
[-17,77,26];[43,75,117]
[-34,27,-17];[63,33,21]
[-34,23,-19];[82,48,33]
[4,35,-24];[66,56,107]
[-5,19,-3];[71,42,30]
[-34,20,-19];[60,33,18]
[-47,0,-10];[117,71,43]
[-34,20,-20];[68,38,27]
[-34,19,-20];[68,41,27]
[-9,52,-26];[57,24,16]
[-35,19,-21];[82,48,33]
[-33,23,-18];[68,38,27]
[-5,43,-28];[165,125,74]
[-33,24,-19];[74,44,33]
[13,38,-12];[94,94,94]
[-40,20,-23];[87,50,33]
[-42,20,-22];[82,52,33]
[-36,18,-22];[74,44,33]
[10,40,-13];[75,75,75]
[10,0,3];[123,79,51]
[-37,18,-23];[79,46,33]
[-40,18,-24];[79,46,33]
[-11,70,28];[41,36,33]
[-11,81,0];[49,85,35]
[-21,65,18];[57,44,33]
[-41,18,-24];[76,45,33]
[-35,21,-21];[82,49,33]
[-26,74,-11];[46,81,38]
[-36,21,-21];[90,52,33]
[-15,92,-12];[107,73,24]
[5,31,-3];[140,97,51]
[-36,19,-22];[82,50,33]
[-37,21,-21];[93,54,35]
[-37,19,-22];[87,53,33]
[-35,73,11];[186,197,209]
[-40,10,-15];[71,41,27]
[-17,57,1];[82,93,99]
[-40,10,-16];[43,22,10]
[-3,49,-3];[159,172,183]
[-41,10,-15];[60,34,21]
[-37,11,-16];[71,42,30]
[-37,11,-15];[68,41,27]
[3,36,-21];[49,40,82]
[-38,10,-14];[76,45,33]
[-31,72,17];[120,71,51]
[4,2,-6];[68,41,27]
[-3,7,-5];[68,40,30]
[6,0,4];[132,85,57]
[4,1,-6];[132,85,57]
[4,2,-5];[41,32,24]
[-16,94,-11];[131,101,40]
[-1,2,1];[109,64,44]
[-30,74,5];[57,65,74]
[-2,1,0];[129,81,54]
[-23,60,-1];[71,81,90]
[-3,1,-2];[131,83,57]
[-12,64,0];[65,74,79]
[-3,0,-2];[115,77,49]
[-1,14,3];[82,48,33]
[-3,2,-4];[82,48,33]
[-2,1,-5];[132,85,57]
[-1,0,-5];[126,81,54]
[-11,65,-15];[41,69,33]
[-3,0,-4];[117,77,49]
[8,7,8];[99,56,33]
[-26,34,-6];[132,150,165]
[6,7,6];[90,52,33]
[-33,17,-17];[63,34,21]
[-33,18,-18];[63,34,24]
[-33,18,-16];[49,28,16]
[-4,48,-11];[123,138,148]
[-34,17,-18];[68,38,27]
[-10,62,-13];[18,45,13]
[-43,19,-23];[79,46,33]
[-33,18,-17];[54,30,16]
[-42,23,-11];[57,32,16]
[-35,31,-11];[107,65,33]
[-2,43,-8];[153,170,181]
[-38,31,-13];[123,81,41]
[-34,28,-9];[101,60,30]
[-35,27,-6];[115,69,33]
[-32,82,12];[161,144,137]
[-36,28,-6];[112,69,35]
[-3,54,-28];[87,47,32]
[-31,28,-11];[95,56,27]
[-32,30,-13];[41,36,33]
[-30,29,-13];[115,65,33]
[-31,30,-13];[41,36,33]
[-38,68,15];[82,69,66]
[-23,41,1];[162,179,186]
[-33,28,-10];[95,56,27]
[6,6,11];[107,65,41]
[-26,63,-13];[99,81,41]
[-40,15,-25];[87,53,33]
[5,5,10];[87,53,33]
[3,5,8];[74,44,33]
[5,6,9];[93,54,35]
[4,6,9];[115,73,49]
[-4,13,-2];[63,34,21]
[-41,25,-10];[41,24,16]
[-41,23,-9];[60,30,18]
[-40,22,-9];[66,36,24]
[-32,43,-9];[148,117,57]
[-33,19,-12];[60,33,18]
[-14,102,-16];[33,60,33]
[-31,20,-12];[54,30,18]
[-32,20,-12];[66,36,24]
[-34,24,-19];[84,49,33]
[-20,110,-7];[66,113,49]
[-31,21,-12];[41,24,16]
[-31,20,-11];[46,26,13]
[-17,71,-14];[46,78,35]
[-32,19,-11];[66,40,24]
[-27,54,31];[82,69,66]
[36,29,5];[242,241,241]
[-11,89,-11];[38,44,49]
[-35,20,-9];[68,37,21]
[-31,42,-8];[156,174,189]
[-36,21,-8];[68,41,27]
[-37,24,-5];[132,89,49]
[-38,31,-14];[126,83,41]
[-40,28,-9];[126,87,43]
[-40,29,-9];[128,85,41]
[-32,26,-6];[107,69,33]
[-26,79,3];[33,65,24]
[-40,28,-8];[128,89,43]
[-25,98,-22];[33,60,33]
[-16,70,20];[82,50,35]
[-40,27,-7];[140,98,51]
[-40,30,-9];[123,81,41]
[-39,31,-10];[109,71,33]
[-39,30,-14];[120,78,38]
[-4,59,-24];[115,67,46]
[-30,26,-7];[107,65,33]
[-40,29,-14];[107,65,33]
[-39,31,-11];[123,77,41]
[-38,32,-11];[123,79,38]
[-38,33,-11];[123,81,38]
[-39,25,-6];[145,101,51]
[-38,27,-5];[145,99,54]
[3,34,-22];[74,60,115]
[-10,40,-6];[150,167,181]
[-39,29,-8];[126,83,43]
[-44,3,-19];[101,64,38]
[-39,28,-6];[140,97,49]
[-35,79,14];[115,97,99]
[-30,53,-12];[49,40,16]
[-40,30,-12];[123,77,41]
[-39,30,-8];[123,81,41]
[-8,68,-23];[140,150,156]
[-39,29,-7];[134,90,49]
[-39,30,-7];[132,90,49]
[-38,28,-5];[150,107,60]
[-39,26,-6];[140,93,49]
[-39,31,-8];[137,93,49]
[-34,26,-5];[132,85,49]
[40,31,9];[105,105,105]
[-25,105,-9];[41,60,33]
[-35,27,-5];[107,69,33]
[-20,83,16];[74,65,66]
[-15,86,-20];[24,28,41]
[-35,26,-5];[117,79,43]
[-36,28,-5];[109,68,38]
[-3,52,-7];[49,91,35]
[-37,30,-7];[107,65,33]
[-9,81,-24];[51,87,35]
[-38,29,-5];[140,101,49]
[-38,31,-7];[107,65,33]
[-31,98,-17];[57,97,41]
[-40,29,-10];[123,81,41]
[-37,19,-9];[87,54,33]
[-41,28,-9];[128,85,43]
[-36,33,-12];[107,60,33]
[-42,28,-11];[112,73,35]
[-33,31,-13];[115,77,41]
[4,12,-8];[66,40,24]
[-23,99,-4];[24,36,16]
[-34,31,-12];[115,73,41]
[-34,29,-11];[41,36,33]
[-6,30,-3];[107,60,33]
[-30,27,-10];[95,56,27]
[-32,63,21];[107,77,41]
[-31,27,-9];[107,65,33]
[-24,71,-12];[93,54,27]
[-29,26,-9];[107,65,33]
[-6,79,-12];[33,60,24]
[-28,27,-12];[123,81,41]
[-31,31,-14];[41,36,33]
[22,34,-6];[139,139,139]
[-2,32,4];[123,142,156]
[-11,61,-24];[65,36,21]
[-28,27,-11];[132,89,49]
[2,2,6];[41,32,24]
[-28,27,-10];[95,56,27]
[-24,100,-2];[132,105,66]
[-33,28,-17];[148,105,57]
[30,31,1];[209,210,210]
[-32,28,-17];[145,98,54]
[-31,80,16];[41,63,101]
[-33,29,-17];[140,97,51]
[-29,26,-16];[115,73,33]
[-34,70,5];[112,125,134]
[-33,80,-5];[30,62,21]
[-30,26,-16];[117,74,33]
[-15,77,27];[38,64,104]
[-42,7,-13];[90,56,33]
[-16,110,-12];[66,101,49]
[-31,27,-17];[126,79,35]
[-32,31,-16];[148,105,57]
[13,0,7];[107,65,41]
[-33,31,-16];[153,107,60]
[-31,30,-15];[148,101,57]
[-32,41,-3];[148,170,181]
[-7,60,-10];[49,85,41]
[-29,28,-15];[129,85,41]
[-3,7,-2];[49,28,16]
[-37,7,-23];[71,41,30]
[-30,28,-15];[129,86,41]
[-28,27,-13];[115,69,33]
[-33,48,-11];[0,8,8]
[-9,102,-4];[49,77,33]
[-28,26,-13];[123,79,41]
[1,7,4];[66,36,24]
[-33,24,-5];[107,65,33]
[-31,25,-5];[139,94,51]
[-30,25,-6];[156,111,65]
[-14,101,-15];[33,60,33]
[-30,24,-8];[142,99,51]
[-16,63,29];[87,68,49]
[-26,105,-14];[41,69,33]
[-29,25,-8];[145,99,54]
[-20,52,1];[96,107,120]
[-28,25,-9];[132,89,49]
[-28,26,-11];[120,78,38]
[-28,25,-12];[129,83,41]
[-29,24,-9];[132,89,49]
[-38,6,-21];[66,36,24]
[-20,55,3];[63,102,46]
[-31,21,-8];[145,99,54]
[-32,41,-4];[156,170,181]
[-3,41,-28];[90,52,41]
[-33,20,-8];[148,101,57]
[-30,23,-10];[140,97,49]
[-29,23,-11];[123,81,41]
[-14,90,-3];[132,105,74]
[-30,23,-9];[142,98,51]
[-29,22,-12];[128,82,43]
[-29,24,-13];[128,85,43]
[-6,105,0];[189,154,57]
[-4,32,-5];[178,192,203]
[-29,25,-15];[115,73,33]
[-23,108,-10];[49,89,41]
[-2,52,-24];[41,24,8]
[-29,24,-14];[115,73,33]
[-29,23,-14];[123,81,43]
[13,3,5];[63,38,24]
[13,2,5];[66,40,24]
[-47,2,-11];[63,38,24]
[12,3,4];[66,40,24]
[-6,100,-6];[107,77,24]
[-38,29,-6];[148,101,57]
[-22,61,-15];[41,32,16]
[-47,3,-10];[63,38,24]
[12,2,4];[66,36,24]
[11,3,2];[66,38,24]
[-19,51,0];[90,105,115]
[11,2,2];[68,40,30]
[-42,24,-11];[60,34,18]
[-41,1,-18];[99,65,41]
[-5,82,-7];[66,36,16]
[-28,48,-1];[134,148,159]
[-40,26,-7];[145,99,54]
[-39,24,-7];[145,101,54]
[-8,46,-29];[33,32,74]
[-28,103,-16];[49,73,33]
[-40,25,-7];[140,99,54]
[-40,23,-7];[131,89,41]
[-41,27,-14];[54,30,16]
[12,4,4];[66,40,24]
[-40,27,-14];[54,30,18]
[-2,6,-5];[82,48,33]
[-41,26,-14];[57,32,18]
[-41,26,-16];[66,38,24]
[-28,49,-1];[129,144,156]
[-39,28,-15];[46,26,18]
[-41,26,-15];[60,33,18]
[0,18,-8];[87,50,33]
[-37,27,-18];[84,50,35]
[-16,104,3];[140,105,33]
[-39,25,-18];[87,50,33]
[-13,68,-25];[148,162,165]
[-17,50,-12];[82,94,101]
[-26,69,19];[74,36,24]
[-36,27,-18];[63,38,30]
[-39,25,-19];[90,52,33]
[-23,68,30];[140,44,57]
[-39,27,-16];[66,40,24]
[-37,28,-17];[62,36,27]
[-38,27,-17];[79,45,33]
[-39,28,-16];[60,33,21]
[-6,76,-12];[24,53,18]
[-39,27,-17];[74,44,33]
[-40,25,-18];[82,48,33]
[-21,69,21];[63,41,27]
[-32,27,-17];[90,56,33]
[-32,27,-18];[99,56,16]
[-33,27,-17];[51,29,16]
[-38,26,-5];[145,99,54]
[-34,28,-17];[93,55,27]
[-18,99,2];[145,107,35]
[-19,78,2];[66,109,49]
[-36,29,-9];[95,56,27]
[-38,31,-8];[95,56,27]
[-12,48,-33];[49,40,82]
[3,30,0];[107,65,33]
[-34,28,-10];[107,69,41]
[-5,44,-26];[156,121,74]
[-35,29,-9];[101,60,30]
[-38,57,23];[107,97,90]
[-8,87,-8];[57,42,33]
[-36,31,-10];[99,56,24]
[-38,32,-10];[132,93,49]
[-30,21,-11];[66,36,16]
[-17,70,21];[107,56,41]
[-11,41,-6];[148,166,181]
[0,10,-9];[87,50,33]
[-31,26,-7];[109,68,38]
[7,40,-16];[62,62,62]
[2,1,7];[66,40,24]
[-41,27,-11];[74,36,16]
[-31,44,-11];[206,170,82]
[-31,97,-18];[49,73,33]
[-35,30,-11];[107,65,33]
[-41,26,-12];[41,24,16]
[-41,26,-13];[49,28,16]
[-41,27,-13];[41,24,16]
[-28,30,-7];[120,139,153]
[10,0,4];[95,59,35]
[-29,26,-8];[107,65,33]
[-41,26,-11];[35,18,10]
[-6,72,-5];[38,77,30]
[-41,25,-12];[51,29,21]
[3,22,3];[82,49,33]
[-42,23,-12];[57,32,16]
[-12,63,-26];[107,121,132]
[-31,26,-17];[49,24,8]
[-6,71,-6];[38,67,27]
[-32,25,-17];[51,29,21]
[-32,24,-17];[66,40,24]
[6,27,-4];[126,82,38]
[-31,23,-16];[54,30,16]
[-30,23,-15];[35,21,13]
[-31,22,-16];[57,32,24]
[-2,4,-1];[60,34,18]
[-30,21,-13];[49,28,16]
[-31,22,-14];[41,24,16]
[-32,20,-14];[54,30,16]
[-31,21,-13];[49,26,16]
[-16,84,20];[123,109,107]
[-31,20,-14];[60,33,18]
[-32,20,-16];[63,33,24]
[-29,27,-14];[123,82,41]
[-33,26,-7];[148,97,49]
[-22,62,0];[16,40,8]
[-19,77,-16];[33,36,41]
[-34,26,-9];[99,65,33]
[-2,2,-1];[82,48,24]
[-34,26,-8];[99,65,33]
[-26,33,-6];[132,150,165]
[-35,24,-7];[123,81,49]
[-33,25,-5];[107,65,33]
[-13,63,0];[46,30,18]
[-33,32,-15];[165,121,74]
[-35,33,-14];[156,113,66]
[-9,49,-16];[43,77,35]
[-34,30,-17];[140,93,49]
[-24,97,-21];[33,60,33]
[-24,82,0];[49,81,41]
[-35,30,-16];[142,95,51]
[-19,109,-15];[66,105,49]
[-36,31,-15];[142,98,51]
[-38,25,-19];[93,57,35]
[-36,30,-16];[142,98,51]
[-33,21,-7];[165,117,66]
[-34,21,-7];[115,73,41]
[-34,20,-8];[173,125,74]
[-7,44,-31];[77,45,35]
[-30,23,-7];[142,99,51]
[-30,23,-8];[142,98,51]
[-12,45,-16];[54,94,41]
[-31,22,-8];[150,105,54]
[-24,82,19];[38,66,106]
[-22,98,-2];[173,142,99]
[-31,23,-7];[148,105,57]
[-1,1,-6];[132,85,57]
[-2,29,5];[165,121,74]
[1,1,-6];[132,85,57]
[0,48,-20];[24,24,49]
[2,2,-7];[57,34,24]
[-35,24,-6];[49,36,33]
[-16,73,-18];[24,28,33]
[-7,37,-4];[156,174,189]
[-17,51,-16];[60,93,43]
[-36,27,-5];[131,87,46]
[-45,5,-10];[82,48,33]
[-36,25,-6];[57,36,16]
[-30,46,-5];[142,156,167]
[-35,29,-18];[74,60,41]
[-36,29,-17];[145,101,51]
[44,29,12];[114,115,114]
[-37,29,-16];[76,44,27]
[-38,30,-16];[128,86,43]
[12,0,5];[123,81,49]
[-36,19,-10];[87,53,33]
[-28,48,-10];[46,81,33]
[11,0,5];[115,71,46]
[11,0,4];[110,71,46]
[-21,69,30];[104,51,76]
[10,0,5];[115,73,49]
[-17,59,-15];[66,105,49]
[8,0,7];[134,89,60]
[8,0,5];[112,73,43]
[6,0,8];[126,83,54]
[6,0,7];[112,73,43]
[-10,103,-1];[33,56,24]
[6,0,6];[117,77,46]
[-16,104,-17];[41,60,33]
[5,0,8];[120,78,51]
[5,0,7];[109,68,46]
[-37,0,-15];[117,70,43]
[4,0,9];[107,67,43]
[-14,72,26];[173,146,99]
[4,0,8];[101,64,38]
[3,0,7];[93,56,38]
[-12,61,-25];[65,36,21]
[-17,59,-13];[74,83,90]
[4,0,5];[90,52,33]
[4,2,3];[99,65,41]
[-4,49,-24];[49,22,16]
[9,0,1];[99,60,41]
[-28,50,0];[54,94,38]
[10,0,2];[115,74,46]
[-2,38,4];[140,158,173]
[-31,21,-14];[46,26,18]
[9,0,2];[126,84,57]
[-7,43,-9];[156,170,178]
[8,0,4];[109,70,46]
[8,1,0];[123,81,57]
[7,1,0];[115,73,49]
[6,1,3];[121,78,51]
[4,0,6];[93,56,38]
[16,37,-12];[114,113,114]
[23,33,-4];[149,149,149]
[-15,73,-24];[30,57,21]
[4,1,5];[90,52,33]
[-18,60,-14];[41,73,33]
[2,2,2];[74,44,24]
[-17,93,-10];[214,190,165]
[-47,2,-18];[120,73,49]
[5,1,2];[96,62,38]
[-24,64,-15];[8,8,16]
[-8,94,-3];[198,162,123]
[5,1,1];[96,62,38]
[4,1,4];[96,62,38]
[4,1,1];[87,54,35]
[-33,80,5];[33,65,24]
[2,0,6];[117,70,43]
[-25,80,20];[46,78,120]
[2,0,5];[98,59,38]
[-22,72,29];[156,130,49]
[1,1,4];[120,73,49]
[-1,44,-24];[24,24,49]
[12,0,7];[117,75,46]
[11,0,9];[123,77,49]
[-4,79,-19];[51,85,35]
[11,0,8];[120,77,51]
[11,0,7];[109,67,43]
[-17,81,-20];[82,69,33]
[11,4,3];[66,40,24]
[10,0,9];[129,82,54]
[10,0,7];[126,82,54]
[-32,69,25];[140,44,57]
[-20,86,2];[68,117,51]
[9,0,10];[129,82,54]
[-35,62,19];[112,75,49]
[8,2,13];[66,38,24]
[-35,34,-10];[162,176,189]
[9,0,9];[129,87,63]
[-27,98,-15];[33,60,33]
[8,0,9];[132,89,57]
[-16,52,-13];[74,85,90]
[7,0,12];[112,73,43]
[-5,45,-24];[76,53,35]
[7,0,10];[123,85,57]
[-9,86,-20];[107,89,49]
[7,0,8];[140,97,66]
[6,0,12];[123,81,49]
[-9,43,-9];[153,168,173]
[-13,66,-15];[49,77,33]
[6,0,9];[126,81,51]
[-29,43,0];[162,175,186]
[5,0,12];[123,73,49]
[-6,22,-4];[66,40,24]
[5,0,11];[115,73,49]
[4,0,11];[115,69,41]
[4,0,10];[115,69,41]
[-24,101,-6];[41,60,33]
[7,9,1];[71,41,30]
[-24,61,-13];[33,40,57]
[-9,72,-17];[30,57,21]
[2,31,-5];[99,56,24]
[-36,11,-15];[66,37,24]
[-12,46,-34];[41,36,74]
[6,9,1];[65,37,21]
[-27,88,-3];[57,89,41]
[8,7,3];[79,46,33]
[-12,80,-18];[90,77,41]
[-26,47,-13];[49,81,33]
[8,8,2];[74,44,33]
[-15,82,-17];[57,36,16]
[7,9,-1];[54,30,16]
[11,6,5];[82,48,32]
[10,5,11];[99,60,33]
[11,6,9];[107,65,38]
[-2,54,-24];[120,44,38]
[10,6,10];[134,85,54]
[-26,53,30];[82,73,74]
[-25,71,-10];[38,66,24]
[9,7,9];[109,67,43]
[-27,75,2];[33,65,24]
[-17,80,-18];[49,40,8]
[-17,78,-18];[41,28,8]
[-29,56,-14];[66,56,24]
[-20,79,-17];[24,32,49]
[-22,79,17];[123,93,66]
[-19,105,0];[49,81,41]
[-20,76,-16];[112,68,38]
[-19,78,-17];[112,71,41]
[-7,81,-3];[60,34,18]
[-30,74,0];[30,60,21]
[-8,82,-3];[79,46,24]
[-9,81,0];[123,77,49]
[-25,70,-2];[62,38,18]
[-7,80,-2];[140,93,57]
[3,32,1];[150,167,183]
[-8,82,-1];[165,109,74]
[9,1,13];[43,37,30]
[12,1,12];[128,82,57]
[13,1,9];[128,82,57]
[13,1,8];[57,32,16]
[13,1,6];[57,32,21]
[1,5,5];[71,41,30]
[-19,59,-13];[71,82,90]
[13,0,6];[90,60,38]
[-19,110,-5];[74,113,49]
[12,0,3];[41,36,33]
[13,0,10];[129,82,54]
[2,18,3];[82,49,33]
[12,0,11];[132,85,57]
[10,0,13];[132,85,57]
[-26,101,-10];[33,60,33]
[14,0,9];[129,81,55]
[-36,19,-9];[79,46,33]
[-31,75,14];[93,68,55]
[13,0,9];[110,69,49]
[11,0,11];[115,73,49]
[-29,75,23];[132,109,41]
[10,0,12];[104,65,43]
[9,0,12];[115,77,49]
[7,0,13];[132,81,57]
[7,8,-1];[71,41,30]
[-4,50,-11];[107,125,132]
[9,7,4];[84,49,33]
[9,7,2];[74,44,33]
[-1,46,-7];[142,159,175]
[-27,72,14];[115,69,49]
[8,8,0];[66,36,24]
[-11,94,-10];[123,89,33]
[-25,69,-13];[33,28,16]
[11,6,6];[87,52,33]
[9,6,4];[82,48,33]
[10,7,6];[96,57,33]
[10,5,3];[71,42,30]
[-9,47,-32];[74,65,123]
[9,7,5];[82,48,27]
[-16,77,2];[66,109,49]
[-24,70,-11];[38,22,13]
[-25,71,-11];[96,57,30]
[-25,70,-11];[87,52,27]
[1,3,-7];[82,48,33]
[-27,65,17];[90,48,33]
[-27,68,12];[115,73,49]
[-3,19,2];[66,38,24]
[-2,13,2];[54,30,16]
[-3,16,1];[60,33,18]
[-16,63,24];[77,67,60]
[-6,38,-5];[167,186,198]
[-3,16,2];[63,34,21]
[-32,70,13];[79,44,29]
[-29,74,11];[84,42,27]
[-9,39,-3];[150,164,175]
[-14,76,-24];[38,73,27]
[-17,69,2];[38,22,10]
[-28,68,8];[57,30,21]
[-18,86,3];[49,81,33]
[-27,66,11];[63,30,21]
[-27,66,10];[63,30,21]
[-30,71,10];[71,38,29]
[4,33,-23];[49,40,82]
[-32,71,13];[90,50,38]
[-9,44,0];[150,167,181]
[-19,66,25];[82,48,33]
[-33,72,14];[66,36,24]
[-26,79,5];[46,81,33]
[-32,72,13];[88,49,35]
[-31,73,12];[79,44,29]
[-17,49,-16];[49,85,38]
[-31,72,11];[88,49,35]
[-13,44,-8];[126,144,159]
[-29,67,9];[63,30,21]
[-22,65,16];[99,52,24]
[-24,70,20];[107,60,41]
[-38,9,-24];[66,40,24]
[-23,71,20];[74,36,24]
[-23,72,19];[66,24,16]
[-15,77,-18];[60,97,43]
[3,16,-8];[71,41,30]
[-24,72,19];[126,45,38]
[-21,72,19];[82,44,41]
[-22,72,18];[68,30,21]
[-21,71,18];[66,32,24]
[-14,57,-15];[74,81,90]
[-21,71,17];[74,32,21]
[-22,71,16];[82,28,24]
[-21,69,15];[60,25,13]
[-28,67,9];[60,29,18]
[-35,69,11];[181,186,198]
[9,2,1];[107,65,41]
[-20,69,16];[74,40,27]
[-17,61,32];[104,96,93]
[-21,68,15];[33,81,115]
[-21,66,16];[82,44,33]
[-23,66,20];[49,22,16]
[-24,65,19];[79,37,24]
[-4,73,-21];[63,99,46]
[-24,64,19];[41,24,8]
[-26,66,19];[142,50,38]
[-22,68,20];[49,20,16]
[-23,67,22];[49,22,16]
[-26,70,-2];[62,37,18]
[-35,27,-17];[71,44,27]
[-23,68,22];[49,22,16]
[-23,62,26];[99,65,41]
[-25,69,20];[106,37,30]
[-26,68,20];[96,32,27]
[-27,68,19];[90,49,33]
[-23,69,22];[76,66,65]
[-23,71,21];[57,52,49]
[-25,63,-16];[82,69,33]
[-10,107,-7];[66,101,49]
[-23,70,21];[85,45,32]
[6,16,-5];[54,30,16]
[-26,52,0];[96,110,120]
[-19,70,17];[33,81,115]
[-19,68,16];[82,44,33]
[-20,67,16];[68,36,27]
[-20,66,17];[33,81,115]
[2,11,-9];[74,42,30]
[-21,67,19];[49,22,16]
[-22,67,19];[49,22,16]
[-22,84,17];[123,109,107]
[-27,77,24];[90,69,16]
[-8,38,-1];[134,152,167]
[-38,23,-6];[132,85,49]
[-26,73,14];[98,55,38]
[2,1,8];[82,44,24]
[-23,64,17];[99,48,24]
[-31,55,-10];[66,52,24]
[-20,73,-14];[33,40,57]
[-24,65,18];[57,20,16]
[-16,82,1];[60,99,43]
[-23,64,19];[41,20,8]
[-24,64,18];[33,81,115]
[-25,65,18];[82,25,21]
[-9,47,-13];[107,117,132]
[-25,67,12];[90,48,32]
[-30,47,-3];[140,156,165]
[-24,67,12];[74,40,24]
[-44,12,-24];[76,45,33]
[-27,70,13];[93,50,35]
[-23,69,12];[54,17,13]
[-23,68,12];[54,17,13]
[-16,64,22];[41,81,115]
[-29,69,8];[49,24,16]
[-24,66,14];[74,32,24]
[-2,42,-8];[156,172,186]
[-25,66,13];[71,22,16]
[-2,55,-25];[66,28,24]
[-4,81,-16];[49,85,33]
[-6,60,-8];[41,73,33]
[-29,67,14];[123,73,49]
[-12,90,-20];[24,16,0]
[-28,72,17];[126,45,38]
[-36,75,14];[112,101,101]
[-23,73,16];[82,40,24]
[-13,90,-22];[74,60,16]
[-22,68,14];[66,28,24]
[-22,67,14];[60,26,21]
[-22,67,13];[68,28,21]
[-17,79,-19];[66,60,24]
[-27,65,18];[84,42,27]
[-18,74,23];[129,99,63]
[-27,31,-5];[123,142,156]
[-29,67,17];[123,44,33]
[-21,65,-16];[8,8,8]
[-29,98,-17];[33,48,24]
[-28,67,19];[90,52,33]
[-28,69,19];[101,91,85]
[-31,70,12];[82,45,35]
[-32,70,12];[93,52,35]
[-32,69,12];[88,49,35]
[-32,70,16];[112,67,46]
[-33,70,16];[49,44,33]
[-33,73,15];[132,81,57]
[-28,29,-8];[126,144,159]
[-32,72,15];[120,70,46]
[-18,47,4];[35,70,27]
[-33,71,16];[66,60,57]
[-33,72,15];[74,69,65]
[-32,72,16];[66,60,57]
[-30,72,17];[74,65,66]
[-31,72,16];[57,52,49]
[-30,72,18];[82,44,32]
[-30,73,0];[27,54,18]
[-30,71,18];[66,40,24]
[-31,73,15];[57,48,49]
[-31,74,15];[68,59,51]
[-32,74,15];[109,63,41]
[-26,71,-5];[49,28,24]
[-32,73,15];[60,54,51]
[-30,74,16];[104,62,41]
[-5,58,-24];[76,40,29]
[-30,75,12];[90,52,33]
[-29,74,15];[96,53,38]
[-39,1,-6];[41,32,24]
[-30,74,14];[90,48,33]
[-30,75,13];[90,48,33]
[-28,41,-10];[173,190,198]
[-29,75,13];[82,40,24]
[-27,74,14];[99,56,41]
[-28,87,-8];[41,73,33]
[-28,74,15];[98,55,38]
[-28,74,13];[82,44,33]
[-23,69,-15];[107,89,41]
[-28,75,13];[79,41,30]
[-29,75,12];[84,41,27]
[-13,77,28];[104,90,87]
[-26,74,12];[76,38,27]
[-16,80,23];[35,37,49]
[-28,73,9];[74,40,24]
[-27,74,11];[66,36,24]
[-5,42,-24];[175,139,101]
[-27,71,8];[60,29,18]
[-8,94,-5];[165,138,90]
[-28,70,8];[60,29,16]
[-6,70,-6];[30,64,21]
[-26,71,9];[54,26,16]
[-26,70,10];[57,29,16]
[40,29,8];[107,107,106]
[-26,70,9];[51,25,16]
[-27,67,10];[60,26,16]
[-17,98,-15];[33,52,24]
[-26,68,10];[57,28,16]
[-18,72,3];[96,57,33]
[0,28,5];[153,103,57]
[-26,67,10];[63,32,16]
[-25,67,11];[57,29,18]
[-25,68,11];[49,36,24]
[-26,67,11];[63,32,16]
[-5,19,0];[63,34,21]
[-26,67,13];[74,40,24]
[-26,67,12];[41,20,16]
[-37,4,-15];[71,42,33]
[-17,51,0];[87,102,112]
[-27,68,13];[112,67,43]
[-27,67,13];[41,24,16]
[-37,1,-13];[90,58,40]
[-34,21,-20];[71,41,30]
[-27,68,14];[49,32,24]
[-30,68,16];[57,36,24]
[-9,73,-18];[27,54,18]
[-29,65,13];[79,41,27]
[-27,62,-12];[33,36,57]
[-30,65,12];[68,33,24]
[-23,41,-9];[148,166,181]
[-27,100,-24];[49,77,33]
[-21,101,-1];[41,69,33]
[-31,65,12];[76,37,24]
[-32,67,12];[68,36,21]
[2,29,1];[123,77,41]
[-31,67,11];[71,38,27]
[-19,48,-10];[99,109,123]
[-29,68,8];[54,29,16]
[8,0,6];[140,93,66]
[-38,4,-8];[84,49,33]
[-30,70,10];[68,37,27]
[-24,64,-16];[173,146,74]
[-31,69,11];[88,49,35]
[-28,67,15];[115,69,49]
[-29,66,15];[107,60,41]
[-31,65,13];[79,38,24]
[-8,103,3];[153,118,35]
[-31,66,14];[87,45,30]
[-31,78,-6];[27,52,18]
[-32,67,14];[87,46,30]
[-32,66,13];[87,45,30]
[-8,101,-1];[189,158,115]
[-32,65,12];[84,45,33]
[-35,25,-6];[99,65,33]
[-14,49,-13];[87,99,109]
[-42,18,-24];[79,46,33]
[-12,72,-16];[33,65,24]
[-7,71,-3];[46,77,35]
[-28,28,-12];[120,77,38]
[-2,4,0];[57,32,16]
[-31,73,3];[57,67,74]
[-32,66,12];[84,45,33]
[-32,71,12];[93,52,35]
[-22,68,-12];[49,85,41]
[-29,68,16];[104,59,41]
[-10,42,-8];[150,164,175]
[-25,66,20];[99,56,33]
[-29,68,15];[95,52,35]
[-29,67,15];[115,69,49]
[-30,80,16];[33,56,99]
[-30,66,17];[57,32,16]
[-7,85,-10];[38,70,30]
[-31,67,16];[104,59,41]
[-39,14,-12];[107,65,41]
[-2,33,-5];[175,191,200]
[-32,66,15];[93,49,33]
[-3,31,-5];[170,184,195]
[-14,104,-15];[41,65,33]
[-30,69,18];[57,48,41]
[0,45,-20];[74,65,123]
[-31,68,18];[123,97,66]
[-17,74,23];[132,105,66]
[-31,69,17];[140,85,57]
[-25,60,-7];[51,87,43]
[-14,52,-14];[74,86,96]
[-32,69,17];[123,73,49]
[-32,68,17];[112,66,46]
[-32,67,16];[104,57,41]
[-33,69,16];[107,60,41]
[-33,68,15];[107,60,41]
[-34,68,15];[123,77,49]
[-34,68,14];[71,38,29]
[-28,52,30];[71,65,60]
[-18,98,0];[109,77,24]
[-33,44,-10];[99,85,41]
[-33,67,14];[99,56,41]
[-30,74,22];[51,83,126]
[-26,73,11];[66,36,24]
[-29,77,5];[49,55,60]
[-15,72,3];[109,67,35]
[-24,83,18];[90,79,79]
[-13,74,3];[93,54,33]
[-30,101,-24];[49,77,33]
[-14,73,3];[104,66,38]
[-7,86,-13];[33,63,24]
[-15,74,3];[107,65,41]
[-15,73,3];[112,67,38]
[-16,74,4];[140,89,57]
[-3,20,-7];[99,61,41]
[-4,21,-6];[87,50,33]
[-6,60,-30];[117,67,43]
[-4,20,-6];[87,53,33]
[-15,57,-14];[74,81,90]
[-3,18,-7];[99,57,35]
[-4,16,-6];[93,54,35]
[-5,18,-5];[79,45,30]
[-18,74,-19];[41,36,16]
[-38,22,-6];[123,77,41]
[-5,15,-5];[84,50,33]
[-25,65,16];[74,36,24]
[-35,34,-9];[156,172,186]
[-27,69,20];[71,66,63]
[-27,67,20];[82,41,27]
[-11,75,29];[134,123,118]
[10,3,1];[63,38,24]
[-24,71,-10];[43,75,30]
[-27,66,19];[82,44,24]
[-4,51,-12];[49,89,33]
[-33,73,12];[107,120,128]
[-25,68,18];[71,34,24]
[-32,41,-6];[156,174,186]
[-26,68,19];[74,36,24]
[-25,67,18];[71,36,27]
[-28,69,15];[79,42,30]
[-25,65,17];[71,34,21]
[-26,65,18];[66,28,24]
[-34,70,15];[49,44,41]
[-23,72,14];[74,32,24]
[3,40,-23];[115,109,189]
[-22,71,14];[71,33,24]
[-29,65,15];[41,24,16]
[-26,66,18];[74,36,24]
[-27,65,14];[82,28,24]
[-29,65,14];[87,45,30]
[-19,67,17];[41,36,27]
[4,13,-8];[71,42,30]
[4,1,3];[99,65,41]
[-20,70,19];[49,22,16]
[-22,70,15];[57,20,16]
[-21,40,-3];[148,166,181]
[-21,69,20];[49,22,16]
[-23,82,-14];[66,105,49]
[-21,70,19];[49,22,16]
[-4,82,-18];[54,90,38]
[-41,29,-13];[107,65,33]
[-29,71,16];[66,40,24]
[-22,73,-17];[33,36,49]
[-16,80,-18];[54,94,43]
[5,6,10];[95,57,33]
[-10,93,-2];[99,93,82]
[-19,106,-19];[33,60,33]
[-30,70,17];[74,65,66]
[-12,88,-18];[99,85,41]
[-6,53,-27];[71,34,24]
[-28,70,19];[79,71,68]
[-30,70,18];[71,69,62]
[7,1,3];[115,75,46]
[-23,72,16];[68,29,21]
[-26,72,18];[66,56,57]
[-26,72,19];[71,64,60]
[-25,72,18];[82,41,27]
[-25,70,19];[79,40,27]
[-26,71,20];[107,60,41]
[-25,71,19];[156,56,49]
[19,36,-7];[113,114,114]
[-26,71,19];[66,65,57]
[-25,72,19];[74,63,62]
[-23,71,17];[74,36,24]
[-37,66,22];[84,73,71]
[-24,70,17];[71,34,24]
[-20,107,-2];[57,97,41]
[-26,56,-10];[60,97,46]
[-24,69,17];[60,26,18]
[-23,72,17];[98,36,27]
[-26,73,16];[115,40,29]
[37,32,6];[123,124,124]
[-5,70,-6];[27,57,18]
[-25,73,16];[71,22,18]
[-25,73,15];[107,65,41]
[-5,13,-5];[74,44,33]
[-24,73,18];[79,40,27]
[-36,45,-7];[82,65,24]
[-16,76,-16];[33,36,49]
[-10,47,-12];[107,121,132]
[-25,67,-2];[33,24,8]
[-14,104,5];[173,146,57]
[-24,68,0];[43,37,33]
[-24,68,-1];[60,33,16]
[-16,99,3];[129,93,30]
[-15,97,3];[104,70,21]
[-35,75,2];[51,59,68]
[-27,70,-4];[71,40,18]
[-21,65,31];[41,61,101]
[-26,68,-3];[51,28,11]
[-27,69,-6];[82,49,30]
[7,14,0];[71,41,30]
[-26,68,-5];[74,44,24]
[-44,14,-12];[76,45,33]
[-26,68,-4];[74,44,24]
[0,15,3];[82,48,33]
[-26,67,-5];[38,22,13]
[-27,71,-9];[79,46,27]
[-26,71,-10];[87,52,30]
[-26,69,-9];[90,52,24]
[-27,69,-7];[82,49,30]
[1,19,-8];[76,42,27]
[-41,24,-8];[120,78,35]
[-3,18,-8];[93,56,33]
[-21,87,1];[74,115,49]
[-1,17,-8];[90,56,33]
[-1,16,-8];[93,54,35]
[-35,14,-15];[79,46,33]
[-2,18,-8];[99,57,35]
[-2,17,-8];[93,57,35]
[2,1,3];[93,57,38]
[-43,19,-13];[71,41,30]
[-22,54,-10];[74,87,96]
[-2,15,-8];[90,53,35]
[-46,10,-18];[68,41,27]
[-2,21,-7];[93,57,35]
[9,41,-17];[65,65,65]
[-29,73,16];[66,56,57]
[0,9,2];[46,25,13]
[0,20,-8];[84,49,33]
[-43,0,-10];[123,77,49]
[-1,19,-8];[93,57,35]
[3,2,-6];[66,40,24]
[-2,21,-8];[93,54,35]
[-2,19,-8];[99,63,41]
[9,0,11];[120,79,51]
[-32,80,1];[30,57,21]
[-3,23,-7];[87,50,33]
[-3,22,-7];[90,56,33]
[-28,70,15];[74,40,24]
[-46,7,-24];[82,48,24]
[-29,73,17];[71,62,57]
[-5,56,-11];[49,89,33]
[-30,47,-6];[140,155,167]
[-28,73,16];[101,44,27]
[-10,85,-22];[41,32,16]
[-28,71,15];[93,50,35]
[-14,44,-7];[126,140,150]
[-27,74,15];[95,52,35]
[-37,17,-22];[71,41,33]
[-24,71,11];[123,44,33]
[-25,72,12];[71,37,24]
[-20,56,1];[79,91,99]
[-12,79,-19];[16,16,0]
[-25,71,12];[68,30,21]
[-26,70,13];[93,43,32]
[-26,58,-7];[41,81,33]
[-39,22,-6];[150,107,60]
[10,37,-15];[51,51,51]
[-25,73,13];[49,24,16]
[-26,71,13];[57,32,16]
[-20,70,-14];[66,52,24]
[-27,71,14];[96,53,38]
[-37,2,-9];[68,41,27]
[-27,70,14];[79,42,30]
[-9,51,-16];[49,81,33]
[-30,79,-6];[27,57,21]
[-23,71,1];[66,36,16]
[-10,76,-17];[30,57,21]
[-24,71,0];[90,52,24]
[-21,65,20];[90,52,33]
[-25,71,-1];[74,41,21]
[-22,72,2];[41,36,33]
[-23,72,1];[41,36,33]
[-13,109,-7];[66,117,49]
[-16,74,3];[140,93,57]
[-15,75,3];[137,90,54]
[-23,67,12];[49,20,16]
[-19,73,3];[41,36,33]
[2,9,-9];[87,53,33]
[1,8,-9];[87,53,33]
[-45,5,-25];[115,71,46]
[0,8,-8];[82,52,33]
[-18,58,-15];[63,105,46]
[0,7,-8];[82,48,33]
[6,11,-7];[66,36,24]
[5,10,-7];[68,38,27]
[-36,76,-1];[35,69,27]
[4,9,-8];[82,48,33]
[-24,66,-10];[43,71,27]
[3,8,-9];[79,46,33]
[-2,10,-8];[96,57,38]
[2,10,-9];[74,44,33]
[-1,9,-8];[93,59,35]
[1,13,-8];[79,46,33]
[-25,85,-12];[57,93,41]
[1,11,-9];[76,45,33]
[1,1,-7];[132,85,57]
[5,16,-7];[60,33,18]
[1,14,-9];[82,48,33]
[8,12,-5];[57,32,16]
[-13,72,-20];[46,56,62]
[1,12,-8];[74,44,33]
[1,10,-8];[84,49,33]
[-18,108,-2];[74,117,49]
[0,12,-8];[76,45,33]
[-27,104,-21];[49,85,41]
[0,11,-8];[79,46,33]
[-29,60,-11];[8,8,8]
[-15,72,-16];[46,77,30]
[2,14,-9];[74,44,33]
[3,11,-9];[68,40,30]
[-41,27,-9];[134,87,43]
[4,16,-7];[66,36,24]
[3,1,-6];[140,89,66]
[4,15,-7];[57,32,24]
[3,13,-8];[71,42,30]
[-26,68,-9];[66,40,16]
[-25,69,-11];[85,49,24]
[-11,96,-9];[140,105,57]
[-26,68,-8];[38,22,13]
[-3,8,1];[41,32,24]
[-4,9,-1];[68,38,27]
[-20,42,-3];[140,154,165]
[-15,80,-18];[33,20,8]
[-3,10,2];[57,34,21]
[-41,3,-22];[87,50,33]
[-3,9,0];[66,37,24]
[-3,10,1];[57,32,21]
[-4,10,-1];[66,38,24]
[-30,53,30];[74,69,66]
[-27,73,-8];[38,70,24]
[-4,11,1];[57,34,21]
[-22,66,-14];[49,40,16]
[-4,11,0];[60,33,18]
[-5,76,-6];[54,93,38]
[-3,12,1];[57,32,21]
[-4,15,0];[74,44,33]
[4,10,3];[82,48,33]
[-5,15,-2];[68,38,27]
[-7,80,-6];[33,65,24]
[-20,54,-11];[74,85,90]
[-7,84,-22];[49,85,33]
[-5,14,-1];[54,29,16]
[-13,92,0];[99,85,66]
[-4,13,-1];[60,33,18]
[-31,78,18];[41,70,109]
[-26,57,28];[123,89,49]
[-4,12,-1];[66,36,24]
[-24,73,-14];[90,73,41]
[-27,71,-4];[71,45,33]
[-24,54,1];[82,97,107]
[-13,72,1];[38,22,13]
[-16,71,3];[99,60,33]
[-30,66,16];[98,55,38]
[-16,70,3];[66,36,16]
[-22,57,-9];[74,81,90]
[-17,72,4];[104,63,35]
[-23,97,-10];[24,44,16]
[-26,73,12];[76,38,27]
[-10,46,-29];[33,32,74]
[-35,27,-7];[156,174,189]
[-17,71,3];[96,58,33]
[-13,71,30];[68,67,79]
[-17,70,3];[115,73,41]
[-29,78,8];[24,57,21]
[-32,81,-7];[38,73,30]
[-8,80,-1];[109,68,38]
[-15,100,-15];[41,69,33]
[-8,79,0];[96,56,30]
[-8,78,0];[82,48,24]
[-18,45,-1];[123,138,148]
[-8,77,0];[49,32,16]
[-19,71,23];[74,60,66]
[-4,22,-6];[87,52,33]
[-33,22,-7];[156,109,60]
[-4,23,-6];[74,40,33]
[5,7,-5];[68,37,27]
[-5,23,-5];[74,40,33]
[-5,22,-5];[76,45,33]
[-5,20,-5];[82,49,33]
[-7,102,1];[126,93,30]
[-1,29,-5];[107,65,33]
[-6,82,-4];[93,52,27]
[-3,28,-2];[107,65,33]
[-4,28,-2];[107,60,33]
[-5,29,-3];[107,65,33]
[-2,29,0];[95,56,27]
[-1,29,1];[112,69,35]
[-2,29,1];[107,65,33]
[-37,6,-16];[76,44,30]
[-25,38,0];[159,176,189]
[-24,62,-9];[8,40,8]
[0,29,2];[41,36,33]
[-8,88,-6];[46,81,41]
[-1,28,0];[101,60,27]
[-16,82,0];[57,97,41]
[-2,29,2];[107,65,33]
[-28,76,22];[54,86,129]
[-8,72,-19];[41,48,57]
[-20,53,-15];[57,94,46]
[2,29,-1];[107,65,33]
[-15,108,-13];[57,93,41]
[-28,74,0];[30,57,21]
[1,29,-1];[107,65,33]
[-29,48,-7];[132,146,156]
[4,30,-4];[123,82,41]
[6,29,0];[140,97,49]
[-11,77,24];[84,74,74]
[-6,74,-24];[30,56,21]
[-28,74,11];[74,40,24]
[-42,4,-24];[82,52,33]
[6,25,2];[153,106,57]
[6,27,0];[145,102,54]
[-16,82,-18];[33,16,8]
[5,27,1];[134,90,43]
[-19,51,4];[46,85,38]
[6,26,1];[148,105,57]
[5,27,2];[156,110,60]
[6,24,1];[151,105,55]
[-24,62,-8];[41,69,33]
[5,24,2];[115,73,41]
[7,25,-2];[131,88,46]
[-2,20,3];[66,36,24]
[4,27,-7];[115,73,33]
[-34,24,-6];[51,30,16]
[3,27,-7];[123,85,41]
[-47,8,-22];[68,41,27]
[-21,68,19];[49,24,16]
[-26,69,-2];[74,40,24]
[7,26,-3];[128,82,43]
[-27,71,-5];[73,51,35]
[-28,67,14];[123,73,49]
[-21,52,1];[99,111,120]
[5,27,-3];[128,86,46]
[-8,40,1];[140,158,173]
[5,27,-4];[123,81,41]
[6,27,-2];[140,97,49]
[-9,75,-27];[63,98,46]
[-28,69,8];[60,29,16]
[6,26,-4];[117,75,35]
[-13,93,-9];[189,154,115]
[-6,87,-10];[99,56,33]
[-28,76,3];[30,57,21]
[-6,87,-12];[99,60,33]
[-20,85,-15];[60,98,43]
[-3,30,-4];[115,73,41]
[-23,69,2];[71,38,21]
[34,32,5];[133,133,133]
[-22,68,2];[57,32,16]
[-24,70,1];[71,40,21]
[-20,70,3];[82,50,30]
[-26,104,-20];[49,77,33]
[-22,71,2];[115,73,41]
[-16,66,25];[66,40,24]
[-18,73,4];[126,82,49]
[-18,72,4];[99,60,33]
[-37,78,3];[66,105,57]
[1,28,1];[66,48,33]
[25,35,-4];[134,134,134]
[3,30,1];[115,69,33]
[4,31,-1];[107,65,33]
[-25,71,20];[76,67,68]
[-34,20,-9];[57,32,16]
[-41,6,-12];[101,62,40]
[-23,75,0];[33,60,27]
[5,31,-1];[123,79,38]
[-10,70,29];[82,73,74]
[5,31,-2];[140,97,49]
[-3,62,-25];[93,50,35]
[-17,61,1];[32,67,24]
[4,31,-2];[107,65,33]
[1,6,4];[66,36,24]
[8,0,13];[131,83,57]
[-17,68,18];[82,44,24]
[-41,4,-24];[90,54,35]
[4,31,-3];[95,60,30]
[4,31,-5];[140,95,54]
[3,31,-6];[126,85,43]
[4,28,-6];[123,81,41]
[3,29,-7];[123,82,41]
[-2,28,-7];[145,101,60]
[-42,22,-12];[63,37,21]
[-1,28,-8];[142,98,51]
[-3,28,-7];[156,113,66]
[0,30,-8];[140,97,49]
[-16,64,23];[123,109,99]
[-23,52,-10];[82,95,104]
[-1,29,-8];[137,91,49]
[3,28,-7];[120,79,38]
[1,30,-5];[99,60,33]
[-33,39,-4];[156,172,186]
[3,31,-5];[107,69,33]
[2,31,-6];[109,64,30]
[-21,65,0];[24,48,16]
[2,31,-7];[123,81,43]
[-5,50,-22];[66,32,24]
[-19,96,-14];[33,60,33]
[-24,69,12];[49,16,16]
[-36,14,-20];[66,36,24]
[1,30,-7];[129,86,46]
[-6,76,-11];[33,65,24]
[6,25,-4];[107,65,33]
[6,0,-2];[90,53,35]
[-10,82,-2];[82,50,27]
[6,25,-5];[123,81,43]
[4,26,-6];[112,70,33]
[3,26,-7];[99,52,24]
[-1,26,-8];[140,93,49]
[-28,64,23];[96,86,79]
[6,24,-2];[41,24,16]
[-1,27,-8];[134,91,49]
[-26,65,15];[74,20,16]
[-31,70,17];[99,93,90]
[-1,26,-9];[137,94,46]
[5,25,-3];[33,16,8]
[-13,72,-16];[38,70,30]
[2,28,-7];[123,79,38]
[-37,74,8];[189,199,206]
[1,28,-8];[129,83,41]
[-46,14,-15];[66,36,24]
[2,27,-8];[123,81,41]
[1,26,-8];[90,44,16]
[-46,8,-22];[68,41,27]
[-1,30,-7];[107,69,41]
[2,23,4];[60,33,21]
[-28,103,-22];[41,69,33]
[-41,25,-7];[148,105,57]
[2,22,3];[82,44,33]
[4,22,2];[76,45,33]
[-34,30,-16];[142,95,51]
[3,21,3];[90,56,33]
[-26,64,17];[74,38,24]
[5,24,1];[134,87,46]
[5,24,0];[35,21,10]
[6,24,0];[148,105,57]
[6,22,0];[68,38,27]
[-26,57,-1];[57,97,41]
[6,23,-1];[54,30,21]
[6,24,-1];[33,16,8]
[6,25,-2];[82,48,16]
[5,24,-3];[43,25,16]
[-20,66,16];[68,36,27]
[6,23,-2];[60,30,18]
[-6,36,-3];[148,162,173]
[6,23,-3];[60,34,18]
[6,22,-1];[66,40,24]
[6,22,-3];[57,32,16]
[-16,69,26];[60,52,46]
[-6,85,-14];[13,36,13]
[-9,53,-3];[101,114,123]
[6,23,-4];[63,33,21]
[6,21,-4];[60,34,18]
[-22,97,-11];[33,48,24]
[-3,52,-5];[57,101,41]
[5,20,-5];[63,34,21]
[5,19,-5];[51,29,16]
[-41,25,-18];[71,45,30]
[-9,83,0];[71,113,51]
[2,1,-7];[134,86,60]
[-28,54,-6];[43,75,35]
[-25,70,20];[73,34,21]
[5,20,-6];[60,33,21]
[5,19,-6];[54,30,16]
[-27,96,-18];[33,56,24]
[3,19,-7];[63,33,21]
[-35,95,-24];[49,77,33]
[2,16,-8];[74,44,33]
[4,18,-7];[66,36,24]
[3,17,-8];[71,42,27]
[-35,20,-21];[76,45,33]
[-12,88,-21];[24,24,0]
[2,16,-9];[74,44,33]
[-23,78,-14];[60,99,43]
[2,15,-9];[71,41,30]
[-5,27,-5];[142,98,51]
[-38,66,19];[66,60,57]
[-6,28,-5];[148,101,57]
[-8,57,-6];[79,91,99]
[-7,28,-2];[120,78,38]
[-19,53,-12];[74,87,96]
[-7,27,-1];[123,79,41]
[-18,93,-9];[132,101,74]
[-7,27,-2];[126,82,41]
[-20,97,-3];[104,69,24]
[-2,23,4];[33,16,8]
[6,21,-2];[57,32,16]
[-4,37,3];[132,150,165]
[-4,23,4];[128,89,43]
[3,0,6];[98,59,38]
[-19,65,-14];[16,40,16]
[-4,24,3];[134,89,43]
[-30,36,-1];[165,178,189]
[-31,72,8];[98,110,123]
[-5,25,3];[123,81,41]
[-5,27,2];[126,83,43]
[-35,64,24];[16,36,74]
[1,37,-23];[49,44,90]
[-4,26,3];[137,95,49]
[-6,28,1];[117,75,35]
[-6,24,0];[57,28,16]
[-40,92,-22];[57,97,49]
[-7,26,0];[123,81,41]
[-23,69,29];[49,81,123]
[-5,53,-1];[57,97,41]
[-7,25,0];[126,85,43]
[-16,69,21];[68,44,29]
[-38,20,-23];[87,54,38]
[-36,11,-18];[71,41,30]
[-7,25,-5];[126,79,35]
[-24,80,21];[49,85,132]
[-34,76,16];[41,65,99]
[-5,26,-6];[142,98,51]
[-24,81,-14];[66,101,49]
[-9,83,-3];[90,56,33]
[-6,25,-6];[140,95,51]
[-42,25,-12];[60,34,18]
[-8,25,-2];[115,73,33]
[-7,24,-3];[117,75,38]
[-7,25,-2];[115,73,33]
[-7,25,-4];[123,79,38]
[-29,103,-17];[49,73,33]
[-18,64,25];[49,36,24]
[-7,24,-2];[107,65,33]
[-4,81,-17];[46,82,38]
[-7,25,-3];[117,75,35]
[-14,98,2];[198,170,132]
[-7,24,-4];[115,77,33]
[-18,76,-15];[49,32,16]
[-31,75,0];[30,57,21]
[0,28,1];[132,85,49]
[1,28,2];[99,65,33]
[-10,54,-27];[71,28,21]
[0,28,0];[132,85,49]
[-30,81,15];[96,84,79]
[-2,29,-4];[44,38,32]
[-4,35,3];[120,136,153]
[-3,30,-5];[101,68,43]
[-29,67,16];[123,73,49]
[-3,30,-7];[145,102,60]
[1,25,5];[148,105,60]
[-4,48,-13];[46,82,33]
[1,24,5];[154,106,60]
[-1,26,5];[134,90,43]
[-5,27,3];[129,86,46]
[-5,28,3];[137,90,46]
[-36,14,-14];[66,36,24]
[-5,29,2];[101,60,27]
[-5,29,3];[156,105,57]
[-6,28,2];[123,79,41]
[-29,52,-2];[57,97,41]
[-4,30,-7];[140,97,57]
[-5,30,-6];[140,97,57]
[-40,29,-12];[115,73,33]
[-5,29,-6];[148,105,57]
[-25,104,-22];[49,77,33]
[-6,30,-5];[150,107,63]
[-37,31,-10];[99,56,24]
[-6,29,-5];[148,101,57]
[-7,29,-4];[150,105,60]
[-7,28,1];[117,75,35]
[-7,28,0];[117,75,35]
[-42,11,-26];[82,48,33]
[-7,29,1];[132,89,49]
[-18,66,27];[49,44,41]
[-7,29,0];[126,85,43]
[-7,24,-5];[107,67,29]
[-6,24,-6];[99,56,16]
[-1,45,-2];[162,182,195]
[-14,87,-17];[66,56,33]
[-17,76,3];[49,93,41]
[-14,87,-18];[74,65,33]
[-15,87,-17];[24,28,41]
[-15,86,-18];[140,113,57]
[-22,40,-8];[148,162,173]
[-3,51,-8];[123,134,148]
[-5,84,-9];[68,40,21]
[-5,83,-8];[57,33,16]
[3,0,-6];[107,69,49]
[-32,52,-11];[66,56,24]
[-14,84,-19];[33,20,8]
[-4,23,3];[33,16,8]
[-6,25,1];[128,85,43]
[-34,25,-18];[82,49,33]
[-6,24,1];[126,81,38]
[-39,93,-22];[57,97,41]
[-5,24,3];[123,77,41]
[-34,71,15];[66,60,57]
[-26,77,2];[24,52,16]
[-6,25,2];[123,81,41]
[-6,24,2];[120,77,38]
[-17,64,32];[90,81,82]
[0,42,-2];[153,169,184]
[-6,77,-10];[46,77,38]
[-3,28,-1];[99,56,24]
[-2,28,0];[95,56,27]
[-44,19,-22];[74,44,33]
[-2,28,-1];[107,60,33]
[-33,66,12];[71,36,21]
[-10,82,0];[74,125,57]
[-4,29,-1];[99,56,24]
[-8,100,-11];[57,44,24]
[-4,29,-2];[107,60,33]
[-19,64,23];[41,28,24]
[3,1,9];[57,36,24]
[-39,0,-13];[120,78,51]
[-5,29,-1];[99,56,24]
[-5,29,-2];[115,65,33]
[-10,52,-27];[74,36,24]
[-2,25,5];[150,102,51]
[-27,52,-3];[90,105,115]
[-30,80,0];[24,56,24]
[-8,81,-2];[131,87,54]
[-5,31,1];[134,154,167]
[-1,25,5];[148,105,57]
[-1,24,5];[142,99,51]
[-11,75,-27];[60,95,43]
[1,23,5];[173,121,66]
[-15,46,-9];[107,117,132]
[-1,23,5];[148,105,57]
[-2,23,5];[165,113,66]
[-2,27,3];[71,40,21]
[-3,26,3];[74,44,24]
[-19,88,-4];[139,152,162]
[-2,27,4];[145,102,54]
[-3,28,3];[71,40,21]
[-3,26,4];[148,105,57]
[-20,77,-18];[24,32,49]
[-3,54,-29];[106,64,46]
[-1,25,4];[74,44,24]
[-21,71,22];[66,56,57]
[-2,25,4];[153,103,54]
[-40,28,-15];[57,28,16]
[-3,24,4];[71,38,21]
[-6,24,-1];[41,34,33]
[-2,56,-23];[74,29,21]
[-6,24,-2];[41,35,30]
[-6,24,-3];[41,36,33]
[-6,23,-2];[38,22,10]
[-34,41,-10];[41,36,16]
[-6,23,-3];[51,26,13]
[-13,75,29];[30,53,90]
[-6,21,-2];[57,33,18]
[-6,72,-4];[41,73,24]
[-6,21,-3];[60,33,18]
[-3,15,2];[82,48,33]
[-5,20,-3];[68,38,27]
[-5,19,-4];[74,44,33]
[-18,58,-13];[74,85,90]
[5,29,2];[148,101,57]
[-10,102,6];[173,142,57]
[-28,54,-7];[46,78,33]
[-10,79,1];[66,36,24]
[-23,71,-12];[38,22,13]
[-41,24,-18];[68,38,27]
[-24,66,19];[57,40,33]
[-33,27,-10];[101,60,30]
[-21,76,-17];[24,32,49]
[-11,77,3];[98,63,35]
[0,4,-7];[84,49,33]
[-11,76,2];[82,52,33]
[-9,85,-7];[35,64,27]
[-11,75,2];[148,130,49]
[-11,69,-20];[74,81,90]
[0,29,5];[161,117,68]
[-42,25,-13];[49,32,16]
[-2,29,4];[107,65,33]
[-31,68,10];[68,36,21]
[-36,81,2];[49,89,41]
[0,27,5];[145,101,54]
[0,26,5];[140,97,49]
[-1,29,5];[156,113,66]
[-31,57,24];[132,105,66]
[-3,29,5];[148,107,54]
[1,28,5];[126,82,43]
[-15,101,2];[165,134,90]
[1,27,5];[123,77,41]
[5,1,-4];[129,81,54]
[-19,80,18];[74,69,66]
[-21,64,-11];[95,61,35]
[-27,37,0];[170,187,198]
[-23,55,-12];[60,99,43]
[5,2,-5];[41,32,24]
[-15,80,-20];[132,109,57]
[-30,25,-16];[99,52,24]
[6,1,-4];[123,77,49]
[6,0,-4];[123,73,49]
[-10,83,0];[60,99,49]
[7,1,-2];[117,71,43]
[6,2,-4];[41,32,24]
[-25,83,15];[90,77,74]
[5,1,-5];[132,85,57]
[9,6,3];[74,44,33]
[-8,86,-9];[82,49,27]
[4,29,3];[165,117,66]
[-7,43,-10];[156,170,175]
[-10,77,2];[66,36,16]
[-9,76,1];[84,53,33]
[-18,68,18];[82,48,33]
[-37,30,-9];[95,56,27]
[1,3,3];[104,64,43]
[-10,76,2];[115,73,41]
[-26,67,22];[60,51,46]
[-10,75,2];[90,56,33]
[-18,97,-1];[107,73,24]
[-7,79,-2];[99,60,33]
[-9,77,0];[46,24,10]
[-9,69,-2];[57,97,41]
[-14,50,2];[46,82,30]
[2,13,-9];[74,44,33]
[-9,62,-12];[8,36,8]
[-1,44,-26];[73,48,30]
[-10,78,1];[41,24,13]
[33,32,4];[140,140,140]
[-15,49,-1];[90,103,112]
[-11,74,2];[99,69,16]
[-10,74,1];[33,20,8]
[-33,18,-19];[66,38,24]
[-26,78,1];[33,65,24]
[-17,85,-18];[49,40,16]
[-45,14,-24];[76,45,33]
[-5,41,-27];[181,138,99]
[5,23,-5];[63,37,21]
[5,25,-4];[41,32,24]
[-17,72,-16];[24,32,49]
[-5,74,-22];[35,63,27]
[4,22,-6];[57,32,16]
[3,24,-7];[54,30,18]
[-21,80,18];[126,98,65]
[2,25,-7];[35,21,10]
[-9,54,-29];[68,29,21]
[-10,66,-2];[129,103,41]
[2,23,-8];[66,36,24]
[2,22,-8];[66,40,24]
[-34,95,-24];[49,77,33]
[2,21,-8];[74,44,33]
[-44,7,-28];[41,36,33]
[1,25,-7];[49,36,24]
[41,31,11];[141,141,141]
[1,25,-8];[90,44,16]
[-16,73,24];[134,105,68]
[-20,94,-2];[41,38,33]
[-23,75,-15];[115,97,41]
[0,25,-8];[112,68,32]
[1,24,-8];[57,32,24]
[-21,73,-17];[33,36,57]
[-16,85,-1];[33,63,24]
[0,24,-8];[66,36,33]
[-1,23,-7];[82,52,33]
[-14,110,-7];[74,125,57]
[1,23,-8];[66,41,24]
[-9,38,-2];[140,158,173]
[-16,57,-14];[74,81,90]
[-26,67,20];[96,32,27]
[-28,50,-12];[33,32,8]
[-28,49,-2];[123,140,153]
[0,24,-7];[60,33,27]
[-1,25,-7];[41,36,33]
[-17,106,-17];[41,69,33]
[-40,0,-11];[132,85,57]
[-3,43,-27];[24,24,49]
[-19,69,16];[74,40,24]
[-30,48,-11];[16,24,24]
[-27,56,-12];[24,32,49]
[-10,105,-10];[49,77,33]
[-25,70,18];[71,36,27]
[-1,24,-7];[62,36,21]
[-45,13,-13];[76,45,33]
[-2,24,-7];[68,40,27]
[-3,24,-7];[66,40,24]
[4,2,11];[68,41,27]
[-15,65,2];[150,128,63]
[-6,21,-1];[51,29,18]
[-6,22,-1];[54,30,16]
[-11,69,31];[145,132,128]
[-20,71,3];[90,56,33]
[-5,21,0];[60,33,18]
[6,22,-2];[60,33,18]
[-14,108,-13];[57,97,41]
[-5,20,0];[54,32,16]
[-8,87,-21];[49,44,24]
[-28,71,18];[76,68,63]
[-16,87,-19];[24,28,41]
[-4,20,1];[54,32,16]
[-26,69,20];[57,44,41]
[-34,60,22];[115,81,49]
[-8,46,-30];[33,28,57]
[-5,19,-1];[60,34,24]
[-27,53,-2];[57,97,41]
[-5,17,-1];[57,32,16]
[-4,16,0];[66,40,24]
[4,41,-19];[52,53,53]
[-5,15,-1];[74,44,33]
[-4,19,1];[63,37,21]
[-4,18,1];[66,36,24]
[-20,43,-9];[134,151,165]
[7,2,3];[99,65,41]
[-4,18,0];[51,29,16]
[-5,16,0];[66,40,24]
[-31,73,10];[66,81,90]
[-5,16,-1];[66,38,24]
[-25,74,-12];[49,40,33]
[2,42,-20];[239,195,16]
[-26,73,-11];[49,40,33]
[-18,73,29];[46,77,117]
[-9,81,-1];[129,82,49]
[-5,20,-1];[57,32,21]
[34,29,4];[239,239,239]
[-12,54,-17];[51,93,43]
[4,23,-6];[51,29,18]
[-10,80,0];[123,77,49]
[-15,76,3];[90,56,33]
[-2,10,3];[60,33,18]
[-17,74,3];[41,36,27]
[-6,81,-6];[90,56,33]
[-42,3,-21];[79,46,30]
[0,26,4];[71,40,21]
[-9,71,-19];[57,69,74]
[-19,54,-11];[74,86,93]
[0,24,4];[41,24,8]
[-2,28,-2];[41,36,33]
[8,1,13];[41,32,24]
[5,26,1];[57,32,16]
[-3,53,-9];[49,85,33]
[-29,26,-15];[120,77,35]
[-29,74,10];[74,40,24]
[6,26,-1];[137,95,49]
[2,30,-7];[120,78,38]
[-23,70,2];[74,40,24]
[5,28,0];[51,29,13]
[-21,64,21];[54,34,24]
[-13,58,2];[49,89,33]
[5,27,0];[57,32,16]
[4,0,-4];[115,73,49]
[-11,73,31];[106,95,98]
[-36,59,21];[54,45,46]
[-21,78,-18];[148,121,57]
[2,0,-3];[79,48,27]
[0,0,1];[104,64,43]
[-32,80,4];[30,57,21]
[0,0,0];[90,56,35]
[-1,0,0];[123,77,49]
[2,0,-1];[76,46,27]
[5,0,-1];[107,65,41]
[-11,85,-20];[57,44,24]
[5,0,-3];[93,56,33]
[5,0,-4];[132,85,57]
[-16,70,2];[33,16,8]
[5,31,0];[107,69,33]
[-35,66,23];[41,60,99]
[-10,73,27];[134,121,115]
[4,0,-1];[79,46,27]
[-21,96,-5];[107,77,24]
[-32,27,-9];[107,65,33]
[4,0,-3];[106,66,43]
[-7,102,-6];[137,101,38]
[-2,4,1];[63,34,21]
[3,0,-2];[79,49,30]
[-25,69,0];[51,28,10]
[2,0,0];[87,50,33]
[-28,95,-20];[49,77,33]
[-21,82,-15];[66,101,49]
[0,0,2];[115,75,51]
[-8,84,-5];[82,49,27]
[-33,78,-4];[33,65,24]
[-7,86,-6];[87,49,29]
[-8,84,-4];[109,68,38]
[-12,89,-21];[24,16,0]
[-9,83,-2];[49,40,33]
[-9,82,-2];[132,85,49]
[-8,52,-25];[68,30,18]
[-31,79,8];[30,57,21]
[-10,81,-1];[49,36,33]
[-14,105,2];[123,93,33]
[-15,88,-16];[107,65,41]
[-37,2,-12];[68,38,27]
[-46,3,-21];[120,71,46]
[-7,73,-3];[46,86,38]
[-37,4,-12];[79,47,32]
[-37,5,-13];[57,32,16]
[-17,77,-18];[24,32,49]
[-38,5,-11];[95,57,33]
[-15,53,0];[82,95,104]
[-47,3,-13];[63,38,24]
[-47,3,-14];[66,38,24]
[-2,42,-7];[156,174,186]
[-12,90,-10];[132,142,148]
[-8,79,-1];[104,64,38]
[-47,4,-11];[68,41,27]
[-12,79,-22];[38,66,30]
[-46,4,-13];[68,40,24]
[-45,6,-11];[87,52,33]
[-15,95,-13];[49,73,33]
[-46,5,-12];[98,60,40]
[-42,7,-10];[107,65,41]
[-27,77,-4];[24,52,16]
[-42,6,-10];[104,64,35]
[-43,6,-10];[104,64,38]
[-44,6,-9];[90,56,33]
[-43,6,-8];[115,71,43]
[-38,9,-16];[74,44,33]
[-43,6,-9];[112,69,41]
[-10,62,-29];[57,32,16]
[-39,6,-9];[123,77,49]
[-40,6,-8];[139,87,60]
[-34,29,-5];[150,168,183]
[-41,6,-8];[142,91,68]
[0,46,-22];[24,24,49]
[-5,17,-4];[68,38,27]
[-6,42,-30];[107,73,41]
[-47,2,-8];[66,40,24]
[-46,2,-8];[66,40,24]
[-46,4,-8];[68,41,27]
[-4,8,-5];[76,45,33]
[-46,3,-9];[66,36,24]
[-29,77,-7];[35,63,24]
[-46,4,-9];[68,41,27]
[-44,3,-7];[68,41,27]
[-45,4,-7];[71,41,30]
[-42,5,-7];[99,56,33]
[7,0,5];[109,71,43]
[-24,72,28];[74,56,16]
[-10,76,25];[84,74,74]
[-44,4,-7];[74,44,33]
[-44,5,-8];[90,52,33]
[-42,4,-6];[79,48,33]
[-41,5,-7];[101,60,33]
[-14,47,2];[54,91,38]
[-38,5,-8];[90,52,33]
[-16,80,24];[62,56,60]
[-19,65,-13];[21,48,21]
[-32,24,-6];[66,32,16]
[-39,4,-7];[93,56,33]
[-27,55,28];[33,20,16]
[-20,54,4];[74,113,49]
[-37,4,-9];[79,46,33]
[-28,66,18];[74,28,24]
[-22,58,29];[85,59,35]
[-18,107,-17];[49,77,33]
[-13,68,-22];[104,117,126]
[5,28,2];[145,101,54]
[-37,4,-11];[76,45,30]
[-9,79,-18];[30,57,21]
[-10,76,-16];[27,54,18]
[-37,3,-8];[71,42,30]
[-37,3,-11];[71,42,27]
[-37,4,-10];[76,45,30]
[-29,26,-13];[126,83,41]
[-47,4,-19];[66,38,27]
[7,0,11];[120,78,51]
[-47,3,-18];[66,40,24]
[-18,68,-17];[49,36,16]
[-47,1,-12];[63,37,24]
[37,30,7];[113,114,113]
[-47,1,-13];[54,32,18]
[-46,1,-8];[49,30,18]
[-47,1,-10];[33,24,16]
[-8,88,-13];[96,58,38]
[-29,58,26];[27,17,13]
[1,45,-19];[90,89,156]
[-9,88,-15];[93,54,35]
[3,5,7];[74,44,33]
[-11,89,-14];[90,56,33]
[-8,88,-15];[93,54,35]
[-24,58,-14];[82,69,33]
[-31,77,-5];[24,53,21]
[-9,88,-16];[82,52,33]
[2,50,-17];[33,28,57]
[-23,52,3];[49,85,33]
[-11,88,-17];[93,54,35]
[-31,48,-10];[24,28,41]
[-13,86,-19];[49,36,8]
[-10,84,-5];[57,66,71]
[-6,23,-4];[51,29,21]
[-11,93,-3];[90,85,74]
[-12,87,-18];[57,48,24]
[1,0,-6];[132,85,57]
[-37,1,-14];[54,30,18]
[-38,3,-18];[68,38,27]
[-7,88,-12];[128,85,51]
[-38,2,-17];[57,36,24]
[-31,24,-6];[164,114,63]
[-24,65,-13];[66,56,24]
[-22,66,22];[62,44,27]
[-38,1,-16];[66,36,24]
[-46,2,-7];[63,38,24]
[-44,1,-6];[148,97,66]
[-35,34,-8];[156,174,186]
[5,24,-4];[43,25,16]
[-43,3,-6];[74,40,33]
[-37,5,-19];[62,34,27]
[-44,2,-6];[66,40,24]
[-40,3,-6];[79,46,33]
[-5,54,-8];[99,111,120]
[-42,3,-6];[71,41,30]
[-35,58,26];[38,50,85]
[-46,1,-7];[57,32,16]
[-42,2,-6];[66,40,24]
[-29,29,-14];[145,98,51]
[-2,26,3];[74,44,24]
[-9,55,-22];[49,40,33]
[-4,20,2];[60,33,18]
[-21,90,-7];[148,166,173]
[-29,77,4];[33,60,24]
[-38,3,-7];[79,45,33]
[-8,96,-3];[198,166,123]
[-1,50,-25];[66,44,33]
[-39,2,-7];[68,38,27]
[-6,56,-11];[74,89,99]
[-40,10,-26];[82,48,33]
[-14,89,-4];[140,109,74]
[-40,10,-27];[87,50,33]
[-41,10,-27];[90,52,33]
[-29,24,-12];[123,81,41]
[-39,9,-26];[76,45,30]
[-37,8,-24];[68,41,27]
[-28,26,-9];[156,105,57]
[-5,33,-3];[178,193,203]
[-32,31,-13];[115,73,41]
[-38,9,-25];[71,42,30]
[-21,59,1];[74,85,90]
[-38,8,-24];[68,41,27]
[-46,6,-22];[41,32,30]
[-13,97,1];[123,89,57]
[-46,6,-23];[120,78,55]
[-36,65,17];[68,59,60]
[-26,60,26];[115,89,57]
[-28,74,2];[24,56,24]
[-40,19,-23];[82,48,33]
[-33,80,7];[24,56,21]
[-46,5,-21];[33,28,24]
[-17,74,-15];[51,83,35]
[-46,4,-22];[120,74,46]
[-12,96,1];[206,170,132]
[-43,9,-27];[65,37,27]
[-23,97,-5];[41,69,33]
[-45,8,-27];[132,85,57]
[-27,36,-1];[162,175,186]
[-37,32,-13];[132,89,49]
[-7,66,-27];[165,170,181]
[-45,7,-26];[131,83,57]
[-15,86,-3];[150,168,175]
[-46,8,-24];[66,40,24]
[-25,76,18];[123,89,49]
[-36,81,4];[51,87,41]
[8,8,3];[79,46,33]
[-21,77,-16];[41,40,16]
[-46,7,-23];[35,32,30]
[6,8,3];[71,40,27]
[3,0,0];[82,52,33]
[-38,4,-20];[60,33,18]
[-38,5,-22];[128,80,55]
[-38,9,-26];[74,44,33]
[-20,57,-15];[63,103,46]
[3,15,-8];[66,40,24]
[-20,73,-18];[107,85,41]
[-38,6,-24];[132,85,57]
[-23,101,-22];[41,60,33]
[-14,48,-2];[90,103,112]
[-39,7,-27];[132,85,57]
[-3,49,-29];[77,46,38]
[-38,6,-25];[132,81,57]
[-17,91,-11];[132,97,74]
[-12,103,1];[33,48,24]
[-39,8,-28];[132,84,57]
[-12,107,-13];[49,81,41]
[-40,9,-27];[90,52,33]
[-40,8,-27];[132,85,57]
[3,3,3];[90,56,33]
[1,0,-7];[134,87,60]
[-22,75,27];[189,154,41]
[-41,9,-27];[90,52,33]
[-37,1,-8];[54,30,18]
[-37,1,-10];[66,40,24]
[-37,1,-9];[66,40,24]
[-7,86,-9];[30,63,21]
[-9,75,-26];[30,60,21]
[-37,1,-7];[41,32,24]
[-39,21,-22];[90,53,35]
[-40,1,-6];[148,101,74]
[-34,25,-8];[99,65,33]
[-38,24,-20];[99,65,41]
[-14,98,-14];[24,44,16]
[-38,1,-7];[49,32,21]
[-11,77,2];[117,75,41]
[-26,36,-1];[150,167,181]
[8,1,-2];[120,73,46]
[-27,42,1];[178,192,203]
[-16,47,-16];[46,82,38]
[7,1,-1];[107,69,41]
[-4,77,-21];[66,101,49]
[6,1,-1];[66,40,24]
[1,2,2];[74,44,24]
[-16,83,-18];[33,16,8]
[2,1,1];[74,40,24]
[-13,47,-31];[41,36,74]
[3,1,1];[76,45,27]
[2,1,2];[79,49,30]
[1,1,2];[74,44,24]
[-46,5,-25];[41,36,33]
[-21,65,17];[71,37,27]
[-34,53,-9];[41,32,8]
[-26,33,-5];[132,151,165]
[-45,5,-13];[79,45,27]
[-1,21,3];[68,38,27]
[0,2,3];[148,93,57]
[0,0,3];[112,71,46]
[-25,69,-1];[71,38,21]
[-17,62,32];[82,73,74]
[-10,98,-9];[99,65,24]
[-3,51,-11];[57,97,41]
[-47,0,-15];[117,71,43]
[-7,86,-8];[82,49,27]
[-42,0,-5];[132,84,57]
[-22,63,26];[101,70,38]
[-39,0,-6];[132,85,57]
[-29,50,-7];[41,69,33]
[-37,25,-5];[148,105,57]
[-16,54,0];[84,95,107]
[-12,52,1];[43,81,29]
[-40,0,-6];[132,85,57]
[-43,0,-6];[132,85,57]
[-38,6,-26];[137,85,60]
[-41,6,-27];[90,54,35]
[-39,6,-27];[99,65,41]
[-4,13,0];[57,32,16]
[-39,7,-28];[41,36,33]
[-40,6,-27];[104,62,38]
[-23,59,28];[115,82,54]
[3,23,-7];[57,33,18]
[-38,31,-15];[137,90,46]
[5,0,-2];[93,56,35]
[-42,7,-27];[115,73,49]
[-44,5,-25];[107,69,41]
[-32,37,-7];[151,167,181]
[-42,6,-26];[82,48,33]
[-43,6,-26];[93,57,38]
[-46,5,-20];[33,32,24]
[-13,49,-2];[90,103,112]
[-43,6,-27];[104,63,43]
[-14,82,21];[104,90,87]
[-36,74,9];[175,186,195]
[-25,88,-4];[87,86,87]
[-44,6,-26];[115,73,49]
[-15,82,-21];[57,44,16]
[-9,76,0];[41,24,8]
[-38,3,-23];[41,36,24]
[-26,78,22];[49,81,123]
[-42,5,-24];[74,44,24]
[-42,4,-23];[76,46,27]
[-38,3,-22];[123,73,49]
[-30,66,20];[115,81,51]
[-40,5,-25];[82,49,29]
[-36,64,22];[24,24,49]
[-41,4,-23];[82,48,33]
[-42,5,-25];[84,52,30]
[-44,5,-24];[82,49,29]
[-45,5,-24];[90,52,33]
[-40,3,-22];[90,56,35]
[-42,3,-22];[79,49,30]
[-43,4,-23];[76,46,27]
[-45,4,-24];[115,73,49]
[-46,3,-22];[41,36,33]
[-5,25,-6];[148,105,57]
[6,27,-3];[126,83,43]
[-40,7,-28];[41,36,33]
[5,12,3];[107,65,41]
[-20,69,23];[84,49,27]
[-38,2,-21];[112,71,46]
[5,0,6];[104,66,43]
[-5,18,-4];[68,38,27]
[-17,88,-14];[43,77,35]
[-30,72,0];[30,56,21]
[-39,2,-21];[115,75,51]
[-16,66,23];[82,65,57]
[-40,2,-21];[110,67,46]
[-41,2,-21];[98,63,38]
[-15,106,2];[66,113,49]
[-27,51,1];[43,85,35]
[-31,20,-10];[120,78,35]
[-14,99,5];[126,93,27]
[-39,3,-21];[90,58,35]
[-9,51,-27];[74,24,24]
[-44,2,-21];[96,59,38]
[-17,65,32];[55,48,43]
[-45,2,-21];[90,53,35]
[-46,2,-21];[41,38,33]
[-38,13,-24];[68,36,27]
[-41,3,-19];[87,53,33]
[-6,83,-7];[101,60,30]
[-43,3,-19];[96,62,38]
[-38,1,-17];[120,74,46]
[-38,2,-20];[115,73,49]
[-15,109,-3];[82,125,57]
[-25,75,-12];[49,83,38]
[-39,2,-18];[107,65,41]
[-45,8,-15];[74,44,33]
[-4,55,-29];[90,52,33]
[-3,19,-8];[99,61,41]
[-8,97,-5];[165,134,82]
[-39,2,-19];[104,64,43]
[-26,70,12];[115,73,49]
[-17,104,-18];[41,60,33]
[6,0,-3];[123,77,49]
[-20,53,4];[66,110,49]
[-39,3,-20];[82,51,29]
[-41,2,-19];[90,56,33]
[-41,3,-20];[74,40,24]
[-42,3,-19];[93,57,38]
[-47,1,-16];[117,71,43]
[-47,3,-20];[123,77,49]
[-7,27,-3];[132,85,41]
[-45,1,-17];[98,61,38]
[39,29,9];[101,103,101]
[-43,0,-16];[109,71,43]
[-1,41,-23];[49,40,82]
[-26,71,-8];[24,52,16]
[-39,1,-17];[95,57,35]
[-34,94,-23];[49,77,33]
[-41,1,-17];[106,70,43]
[-17,64,29];[49,36,24]
[-42,1,-17];[115,71,46]
[-42,2,-18];[104,66,41]
[-43,1,-16];[99,65,41]
[-7,44,-10];[148,163,173]
[10,1,2];[115,74,46]
[-43,2,-18];[104,66,41]
[-8,87,-5];[41,74,33]
[-43,8,-27];[132,85,57]
[-32,42,-5];[156,172,186]
[-12,74,-27];[49,81,41]
[-44,2,-18];[107,69,41]
[-24,53,-12];[63,102,46]
[-45,1,-16];[90,56,33]
[-44,0,-10];[115,69,41]
[-45,3,-19];[109,68,46]
[-20,74,-16];[95,56,33]
[-10,96,-1];[198,158,115]
[-10,72,-17];[33,69,24]
[-46,1,-17];[99,60,41]
[-46,2,-18];[115,77,49]
[-38,0,-14];[90,56,33]
[-38,0,-16];[120,71,46]
[-26,79,15];[129,97,60]
[-40,0,-15];[104,66,43]
[-20,109,-14];[66,105,49]
[-40,0,-16];[93,56,38]
[-12,101,5];[139,105,30]
[44,28,12];[126,125,126]
[-41,0,-15];[109,67,46]
[-42,0,-15];[117,74,46]
[-44,0,-15];[109,70,46]
[-16,51,-13];[74,89,99]
[-45,0,-15];[107,69,41]
[-22,48,-10];[99,113,123]
[-37,0,-12];[109,62,40]
[-38,0,-12];[107,70,46]
[-33,75,13];[66,60,57]
[-14,100,2];[189,154,115]
[-39,0,-12];[120,78,51]
[-40,0,-12];[134,87,63]
[-41,0,-12];[134,89,60]
[-13,69,20];[181,146,107]
[-42,0,-12];[134,89,60]
[-28,76,-1];[30,57,21]
[-43,0,-13];[117,77,46]
[-18,102,-20];[33,56,24]
[-46,0,-12];[123,78,51]
[-46,0,-13];[110,71,46]
[-13,73,26];[140,101,66]
[-2,52,-3];[57,93,41]
[-46,0,-14];[132,85,57]
[-8,87,-17];[8,32,8]
[-37,0,-8];[132,85,57]
[-11,56,-26];[41,20,16]
[-37,0,-11];[123,77,49]
[-38,0,-11];[117,77,46]
[-39,0,-10];[117,79,51]
[-39,0,-11];[123,77,49]
[-2,36,4];[134,150,161]
[-40,0,-9];[129,86,54]
[2,0,-7];[117,74,46]
[-30,26,-17];[115,71,35]
[-42,0,-10];[123,85,57]
[2,12,-9];[74,44,33]
[-42,0,-11];[134,91,60]
[-44,0,-11];[120,75,51]
[-1,44,0];[173,190,198]
[-45,0,-11];[107,65,41]
[-24,85,-13];[63,102,46]
[-3,9,1];[66,36,24]
[-14,79,-19];[41,28,8]
[-27,68,9];[51,25,16]
[-38,0,-8];[112,73,43]
[-23,71,-17];[41,32,8]
[-19,42,-3];[140,154,165]
[-30,80,4];[24,60,24]
[-39,0,-7];[107,69,41]
[-27,66,-13];[16,24,33]
[-9,101,-9];[104,67,24]
[-38,26,-18];[90,52,33]
[-39,0,-8];[115,73,49]
[-41,0,-7];[109,71,46]
[-17,78,26];[43,74,115]
[-6,37,0];[132,148,162]
[-41,0,-9];[129,87,63]
[-10,50,1];[38,70,24]
[-42,0,-7];[109,68,46]
[-40,6,-9];[126,78,46]
[-42,0,-9];[129,82,54]
[-13,78,23];[82,73,74]
[-43,0,-7];[107,67,43]
[-43,0,-9];[129,82,54]
[-44,0,-7];[99,65,41]
[-45,0,-7];[129,82,54]
[-45,0,-8];[117,75,46]
[-45,0,-9];[107,65,41]
[-45,0,-10];[107,65,41]
[-16,90,-11];[132,97,74]
[-46,0,-9];[123,77,49]
[-7,26,-4];[129,87,41]
[-45,0,-12];[106,67,43]
[-46,0,-10];[117,75,46]
[-19,70,22];[66,40,24]
[-2,44,-25];[115,60,41]
[2,37,-23];[33,28,57]
[-3,29,1];[101,60,27]
[-2,47,-24];[98,52,43]
[-4,24,4];[132,89,49]
[-2,46,-25];[57,36,24]
[-20,101,-1];[104,67,24]
[-2,45,-25];[24,20,49]
[-33,53,-11];[156,134,66]
[-18,70,18];[65,42,24]
[-2,45,-23];[33,32,66]
[-2,47,-23];[107,52,41]
[-40,0,-13];[123,77,57]
[-28,104,-16];[49,73,33]
[-2,46,-23];[88,50,35]
[-29,49,-13];[41,32,8]
[-39,11,-13];[93,59,35]
[-1,42,-6];[156,172,186]
[-16,85,-16];[49,36,16]
[-6,44,-31];[93,54,33]
[-9,95,-7];[178,152,65]
[-1,39,3];[167,184,195]
[9,6,11];[145,94,71]
[4,8,5];[82,48,33]
[-13,69,21];[164,126,82]
[-14,69,21];[46,41,38]
[-12,67,31];[84,71,68]
[-1,22,-8];[87,50,33]
[-7,42,-28];[175,140,96]
[-31,83,5];[54,90,38]
[-6,42,-29];[134,98,54]
[-32,65,20];[104,71,43]
[-12,68,22];[178,142,101]
[-32,96,-19];[49,73,33]
[-13,65,21];[173,134,90]
[-3,0,-3];[120,81,49]
[-6,27,-4];[137,90,46]
[-9,51,-26];[74,24,24]
[4,21,-6];[63,33,24]
[-28,42,0];[173,190,198]
[-13,68,21];[181,138,99]
[-12,68,21];[175,139,101]
[-9,82,-1];[126,79,51]
[-20,67,19];[65,40,27]
[-2,48,-7];[137,152,165]
[-17,68,20];[66,40,24]
[-17,62,23];[41,36,33]
[-18,67,20];[41,36,16]
[-16,69,19];[73,40,29]
[-1,26,4];[71,40,21]
[-24,105,-7];[41,65,33]
[-39,26,-18];[87,50,33]
[-16,69,18];[49,36,24]
[-17,69,18];[107,52,41]
[-23,65,17];[33,81,115]
[-16,70,19];[90,52,33]
[-42,0,-6];[99,60,41]
[-18,70,19];[88,50,35]
[-17,70,20];[90,52,43]
[1,27,4];[66,32,16]
[-43,4,-7];[82,48,33]
[-47,5,-15];[66,40,30]
[-14,63,23];[173,134,112]
[1,44,-21];[62,62,63]
[-14,64,24];[189,156,129]
[-1,18,3];[71,41,30]
[-17,68,19];[49,40,33]
[-31,71,17];[66,60,57]
[-15,69,19];[57,36,24]
[-9,70,-2];[49,89,41]
[-14,67,22];[63,49,43]
[-16,65,23];[123,105,90]
[-36,54,27];[76,67,68]
[-15,68,20];[115,81,41]
[-14,68,21];[41,67,90]
[-11,73,2];[118,71,41]
[-12,68,23];[165,125,82]
[-12,84,-19];[24,28,41]
[-42,24,-13];[51,32,16]
[-13,67,22];[74,56,41]
[-34,95,-23];[49,77,33]
[-13,68,22];[57,52,49]
[-16,85,18];[132,117,115]
[-11,47,-32];[49,44,82]
[-13,68,20];[183,147,115]
[8,0,8];[134,91,60]
[-17,90,-4];[156,134,90]
[-17,45,-15];[49,89,41]
[-14,69,20];[173,134,82]
[-14,68,19];[181,138,99]
[-5,44,-25];[24,24,49]
[-40,0,-14];[112,73,43]
[-6,42,-28];[164,127,82]
[-1,47,-24];[99,56,41]
[0,25,5];[140,93,49]
[-28,80,18];[46,74,112]
[-33,77,17];[115,101,90]
[-13,49,-17];[57,97,41]
[-18,65,25];[57,36,24]
[-2,30,-6];[115,73,41]
[-20,71,19];[57,44,33]
[-17,65,24];[74,44,29]
[-9,63,-3];[82,52,33]
[-7,44,-25];[49,40,33]
[-40,11,-13];[104,67,41]
[-6,43,-25];[178,144,106]
[-5,42,-26];[173,134,82]
[-6,42,-26];[170,136,87]
[11,40,-15];[74,74,74]
[-29,36,-9];[156,170,181]
[-24,108,-13];[57,93,41]
[-17,64,24];[57,40,24]
[-20,70,17];[60,29,21]
[-17,64,23];[74,65,57]
[-18,64,24];[71,45,35]
[-9,50,-16];[43,75,35]
[-33,29,-12];[41,36,33]
[-20,87,-2];[30,57,21]
[-17,63,24];[156,121,66]
[-4,58,-23];[49,32,16]
[-3,46,-23];[66,40,24]
[-3,45,-22];[73,40,29]
[-4,15,1];[66,36,24]
[-3,45,-23];[107,52,41]
[-17,65,25];[71,45,27]
[-26,57,-14];[33,28,8]
[-33,21,-18];[68,38,27]
[-15,65,25];[62,40,21]
[-17,66,26];[82,52,33]
[-29,56,27];[41,32,24]
[-18,66,25];[99,56,41]
[-4,45,-22];[62,40,27]
[-15,66,23];[68,56,49]
[-6,43,-28];[33,28,57]
[-30,24,-6];[140,101,57]
[-12,109,-6];[74,125,57]
[-19,45,-9];[115,130,140]
[-7,44,-27];[33,28,66]
[-37,70,18];[16,24,33]
[-7,27,-4];[140,93,49]
[-8,44,-27];[173,134,90]
[-30,66,28];[132,36,57]
[-18,85,-19];[16,20,8]
[-7,44,-26];[181,142,107]
[-20,84,-16];[66,101,49]
[-3,41,-26];[167,128,84]
[-1,46,-5];[148,164,181]
[-35,29,-17];[156,109,57]
[-7,43,-27];[183,144,106]
[-4,44,-31];[79,46,35]
[-15,64,24];[134,98,54]
[-32,29,-16];[140,95,51]
[-6,44,-30];[66,40,33]
[-30,78,13];[71,60,54]
[-3,50,-7];[132,146,156]
[-4,44,-29];[74,48,27]
[-29,66,20];[123,93,57]
[-14,63,22];[181,138,99]
[-15,65,23];[118,99,85]
[-7,44,-29];[33,32,66]
[-8,44,-29];[24,24,49]
[-16,74,23];[137,105,65]
[-8,43,-29];[186,152,123]
[-3,55,-23];[82,44,24]
[-4,73,-22];[68,109,51]
[-6,43,-31];[99,56,41]
[-15,63,21];[165,125,107]
[-38,64,19];[71,64,63]
[-25,87,-10];[57,97,41]
[-4,44,-23];[115,81,41]
[-6,43,-30];[66,40,33]
[-8,77,-19];[27,54,18]
[-7,42,-29];[167,128,84]
[-6,86,-8];[90,56,33]
[-2,48,-23];[49,36,16]
[-4,43,-29];[79,46,32]
[-41,0,-11];[134,91,60]
[-13,74,29];[35,53,87]
[-2,45,-29];[79,49,27]
[-2,44,-30];[71,48,29]
[-31,38,-2];[150,167,181]
[-3,43,-30];[79,46,32]
[-37,8,-21];[63,37,21]
[-26,84,1];[51,85,35]
[-5,41,-28];[115,77,41]
[-2,43,-30];[82,48,41]
[-11,72,-26];[93,103,110]
[-1,48,-24];[88,52,38]
[-30,68,17];[95,44,35]
[-2,44,-26];[49,44,82]
[-36,40,-8];[90,77,41]
[-3,44,-25];[49,36,24]
[-37,14,-22];[68,41,27]
[-8,64,-3];[79,50,30]
[-33,85,-5];[57,93,41]
[-5,24,2];[131,88,46]
[-4,43,-27];[24,24,49]
[-22,69,-14];[57,48,16]
[-7,101,-5];[107,73,24]
[-47,1,-14];[49,28,16]
[-20,71,22];[204,204,204]
[-4,45,-24];[76,48,30]
[-46,15,-23];[79,46,33]
[13,1,5];[54,32,18]
[-4,46,-23];[74,44,24]
[-26,64,22];[35,13,8]
[-5,46,-23];[88,56,38]
[-30,87,-3];[66,113,49]
[-5,45,-31];[76,49,30]
[-2,42,-27];[68,41,27]
[6,0,5];[112,71,43]
[-6,42,-24];[181,150,115]
[-2,50,-26];[32,25,18]
[-2,48,-28];[74,52,33]
[-8,52,-28];[82,48,27]
[-24,67,-10];[46,81,38]
[-2,46,-29];[74,50,35]
[-3,46,-30];[90,56,49]
[-34,74,13];[60,49,46]
[-22,89,-3];[66,109,49]
[-6,45,-31];[49,36,24]
[-22,68,13];[49,40,33]
[0,27,4];[68,36,18]
[-5,47,-31];[82,48,33]
[-22,38,-3];[145,162,175]
[-3,47,-30];[74,48,38]
[-23,37,-6];[140,158,173]
[-3,48,-29];[90,56,41]
[-9,73,-16];[30,60,21]
[-4,50,-29];[49,22,16]
[-30,32,-1];[178,194,203]
[-3,53,-25];[60,30,21]
[-9,72,-26];[117,132,142]
[-3,47,-29];[66,44,33]
[20,38,-8];[105,105,105]
[-38,7,-26];[132,85,57]
[-3,52,-25];[57,44,33]
[-1,51,-25];[49,22,16]
[-2,51,-26];[49,22,16]
[-38,40,-9];[231,199,107]
[-25,98,-13];[33,52,24]
[-1,48,-25];[73,48,29]
[-14,69,31];[115,101,99]
[-35,78,2];[41,48,57]
[-1,45,-26];[71,45,29]
[0,10,3];[71,42,30]
[-1,47,-28];[82,48,35]
[-1,46,-29];[82,49,35]
[-4,29,-7];[150,103,60]
[-1,44,-27];[57,36,24]
[-1,46,-27];[68,46,35]
[-27,70,-8];[87,53,33]
[-1,45,-28];[82,49,38]
[-1,43,-28];[82,48,33]
[-2,43,-29];[66,44,33]
[-7,101,-14];[181,146,107]
[-29,78,-8];[35,64,27]
[-1,45,-29];[76,49,30]
[-1,44,-29];[85,53,35]
[-2,44,-29];[99,60,41]
[-21,78,-16];[24,24,33]
[-13,59,-15];[71,79,87]
[-7,48,-29];[49,32,24]
[-7,49,-29];[49,22,16]
[7,12,2];[99,65,41]
[-6,48,-30];[65,41,27]
[-5,50,-29];[49,22,16]
[-6,50,-29];[57,25,18]
[-34,28,-18];[123,79,35]
[-28,66,14];[49,28,16]
[-6,49,-29];[49,22,16]
[-5,51,-28];[35,32,21]
[-3,53,-26];[57,40,33]
[-4,53,-26];[57,44,33]
[-33,71,15];[66,60,57]
[-11,88,-19];[49,40,8]
[-37,80,5];[60,93,46]
[-23,75,-14];[115,71,38]
[-4,52,-27];[66,32,16]
[-30,73,3];[65,72,82]
[-6,51,-27];[33,28,16]
[-24,62,32];[101,92,90]
[-34,67,23];[41,73,112]
[-25,64,30];[43,71,115]
[-6,52,-27];[49,36,27]
[-11,76,25];[82,73,74]
[-13,68,23];[76,56,38]
[-1,43,-27];[57,36,24]
[-25,105,-18];[49,81,41]
[-3,43,-28];[68,43,29]
[13,2,6];[66,37,24]
[-9,48,-16];[49,85,41]
[-6,46,-28];[33,28,57]
[-36,21,-7];[123,97,33]
[-6,45,-30];[41,36,66]
[-10,94,-1];[189,154,115]
[-6,45,-29];[41,40,74]
[-26,81,14];[82,77,74]
[-16,85,-2];[140,154,165]
[-5,45,-28];[49,44,90]
[-39,27,-7];[145,99,54]
[-7,49,-26];[49,22,16]
[-26,35,-9];[145,164,178]
[-7,49,-27];[49,22,16]
[-27,66,12];[74,40,24]
[-7,48,-27];[66,44,33]
[-4,47,-25];[71,44,27]
[-2,50,-24];[49,22,16]
[-14,104,-16];[41,69,33]
[-15,71,3];[117,73,43]
[2,26,4];[214,199,82]
[-5,53,-26];[66,32,16]
[-7,85,-9];[33,60,24]
[-6,52,-26];[57,40,33]
[-3,50,-28];[49,22,16]
[-6,51,-26];[57,40,33]
[-27,75,1];[33,60,24]
[-28,28,-14];[117,75,35]
[-11,62,-27];[66,73,82]
[-14,45,-9];[117,132,142]
[-3,73,-21];[66,105,49]
[-6,51,-25];[51,32,16]
[-6,49,-25];[49,22,16]
[-28,71,19];[73,37,24]
[0,39,-24];[33,28,57]
[-6,50,-25];[51,32,21]
[-1,33,4];[132,146,165]
[-6,49,-26];[49,22,16]
[-4,46,-27];[71,45,30]
[-4,44,-28];[82,52,30]
[-4,43,-28];[99,56,33]
[1,35,5];[148,166,181]
[-4,51,-24];[41,24,16]
[-3,50,-23];[49,22,16]
[-3,49,-23];[46,34,27]
[-4,50,-24];[49,22,16]
[-14,74,-21];[33,60,24]
[-9,71,-16];[30,62,21]
[-8,87,-9];[90,56,33]
[-3,47,-23];[93,48,35]
[-3,48,-23];[60,40,33]
[-19,84,16];[115,101,99]
[-6,102,-5];[123,90,30]
[-4,48,-24];[76,46,35]
[-5,55,-12];[54,94,38]
[0,19,-8];[90,52,33]
[-23,64,26];[99,65,41]
[-20,89,0];[57,93,41]
[-5,48,-24];[76,46,35]
[-5,49,-25];[49,22,16]
[-15,67,23];[93,79,68]
[-19,94,-11];[49,77,33]
[-26,103,-10];[33,60,33]
[-11,63,-22];[107,121,132]
[-13,67,24];[134,98,54]
[-20,69,-18];[74,65,33]
[-20,64,24];[66,40,33]
[-46,3,-8];[66,40,24]
[-9,61,-22];[65,36,21]
[-23,68,1];[82,46,30]
[-17,63,23];[65,55,44]
[-16,63,23];[65,55,44]
[-38,2,-19];[120,73,49]
[-37,20,-22];[90,54,33]
[-22,72,-15];[66,56,24]
[-17,82,-18];[99,60,33]
[4,28,3];[115,73,33]
[-16,70,21];[73,45,29]
[-17,70,22];[57,36,24]
[-18,70,21];[73,44,29]
[-12,90,-3];[148,121,82]
[-30,67,17];[82,40,32]
[-35,21,-20];[79,45,30]
[-19,70,20];[90,56,35]
[-25,76,25];[74,65,66]
[-26,65,-15];[24,32,49]
[-20,70,20];[90,56,33]
[-16,63,22];[156,121,74]
[-15,63,22];[159,124,76]
[-19,69,18];[49,22,16]
[-26,83,1];[43,75,27]
[-19,68,18];[76,46,35]
[-21,96,-14];[24,44,24]
[-20,69,18];[49,22,16]
[-4,50,-27];[49,22,16]
[-21,68,17];[46,28,16]
[-23,69,17];[41,24,16]
[-24,66,15];[68,30,18]
[-21,70,17];[41,16,16]
[-13,72,-19];[33,60,24]
[-22,70,17];[49,22,11]
[-16,68,21];[76,46,30]
[-15,68,22];[43,37,33]
[-16,68,22];[82,48,33]
[-32,74,13];[57,32,24]
[-17,66,23];[74,48,27]
[-16,67,23];[66,40,24]
[-20,45,-9];[123,138,148]
[-17,67,21];[66,40,24]
[11,0,10];[117,73,46]
[-21,69,-16];[156,130,66]
[-24,73,14];[79,26,21]
[-24,66,20];[33,28,16]
[-25,51,1];[104,118,129]
[-36,23,-20];[93,57,35]
[-28,57,26];[123,89,57]
[-22,65,22];[68,41,27]
[-45,1,-7];[128,82,57]
[4,41,-21];[70,70,71]
[-7,50,-24];[66,28,24]
[-19,64,25];[57,34,27]
[-38,59,20];[99,85,82]
[-19,49,4];[41,77,33]
[-22,89,-4];[66,107,54]
[-13,68,24];[107,73,41]
[-30,29,-12];[99,56,24]
[-23,83,15];[90,77,74]
[-14,105,4];[186,151,60]
[-25,67,-12];[99,81,41]
[-17,70,23];[73,48,30]
[4,23,2];[68,38,27]
[-18,70,23];[66,44,33]
[-19,70,21];[57,36,24]
[-15,52,0];[90,99,109]
[-12,78,1];[90,56,33]
[-20,71,20];[90,56,33]
[-21,70,21];[66,40,24]
[-22,70,21];[49,40,33]
[-3,14,-7];[87,50,33]
[-21,70,-17];[255,255,165]
[-22,70,20];[49,37,27]
[-24,68,18];[41,24,16]
[-24,67,19];[41,24,16]
[-32,80,-6];[35,64,27]
[-23,68,16];[82,42,29]
[-9,75,26];[74,69,66]
[-24,68,20];[66,32,16]
[-24,68,21];[41,36,24]
[-28,57,27];[132,101,66]
[-26,66,22];[76,66,60]
[-24,69,21];[82,40,24]
[-28,60,25];[24,24,16]
[-23,69,21];[49,34,27]
[-14,66,25];[90,54,38]
[-18,67,25];[66,44,24]
[-20,67,17];[46,22,18]
[-11,55,-24];[90,48,32]
[-19,69,23];[99,56,41]
[-29,56,30];[76,72,73]
[-20,68,23];[74,48,41]
[-19,68,24];[73,49,33]
[-21,69,22];[82,56,33]
[-20,66,24];[82,52,33]
[-21,66,23];[82,44,33]
[-15,66,25];[57,36,16]
[-17,104,1];[134,99,35]
[-32,19,-12];[57,32,16]
[-22,71,19];[66,44,33]
[-23,70,20];[57,44,33]
[-7,51,-14];[87,99,112]
[-23,70,19];[49,37,27]
[-22,71,21];[49,22,16]
[-18,65,22];[76,41,27]
[-37,77,-1];[38,74,30]
[-36,2,-10];[68,41,27]
[-18,66,22];[76,46,27]
[-25,35,-5];[134,151,167]
[-4,46,-26];[66,40,24]
[-17,65,23];[90,52,41]
[-21,65,19];[49,22,16]
[-29,79,2];[27,54,18]
[-20,66,20];[73,45,30]
[-19,67,20];[57,40,24]
[-9,103,-4];[33,52,24]
[-26,40,1];[173,191,200]
[-20,66,19];[73,44,30]
[-18,67,21];[65,44,27]
[-22,66,1];[33,65,24]
[-18,66,21];[73,48,30]
[-19,65,21];[82,48,24]
[-19,66,20];[82,48,33]
[-19,67,19];[76,46,35]
[-20,70,18];[49,22,16]
[-15,69,22];[74,65,57]
[-16,69,22];[115,60,41]
[-16,70,22];[65,44,27]
[17,38,-8];[104,105,103]
[3,1,2];[87,53,33]
[-14,69,24];[68,41,27]
[-18,105,1];[49,81,41]
[-15,69,23];[38,82,115]
[-34,82,11];[198,186,181]
[-3,42,-23];[66,56,107]
[-22,65,17];[68,29,21]
[-47,2,-17];[74,40,24]
[-21,67,18];[49,22,16]
[-18,64,23];[68,42,33]
[-23,60,32];[33,32,41]
[-40,22,-10];[68,38,27]
[-36,26,-5];[57,36,16]
[-1,43,-7];[153,172,186]
[-24,72,13];[90,32,24]
[-29,66,17];[132,48,41]
[0,30,-4];[107,65,33]
[11,41,-15];[74,74,74]
[-43,2,-21];[99,60,41]
[-19,64,22];[71,45,33]
[-20,64,21];[65,40,29]
[-5,83,-6];[148,93,57]
[-39,94,-20];[57,93,41]
[-19,65,22];[79,46,30]
[-5,14,-5];[76,42,33]
[-32,48,-11];[24,28,41]
[-14,91,-12];[132,142,148]
[-19,64,24];[73,41,30]
[-20,64,22];[49,32,24]
[33,34,5];[188,189,188]
[-16,56,-13];[74,85,90]
[-4,41,-26];[173,142,115]
[-11,58,-16];[57,93,41]
[-4,41,-27];[82,55,33]
[-3,41,-27];[74,48,33]
[-4,43,-23];[165,125,82]
[-32,97,-24];[49,73,33]
[-16,62,22];[167,129,82]
[7,13,2];[90,52,33]
[-15,62,23];[178,144,106]
[-17,68,25];[99,65,41]
[-5,45,-23];[82,55,33]
[-17,69,24];[66,44,24]
[-3,17,-8];[90,53,33]
[20,36,-6];[115,115,115]
[-31,76,0];[27,56,18]
[-14,67,25];[68,43,29]
[-7,62,-21];[74,36,24]
[-16,68,25];[49,36,16]
[-15,67,24];[99,56,41]
[-34,73,2];[54,61,71]
[-16,69,25];[73,49,40]
[-20,94,-4];[123,91,30]
[-45,5,-9];[82,48,33]
[-15,69,25];[66,44,33]
[-28,59,30];[35,46,84]
[-16,68,24];[60,41,30]
[-34,98,-18];[41,69,33]
[-15,63,-14];[90,56,33]
[-14,67,24];[156,120,74]
[26,32,-2];[174,174,174]
[-15,68,25];[77,44,33]
[-2,42,-26];[68,42,29]
[-3,42,-25];[164,126,82]
[-14,65,24];[134,98,54]
[24,37,-4];[127,126,127]
[-13,65,24];[181,138,99]
[-18,76,-16];[33,36,49]
[-38,7,-25];[123,76,55]
[-13,65,23];[173,134,90]
[-19,67,-14];[33,65,24]
[7,1,13];[38,32,30]
[-13,65,22];[181,146,107]
[-6,43,-23];[41,36,33]
[-25,70,-13];[66,60,24]
[-31,20,-9];[148,105,57]
[-44,8,-27];[132,85,57]
[-43,3,-20];[74,44,24]
[-5,44,-23];[165,125,82]
[-14,75,24];[132,101,66]
[-5,42,-25];[173,134,90]
[-23,56,2];[49,83,35]
[-4,42,-26];[156,117,74]
[-22,105,-20];[49,77,33]
[-6,42,-25];[173,134,90]
[-39,13,-13];[79,49,33]
[7,25,0];[148,105,57]
[-22,70,18];[49,36,33]
[-14,65,21];[189,154,131]
[-8,75,-28];[57,97,49]
[-32,76,8];[120,135,145]
[-18,65,23];[82,48,35]
[-15,65,21];[165,125,74]
[-18,66,32];[60,49,49]
[-8,44,-28];[24,24,49]
[-14,65,20];[173,134,90]
[-29,80,-10];[41,69,33]
[-16,70,23];[57,36,24]
[-5,43,-25];[172,132,90]
[-4,43,-26];[24,24,49]
[2,26,-8];[107,65,33]
[-3,43,-25];[33,28,57]
[-42,0,-16];[123,77,49]
[2,47,-22];[49,40,82]
[-4,43,-25];[24,20,49]
[-32,46,-12];[255,223,107]
[-14,75,3];[101,60,33]
[-13,66,24];[99,69,33]
[-13,66,23];[167,128,84]
[-22,69,17];[41,24,16]
[24,38,-3];[118,118,118]
[-13,66,22];[181,138,99]
[-33,21,-9];[41,25,10]
[-6,26,2];[129,86,41]
[-14,66,22];[82,69,57]
[-14,67,23];[65,55,52]
[-14,66,23];[85,48,35]
[-33,25,-7];[71,40,21]
[-20,99,-2];[107,74,24]
[-24,70,21];[74,67,62]
[-31,24,-9];[74,44,24]
[-31,23,-10];[71,41,21]
[-31,22,-10];[71,38,21]
[-44,0,-13];[112,70,46]
[-12,63,1];[107,69,41]
[-32,22,-9];[74,44,24]
[11,0,12];[132,84,57]
[5,29,1];[148,101,57]
[0,45,-22];[49,40,82]
[-37,24,-7];[57,32,16]
[-38,24,-8];[51,28,13]
[-20,79,-16];[24,28,33]
[-37,28,-5];[140,93,49]
[-27,72,9];[63,30,21]
[-9,49,-14];[99,113,123]
[-38,27,-6];[51,29,13]
[-31,61,23];[74,48,33]
[-32,68,16];[107,60,41]
[-38,24,-7];[142,97,51]
[-39,26,-7];[142,99,51]
[-15,87,-4];[49,56,66]
[-26,68,-6];[38,22,13]
[-39,25,-8];[46,24,10]
[9,37,-16];[102,102,102]
[7,2,2];[99,65,41]
[3,50,-17];[33,28,57]
[9,1,2];[126,84,57]
[-1,28,-1];[107,69,41]
[-13,68,28];[71,63,62]
[-24,57,32];[66,57,54]
[8,1,2];[98,61,38]
[12,4,5];[68,41,27]
[8,2,0];[123,81,57]
[-46,3,-19];[117,78,54]
[6,2,3];[121,78,51]
[-4,72,-19];[38,74,29]
[-2,2,-5];[90,52,33]
[6,2,2];[104,66,41]
[-9,47,-30];[33,32,74]
[5,1,5];[109,67,46]
[-19,75,-16];[33,20,8]
[5,1,4];[115,71,46]
[-25,68,-4];[30,57,21]
[4,2,5];[90,52,33]
[-19,62,33];[74,69,66]
[-7,78,-1];[123,81,49]
[3,1,6];[82,48,33]
[4,3,1];[82,48,33]
[7,2,-1];[107,69,41]
[6,2,1];[107,69,41]
[-10,47,-32];[66,56,107]
[-24,97,-13];[33,48,24]
[5,2,0];[82,52,33]
[-28,97,-16];[41,60,33]
[4,2,4];[96,62,38]
[-21,75,28];[107,93,82]
[-34,26,-18];[79,48,33]
[-18,68,24];[79,49,27]
[4,2,2];[93,57,38]
[5,5,11];[82,48,33]
[3,2,5];[95,57,35]
[-5,100,-4];[120,87,27]
[-35,32,-13];[41,36,33]
[3,2,4];[104,62,38]
[2,2,5];[99,60,41]
[-16,59,-14];[74,81,90]
[2,3,3];[93,57,38]
[2,3,2];[82,52,33]
[-35,76,12];[93,79,76]
[-14,74,-22];[30,63,27]
[2,3,1];[79,45,30]
[-10,84,-22];[41,36,16]
[1,2,4];[126,78,54]
[-32,22,-8];[74,44,24]
[-28,71,8];[57,29,18]
[-33,22,-8];[74,44,24]
[-36,70,19];[33,56,99]
[-33,24,-6];[66,32,16]
[-17,80,2];[79,129,57]
[5,30,0];[41,24,8]
[3,29,2];[54,33,16]
[4,30,1];[117,73,38]
[4,29,1];[57,32,16]
[31,35,3];[175,176,175]
[-3,26,-8];[145,101,51]
[3,29,3];[101,59,33]
[1,39,-21];[115,105,189]
[2,2,7];[66,36,24]
[-28,74,3];[30,59,21]
[2,3,7];[71,41,30]
[-37,44,-9];[49,40,16]
[1,2,5];[115,65,41]
[-28,74,16];[93,81,82]
[0,4,4];[68,37,30]
[0,3,4];[62,34,27]
[-4,55,-30];[96,53,33]
[-20,42,0];[153,167,178]
[-33,20,-9];[41,24,16]
[-9,89,-10];[66,101,49]
[-31,21,-10];[66,36,18]
[-24,99,-22];[41,60,33]
[-37,8,-16];[62,36,27]
[-18,45,-16];[49,86,38]
[-32,21,-9];[68,38,18]
[-9,62,-3];[8,32,8]
[-36,22,-21];[90,56,33]
[-19,47,-15];[46,82,38]
[0,0,-6];[132,85,57]
[-13,107,-13];[49,81,41]
[-1,3,1];[71,41,30]
[-1,4,2];[66,36,24]
[10,1,1];[51,32,18]
[-15,78,-18];[60,99,43]
[8,2,-2];[120,72,44]
[9,1,0];[115,77,49]
[-33,49,-11];[189,154,82]
[7,15,-2];[71,42,30]
[6,28,-1];[142,98,51]
[-32,71,16];[66,60,57]
[8,1,-1];[123,77,49]
[-7,28,-1];[120,78,38]
[8,0,10];[132,89,57]
[-35,59,25];[29,43,77]
[-36,57,25];[74,65,66]
[11,0,3];[123,81,49]
[-1,29,-3];[115,65,33]
[12,1,4];[60,34,21]
[-26,57,-4];[57,98,41]
[11,0,2];[41,36,33]
[-38,23,-8];[41,25,13]
[-12,51,1];[46,78,30]
[-40,23,-9];[57,28,16]
[-38,23,-7];[43,25,10]
[-4,61,-22];[76,38,27]
[-29,66,16];[173,60,49]
[-27,83,2];[43,77,33]
[-16,85,-17];[107,81,41]
[-26,53,0];[43,81,35]
[2,19,-8];[68,38,27]
[-39,24,-8];[46,24,10]
[-34,68,17];[156,130,90]
[-18,57,-13];[74,85,90]
[3,27,2];[57,36,16]
[40,31,11];[122,120,120]
[-26,87,-6];[54,94,38]
[-37,13,-13];[71,42,30]
[-7,99,-3];[101,68,24]
[-25,88,-7];[57,97,41]
[-17,66,-15];[51,83,38]
[10,6,3];[74,45,30]
[-24,69,22];[74,65,62]
[-26,88,-6];[54,94,38]
[-26,88,-7];[57,97,41]
[-36,76,8];[132,142,148]
[3,5,-7];[71,42,30]
[-32,21,-17];[63,34,21]
[-6,46,-31];[90,48,33]
[-4,10,-4];[68,38,27]
[-32,77,-4];[27,54,18]
[-25,106,-12];[49,73,33]
[-9,83,-4];[54,90,38]
[-33,75,-2];[33,60,24]
[-34,22,-19];[74,44,33]
[-32,75,-2];[27,54,18]
[-32,74,-2];[30,62,21]
[-33,74,-2];[33,65,24]
[-34,76,-3];[33,69,24]
[-33,76,-3];[33,60,24]
[14,39,-13];[90,90,90]
[-3,52,-10];[51,89,35]
[-32,78,-5];[30,57,21]
[-10,85,-21];[57,93,41]
[-36,24,-20];[99,60,41]
[-7,60,-11];[60,97,43]
[-35,33,-13];[41,36,33]
[-11,80,-23];[43,75,30]
[-8,103,-5];[49,73,33]
[-10,83,-22];[49,81,33]
[-19,75,21];[98,71,43]
[-15,89,-4];[173,142,99]
[-10,82,-23];[46,85,38]
[-10,77,-23];[30,57,21]
[-10,80,-24];[41,77,33]
[-20,75,-18];[33,36,49]
[-8,70,-20];[74,89,99]
[-18,73,23];[90,60,33]
[-11,82,-23];[43,73,33]
[-33,54,-9];[33,32,8]
[-12,80,-23];[43,79,35]
[-47,13,-17];[66,36,24]
[-31,72,12];[88,49,35]
[-12,79,-24];[49,83,35]
[-22,82,21];[82,65,66]
[-12,79,-23];[41,77,33]
[-25,78,-2];[33,65,24]
[-45,17,-15];[54,30,16]
[-39,16,-25];[93,57,35]
[-24,77,-1];[33,60,24]
[-25,77,-2];[33,65,24]
[-8,45,-28];[33,28,57]
[-25,76,-2];[29,60,27]
[-26,76,-3];[27,56,21]
[12,0,9];[107,65,43]
[-19,64,27];[49,36,33]
[-24,73,-1];[24,56,24]
[-38,16,-11];[101,63,38]
[-6,33,-1];[145,163,178]
[-30,74,15];[66,60,49]
[-19,50,-15];[57,93,41]
[-19,74,-16];[33,20,8]
[-22,71,0];[33,65,24]
[-17,57,3];[63,102,46]
[-24,71,-1];[49,28,24]
[-24,72,-2];[33,60,24]
[-25,72,-3];[27,56,18]
[-24,71,-2];[29,65,21]
[-34,70,6];[115,130,140]
[-4,60,-29];[132,81,57]
[-12,58,1];[57,93,41]
[-15,70,2];[33,20,8]
[-23,66,14];[62,28,18]
[-36,80,4];[51,87,41]
[-20,48,-15];[49,79,35]
[3,30,2];[107,69,33]
[-19,71,2];[18,46,18]
[-28,98,-24];[49,77,33]
[-38,10,-23];[60,36,21]
[-20,71,2];[46,82,38]
[-9,47,-15];[46,81,33]
[-20,75,28];[123,109,107]
[-20,72,1];[46,78,33]
[-18,53,4];[54,94,41]
[-16,76,-19];[66,52,24]
[-21,71,2];[82,52,24]
[-2,49,-27];[74,48,33]
[-22,72,1];[49,28,24]
[-23,71,0];[29,61,21]
[-26,69,13];[41,24,16]
[-9,85,-5];[38,74,29]
[-20,42,-1];[145,164,178]
[11,1,2];[57,32,16]
[-22,46,-15];[49,83,35]
[-24,49,-13];[46,85,38]
[1,0,1];[99,60,41]
[-10,78,-19];[35,63,24]
[-24,48,-13];[51,83,35]
[-4,29,0];[95,56,27]
[-24,46,-14];[51,87,38]
[-20,58,33];[82,77,74]
[2,25,4];[90,54,30]
[-24,45,-14];[38,66,30]
[-27,52,-11];[46,85,38]
[-22,56,2];[51,87,35]
[-22,95,-6];[49,77,33]
[-33,32,-4];[156,170,181]
[-26,54,-9];[46,83,38]
[-27,54,-8];[43,79,35]
[-11,59,0];[63,109,46]
[-27,53,-8];[49,81,33]
[-5,103,2];[150,118,38]
[11,4,4];[54,32,21]
[-27,53,-9];[41,73,24]
[-27,72,-10];[109,67,38]
[-18,63,32];[79,70,68]
[-32,76,7];[107,121,132]
[-5,44,-31];[74,48,33]
[-27,52,-9];[46,77,30]
[-32,86,-5];[57,101,41]
[-23,63,-13];[33,36,57]
[-30,83,-8];[33,65,24]
[-31,81,-7];[38,70,30]
[-6,53,-23];[71,34,21]
[-10,73,0];[46,79,35]
[-31,80,-7];[33,65,24]
[-3,32,3];[120,139,153]
[-22,39,-7];[142,159,173]
[-31,85,-7];[54,90,41]
[-31,85,-6];[51,93,43]
[-32,83,-7];[41,73,33]
[33,32,3];[140,141,140]
[-28,88,-3];[60,97,43]
[-8,75,-1];[32,64,21]
[-25,73,14];[71,29,21]
[-12,88,-15];[57,97,41]
[-26,86,0];[60,95,43]
[-37,2,-10];[71,42,30]
[-5,102,-4];[140,105,33]
[-26,85,1];[51,91,35]
[-6,23,1];[66,32,16]
[-29,88,-3];[68,111,51]
[3,29,-6];[115,77,41]
[-29,87,-3];[74,117,57]
[-31,86,-4];[63,105,46]
[-32,86,-4];[49,89,41]
[-29,88,-2];[66,113,49]
[-11,47,-30];[74,65,123]
[-28,30,-10];[137,155,170]
[-27,87,-1];[60,101,43]
[-29,87,-2];[71,118,54]
[-26,87,0];[63,102,46]
[-31,49,-10];[24,28,41]
[-38,64,17];[123,109,107]
[-39,29,-15];[123,81,41]
[-30,53,31];[74,69,66]
[-3,45,-30];[66,44,24]
[-27,86,0];[63,106,46]
[-27,86,1];[60,97,43]
[-37,60,23];[66,60,57]
[-28,86,0];[66,109,49]
[-11,72,0];[66,105,49]
[-9,73,-1];[43,77,35]
[-22,72,15];[74,36,24]
[-10,72,0];[46,81,38]
[-11,76,28];[120,106,104]
[-8,44,-15];[33,69,33]
[-11,68,0];[74,121,57]
[-27,76,1];[27,54,18]
[-12,69,1];[66,107,49]
[3,37,-23];[41,32,66]
[-13,49,2];[43,79,33]
[-12,68,1];[71,114,54]
[-9,68,-1];[60,103,43]
[42,29,12];[85,85,85]
[15,40,-10];[114,114,114]
[-41,7,-28];[41,36,33]
[-11,70,-1];[57,97,41]
[-11,68,-27];[156,170,181]
[-33,22,-18];[71,41,30]
[-9,71,-1];[46,79,38]
[0,0,-5];[115,73,49]
[-11,73,1];[33,20,8]
[-38,4,-24];[41,36,33]
[-10,74,0];[33,20,8]
[-38,73,15];[95,87,87]
[-11,74,1];[49,28,16]
[-24,81,0];[41,73,33]
[-24,81,1];[43,79,35]
[-24,63,-14];[107,89,41]
[5,16,2];[96,57,38]
[-22,83,0];[57,97,41]
[-9,53,-28];[74,40,24]
[-22,82,0];[57,97,41]
[-22,81,1];[60,97,46]
[-4,70,-20];[19,44,13]
[-21,82,0];[71,110,54]
[-20,83,0];[63,102,46]
[-17,45,-7];[115,130,140]
[-20,81,1];[71,115,54]
[-35,70,20];[41,64,104]
[-21,81,1];[66,109,49]
[-19,83,0];[63,102,46]
[-9,50,-14];[99,109,123]
[-19,81,1];[66,109,49]
[36,33,7];[188,188,187]
[-18,83,1];[60,101,43]
[-27,87,-3];[8,32,8]
[-27,87,-2];[57,93,41]
[-23,87,-2];[33,65,24]
[-26,87,-3];[54,89,46]
[-24,69,11];[98,37,27]
[-20,72,-13];[49,82,35]
[-25,87,-2];[54,86,38]
[-6,63,-22];[49,28,16]
[-27,74,1];[27,54,18]
[-24,87,-2];[54,90,41]
[-3,9,-6];[90,56,38]
[1,39,-25];[33,32,66]
[-26,102,-10];[33,60,33]
[-22,86,-1];[33,65,24]
[-21,85,-1];[27,60,18]
[-20,84,0];[54,93,38]
[-17,53,-17];[57,98,43]
[9,2,0];[63,37,24]
[0,40,-24];[33,28,57]
[-21,85,0];[29,63,21]
[-15,69,2];[49,87,35]
[-21,84,0];[57,93,41]
[-5,44,-29];[57,40,24]
[-22,85,-1];[32,64,21]
[-22,87,-2];[29,60,21]
[-3,6,-4];[71,41,30]
[-22,88,-3];[27,60,18]
[-22,42,-9];[148,162,173]
[-14,76,-19];[16,24,33]
[-21,86,-2];[30,62,21]
[-28,78,22];[181,170,165]
[-23,76,1];[46,81,38]
[-23,77,1];[38,69,27]
[-31,25,-8];[71,40,21]
[-43,4,-6];[79,45,33]
[-22,77,2];[41,73,33]
[-21,77,2];[57,97,41]
[-29,80,17];[41,65,107]
[-21,79,1];[57,93,41]
[-19,77,2];[63,105,46]
[-19,77,3];[63,105,46]
[-20,78,1];[63,102,46]
[-19,79,1];[71,113,54]
[-6,79,-4];[33,20,8]
[-18,77,2];[60,102,43]
[-13,87,-18];[107,85,41]
[-23,107,-8];[57,93,41]
[-5,77,-24];[57,93,41]
[-3,11,2];[57,32,24]
[-7,46,-12];[123,138,148]
[5,2,3];[107,69,41]
[-5,77,-23];[49,85,33]
[7,8,1];[71,41,30]
[-40,0,-8];[120,79,51]
[-23,70,13];[49,20,8]
[-4,78,-22];[51,89,35]
[-13,81,-19];[33,16,8]
[-13,97,2];[107,105,107]
[-8,79,-25];[51,87,35]
[1,1,5];[120,70,46]
[-8,78,-25];[54,86,38]
[-5,19,-2];[66,37,24]
[-35,33,-5];[150,168,181]
[-9,78,-25];[51,89,35]
[-8,78,-26];[51,87,35]
[-4,8,-3];[79,46,33]
[-9,78,-26];[54,93,38]
[-14,68,24];[115,69,49]
[-11,78,-25];[43,77,33]
[-3,50,-26];[49,22,16]
[-4,51,-28];[66,32,16]
[-13,77,2];[49,28,16]
[4,20,-6];[63,34,21]
[-17,59,31];[41,81,115]
[-14,78,2];[63,109,46]
[-12,109,-4];[82,134,57]
[-14,77,2];[82,48,24]
[-5,81,-21];[51,89,35]
[-35,24,-8];[123,138,148]
[-7,65,-7];[18,42,13]
[-4,82,-20];[60,99,46]
[-5,82,-22];[63,102,46]
[-8,59,-7];[74,83,93]
[-3,29,4];[115,74,38]
[-5,81,-22];[60,97,43]
[-6,82,-23];[66,101,49]
[-7,82,-22];[54,94,41]
[-9,93,-4];[181,146,99]
[-27,74,-8];[33,60,24]
[-6,83,-22];[63,102,46]
[-7,83,-22];[57,93,41]
[-29,34,-1];[175,193,200]
[-8,79,-24];[51,87,35]
[-22,97,-3];[156,125,82]
[1,34,4];[112,135,153]
[-41,6,-26];[74,44,24]
[-9,81,-23];[51,87,35]
[-13,72,2];[66,36,16]
[-8,66,-2];[38,71,29]
[-8,67,-2];[66,105,57]
[-9,67,-2];[71,110,54]
[-20,69,25];[71,64,60]
[-8,67,-3];[66,105,49]
[-24,76,0];[38,66,30]
[-9,68,-2];[66,109,49]
[-35,62,25];[38,49,87]
[-6,29,1];[101,60,30]
[-14,81,1];[54,94,41]
[-6,55,-7];[96,107,115]
[-15,79,2];[76,123,54]
[-33,51,-11];[24,32,49]
[-37,58,20];[74,56,57]
[-38,5,-25];[132,85,57]
[-16,79,2];[82,130,57]
[-16,78,2];[66,113,49]
[30,34,3];[140,140,140]
[-21,109,-7];[57,97,49]
[-25,68,-2];[41,24,8]
[-18,82,-18];[33,28,0]
[-15,44,-16];[41,69,24]
[-14,80,1];[54,94,41]
[-2,29,-2];[41,36,33]
[-14,79,1];[57,93,41]
[-25,54,-9];[82,97,107]
[-15,77,2];[68,109,51]
[-14,67,2];[54,93,46]
[-7,82,-3];[123,77,49]
[-1,34,-4];[165,182,189]
[-26,43,1];[173,186,198]
[3,9,-9];[79,46,33]
[-46,1,-16];[99,60,41]
[-22,84,0];[51,87,35]
[-25,71,11];[63,30,21]
[-15,68,1];[60,102,43]
[0,30,-6];[115,65,33]
[-16,68,2];[60,101,46]
[-17,68,2];[57,97,41]
[-20,98,0];[41,36,33]
[-17,70,2];[21,41,16]
[6,27,-1];[148,105,57]
[-41,19,-11];[74,44,33]
[-34,74,1];[54,63,71]
[-10,68,-14];[30,62,21]
[-7,67,-10];[33,69,24]
[-13,70,27];[73,57,49]
[-7,68,-8];[33,66,21]
[-6,68,-5];[57,93,41]
[-7,42,-30];[181,142,107]
[-21,84,19];[129,114,112]
[-19,48,-16];[49,79,35]
[-8,71,-1];[43,77,35]
[-8,70,-2];[46,81,38]
[-7,49,-28];[49,22,16]
[-7,70,-4];[38,70,27]
[-8,71,-3];[49,81,41]
[9,0,3];[107,69,41]
[-39,90,-20];[49,77,33]
[-12,85,-22];[33,40,57]
[-8,70,-3];[49,81,41]
[-39,31,-9];[117,75,35]
[-18,45,-3];[123,138,148]
[-8,71,-2];[51,85,38]
[-8,73,-1];[46,81,38]
[-15,45,-16];[46,83,35]
[-7,73,-2];[46,82,35]
[-8,72,-2];[46,81,35]
[-38,43,-9];[57,48,16]
[-6,73,-11];[27,54,18]
[-8,73,-2];[43,81,35]
[-15,68,24];[88,50,30]
[1,29,4];[118,77,41]
[-33,94,-22];[41,69,33]
[-9,75,0];[33,20,8]
[-8,49,-13];[104,115,123]
[-9,74,-1];[46,81,35]
[-17,70,-16];[41,36,16]
[-22,70,2];[71,42,24]
[-10,75,0];[33,20,8]
[-16,75,-17];[8,8,8]
[-27,79,21];[112,98,93]
[-18,75,-16];[33,36,49]
[-7,61,-4];[57,89,41]
[-16,75,-16];[24,32,41]
[-13,100,-14];[33,52,24]
[-19,88,-2];[33,67,30]
[-28,51,-9];[41,73,33]
[-17,74,-16];[41,36,16]
[-39,29,-14];[73,40,18]
[-18,75,-15];[24,16,0]
[-31,45,-11];[66,52,24]
[-18,74,-15];[16,8,0]
[-19,75,-15];[66,56,24]
[-19,73,-14];[51,83,41]
[-20,99,-3];[104,67,24]
[-20,73,-13];[51,81,35]
[35,32,6];[129,129,129]
[-7,97,-5];[49,36,24]
[-44,19,-14];[74,44,33]
[-4,53,-7];[107,121,132]
[-20,76,-15];[24,32,49]
[-20,74,-14];[33,36,49]
[1,41,-21];[33,28,57]
[-21,76,-14];[57,91,43]
[-40,4,-24];[99,60,41]
[-22,75,-13];[49,85,41]
[-23,40,-9];[153,168,181]
[-22,69,15];[71,32,27]
[-39,20,-23];[66,44,33]
[-14,67,21];[167,132,90]
[-22,76,-14];[115,69,41]
[-26,67,-7];[38,68,24]
[-25,76,-12];[54,93,41]
[-29,78,-10];[41,73,33]
[-42,24,-12];[49,32,16]
[-8,49,-1];[140,154,165]
[-29,78,-9];[35,64,21]
[-27,61,-12];[33,36,57]
[6,24,-3];[46,26,16]
[6,25,-3];[93,52,21]
[-26,59,-4];[54,90,38]
[-29,77,-8];[33,65,24]
[9,5,12];[99,60,33]
[-6,61,-30];[109,61,41]
[-28,77,-7];[35,64,27]
[-34,50,-9];[24,24,33]
[-32,82,-7];[38,69,24]
[-18,46,-16];[46,78,33]
[-28,99,-15];[33,56,24]
[-33,80,-6];[33,67,24]
[28,32,0];[148,148,148]
[-33,79,-5];[35,66,27]
[-16,44,-15];[16,44,8]
[-28,53,-2];[60,97,41]
[6,26,-3];[132,89,49]
[-34,82,-4];[49,81,33]
[-18,106,0];[66,101,49]
[-33,84,-5];[41,77,33]
[7,6,-2];[62,36,27]
[-33,82,-4];[43,77,30]
[-20,68,-17];[123,101,49]
[-28,28,-10];[137,159,170]
[-33,82,-7];[41,75,33]
[-34,81,-4];[38,73,30]
[-34,80,-4];[33,65,24]
[-33,81,-6];[35,69,27]
[-33,83,-2];[49,85,33]
[-36,57,26];[74,65,66]
[-31,54,-10];[90,73,33]
[-34,83,-2];[46,82,33]
[-5,84,-12];[49,81,41]
[9,0,6];[115,71,46]
[-33,82,-2];[46,77,33]
[-16,101,0];[41,69,33]
[-33,82,-3];[43,77,33]
[-29,54,31];[76,67,66]
[-33,83,-4];[46,81,33]
[-34,83,-1];[51,87,35]
[-35,79,-1];[43,81,35]
[-35,44,-10];[222,178,82]
[-42,25,-14];[57,32,16]
[-28,60,-14];[33,36,49]
[-38,12,-23];[49,28,16]
[-36,79,-1];[46,83,38]
[-23,63,-16];[24,32,49]
[-36,78,-2];[33,65,24]
[-10,105,4];[115,85,27]
[-21,76,-15];[33,36,49]
[-5,53,-25];[71,33,21]
[-36,78,-1];[43,77,35]
[-10,47,-16];[46,82,33]
[-42,24,-15];[66,38,24]
[-37,76,0];[46,83,38]
[-38,61,22];[66,57,54]
[-8,87,-10];[90,56,33]
[-21,69,2];[74,42,24]
[0,39,2];[178,193,203]
[-26,79,0];[24,52,16]
[-22,41,-9];[148,164,175]
[-25,79,1];[33,61,24]
[-26,80,2];[33,63,24]
[5,30,-4];[123,81,41]
[-26,81,1];[33,65,24]
[-24,87,-12];[54,93,43]
[-26,82,3];[33,67,24]
[-1,5,-6];[87,50,33]
[-25,82,2];[35,70,27]
[-6,74,-9];[27,56,18]
[-34,82,1];[49,85,33]
[-7,43,2];[150,168,183]
[-27,82,3];[46,77,30]
[-26,81,3];[35,69,27]
[-27,83,3];[43,78,33]
[-30,82,-8];[24,48,16]
[-30,82,-9];[46,83,38]
[-28,64,-13];[24,32,41]
[-2,1,-1];[132,81,57]
[-18,72,-16];[24,32,49]
[-29,79,-8];[33,63,24]
[-15,75,-19];[24,24,33]
[-18,55,-16];[60,95,43]
[-4,53,-25];[57,40,33]
[-34,81,-2];[43,75,30]
[-15,100,3];[107,69,24]
[-30,80,-8];[18,46,18]
[-32,72,-1];[8,36,8]
[-31,74,21];[49,78,120]
[-38,18,-23];[82,46,33]
[-31,73,-1];[33,60,24]
[-32,61,22];[112,78,46]
[-30,74,-2];[27,56,18]
[-22,50,2];[107,121,132]
[-31,74,-2];[16,45,13]
[-38,6,-22];[71,41,30]
[-31,77,-4];[27,54,18]
[-30,76,-3];[24,48,16]
[-30,78,-5];[16,40,8]
[-12,48,-17];[51,87,35]
[-23,101,-23];[41,60,33]
[-30,31,-14];[120,78,41]
[-43,22,-16];[66,38,24]
[-29,79,-6];[27,54,21]
[-28,77,-5];[33,60,24]
[-19,63,1];[51,94,41]
[-29,82,6];[66,105,49]
[-28,78,-5];[27,53,18]
[-29,78,-7];[33,60,24]
[-15,83,0];[30,63,21]
[-17,84,0];[54,93,38]
[-17,85,-1];[43,75,30]
[-29,61,-13];[41,52,82]
[-18,45,-4];[123,138,148]
[-18,84,0];[51,91,41]
[-23,68,-17];[99,85,41]
[-24,58,-13];[115,97,49]
[-19,85,-1];[35,73,27]
[6,42,-18];[57,58,58]
[5,29,-5];[123,81,41]
[-22,79,-14];[54,94,43]
[-28,82,13];[90,81,82]
[-14,66,-15];[43,77,35]
[-13,67,-15];[41,73,33]
[-34,63,25];[41,56,99]
[-31,85,0];[63,102,46]
[-26,106,-13];[41,60,33]
[-15,67,-15];[51,83,41]
[-22,56,30];[51,42,43]
[-11,67,-15];[33,66,24]
[-2,14,-8];[87,50,33]
[-12,67,-15];[33,65,24]
[-26,75,-11];[51,87,38]
[-15,86,-17];[206,166,82]
[-14,68,-15];[43,75,35]
[-25,101,-10];[33,56,24]
[-5,76,-9];[46,78,35]
[-18,54,4];[60,95,43]
[-5,75,-9];[35,63,27]
[-6,75,-9];[35,63,27]
[-13,72,-17];[35,67,27]
[-14,71,-16];[35,67,27]
[-12,70,-16];[35,64,27]
[-13,70,-15];[33,65,24]
[-7,70,-12];[32,68,21]
[-25,97,-20];[33,60,33]
[-35,58,22];[65,60,57]
[-12,71,-16];[38,68,30]
[-6,78,-5];[57,97,49]
[-19,83,1];[66,105,49]
[-13,70,-16];[38,73,30]
[-10,49,-13];[99,111,120]
[-12,69,-15];[38,70,30]
[3,3,8];[68,41,27]
[-27,73,11];[66,36,24]
[-14,90,-11];[132,97,74]
[-35,75,1];[49,56,66]
[-15,81,1];[49,85,33]
[-36,49,-9];[41,36,16]
[-16,83,0];[54,93,38]
[-18,83,0];[60,98,43]
[-23,69,16];[76,40,27]
[-9,102,-12];[41,69,33]
[-17,81,1];[74,123,57]
[-18,81,1];[74,121,57]
[-16,80,1];[68,111,51]
[24,36,-2];[127,127,127]
[-17,82,1];[66,107,49]
[-10,77,26];[99,87,87]
[-18,82,1];[68,111,51]
[-21,63,32];[79,72,73]
[-7,64,-8];[140,97,57]
[-18,81,2];[74,113,57]
[-10,88,-11];[24,56,24]
[-22,108,-6];[57,93,41]
[-35,69,10];[165,174,181]
[-27,74,-6];[33,65,24]
[24,35,-2];[136,136,136]
[-28,74,-7];[33,63,24]
[1,4,-7];[76,45,33]
[-27,72,-8];[49,32,24]
[-14,102,3];[112,79,27]
[-32,24,-5];[173,125,74]
[-22,71,-11];[49,85,41]
[-37,7,-19];[74,44,33]
[-22,70,-11];[43,77,35]
[-5,83,-21];[63,102,46]
[19,37,-6];[107,107,107]
[-18,69,-13];[46,82,38]
[-2,52,-23];[71,34,24]
[9,1,1];[109,69,43]
[-19,69,-13];[46,79,38]
[-14,92,-19];[24,20,0]
[-29,72,17];[66,56,57]
[-16,69,-14];[51,85,38]
[-11,71,28];[90,60,41]
[-3,52,-1];[35,71,27]
[-4,52,-1];[68,111,51]
[-13,78,2];[44,38,32]
[-21,71,19];[57,24,16]
[-4,52,-2];[66,109,49]
[-35,63,23];[41,52,90]
[-3,52,-2];[66,105,49]
[-4,53,-1];[66,113,49]
[8,9,-2];[57,32,24]
[-4,53,-3];[63,103,46]
[-11,46,-15];[54,91,38]
[-3,53,-4];[57,97,41]
[-4,53,-2];[66,109,49]
[-21,88,-11];[35,70,27]
[-27,57,-6];[46,85,38]
[-13,90,-4];[107,85,57]
[-4,54,-3];[51,91,35]
[-37,12,-20];[63,33,21]
[-4,54,-4];[51,89,35]
[-5,53,-2];[60,99,43]
[-5,55,-4];[60,99,43]
[-5,55,-5];[63,101,46]
[-17,99,-17];[33,60,33]
[-19,77,-17];[74,60,41]
[-6,57,-11];[57,98,43]
[-14,54,2];[49,85,33]
[-14,53,2];[33,69,24]
[-11,52,0];[35,71,27]
[-12,52,0];[46,79,30]
[-12,92,-4];[33,16,8]
[-13,51,1];[43,81,35]
[-27,51,-2];[99,113,123]
[-11,52,1];[38,74,30]
[-13,101,4];[104,70,24]
[-6,25,-5];[132,85,41]
[-10,53,0];[38,73,30]
[-4,28,3];[134,90,49]
[-22,99,-3];[181,150,115]
[-6,55,-2];[60,97,43]
[-31,21,-15];[57,32,16]
[-2,0,-1];[123,77,49]
[-20,58,2];[54,97,43]
[-20,59,3];[68,109,46]
[-6,44,-27];[24,24,49]
[-8,65,-5];[21,48,21]
[-20,59,2];[66,105,49]
[-25,59,-2];[63,105,46]
[-20,58,3];[54,97,41]
[-30,59,-11];[24,24,33]
[-25,67,21];[82,40,24]
[-20,81,-16];[57,93,41]
[-17,59,3];[63,102,46]
[-15,58,2];[46,89,38]
[-10,99,-9];[107,69,24]
[-14,58,2];[49,87,35]
[-25,62,-16];[82,73,33]
[-14,57,2];[51,89,35]
[-11,88,-16];[96,58,38]
[-13,56,2];[46,86,38]
[5,0,10];[117,77,46]
[-14,55,2];[57,102,41]
[17,40,-9];[107,107,107]
[1,29,2];[132,85,49]
[-13,54,1];[49,89,41]
[-9,78,-20];[24,56,24]
[-12,54,0];[46,85,38]
[-21,80,23];[16,32,57]
[-13,53,1];[43,79,33]
[-2,43,-26];[57,52,123]
[-11,54,0];[43,77,30]
[-12,54,1];[82,83,82]
[-10,93,-3];[66,36,33]
[-10,55,-1];[43,73,27]
[7,9,-2];[51,29,18]
[-39,0,-14];[99,60,41]
[-31,98,-25];[49,73,33]
[-9,55,-1];[43,79,33]
[-7,56,-3];[63,102,46]
[-20,97,-18];[33,56,24]
[-22,68,1];[33,20,0]
[-16,67,22];[82,48,33]
[1,33,4];[123,142,156]
[-5,56,-6];[51,89,35]
[-5,22,1];[41,24,16]
[-32,95,-21];[49,77,33]
[-16,64,25];[66,40,33]
[-6,56,-5];[57,98,43]
[-7,61,-12];[57,89,41]
[-37,6,-22];[71,41,30]
[-16,61,31];[90,85,82]
[-10,61,-14];[35,65,27]
[-19,55,4];[63,105,46]
[-10,60,-15];[49,85,41]
[-11,61,-14];[35,64,27]
[-30,73,1];[30,60,21]
[4,27,1];[57,32,16]
[-4,77,-20];[49,81,33]
[-8,41,-8];[159,176,189]
[-11,61,-15];[33,60,24]
[-25,57,0];[51,85,35]
[-23,55,2];[49,82,35]
[-23,53,3];[57,93,41]
[-24,58,-12];[66,109,49]
[-22,53,3];[54,97,43]
[3,33,-2];[156,172,186]
[-26,59,-3];[66,105,49]
[-6,38,-6];[173,187,198]
[-25,59,-1];[60,99,43]
[3,3,2];[84,50,33]
[-8,62,-24];[88,49,35]
[-4,24,-7];[66,40,24]
[-21,57,2];[54,90,38]
[-38,5,-23];[123,74,49]
[-28,83,14];[99,89,82]
[-22,55,3];[57,93,41]
[-5,47,-30];[82,48,33]
[-6,52,-23];[73,33,24]
[-21,56,3];[63,101,46]
[-43,23,-14];[57,32,16]
[-21,51,4];[63,109,46]
[-44,0,-9];[120,77,51]
[-27,56,-2];[60,95,43]
[-22,72,-13];[93,54,33]
[-21,52,4];[66,105,49]
[-26,59,-5];[49,81,33]
[5,24,-5];[41,24,16]
[-28,54,-4];[54,90,41]
[-19,69,-17];[24,32,41]
[-28,54,-2];[63,105,46]
[-27,55,-8];[49,81,33]
[-27,56,-7];[49,81,33]
[-41,23,-10];[63,33,21]
[-9,89,-21];[24,16,0]
[-27,56,-3];[60,98,41]
[-24,68,12];[51,14,10]
[-23,81,16];[79,63,43]
[-33,68,11];[82,95,104]
[-27,73,26];[101,97,60]
[-6,47,-27];[82,48,24]
[-26,56,-2];[57,97,41]
[-26,58,-2];[60,99,43]
[-26,57,-2];[60,98,43]
[-10,92,0];[189,154,107]
[-26,56,-1];[54,93,38]
[-30,25,-10];[82,85,82]
[-8,69,-3];[51,85,35]
[-15,70,24];[95,86,79]
[28,33,0];[148,148,148]
[-1,47,-25];[93,53,35]
[2,11,4];[79,48,33]
[-27,55,-7];[43,79,35]
[-30,79,-1];[30,57,21]
[-25,55,1];[43,79,35]
[-29,51,-4];[46,85,38]
[8,1,3];[99,65,41]
[-27,55,-2];[60,99,43]
[-23,70,15];[74,36,24]
[-24,54,2];[41,77,33]
[-27,54,-11];[24,32,49]
[-24,69,0];[57,32,16]
[-37,59,20];[51,40,38]
[-20,88,-12];[38,73,30]
[-25,54,1];[43,71,27]
[-15,56,2];[46,82,33]
[-10,49,-2];[129,143,153]
[4,6,8];[74,41,27]
[3,0,-5];[115,71,46]
[-15,50,3];[41,77,33]
[-18,69,18];[82,48,33]
[-14,51,2];[43,78,27]
[-24,81,21];[16,44,82]
[-13,88,-5];[66,77,82]
[-41,28,-10];[148,97,49]
[-20,72,-18];[57,52,24]
[-15,52,2];[35,71,27]
[-5,80,-14];[33,60,24]
[4,5,9];[74,44,24]
[-27,67,12];[99,56,41]
[-15,51,2];[41,77,33]
[-14,49,2];[43,81,30]
[-32,30,-12];[41,36,33]
[-23,99,-6];[24,40,16]
[-15,49,3];[35,71,27]
[-13,50,1];[46,86,38]
[-11,41,-7];[148,162,173]
[-8,75,27];[115,105,107]
[-5,44,-30];[66,48,33]
[-26,51,-11];[51,87,35]
[-8,56,-1];[51,89,35]
[-24,48,-14];[51,83,35]
[-28,66,13];[104,59,41]
[-25,50,-12];[57,97,41]
[6,15,0];[68,38,27]
[-25,48,-13];[54,90,38]
[-31,22,-15];[51,29,16]
[-21,100,0];[132,93,33]
[25,36,-1];[119,119,119]
[-28,48,-11];[46,81,33]
[-26,49,-12];[49,89,38]
[-4,42,-29];[90,54,38]
[-27,51,-11];[46,85,38]
[-38,4,-7];[84,49,33]
[3,1,8];[54,30,18]
[-27,50,-11];[51,83,35]
[-25,81,18];[38,62,98]
[-28,47,-11];[30,63,27]
[-28,52,-9];[41,73,33]
[6,22,-4];[51,32,16]
[-46,9,-19];[71,42,30]
[1,41,-2];[148,166,181]
[-40,29,-11];[123,81,41]
[-27,52,-10];[49,85,41]
[-21,67,16];[66,28,24]
[-36,69,8];[173,178,189]
[-18,55,1];[82,97,107]
[-17,70,18];[66,40,24]
[-28,52,-8];[46,77,30]
[-14,69,-22];[82,93,99]
[-9,58,-30];[98,55,38]
[-27,51,-9];[43,77,35]
[-41,89,-21];[57,97,49]
[-28,50,-10];[43,79,30]
[-43,7,-28];[41,36,33]
[-25,73,12];[71,29,24]
[-28,50,-9];[35,71,27]
[-29,47,-10];[33,67,33]
[-28,67,13];[123,73,49]
[-28,49,-9];[46,78,30]
[-17,110,-5];[74,130,57]
[-39,30,-9];[115,73,33]
[-32,83,3];[57,93,41]
[-18,64,1];[71,49,30]
[-29,48,-9];[32,64,27]
[-34,16,-18];[66,36,24]
[-29,52,-4];[46,86,38]
[-15,65,22];[60,45,35]
[-28,53,-6];[46,78,33]
[-28,52,-7];[49,77,33]
[-22,82,1];[60,99,43]
[-29,51,-7];[41,73,33]
[-12,81,0];[24,56,16]
[-30,50,-4];[49,85,35]
[6,0,-1];[90,53,35]
[-30,49,-5];[46,78,30]
[-14,77,-18];[33,40,66]
[-30,49,-6];[38,74,30]
[-29,51,-5];[43,79,35]
[-30,65,15];[90,48,33]
[3,28,-2];[82,81,82]
[-31,48,-11];[239,235,198]
[-29,52,-3];[49,89,33]
[-28,51,-1];[51,91,35]
[-30,50,-2];[54,98,41]
[-28,52,-1];[51,89,35]
[-28,52,-2];[46,86,35]
[-6,43,-29];[165,125,74]
[-22,96,-12];[41,60,33]
[-9,107,-2];[99,154,66]
[-29,51,-2];[54,97,41]
[-29,51,-3];[54,93,35]
[-28,32,-1];[142,160,175]
[-11,41,-5];[148,164,175]
[-29,49,-1];[57,97,41]
[-29,48,-1];[33,67,30]
[2,47,-17];[99,93,165]
[-26,50,1];[46,89,33]
[-27,58,-11];[33,36,49]
[-5,73,-25];[16,42,10]
[-27,58,-5];[54,93,43]
[-24,52,3];[46,82,33]
[-26,52,1];[41,77,33]
[1,29,1];[87,61,38]
[-41,0,-6];[132,85,57]
[-26,51,2];[46,82,33]
[-11,64,0];[46,30,18]
[-26,68,11];[71,37,24]
[-27,50,1];[54,94,38]
[-24,77,24];[74,65,57]
[-27,49,2];[49,93,33]
[-44,4,-23];[84,49,30]
[-28,49,1];[46,83,30]
[-26,32,-5];[132,150,165]
[-12,61,-28];[49,28,16]
[-11,63,-1];[46,30,18]
[6,2,-3];[41,32,27]
[-25,50,2];[51,91,35]
[-33,20,-10];[51,28,13]
[-19,81,-16];[57,97,41]
[-23,70,-13];[107,89,41]
[-38,77,2];[51,85,38]
[7,0,7];[128,85,54]
[-47,0,-12];[120,74,46]
[-18,76,27];[46,78,120]
[-44,0,-6];[131,83,57]
[-26,49,3];[66,105,41]
[-34,82,2];[54,85,38]
[-2,33,-4];[183,200,208]
[-34,31,-16];[41,36,33]
[-27,51,0];[49,81,33]
[-26,48,2];[46,87,38]
[-15,67,22];[66,56,49]
[-26,50,2];[54,93,38]
[-47,9,-21];[68,38,27]
[-6,77,-13];[27,54,18]
[-26,49,2];[57,99,41]
[-26,47,3];[38,74,33]
[-27,69,28];[57,89,132]
[-24,51,3];[51,87,35]
[-27,103,-14];[49,73,33]
[-21,50,4];[60,102,46]
[-23,48,4];[66,113,49]
[-36,26,-19];[93,54,35]
[-23,47,5];[66,109,49]
[21,36,-5];[117,117,117]
[-44,6,-10];[99,56,33]
[3,27,3];[44,37,30]
[-38,3,-19];[68,37,27]
[-23,46,5];[41,73,33]
[-38,60,19];[107,93,90]
[-25,48,4];[66,105,43]
[-22,48,5];[54,94,38]
[-25,66,17];[74,40,24]
[3,4,-7];[68,41,27]
[-32,43,-10];[107,89,49]
[-4,80,-15];[33,66,24]
[-20,50,5];[51,89,35]
[-38,23,-21];[93,56,33]
[-21,49,5];[54,90,38]
[-21,48,5];[51,89,38]
[-25,58,-1];[60,99,43]
[-45,11,-25];[74,44,33]
[-17,89,-13];[35,67,27]
[-15,82,-18];[33,16,8]
[-22,47,5];[63,105,46]
[-32,72,0];[24,52,16]
[-16,82,-21];[189,158,140]
[-19,48,4];[38,71,27]
[-11,53,0];[35,73,27]
[-19,46,5];[32,64,27]
[3,41,-20];[50,50,50]
[-20,47,5];[38,73,27]
[-23,69,-10];[43,75,35]
[-13,71,-19];[24,60,24]
[-20,46,5];[24,60,21]
[-22,46,5];[24,56,16]
[-8,58,-30];[99,56,41]
[-15,47,2];[49,89,33]
[-39,23,-8];[49,36,24]
[-14,47,3];[49,89,41]
[-5,79,-22];[51,85,35]
[-6,49,-13];[99,117,123]
[-46,7,-25];[132,85,57]
[-21,89,-4];[41,77,33]
[-15,48,3];[41,75,27]
[-8,102,2];[128,95,32]
[-11,78,-26];[41,77,33]
[-16,47,3];[41,81,33]
[-17,48,3];[33,66,24]
[18,36,-10];[125,125,124]
[-7,59,-13];[49,89,41]
[-10,59,-15];[38,73,30]
[-23,69,-13];[33,36,57]
[-19,52,-15];[57,94,46]
[-17,54,-16];[60,95,43]
[-37,33,-11];[99,60,24]
[-23,55,-10];[74,87,96]
[-6,37,-4];[165,178,189]
[-45,7,-25];[132,85,57]
[-16,53,-17];[60,99,43]
[-30,28,-11];[95,56,27]
[1,22,4];[66,36,24]
[-13,56,-17];[60,99,43]
[-14,56,-16];[63,103,46]
[-15,56,-16];[60,99,43]
[-27,75,-4];[27,52,18]
[-15,55,-16];[60,99,43]
[-15,54,-17];[63,102,46]
[-1,46,-22];[66,60,115]
[-12,55,-17];[60,97,43]
[-13,55,-17];[63,102,46]
[-38,92,-22];[49,85,41]
[-13,54,-17];[60,99,43]
[-7,27,0];[123,79,41]
[-14,53,-17];[63,102,46]
[-9,61,-21];[57,32,16]
[8,2,-1];[66,38,24]
[-11,57,-16];[54,90,41]
[-9,55,-16];[46,83,35]
[-25,69,11];[63,32,21]
[-10,55,-16];[49,85,33]
[-22,98,-4];[41,60,33]
[-11,65,-22];[104,115,126]
[-11,53,-16];[46,82,35]
[-7,58,-13];[57,93,41]
[-8,57,-15];[57,93,41]
[-7,70,-21];[82,95,104]
[-23,96,-8];[49,73,33]
[-10,86,-6];[43,77,30]
[-24,41,-9];[156,171,183]
[-7,81,-4];[35,67,27]
[-8,56,-14];[49,85,33]
[-24,77,17];[148,119,84]
[-28,54,28];[41,36,33]
[4,1,0];[74,44,24]
[-22,69,14];[62,29,18]
[-3,45,-26];[66,60,140]
[-5,56,-12];[57,97,41]
[-23,88,-6];[38,75,27]
[-2,51,-6];[33,65,24]
[-26,105,-15];[49,77,33]
[-10,53,-24];[74,36,24]
[-6,79,-24];[60,97,43]
[-13,84,-21];[24,28,41]
[-42,14,-26];[82,48,33]
[-32,51,29];[54,46,46]
[-4,54,-5];[51,89,35]
[-4,54,-6];[43,81,35]
[-24,102,-23];[49,73,33]
[-40,27,-8];[148,101,57]
[-10,49,1];[43,79,27]
[-15,85,-18];[90,77,41]
[-16,56,-16];[66,105,49]
[-37,77,2];[24,52,16]
[-47,16,-21];[66,38,24]
[-11,49,1];[49,85,33]
[-26,74,17];[99,73,57]
[-9,77,-22];[24,52,16]
[-13,48,2];[82,85,90]
[-3,12,2];[57,32,21]
[-10,49,2];[43,83,33]
[-11,49,2];[46,86,33]
[-13,67,-27];[164,172,181]
[-11,48,2];[49,89,41]
[1,36,-3];[156,170,181]
[-12,49,1];[46,79,30]
[-32,67,15];[93,50,35]
[-9,79,-24];[51,87,35]
[-10,51,0];[33,65,24]
[-20,99,-1];[181,158,132]
[-16,73,3];[115,73,41]
[-33,100,-24];[49,85,41]
[-19,90,-9];[132,97,74]
[-29,26,-14];[120,79,38]
[-9,49,1];[41,79,30]
[-29,103,-16];[41,69,33]
[-9,48,2];[90,60,33]
[-7,80,-5];[35,67,27]
[-9,50,1];[35,69,27]
[-10,87,-19];[82,73,41]
[-4,46,-22];[90,48,35]
[-9,51,1];[27,60,18]
[-27,48,-12];[49,89,33]
[-40,27,-15];[66,40,24]
[-8,50,1];[38,73,30]
[-8,49,2];[24,56,16]
[-26,64,-12];[24,32,49]
[-37,73,16];[66,56,57]
[8,40,-17];[70,70,70]
[-7,53,-1];[43,79,33]
[-6,60,-6];[43,81,35]
[-31,64,21];[115,81,49]
[-8,53,-1];[41,77,33]
[-5,53,0];[54,93,38]
[-5,52,0];[51,93,35]
[-7,54,-1];[46,85,33]
[-8,53,0];[43,75,27]
[-46,4,-23];[123,77,49]
[-17,103,-18];[33,60,33]
[-8,52,0];[38,70,30]
[-26,72,-3];[27,56,18]
[-26,72,-5];[27,56,18]
[-26,72,-4];[27,54,18]
[-25,71,-3];[35,67,27]
[-25,69,-3];[74,40,24]
[1,0,-2];[79,49,30]
[-13,76,27];[24,40,74]
[-25,70,-1];[71,38,21]
[-21,88,-13];[54,93,41]
[-13,66,21];[175,139,101]
[-25,69,-2];[66,38,21]
[12,1,3];[131,83,55]
[-24,70,-1];[41,81,33]
[-18,46,4];[38,75,30]
[-6,80,-13];[13,37,10]
[-18,68,2];[49,85,38]
[-3,4,-4];[74,44,33]
[-33,83,-3];[49,89,41]
[-19,68,1];[18,38,16]
[-26,69,-7];[24,56,16]
[-33,26,-6];[117,79,43]
[-26,70,-3];[57,30,16]
[-26,70,-6];[30,59,21]
[-24,70,-10];[49,77,33]
[-19,109,-5];[66,109,49]
[-4,81,-20];[54,94,38]
[-25,70,-9];[38,68,30]
[-19,83,-16];[60,97,43]
[-4,25,-6];[93,55,27]
[-36,15,-21];[66,40,24]
[-13,67,23];[165,125,82]
[-26,54,0];[43,77,35]
[-6,49,-24];[49,22,16]
[-21,66,-13];[43,75,35]
[-42,12,-13];[109,68,46]
[-20,67,-14];[60,91,43]
[-31,41,-2];[153,168,183]
[-13,108,-12];[57,93,41]
[-21,68,-13];[49,85,41]
[-25,65,-5];[30,57,21]
[5,17,1];[90,52,33]
[-4,14,-6];[87,53,33]
[-23,68,-14];[123,101,49]
[-17,59,32];[107,93,90]
[24,35,-4];[132,132,132]
[-18,45,4];[90,60,33]
[-20,49,5];[46,81,30]
[-25,66,-4];[30,60,21]
[-25,54,31];[87,78,76]
[-22,65,21];[60,37,24]
[-4,79,-20];[57,97,41]
[-27,78,21];[49,79,123]
[-24,57,1];[46,82,38]
[-27,73,-6];[30,57,21]
[-26,67,-6];[38,22,13]
[-11,102,-14];[41,60,33]
[8,1,1];[115,77,49]
[-41,0,-13];[128,82,60]
[-10,70,-19];[57,69,74]
[-25,67,-6];[35,67,27]
[-1,2,2];[101,59,35]
[-18,58,3];[66,107,49]
[-40,1,-17];[106,70,43]
[-24,69,-9];[46,74,30]
[-6,66,-6];[29,60,21]
[-2,3,-5];[90,52,33]
[-30,74,-1];[30,56,21]
[-9,73,-25];[82,94,104]
[-10,55,-23];[49,20,16]
[-7,67,-4];[66,105,49]
[-45,3,-20];[66,40,24]
[-19,110,-10];[66,105,49]
[-8,66,-12];[27,56,18]
[0,0,-1];[82,49,29]
[-18,54,-12];[74,89,99]
[9,0,8];[128,86,54]
[-41,4,-6];[87,50,33]
[-15,80,1];[51,91,41]
[-26,33,-7];[82,85,82]
[-7,66,-8];[27,58,21]
[-30,81,-8];[16,36,8]
[-42,24,-14];[60,33,18]
[-7,66,-11];[27,59,24]
[33,31,4];[139,139,139]
[-6,67,-7];[43,82,35]
[-35,28,-8];[98,62,33]
[-6,66,-9];[38,71,29]
[1,7,-7];[73,44,30]
[-10,57,0];[54,93,38]
[-30,48,-7];[35,63,27]
[-37,40,-7];[165,134,66]
[-28,74,25];[129,104,41]
[-6,67,-10];[35,71,27]
[-10,44,-10];[142,156,167]
[-14,105,3];[140,113,41]
[9,7,3];[79,46,33]
[-21,44,-15];[33,65,33]
[-7,67,-11];[33,67,24]
[-20,75,-15];[24,32,49]
[-19,78,25];[46,78,120]
[-3,50,-12];[57,97,41]
[-23,83,17];[115,101,99]
[-6,67,-8];[41,73,24]
[1,47,-19];[57,48,90]
[-22,64,-16];[33,40,66]
[-6,75,-25];[68,106,51]
[-5,21,-5];[79,49,33]
[-23,67,0];[84,49,33]
[-13,72,3];[99,60,33]
[-22,67,0];[27,56,18]
[-16,68,19];[76,45,27]
[-23,67,-1];[29,55,21]
[1,40,-22];[102,103,103]
[-40,2,-6];[66,36,24]
[-34,76,0];[33,60,24]
[-24,67,-2];[38,22,13]
[-2,22,-7];[90,56,41]
[36,30,6];[126,127,127]
[-18,66,-14];[43,78,35]
[-22,67,1];[24,56,24]
[-19,67,1];[51,83,38]
[-20,67,1];[35,63,27]
[-15,91,-3];[140,109,74]
[-21,67,1];[30,56,21]
[-16,66,2];[27,53,18]
[-23,64,18];[66,36,24]
[-19,67,2];[49,85,41]
[-16,67,2];[54,90,43]
[-18,94,-10];[66,117,49]
[-17,67,2];[57,91,46]
[-25,55,-8];[82,93,101]
[-17,66,2];[24,48,16]
[-37,79,3];[63,102,46]
[-23,65,-11];[35,67,27]
[-23,56,30];[46,40,38]
[-25,65,-8];[33,60,24]
[-22,66,-12];[43,75,35]
[-23,66,-11];[43,75,35]
[-42,89,-19];[66,109,49]
[-34,17,-13];[68,41,27]
[-28,87,-3];[60,97,43]
[-25,66,-9];[33,65,24]
[-26,67,-8];[30,63,21]
[-11,63,-23];[109,124,134]
[3,33,0];[156,170,181]
[-25,67,-9];[33,65,24]
[-23,70,-11];[38,22,13]
[-24,68,-10];[46,79,38]
[-23,69,-11];[41,77,33]
[-35,40,-9];[74,60,33]
[-26,84,0];[51,91,41]
[-19,79,2];[71,115,54]
[-15,101,5];[126,89,30]
[-10,88,-12];[40,70,30]
[-23,68,-11];[49,81,41]
[-19,44,-15];[16,44,8]
[-25,67,-8];[38,68,30]
[-26,61,31];[41,56,90]
[12,1,11];[43,37,30]
[-11,61,-27];[68,36,21]
[-23,70,1];[68,36,18]
[-20,68,-13];[49,85,41]
[-22,69,-12];[41,77,33]
[-35,13,-19];[57,32,16]
[-14,89,-15];[60,99,49]
[5,22,0];[68,38,27]
[-24,55,-12];[60,99,43]
[-6,86,-9];[99,56,33]
[-44,1,-16];[99,65,41]
[-23,105,-5];[49,77,33]
[-22,54,-13];[60,99,43]
[-21,60,-13];[46,82,35]
[-20,67,24];[82,50,35]
[3,37,-24];[82,73,132]
[-22,60,-13];[57,93,41]
[-18,59,-15];[60,99,46]
[-27,69,14];[49,32,24]
[-19,58,-15];[66,109,49]
[-37,20,-9];[87,53,33]
[-18,84,16];[76,67,68]
[-17,58,-15];[60,99,43]
[-20,67,25];[74,65,57]
[-18,57,-15];[62,106,46]
[-5,59,-8];[46,85,35]
[-4,62,-24];[90,48,33]
[-23,78,0];[41,73,33]
[-17,58,-16];[63,106,46]
[-35,14,-19];[63,34,21]
[-18,57,-16];[66,109,49]
[-17,57,-16];[63,106,46]
[31,35,2];[162,163,162]
[-31,75,-3];[27,58,21]
[-13,69,-15];[43,75,33]
[4,27,-6];[129,86,41]
[-20,71,-18];[33,40,57]
[-4,21,1];[60,33,21]
[-17,55,-16];[63,101,46]
[-30,30,-14];[107,65,33]
[-7,86,-20];[66,113,49]
[-24,62,-4];[24,56,16]
[-18,56,-16];[57,97,41]
[-19,56,-15];[60,98,43]
[-19,55,-15];[60,97,43]
[-23,60,-11];[51,89,41]
[-23,60,-12];[66,105,49]
[-8,100,-1];[198,158,123]
[-25,59,-10];[51,87,41]
[-32,102,-22];[57,93,41]
[-34,81,-1];[46,78,33]
[-47,15,-16];[57,32,16]
[-22,54,-14];[60,95,43]
[-29,68,27];[57,81,123]
[-32,65,13];[84,41,27]
[3,26,-8];[115,71,35]
[-6,64,-25];[107,120,128]
[-23,59,-12];[54,97,46]
[2,39,-22];[107,105,181]
[-24,59,-11];[51,90,41]
[-1,39,-5];[156,174,186]
[-23,58,-13];[66,105,49]
[-20,57,-14];[60,98,43]
[-22,58,-13];[60,103,43]
[-30,74,6];[74,81,90]
[-23,57,-13];[62,105,43]
[-20,56,-15];[60,97,43]
[-20,54,-15];[54,94,46]
[-31,54,27];[41,36,33]
[-11,79,-24];[38,71,27]
[-29,70,17];[74,40,24]
[-21,56,-14];[57,97,41]
[-35,73,0];[27,53,18]
[-15,91,-1];[165,138,90]
[-21,54,-14];[60,95,43]
[-7,52,0];[43,75,30]
[-44,0,-14];[109,67,43]
[-19,56,3];[66,105,49]
[15,37,-12];[113,111,112]
[-20,56,3];[63,101,46]
[-19,56,4];[60,101,43]
[-25,49,-13];[54,90,41]
[29,34,2];[140,140,140]
[-18,55,4];[60,97,46]
[-16,54,3];[46,82,33]
[-17,53,4];[46,82,33]
[4,25,-5];[33,16,8]
[-17,56,3];[49,89,41]
[-17,54,3];[51,85,35]
[-9,97,-1];[206,174,140]
[-18,52,4];[49,85,33]
[-11,76,-24];[27,52,18]
[-17,50,3];[35,64,24]
[-16,50,3];[33,69,24]
[-16,52,3];[38,74,30]
[-17,50,4];[35,67,27]
[-6,82,-7];[33,20,8]
[-10,78,-26];[54,90,38]
[-17,49,4];[33,65,24]
[-25,61,-2];[54,93,46]
[-25,61,-3];[49,89,41]
[-24,106,-19];[49,81,41]
[-34,69,14];[79,44,29]
[8,11,1];[84,50,33]
[-20,79,1];[66,109,49]
[-25,61,-6];[46,81,38]
[-25,61,-8];[41,73,33]
[-14,82,-20];[49,40,16]
[-25,61,-7];[35,64,27]
[-19,99,0];[123,85,24]
[-27,47,-9];[137,152,162]
[-6,74,-10];[27,54,18]
[-26,59,-6];[43,77,30]
[-25,59,-9];[54,93,46]
[5,2,-4];[156,101,74]
[-26,59,-8];[51,89,43]
[-16,84,-16];[24,24,8]
[-25,60,-9];[49,85,41]
[-27,57,-8];[51,87,35]
[-26,57,-8];[51,87,35]
[-7,59,-11];[71,79,90]
[-37,0,-16];[120,71,46]
[-35,51,-9];[16,8,0]
[2,41,-24];[107,101,173]
[-8,41,0];[142,160,175]
[-5,18,-1];[60,30,18]
[-26,55,-9];[51,89,38]
[-13,51,-13];[82,94,101]
[-27,56,-4];[57,97,41]
[-5,85,-5];[49,81,41]
[-25,57,-10];[60,99,43]
[-26,77,-12];[54,90,38]
[-20,67,18];[49,22,16]
[-23,69,15];[85,44,29]
[-25,56,-10];[57,93,41]
[-26,57,-10];[66,101,49]
[-26,57,-9];[54,90,41]
[-25,54,-11];[63,101,46]
[-25,52,-12];[60,97,43]
[-26,53,-10];[54,90,38]
[-24,51,-13];[57,93,41]
[-37,9,-22];[57,32,16]
[-31,81,13];[132,113,107]
[-12,67,1];[66,105,49]
[-21,49,-14];[49,89,41]
[2,13,4];[74,44,33]
[-6,78,-6];[63,102,46]
[-23,52,-13];[57,93,41]
[-22,74,1];[33,63,24]
[-40,29,-8];[137,90,46]
[-16,107,0];[66,101,49]
[-25,66,-3];[30,62,27]
[-23,50,-14];[54,90,41]
[-21,45,-15];[49,81,35]
[-16,88,-5];[132,97,74]
[-21,48,-15];[49,81,33]
[-21,47,-15];[46,78,33]
[-22,49,-14];[49,89,41]
[-22,48,-14];[49,81,33]
[-10,83,-21];[33,24,8]
[-22,47,-14];[49,83,38]
[-23,49,-14];[57,89,41]
[-22,65,20];[49,22,16]
[-18,48,-15];[46,82,35]
[-27,68,20];[99,52,33]
[-19,48,-15];[49,82,38]
[-33,55,-10];[24,20,0]
[-17,47,-16];[49,82,35]
[-18,47,-16];[41,77,33]
[-5,55,-11];[54,93,38]
[-14,104,1];[33,52,24]
[-12,59,-25];[60,30,18]
[-28,51,-6];[99,111,123]
[-9,67,-1];[66,109,57]
[-39,28,-14];[35,21,10]
[-22,87,-3];[30,64,21]
[-30,29,-2];[117,135,153]
[-16,88,-18];[66,56,24]
[-19,46,-15];[46,81,38]
[-28,87,0];[68,111,51]
[-15,46,-16];[46,82,38]
[-12,78,2];[41,24,13]
[-20,44,-15];[16,44,8]
[-15,44,-15];[16,44,8]
[-7,80,-4];[35,65,27]
[-28,75,12];[76,38,27]
[-32,70,17];[65,59,55]
[-26,106,-14];[49,73,33]
[-16,49,3];[35,67,24]
[-17,46,-16];[49,82,35]
[-27,54,-3];[60,99,43]
[-18,44,-15];[16,44,8]
[-3,52,-3];[57,101,41]
[-12,48,-16];[49,85,33]
[-14,48,-16];[49,81,33]
[-26,34,-8];[129,147,162]
[-13,47,-16];[49,85,33]
[-24,57,-11];[63,102,46]
[-14,47,-16];[51,87,41]
[-15,47,-16];[57,89,41]
[-13,47,-17];[51,87,35]
[-14,46,-16];[46,85,38]
[-5,21,1];[66,36,24]
[-2,7,1];[54,29,16]
[-14,45,-16];[57,93,41]
[-14,44,-16];[33,69,24]
[-8,105,-4];[107,69,24]
[-12,44,-16];[24,52,16]
[-35,22,-21];[87,50,33]
[-23,62,-8];[74,81,82]
[-9,44,-15];[33,69,33]
[-30,24,-15];[71,37,18]
[-7,47,-29];[49,32,24]
[-10,45,-15];[43,81,33]
[-10,44,-15];[33,69,33]
[-40,14,-12];[101,63,38]
[-38,6,-11];[101,58,33]
[-11,45,-15];[43,83,35]
[-11,44,-15];[33,69,33]
[-5,56,-8];[46,82,38]
[-20,109,-5];[57,101,49]
[-12,46,-16];[54,91,41]
[-12,44,-15];[33,69,33]
[-8,48,-15];[38,70,27]
[-8,103,1];[115,81,24]
[-9,47,-16];[43,79,33]
[-8,49,-16];[38,74,30]
[0,13,-8];[82,48,33]
[-20,60,1];[49,81,33]
[-11,45,-16];[51,91,35]
[-6,81,-3];[66,36,16]
[-9,46,-15];[46,85,33]
[-18,74,-16];[8,8,0]
[-21,85,3];[57,93,49]
[-1,45,-27];[57,40,24]
[-7,47,-15];[38,74,30]
[-2,0,-4];[123,81,49]
[-7,46,-15];[41,77,33]
[-5,46,-14];[16,44,8]
[-22,67,-15];[115,97,49]
[-31,82,-8];[41,73,33]
[-6,48,-15];[38,70,29]
[-13,89,-13];[35,71,27]
[-6,47,-14];[46,79,33]
[-6,45,-14];[33,69,33]
[-8,60,-13];[51,89,43]
[-17,51,4];[43,75,33]
[-7,48,-15];[43,73,30]
[-13,65,32];[74,65,66]
[-34,44,-8];[57,44,16]
[-7,45,-14];[33,60,24]
[-9,73,-26];[74,85,90]
[-4,43,-31];[82,52,33]
[-4,47,-30];[82,50,35]
[-8,45,-15];[46,78,30]
[-5,50,-14];[46,78,33]
[-19,84,-17];[74,65,33]
[-5,49,-14];[38,70,27]
[-14,57,-16];[57,97,41]
[-20,61,33];[62,57,54]
[-3,48,-12];[41,77,33]
[-3,47,-12];[33,69,33]
[-4,50,-12];[49,85,33]
[-2,4,-5];[84,49,33]
[-19,89,-10];[123,93,66]
[-4,47,-13];[33,69,24]
[-30,77,20];[101,116,128]
[-3,52,-11];[54,97,38]
[-4,43,3];[148,167,183]
[-34,75,13];[90,77,74]
[-40,4,-23];[84,49,33]
[-34,15,-17];[54,33,21]
[-37,0,-13];[117,71,43]
[-47,8,-21];[68,38,27]
[-2,50,-11];[57,101,41]
[-2,51,-7];[46,83,30]
[-3,51,-10];[54,93,38]
[-28,58,-13];[74,60,24]
[8,7,9];[112,70,41]
[-16,50,-12];[82,95,104]
[-9,45,-15];[43,77,33]
[-2,49,-10];[24,52,16]
[-2,49,-11];[60,99,41]
[7,16,-4];[68,38,27]
[-35,73,18];[90,77,74]
[-11,108,-2];[82,138,66]
[-19,54,4];[63,103,46]
[-2,50,-8];[24,52,16]
[-24,105,-6];[33,56,24]
[-23,60,1];[43,75,33]
[-25,77,-13];[60,97,43]
[-2,50,-10];[54,95,38]
[-13,99,5];[165,130,41]
[-26,35,-1];[148,166,181]
[-3,53,-8];[43,79,33]
[-3,46,0];[173,191,200]
[-21,52,-14];[57,89,41]
[-17,96,0];[159,128,46]
[-33,70,13];[79,44,29]
[-33,32,-14];[101,68,43]
[-23,65,14];[74,32,24]
[-20,52,-15];[57,89,41]
[-27,65,16];[57,20,16]
[-21,51,-15];[57,97,49]
[-29,61,-12];[24,28,33]
[-21,50,-15];[46,85,38]
[-28,29,-13];[109,68,30]
[-22,53,-14];[66,101,49]
[-23,78,18];[140,105,74]
[-22,52,-14];[63,98,46]
[-45,6,-26];[140,89,66]
[-23,53,-13];[57,93,41]
[-19,96,-13];[33,56,24]
[-6,83,-6];[95,56,29]
[-35,19,-22];[79,45,33]
[16,38,-9];[104,104,104]
[-18,51,-15];[57,93,49]
[-19,51,-15];[57,97,49]
[-17,52,-16];[57,97,46]
[-19,52,-16];[63,98,46]
[-38,20,-9];[82,48,33]
[-33,99,-24];[49,77,33]
[-47,1,-15];[57,32,16]
[-24,64,25];[101,72,43]
[-19,50,-16];[51,87,41]
[-4,54,-22];[66,28,24]
[-8,51,-16];[41,69,24]
[-7,53,-15];[46,82,38]
[-22,75,-17];[33,32,49]
[-9,89,-12];[63,103,49]
[-4,53,-12];[60,99,43]
[-4,54,-10];[43,81,35]
[-10,41,-2];[142,159,173]
[-41,26,-10];[33,16,8]
[-14,64,21];[164,129,82]
[-4,54,-11];[51,89,38]
[6,25,0];[148,105,57]
[-30,73,16];[63,56,51]
[-20,70,21];[57,36,24]
[-5,54,-13];[60,99,43]
[-39,7,-14];[76,45,33]
[-16,51,-16];[49,89,41]
[-34,74,-2];[35,64,27]
[-15,48,-16];[51,87,41]
[-18,49,-16];[49,85,41]
[-18,48,-16];[46,82,35]
[-24,35,-5];[134,152,167]
[0,25,-9];[123,81,41]
[-14,52,-17];[63,106,46]
[-16,87,-17];[115,69,41]
[-14,50,-17];[57,93,41]
[-15,51,-17];[63,99,46]
[-33,83,-5];[43,79,35]
[-29,78,-4];[30,60,21]
[-15,50,-17];[54,93,43]
[-15,49,-17];[51,89,41]
[-4,77,-22];[66,101,49]
[-11,50,-17];[51,86,35]
[-17,45,-16];[49,86,38]
[-10,97,0];[181,142,99]
[-11,49,-17];[49,85,33]
[-12,51,-17];[54,93,38]
[-41,21,-21];[84,53,33]
[-12,50,-17];[51,91,41]
[-27,54,-2];[57,95,41]
[-6,29,-4];[159,175,183]
[-21,54,3];[66,105,49]
[-17,78,2];[68,111,51]
[-5,83,-12];[49,79,35]
[-20,67,-13];[63,94,46]
[-13,48,-17];[54,93,38]
[-10,52,-17];[46,82,35]
[-30,61,23];[115,81,51]
[-12,84,-22];[24,28,41]
[-18,65,26];[57,36,24]
[-9,53,-16];[49,81,35]
[-20,59,-15];[57,97,41]
[-9,52,-16];[43,77,35]
[-10,52,-16];[49,85,41]
[-10,51,-17];[51,85,38]
[-31,62,29];[41,60,99]
[-10,50,-17];[46,85,38]
[-8,57,-1];[54,95,43]
[-13,65,-25];[115,129,140]
[-13,43,-6];[137,152,165]
[-6,43,-26];[172,131,90]
[-24,78,23];[57,89,132]
[-8,66,-3];[18,41,10]
[-15,65,-15];[35,66,27]
[-35,22,-20];[84,49,33]
[-23,61,32];[65,57,60]
[-45,0,-13];[95,59,35]
[-6,57,-4];[66,105,49]
[-31,53,30];[74,69,66]
[-7,58,-2];[66,107,49]
[-7,59,-3];[57,101,46]
[-12,45,-10];[120,134,142]
[-7,58,-3];[66,105,49]
[-7,57,-2];[63,103,49]
[-8,60,-3];[57,93,41]
[-1,28,3];[71,40,21]
[-30,79,9];[33,60,24]
[-11,40,-4];[148,164,178]
[-24,67,20];[57,40,33]
[-7,60,-3];[57,98,46]
[-25,65,-6];[29,60,27]
[-11,56,1];[49,89,41]
[-15,71,26];[41,28,24]
[-18,71,-14];[46,81,38]
[7,24,0];[148,99,55]
[-10,96,1];[214,178,140]
[-9,59,-1];[57,97,41]
[-16,47,-3];[90,103,112]
[-28,68,14];[82,44,33]
[-9,58,-1];[51,90,38]
[-9,57,-1];[51,87,35]
[-10,58,0];[49,85,33]
[-20,59,-12];[74,83,90]
[-9,66,-13];[30,56,21]
[-19,97,-15];[33,56,24]
[-10,66,-14];[38,66,30]
[-7,66,-12];[27,52,18]
[12,5,5];[68,41,27]
[-15,61,-14];[30,60,21]
[12,3,11];[74,40,33]
[-23,66,-1];[33,65,24]
[-14,89,-21];[99,77,41]
[-20,66,1];[16,38,10]
[-19,66,2];[24,52,21]
[-20,66,2];[21,44,13]
[-21,66,1];[21,48,16]
[-8,61,-3];[49,83,35]
[-9,46,-32];[49,44,82]
[-37,73,5];[118,129,137]
[-7,61,-5];[43,78,35]
[-6,42,3];[153,170,183]
[-8,61,-4];[33,69,24]
[-44,3,-22];[74,44,24]
[-20,74,27];[49,85,123]
[-15,103,5];[167,132,46]
[-9,61,-3];[24,60,24]
[-22,66,24];[204,204,204]
[-13,51,-2];[90,103,112]
[-7,59,-4];[60,98,43]
[-17,46,-3];[115,130,140]
[1,45,-25];[24,24,49]
[-23,67,-11];[57,89,41]
[-6,58,-4];[63,102,46]
[-6,59,-5];[60,101,43]
[-16,78,-17];[24,32,41]
[-5,58,-6];[57,97,41]
[-31,79,5];[33,65,24]
[-4,17,1];[54,30,16]
[-5,57,-6];[49,89,41]
[-6,59,-6];[51,85,35]
[-24,65,16];[140,48,41]
[-5,59,-7];[51,87,35]
[-5,45,-26];[33,28,57]
[-6,58,-5];[54,93,38]
[1,24,4];[46,26,13]
[40,32,10];[179,179,179]
[-6,58,-6];[49,85,33]
[-23,73,-16];[74,60,24]
[-5,58,-7];[54,90,38]
[-5,58,-8];[43,81,35]
[-38,70,15];[101,93,93]
[-36,39,-7];[90,81,41]
[-19,71,-15];[24,24,8]
[-14,77,26];[33,40,74]
[-12,61,-15];[32,64,29]
[-14,61,-15];[33,65,24]
[-16,61,-14];[27,59,21]
[-33,73,1];[41,52,57]
[-28,39,0];[175,191,200]
[-16,60,-15];[49,85,33]
[-31,43,-4];[153,168,181]
[-1,2,-6];[33,20,0]
[-30,47,-2];[140,154,165]
[-22,72,-11];[43,75,33]
[-32,28,-11];[101,59,27]
[-32,60,23];[132,101,66]
[-17,61,-14];[35,70,27]
[-43,20,-21];[79,46,33]
[-22,75,19];[33,81,115]
[-5,28,0];[142,159,173]
[-17,60,-15];[51,87,38]
[-15,67,25];[98,56,40]
[-8,85,-5];[41,36,33]
[-18,61,-14];[29,64,21]
[-21,53,-11];[74,85,90]
[-34,82,4];[66,101,49]
[-13,59,-16];[51,87,41]
[-30,37,-1];[162,175,186]
[-12,81,-18];[33,28,8]
[-14,60,-15];[49,89,41]
[-42,6,-9];[117,71,43]
[-14,59,-16];[51,87,41]
[-15,60,-15];[49,85,41]
[-22,89,-2];[66,109,49]
[-10,88,-10];[27,54,18]
[-12,57,-16];[63,98,46]
[-13,57,-16];[60,99,43]
[-35,31,-12];[107,69,41]
[-15,59,-16];[54,94,41]
[-12,73,2];[93,52,29]
[-15,58,-16];[66,113,49]
[-1,7,1];[49,24,16]
[-16,57,-16];[63,105,46]
[-38,70,16];[82,69,66]
[-6,60,-7];[46,82,33]
[-24,36,-6];[137,155,170]
[-6,58,-11];[66,105,49]
[-17,63,25];[35,77,112]
[-7,60,-12];[57,93,41]
[-30,27,-16];[126,82,41]
[-5,74,-25];[63,103,46]
[-6,59,-9];[51,85,35]
[-22,65,-16];[107,85,41]
[-6,59,-12];[60,101,43]
[-6,60,-9];[54,86,38]
[-18,66,2];[27,53,18]
[-6,59,-11];[60,99,43]
[-9,85,-20];[41,36,16]
[6,1,-3];[120,74,46]
[-6,58,-12];[60,103,43]
[-20,64,-12];[112,73,41]
[-16,81,20];[57,36,24]
[-20,64,-13];[120,75,41]
[7,7,9];[101,60,35]
[-13,49,1];[46,82,33]
[-28,103,-21];[49,81,41]
[-18,50,0];[90,105,115]
[-23,65,-10];[16,40,16]
[-18,64,-13];[123,77,41]
[-19,92,-10];[104,70,24]
[-18,63,-13];[115,73,41]
[-13,79,-21];[24,20,0]
[-9,66,-14];[33,65,24]
[-17,65,-14];[27,56,21]
[-25,72,11];[71,37,24]
[-17,64,-14];[107,69,41]
[-18,63,-14];[115,73,41]
[-45,11,-24];[71,42,30]
[-7,29,-3];[131,86,46]
[-19,63,-14];[123,81,49]
[-27,34,-1];[145,164,178]
[-5,52,-24];[41,24,16]
[-47,2,-14];[62,40,27]
[-4,43,-22];[181,138,99]
[-21,78,2];[57,97,41]
[-32,67,10];[60,73,79]
[2,48,-20];[41,36,74]
[-3,44,-23];[41,36,74]
[-12,65,-15];[16,44,16]
[-13,64,-15];[66,52,24]
[-39,89,-19];[49,85,41]
[-22,108,-15];[57,97,49]
[0,0,-2];[82,49,29]
[-32,100,-18];[41,69,33]
[-21,67,23];[74,52,41]
[-16,47,-8];[82,85,90]
[-13,62,-15];[8,36,8]
[-9,88,-11];[29,63,21]
[-45,2,-7];[66,40,24]
[-14,64,-14];[33,65,24]
[-27,78,-11];[51,87,35]
[-19,63,-13];[123,81,49]
[-15,62,-14];[8,40,8]
[-39,1,-18];[101,59,35]
[-24,83,16];[104,90,87]
[-16,62,-14];[41,77,33]
[-12,63,-15];[90,56,33]
[-12,53,-15];[74,87,96]
[-10,65,-28];[181,186,198]
[-9,65,-12];[13,42,13]
[-32,62,28];[41,56,93]
[-10,65,-13];[18,40,13]
[-40,21,-21];[87,54,33]
[-31,63,28];[41,65,107]
[-16,97,1];[43,36,33]
[-5,52,-13];[57,97,41]
[-22,67,-12];[57,89,41]
[1,38,-1];[150,167,183]
[-11,64,-14];[115,75,41]
[-35,73,-1];[41,73,33]
[-11,62,-13];[106,73,38]
[-16,74,-18];[16,16,16]
[-9,63,-12];[63,46,24]
[-10,63,-13];[82,57,33]
[-3,57,-23];[82,28,24]
[-11,62,-14];[27,53,18]
[-10,86,-4];[33,66,30]
[8,2,2];[98,61,38]
[-41,90,-20];[66,113,49]
[-12,62,-15];[57,89,41]
[-26,59,-12];[49,40,16]
[-26,44,1];[165,178,189]
[-8,65,-11];[21,46,18]
[-8,54,-29];[82,48,24]
[-8,64,-11];[27,56,18]
[-25,100,-11];[33,52,24]
[-8,63,-10];[71,46,24]
[-11,65,-14];[18,41,13]
[-7,62,-10];[16,38,13]
[-43,23,-16];[60,33,18]
[-25,73,19];[87,78,77]
[-2,24,4];[68,37,16]
[-29,35,-1];[173,186,198]
[-6,48,-26];[82,48,33]
[-8,58,-14];[57,97,41]
[-38,10,-17];[49,28,16]
[-15,54,3];[43,73,27]
[-8,62,-11];[8,28,8]
[3,1,4];[104,62,38]
[-9,73,0];[41,77,33]
[-32,53,27];[41,36,33]
[-28,65,29];[41,73,115]
[-7,62,-8];[8,28,0]
[-16,107,-15];[49,77,33]
[-38,91,-19];[49,77,33]
[-22,86,-13];[63,102,46]
[-8,66,-13];[30,56,21]
[-17,75,23];[148,117,82]
[-9,54,-1];[43,75,33]
[-7,64,-7];[115,77,41]
[3,2,9];[90,52,33]
[-6,62,-7];[107,69,41]
[-7,65,-6];[24,52,24]
[-36,65,23];[27,32,55]
[-9,88,-20];[57,40,16]
[0,25,4];[74,44,24]
[-7,64,-6];[71,49,30]
[15,35,-12];[147,147,147]
[9,7,1];[71,41,30]
[-4,28,-7];[159,110,63]
[-2,45,-21];[33,28,57]
[-24,80,16];[134,105,68]
[-7,86,-15];[27,54,18]
[-12,75,2];[65,41,21]
[-29,43,-9];[165,178,189]
[-8,65,-4];[16,44,16]
[13,0,8];[123,81,49]
[-15,59,2];[51,91,35]
[-8,62,-5];[16,45,13]
[-7,62,-6];[8,36,8]
[-8,63,-4];[49,32,16]
[-36,24,-19];[96,57,38]
[-35,44,-11];[214,174,82]
[-18,60,1];[74,85,90]
[-9,65,-3];[21,44,13]
[-26,63,30];[41,60,99]
[-18,54,-16];[60,95,43]
[-17,82,-19];[49,32,8]
[-9,64,-3];[76,49,33]
[-35,17,-20];[54,30,21]
[-11,58,0];[49,89,33]
[-18,73,3];[104,64,35]
[-24,78,-1];[33,60,24]
[-11,57,1];[66,105,41]
[-25,61,-9];[49,81,41]
[-16,65,-14];[21,52,18]
[-20,61,-13];[35,68,27]
[-23,61,-11];[38,75,29]
[-24,60,-10];[54,93,46]
[-18,60,2];[57,93,41]
[-16,57,3];[54,95,43]
[-17,60,2];[60,99,43]
[-14,59,2];[51,93,41]
[-25,88,-5];[57,93,41]
[1,3,2];[74,44,24]
[-23,50,2];[109,122,134]
[-15,60,1];[49,93,41]
[-10,78,-25];[51,87,35]
[-13,59,2];[63,109,46]
[-22,64,-1];[134,87,51]
[-13,57,1];[66,105,41]
[13,38,-11];[94,94,94]
[-12,56,1];[54,94,41]
[-13,58,1];[49,89,41]
[-13,74,-18];[30,57,21]
[-13,60,1];[43,79,30]
[-25,53,2];[33,65,24]
[-22,52,4];[63,103,46]
[-12,60,1];[43,79,35]
[-10,59,0];[51,93,41]
[-11,60,0];[46,86,35]
[-45,19,-16];[54,30,16]
[-24,49,4];[63,103,41]
[-24,60,-1];[54,94,41]
[-20,60,2];[49,85,41]
[23,37,-5];[131,132,131]
[-1,6,2];[60,33,21]
[-4,27,-7];[148,101,57]
[-28,76,-8];[38,70,30]
[-6,59,-10];[57,93,41]
[-28,66,11];[60,30,18]
[-7,65,-5];[16,40,8]
[-20,70,2];[18,44,16]
[-43,15,-13];[68,41,27]
[-25,88,-9];[54,94,38]
[-19,61,2];[49,85,41]
[-38,4,-23];[123,73,49]
[-19,80,1];[76,119,54]
[-25,75,-2];[30,56,21]
[-32,85,0];[51,91,41]
[-32,72,14];[49,60,66]
[-32,85,-1];[54,90,38]
[-13,66,0];[148,125,49]
[-33,83,0];[57,89,41]
[-23,58,0];[74,81,90]
[-38,5,-26];[49,40,33]
[-26,58,-8];[51,85,35]
[-20,47,-15];[49,85,41]
[-33,84,-1];[51,87,35]
[-28,25,-10];[126,83,43]
[-32,85,-2];[57,97,41]
[-30,86,-1];[71,114,54]
[-32,85,-4];[57,97,41]
[28,33,-2];[148,148,148]
[-32,85,-3];[57,98,41]
[-29,86,0];[66,109,49]
[-28,86,1];[63,103,46]
[-28,85,2];[57,97,41]
[-5,21,-1];[57,32,18]
[-9,102,3];[123,89,33]
[-33,57,29];[49,40,41]
[-28,85,1];[57,97,41]
[6,7,9];[99,56,33]
[-30,61,30];[123,97,41]
[-29,84,3];[51,91,41]
[-11,68,-28];[167,178,189]
[-43,20,-13];[57,32,16]
[-27,53,-1];[49,89,41]
[-3,44,-26];[82,48,33]
[-12,79,24];[76,67,66]
[-28,75,0];[24,56,24]
[-37,61,20];[49,44,41]
[-28,77,-1];[27,54,18]
[-29,77,-3];[30,57,21]
[-12,57,-24];[63,29,16]
[11,38,-13];[58,58,57]
[-11,68,-21];[117,125,134]
[-17,64,-13];[107,69,41]
[-29,76,-2];[30,60,21]
[-25,83,0];[16,44,16]
[1,38,3];[178,196,203]
[-29,75,-1];[24,56,21]
[-22,68,0];[38,22,13]
[-27,78,-1];[29,60,21]
[-28,77,-2];[30,57,21]
[-22,66,-13];[107,93,41]
[-18,65,1];[10,34,10]
[-1,45,-22];[49,44,82]
[-19,65,1];[18,40,13]
[-19,64,1];[41,78,33]
[-23,62,-1];[21,49,18]
[-22,63,0];[107,69,41]
[-23,62,-2];[33,60,24]
[-29,77,1];[27,54,18]
[-24,71,12];[115,40,33]
[-18,50,4];[43,75,27]
[0,39,3];[183,201,208]
[-22,64,0];[137,93,54]
[0,9,-8];[99,65,41]
[-8,99,-5];[101,67,24]
[-23,63,-2];[74,48,24]
[4,29,-5];[123,81,41]
[-24,64,-3];[33,65,24]
[-24,63,-3];[41,77,33]
[-24,63,-4];[57,48,24]
[-6,86,-18];[71,114,54]
[-24,63,-5];[71,50,24]
[-13,75,-23];[24,52,18]
[-24,62,-7];[33,60,24]
[-26,50,-12];[54,89,38]
[-24,65,-6];[21,44,18]
[-19,98,-17];[41,69,33]
[-31,102,-22];[49,85,41]
[-24,63,-6];[82,56,33]
[-34,70,14];[88,49,35]
[-12,49,-3];[101,113,120]
[-2,17,3];[63,33,21]
[-24,64,-6];[87,58,33]
[-24,64,-7];[112,73,41]
[-13,73,-23];[54,63,71]
[-7,56,-2];[57,101,41]
[-24,64,-8];[107,69,41]
[-21,62,-11];[107,69,41]
[-24,59,31];[32,44,79]
[-20,62,-13];[16,40,8]
[-10,48,-12];[104,118,129]
[-4,25,4];[134,91,49]
[-22,63,-11];[90,56,33]
[-23,64,-10];[33,65,24]
[-35,72,14];[82,73,66]
[-9,89,-23];[82,69,33]
[-23,63,-10];[51,91,35]
[-24,65,-9];[18,44,18]
[-22,51,4];[63,106,46]
[-4,54,-26];[71,34,24]
[-24,64,-9];[82,52,33]
[5,1,11];[107,65,41]
[-17,65,1];[13,37,10]
[-22,109,-11];[66,101,49]
[-35,69,22];[41,67,109]
[-17,64,1];[82,52,33]
[-17,63,1];[82,52,33]
[-40,24,-7];[148,105,57]
[-18,63,1];[74,48,24]
[-16,60,2];[63,105,46]
[-41,24,-10];[51,26,16]
[0,41,-21];[99,93,173]
[-6,44,-26];[16,16,41]
[-20,63,1];[79,49,30]
[-20,62,1];[24,56,24]
[-7,63,-22];[62,73,82]
[-16,64,1];[71,46,27]
[-16,62,1];[8,36,8]
[5,0,5];[109,67,46]
[-17,53,-16];[63,101,46]
[-13,64,0];[46,30,18]
[-8,106,-6];[49,81,41]
[-14,65,1];[16,40,8]
[-28,53,29];[49,40,41]
[-9,79,-25];[54,90,38]
[-7,62,-7];[8,36,8]
[-30,79,-7];[33,69,24]
[-14,64,0];[46,30,18]
[-14,63,0];[46,30,18]
[-30,84,2];[66,101,49]
[-41,3,-21];[82,48,33]
[-31,85,1];[57,97,41]
[-16,56,3];[57,97,41]
[-29,86,1];[63,102,46]
[-46,11,-17];[68,38,27]
[-13,47,-3];[107,121,132]
[-30,85,2];[57,97,41]
[-26,72,-11];[90,52,33]
[-14,92,-1];[49,24,16]
[-25,68,-9];[38,22,13]
[-20,68,25];[76,68,68]
[-27,76,0];[30,57,21]
[-44,1,-7];[128,79,57]
[-26,79,1];[30,58,21]
[3,27,-8];[115,73,33]
[-27,77,0];[30,57,21]
[-27,78,1];[33,60,24]
[-27,78,0];[24,53,18]
[0,7,4];[74,44,33]
[-10,58,-29];[90,48,33]
[-26,78,2];[30,57,21]
[-26,77,4];[33,65,24]
[-27,48,-11];[54,90,38]
[-28,78,21];[145,133,131]
[-23,87,-12];[60,97,43]
[-25,88,-8];[57,97,41]
[-26,87,-9];[54,90,38]
[-12,81,-23];[43,75,33]
[-24,88,-10];[54,90,38]
[3,8,-8];[79,46,33]
[-25,52,-9];[99,110,117]
[-9,82,-3];[57,93,41]
[-14,96,0];[140,101,66]
[-33,85,-3];[54,94,38]
[-30,98,-17];[33,60,33]
[-24,88,-9];[51,87,38]
[-14,87,-3];[167,175,183]
[-30,86,-7];[46,78,33]
[-19,57,-15];[63,103,46]
[-30,84,-9];[49,81,33]
[-28,80,7];[51,87,38]
[-37,29,-6];[107,65,33]
[-7,63,-9];[99,65,33]
[-30,83,-9];[24,48,16]
[-29,87,-5];[51,91,41]
[-35,52,27];[57,48,49]
[-26,88,-3];[54,90,46]
[-28,87,-4];[49,81,33]
[-26,88,-4];[54,93,38]
[-34,80,5];[30,56,21]
[-10,105,2];[99,65,16]
[-27,87,-5];[51,89,35]
[-36,69,20];[38,57,96]
[-27,87,-6];[46,85,35]
[-28,87,-5];[38,71,27]
[-29,87,-6];[33,60,24]
[-23,73,0];[33,60,24]
[-3,29,-3];[41,36,33]
[2,29,0];[115,69,33]
[-6,99,-3];[129,93,30]
[-30,65,13];[76,38,27]
[-29,86,-8];[51,83,38]
[1,31,-7];[131,85,46]
[-29,87,-7];[41,73,33]
[0,39,-25];[24,24,49]
[-26,100,-1];[181,154,123]
[-27,87,-9];[49,89,41]
[-25,87,-11];[57,97,41]
[-19,43,-8];[134,148,159]
[-26,87,-10];[51,85,35]
[-18,107,-1];[66,109,49]
[-27,86,-9];[49,81,33]
[-9,54,-4];[90,105,115]
[-5,83,-9];[33,20,8]
[-27,85,-10];[49,85,41]
[-26,86,-11];[54,90,38]
[5,28,-5];[126,83,41]
[-5,83,-13];[18,42,13]
[-3,42,-27];[140,106,54]
[-46,12,-17];[60,33,21]
[-7,82,-23];[54,86,38]
[-5,80,-11];[43,75,35]
[-28,59,-11];[24,32,49]
[-11,72,-17];[38,68,30]
[-27,77,2];[30,58,21]
[-11,74,-17];[30,59,21]
[-24,72,14];[79,26,21]
[-11,74,-16];[33,65,24]
[-27,70,28];[57,93,134]
[-10,57,-16];[51,87,35]
[-25,106,-9];[41,69,33]
[-8,46,-15];[46,82,33]
[-10,77,-17];[30,57,21]
[-27,73,14];[107,60,41]
[-11,75,-17];[30,57,21]
[4,11,3];[99,65,41]
[-20,72,2];[41,71,33]
[-20,97,-16];[24,44,16]
[-21,73,1];[38,70,30]
[-37,7,-17];[66,36,24]
[-10,73,-16];[30,57,21]
[-5,74,-17];[49,89,41]
[-26,70,-9];[90,53,30]
[-12,65,-23];[115,125,132]
[2,29,3];[132,85,49]
[-11,66,-28];[165,174,181]
[-12,65,0];[24,52,16]
[0,7,-6];[60,34,21]
[2,44,-21];[61,61,61]
[1,21,3];[74,48,33]
[-4,80,-21];[54,93,38]
[-12,63,0];[41,48,57]
[-41,14,-12];[82,52,33]
[-12,62,0];[21,48,19]
[-9,87,-19];[60,99,43]
[-11,86,-18];[66,48,8]
[-6,70,-4];[38,68,30]
[-6,70,-5];[33,69,24]
[-32,77,7];[82,97,107]
[10,1,13];[41,36,33]
[-12,89,-14];[46,81,30]
[-1,49,-27];[66,40,24]
[-6,37,1];[132,150,165]
[-6,71,-4];[49,81,33]
[-26,71,-4];[51,29,24]
[-20,42,-2];[148,162,173]
[35,34,6];[189,189,189]
[-28,29,-7];[120,139,153]
[-29,48,-8];[33,69,24]
[-25,69,-10];[38,22,13]
[-32,74,14];[71,67,63]
[-6,52,-3];[123,138,148]
[-12,70,1];[60,97,43]
[-27,71,-8];[90,52,33]
[0,29,4];[115,73,41]
[-12,60,-16];[54,86,38]
[-25,78,-1];[35,63,27]
[-2,51,-4];[35,71,33]
[-31,86,-2];[63,102,46]
[-27,81,5];[38,70,27]
[-31,58,24];[109,78,49]
[-32,55,-10];[24,28,33]
[-20,66,-17];[41,36,16]
[-27,80,6];[38,66,24]
[-25,69,-8];[41,73,33]
[-21,57,-14];[66,109,49]
[-26,78,5];[57,93,41]
[-24,47,4];[66,109,49]
[-36,73,3];[87,101,110]
[-26,78,3];[27,54,18]
[-33,49,-8];[107,85,41]
[-33,75,-3];[33,60,24]
[-27,79,-2];[24,57,21]
[-26,79,2];[30,60,21]
[-5,24,-6];[51,29,18]
[-20,69,30];[128,37,51]
[-5,83,-7];[98,60,35]
[4,25,3];[115,89,41]
[-9,44,-11];[148,158,165]
[-17,63,-14];[107,67,41]
[-26,79,4];[43,77,33]
[-25,79,2];[30,62,21]
[-35,18,-11];[71,41,30]
[-27,48,2];[33,60,24]
[-7,56,-21];[74,24,16]
[-26,78,4];[35,69,27]
[-27,74,-4];[27,52,18]
[1,13,-9];[76,45,33]
[-27,74,-5];[24,52,16]
[4,14,-7];[66,37,24]
[-28,76,-5];[27,60,24]
[-16,89,-12];[115,89,57]
[5,3,-5];[71,41,30]
[-28,72,8];[57,28,16]
[-37,0,-14];[120,71,46]
[-27,75,-5];[27,54,18]
[-27,76,-5];[30,57,21]
[-7,64,-9];[120,82,46]
[-7,102,-1];[132,97,41]
[3,43,-19];[59,59,59]
[-28,76,-6];[30,63,21]
[-28,77,-6];[30,62,21]
[-9,52,-3];[107,121,132]
[-14,82,-21];[41,36,16]
[-15,64,21];[165,125,74]
[-32,79,15];[35,53,87]
[-25,67,-4];[38,22,13]
[-25,69,-4];[30,57,21]
[-36,54,25];[63,50,49]
[1,44,-24];[123,113,189]
[-25,68,-7];[30,58,24]
[0,43,-26];[49,40,82]
[-26,69,-3];[51,28,11]
[-26,69,-4];[79,45,24]
[-13,91,-21];[24,20,0]
[-30,27,-8];[132,150,165]
[-26,69,-5];[30,56,21]
[-31,64,27];[49,69,107]
[-16,68,-15];[46,81,38]
[-29,53,-11];[49,40,16]
[-17,68,-14];[46,81,35]
[-6,80,-7];[51,85,35]
[-4,28,4];[140,93,49]
[-19,55,3];[66,105,49]
[-17,68,-15];[49,81,33]
[-9,68,-14];[33,65,24]
[-9,75,-1];[33,20,8]
[-11,76,1];[41,24,16]
[-24,71,17];[90,49,35]
[-9,73,-15];[30,57,21]
[-7,73,-14];[24,52,16]
[-25,65,14];[66,20,16]
[-18,100,-18];[33,48,24]
[-12,66,31];[99,85,90]
[-23,65,18];[65,32,18]
[-8,73,-15];[27,54,18]
[-7,67,-12];[35,69,27]
[1,43,-21];[43,45,44]
[-23,68,15];[82,41,27]
[-8,67,-13];[33,63,24]
[-3,50,-29];[49,22,16]
[-9,67,-14];[33,65,24]
[-10,67,-15];[30,60,21]
[-4,55,-5];[57,93,41]
[-23,71,16];[82,41,27]
[-10,66,-15];[38,68,30]
[-4,80,-20];[57,97,41]
[-20,65,24];[76,46,30]
[-16,75,-19];[24,28,49]
[-4,81,-18];[54,90,38]
[-4,80,-17];[41,73,33]
[-16,93,-12];[126,93,35]
[-25,49,4];[63,102,41]
[-4,80,-19];[51,89,35]
[-7,50,-15];[49,77,33]
[19,35,-8];[132,132,132]
[-24,96,-15];[33,60,33]
[-4,79,-18];[46,79,33]
[-40,27,-12];[33,17,8]
[-18,67,-14];[63,94,46]
[-17,67,-15];[63,97,46]
[15,35,-11];[142,141,142]
[-46,8,-15];[68,38,27]
[-18,66,-15];[46,81,38]
[-37,65,17];[54,45,46]
[-14,101,4];[101,67,24]
[-26,85,-11];[57,93,41]
[32,34,2];[141,141,140]
[-26,84,-12];[54,93,43]
[-8,71,-17];[38,73,30]
[-32,82,7];[54,94,41]
[-7,71,-17];[41,69,24]
[-5,42,-23];[183,144,106]
[-33,51,29];[123,113,107]
[-7,72,-17];[33,65,24]
[-3,72,-19];[49,81,33]
[-4,71,-19];[43,79,35]
[-21,84,18];[123,109,107]
[-4,74,-24];[60,93,43]
[-28,74,14];[87,49,33]
[-26,76,23];[38,59,98]
[-5,75,-25];[60,97,43]
[-24,75,26];[57,97,140]
[-10,50,-2];[117,132,142]
[-31,76,-4];[27,54,21]
[-6,75,-26];[62,106,46]
[-40,28,-13];[76,42,18]
[-8,77,-26];[54,90,38]
[-18,89,-5];[132,97,74]
[1,37,3];[165,178,189]
[9,4,-1];[66,40,24]
[-15,50,2];[38,77,30]
[-9,77,-26];[60,97,46]
[1,6,5];[68,40,30]
[-10,76,-27];[60,99,43]
[-11,77,-26];[49,82,35]
[-17,56,-16];[60,99,43]
[-26,70,-4];[38,74,30]
[-11,76,-27];[49,83,38]
[-12,76,-27];[51,83,35]
[-12,75,-27];[49,85,41]
[-15,74,-22];[35,64,27]
[-10,77,-21];[27,54,18]
[24,33,-4];[154,154,154]
[-15,75,-24];[49,89,41]
[-15,76,-23];[38,73,27]
[-10,101,-9];[104,67,24]
[-31,86,0];[66,109,49]
[-21,97,-2];[173,138,99]
[-12,78,-25];[49,89,41]
[-12,76,-26];[51,83,35]
[-25,83,1];[43,77,30]
[-6,54,-2];[54,94,41]
[-16,75,3];[41,36,27]
[-11,77,-20];[30,57,21]
[-10,64,-13];[84,57,33]
[-25,55,-10];[57,101,49]
[-13,74,-21];[30,57,21]
[-11,70,-17];[24,52,16]
[-13,75,-21];[27,54,18]
[-31,65,11];[79,44,30]
[-36,72,13];[82,73,74]
[-14,75,-23];[38,74,30]
[-21,75,-14];[33,32,49]
[-10,78,-20];[30,57,21]
[-23,62,-10];[19,49,16]
[-47,1,-9];[63,38,24]
[-9,65,-22];[117,128,134]
[21,37,-5];[113,113,113]
[-31,80,0];[30,57,21]
[-13,61,-15];[29,61,21]
[-12,74,-25];[24,52,16]
[-19,58,3];[62,103,46]
[6,18,-2];[66,36,24]
[-13,75,-24];[24,56,21]
[-41,1,-6];[148,97,66]
[-11,77,-22];[30,57,21]
[-19,82,22];[134,122,117]
[-11,77,-23];[27,54,18]
[-4,19,2];[66,38,24]
[-12,76,-23];[33,60,24]
[-12,74,-26];[29,57,21]
[-18,102,-19];[33,52,24]
[-13,75,-25];[30,58,21]
[-15,110,-11];[66,105,49]
[-27,65,13];[41,20,16]
[-12,75,-26];[35,63,27]
[-11,46,-16];[54,90,38]
[-2,16,-8];[41,36,33]
[-9,100,1];[198,166,123]
[-11,74,-27];[27,54,18]
[-3,29,-7];[148,103,57]
[-10,77,-22];[24,56,21]
[-11,67,-21];[115,125,132]
[5,1,12];[54,30,18]
[-11,76,-25];[27,54,24]
[-32,60,29];[57,49,43]
[-11,75,-26];[33,60,24]
[-12,74,-28];[27,59,24]
[-20,71,18];[35,17,8]
[-37,2,-14];[66,40,24]
[-8,65,-23];[115,125,132]
[-37,15,-13];[82,48,33]
[-28,65,11];[63,33,21]
[-32,52,28];[41,36,32]
[-35,61,21];[132,101,66]
[-10,76,-25];[35,63,27]
[-14,83,0];[24,53,21]
[-10,76,-24];[27,54,18]
[-10,75,-26];[33,65,24]
[-8,74,-27];[30,56,21]
[-11,88,-8];[131,143,151]
[-9,77,-23];[30,60,21]
[-9,76,-24];[33,60,24]
[-10,75,-27];[66,109,57]
[-23,43,-10];[148,162,173]
[-26,64,16];[82,44,24]
[-6,74,-26];[49,82,35]
[-7,75,-25];[27,52,18]
[-12,74,-20];[30,57,21]
[-16,88,-20];[222,182,99]
[-10,77,-20];[30,57,21]
[14,2,9];[66,40,24]
[-12,75,-20];[30,57,21]
[-12,74,-19];[27,54,18]
[-19,73,-15];[66,52,24]
[-16,78,21];[115,89,57]
[-20,65,20];[79,44,24]
[-34,73,0];[24,52,16]
[-25,78,23];[57,93,132]
[-25,67,-7];[38,68,24]
[-22,83,15];[99,85,82]
[-6,105,2];[206,174,74]
[-14,73,-20];[30,57,21]
[-11,87,-18];[57,44,16]
[-10,77,-19];[27,54,18]
[-24,71,13];[79,26,21]
[-27,79,7];[35,70,30]
[-12,72,-18];[30,60,21]
[-12,71,-18];[33,60,24]
[5,23,0];[54,30,18]
[-15,72,-20];[27,54,18]
[-15,74,-19];[16,16,24]
[-13,72,-18];[30,57,21]
[-24,87,-3];[57,97,49]
[-35,75,12];[90,81,82]
[-12,91,0];[206,170,132]
[-14,72,-19];[30,57,21]
[-45,2,-18];[115,73,49]
[-7,70,-17];[16,36,8]
[-30,80,5];[24,52,16]
[-8,70,-17];[8,32,8]
[-8,62,-27];[79,44,29]
[-11,66,-15];[35,63,27]
[-9,78,-19];[33,65,24]
[-25,69,10];[63,30,21]
[-8,75,-18];[27,54,18]
[4,26,-7];[140,93,49]
[-10,73,-18];[41,69,33]
[-42,8,-28];[132,85,57]
[-6,71,-18];[60,94,43]
[-36,71,5];[142,152,159]
[-9,106,2];[134,101,35]
[-7,71,-18];[24,52,16]
[-8,75,-19];[27,54,18]
[-16,64,24];[38,82,115]
[-8,72,-18];[30,57,21]
[-9,77,-19];[30,57,21]
[-38,29,-9];[106,120,129]
[-39,0,-16];[82,48,33]
[-31,44,-6];[153,170,181]
[-9,87,-11];[74,44,24]
[-9,76,-19];[30,60,21]
[-12,101,-1];[49,77,33]
[-2,1,1];[123,73,49]
[-13,65,0];[51,81,35]
[-9,75,-18];[30,60,21]
[-41,17,-25];[41,36,33]
[-34,76,-1];[30,57,21]
[-9,74,-18];[27,54,18]
[-19,64,26];[38,82,115]
[-9,71,-17];[33,65,24]
[-7,75,-27];[49,85,41]
[-9,70,-17];[16,36,8]
[-29,33,-10];[173,190,198]
[-19,96,-12];[33,48,24]
[-17,55,3];[49,81,33]
[-29,81,-9];[49,81,41]
[1,39,1];[156,178,192]
[-25,63,-15];[8,8,8]
[-9,66,-2];[30,59,21]
[-7,85,-21];[66,109,49]
[-37,23,-20];[99,60,41]
[-29,80,-9];[41,77,33]
[-3,50,-5];[148,162,173]
[-2,3,-1];[71,42,30]
[-23,79,24];[33,48,82]
[-9,62,-29];[57,32,24]
[-27,71,19];[68,60,60]
[-21,69,-12];[51,83,35]
[-27,83,-11];[54,93,43]
[-27,84,-12];[57,101,49]
[-24,57,-1];[74,85,93]
[-29,83,-10];[46,82,38]
[-33,29,-11];[41,36,33]
[-1,20,3];[63,34,21]
[-21,87,-3];[30,57,21]
[-22,88,-4];[27,54,18]
[-38,4,-21];[106,64,40]
[-3,34,-4];[181,203,206]
[-26,79,-2];[27,53,18]
[2,34,0];[140,162,173]
[-8,77,-21];[30,56,21]
[-27,78,-3];[21,46,18]
[-10,106,-9];[41,69,33]
[-26,79,-1];[33,65,24]
[-30,58,25];[46,40,38]
[-17,52,3];[41,77,33]
[-26,81,0];[33,65,24]
[-9,71,29];[82,77,74]
[-25,84,1];[51,87,35]
[-18,62,-14];[30,63,24]
[0,29,0];[117,79,43]
[-31,50,-9];[82,65,33]
[-36,2,-11];[68,41,27]
[-25,81,-1];[24,60,24]
[-37,0,-10];[120,74,46]
[-11,87,-7];[139,154,164]
[-15,63,24];[175,140,96]
[-10,77,-26];[51,91,41]
[1,8,3];[65,38,27]
[-25,82,0];[21,51,18]
[-25,81,0];[41,73,33]
[-35,97,-19];[49,77,33]
[-34,42,-11];[82,69,24]
[-23,88,-5];[43,75,30]
[-13,56,-15];[74,83,90]
[-44,18,-23];[74,44,33]
[-33,84,0];[49,83,35]
[-31,24,-16];[43,25,13]
[-23,88,-8];[43,78,30]
[-22,88,-8];[33,69,24]
[-8,74,-24];[71,81,87]
[-23,88,-7];[38,75,27]
[-34,55,24];[51,44,43]
[-30,21,-9];[140,97,49]
[-29,79,13];[71,59,49]
[-37,5,-11];[87,53,33]
[-23,88,-11];[54,91,38]
[-17,62,30];[65,54,52]
[-44,3,-20];[66,40,24]
[-37,0,-9];[123,77,49]
[-22,45,-14];[43,75,30]
[-22,102,-2];[24,36,16]
[-20,87,-13];[57,97,41]
[-39,15,-12];[104,66,41]
[-8,53,-16];[41,77,33]
[-22,89,-8];[33,69,24]
[-29,66,9];[63,33,21]
[-20,87,-14];[60,99,46]
[-21,87,-13];[60,97,46]
[-9,52,0];[33,63,24]
[-18,87,-1];[35,70,33]
[-5,18,0];[54,30,18]
[-16,87,-16];[63,101,46]
[-17,87,-15];[54,93,43]
[-27,56,-6];[51,83,35]
[-30,70,8];[74,85,90]
[-18,87,-15];[60,95,43]
[-6,76,-10];[35,69,27]
[-12,72,2];[38,22,13]
[-24,68,19];[51,38,27]
[-27,83,-12];[54,94,41]
[-20,78,25];[90,77,74]
[-27,78,-12];[57,93,41]
[-27,73,-7];[29,57,18]
[-5,33,1];[129,144,156]
[-26,80,-12];[63,101,46]
[-4,28,-6];[87,86,87]
[-22,44,1];[150,164,175]
[-26,79,-12];[60,98,46]
[-27,81,-12];[60,97,46]
[-27,79,-11];[51,89,35]
[-23,66,15];[115,40,33]
[-20,69,3];[76,46,27]
[-28,81,-11];[57,89,41]
[-3,16,-7];[96,58,38]
[-29,79,-10];[43,71,27]
[-25,56,-13];[33,36,49]
[-24,66,-14];[123,101,49]
[-26,83,-13];[66,105,49]
[4,35,-23];[99,93,173]
[-26,82,-13];[54,97,46]
[-20,85,19];[140,125,123]
[-46,2,-19];[123,81,57]
[-26,81,-13];[63,98,46]
[-26,80,-13];[57,93,41]
[-22,109,-9];[57,97,41]
[-20,51,-15];[51,87,41]
[-37,43,-8];[41,32,8]
[-26,78,-12];[54,97,43]
[-11,75,-19];[30,57,21]
[-25,65,-16];[74,60,33]
[5,18,-6];[66,38,24]
[-22,82,-15];[60,95,43]
[-24,83,-14];[57,93,41]
[-8,51,-2];[120,135,145]
[-25,82,-13];[66,105,49]
[-25,80,-13];[54,94,43]
[-25,79,-13];[66,105,49]
[-26,84,-13];[60,98,43]
[-22,83,-15];[60,97,43]
[-33,95,-22];[41,69,33]
[2,28,3];[107,65,33]
[-23,84,-14];[60,99,43]
[-24,84,-14];[63,101,46]
[-25,86,-12];[51,91,41]
[-25,84,-13];[60,97,46]
[0,43,-3];[148,166,181]
[-33,26,-17];[49,28,16]
[-21,86,-14];[60,95,43]
[-38,10,-16];[57,32,16]
[-29,69,16];[104,59,41]
[-21,85,-15];[60,99,43]
[32,33,2];[147,148,148]
[10,40,-14];[107,107,107]
[-22,85,-14];[63,102,46]
[-22,84,-14];[63,101,46]
[-23,86,-13];[57,97,41]
[-41,25,-17];[71,42,30]
[-22,64,19];[46,22,18]
[-19,69,3];[87,49,27]
[-23,85,-13];[60,99,43]
[-32,23,-6];[145,101,54]
[-8,77,-17];[30,62,21]
[-5,84,-19];[63,107,46]
[4,1,-5];[132,83,57]
[-9,76,-18];[35,67,27]
[5,15,-7];[54,30,21]
[-30,29,-15];[134,90,49]
[-12,81,-20];[107,89,41]
[-16,81,1];[63,106,46]
[-12,81,-19];[41,36,16]
[-37,1,-12];[66,36,24]
[-14,85,-17];[57,97,41]
[-13,83,-19];[33,16,8]
[2,27,2];[49,40,33]
[-14,85,-18];[24,28,41]
[28,31,-1];[195,194,194]
[-20,86,-15];[60,97,43]
[-15,86,-16];[57,93,41]
[-16,86,-16];[60,99,43]
[-17,86,-16];[66,101,49]
[-17,85,-16];[57,36,16]
[-7,62,-24];[77,42,29]
[-33,76,19];[128,116,106]
[-20,66,-14];[43,77,35]
[-1,30,-8];[150,105,60]
[-18,86,-15];[63,98,46]
[-18,85,-16];[60,99,43]
[-10,45,-29];[8,12,33]
[-1,47,-26];[57,36,24]
[-34,101,-21];[57,89,41]
[-18,84,-16];[60,97,43]
[-11,46,-30];[74,65,123]
[-18,59,1];[74,85,90]
[-19,84,-16];[63,102,46]
[6,17,-3];[63,34,21]
[-24,65,-2];[21,46,13]
[-32,32,-15];[156,113,66]
[-16,51,3];[38,70,30]
[-22,65,0];[24,48,16]
[-22,65,-1];[33,65,24]
[-43,11,-15];[49,28,16]
[-24,66,-2];[35,64,30]
[1,23,4];[49,28,16]
[-24,65,-3];[21,44,13]
[-8,50,-16];[46,75,33]
[-46,5,-10];[74,44,33]
[-7,65,-8];[18,41,13]
[-5,36,3];[129,144,162]
[-22,72,19];[79,37,24]
[-5,83,-14];[46,82,38]
[-4,84,-15];[54,94,41]
[-17,92,-11];[104,70,24]
[-13,46,-16];[54,90,38]
[13,2,8];[66,36,24]
[-36,58,26];[134,119,115]
[-5,83,-15];[49,89,41]
[-15,66,0];[137,113,46]
[-21,47,5];[46,89,38]
[-25,79,-1];[35,64,27]
[-14,66,1];[30,60,21]
[-4,44,-22];[79,53,38]
[-15,64,2];[128,103,43]
[-23,89,-9];[43,77,27]
[-15,65,24];[74,52,41]
[-15,63,2];[115,97,41]
[-26,69,10];[54,26,16]
[-14,65,2];[134,114,49]
[-34,79,13];[90,77,82]
[-4,42,-25];[183,144,106]
[-14,79,-17];[24,32,49]
[-13,64,1];[107,69,41]
[-13,63,1];[109,71,41]
[-25,57,28];[93,61,32]
[12,4,10];[76,42,33]
[-8,43,-28];[189,154,131]
[-9,92,-4];[173,142,99]
[-18,52,-16];[57,89,41]
[-11,66,-1];[24,56,16]
[-11,66,0];[30,60,21]
[-32,75,8];[142,154,162]
[-1,7,-8];[79,48,33]
[-12,66,1];[33,65,24]
[-14,62,2];[173,158,66]
[-7,69,-22];[132,142,148]
[-10,66,-22];[123,138,148]
[-12,62,1];[156,138,57]
[-11,88,-11];[46,73,30]
[-14,76,27];[38,58,98]
[-10,63,0];[66,40,16]
[-2,51,-24];[49,22,16]
[-17,52,-13];[74,87,96]
[-5,43,-10];[148,163,175]
[-32,39,-6];[156,174,186]
[-11,65,0];[140,113,41]
[-21,105,-20];[49,77,33]
[-11,62,0];[156,138,57]
[-10,74,-27];[44,73,32]
[-13,65,1];[123,101,41]
[-8,107,-3];[82,142,66]
[-21,73,-13];[46,81,38]
[-13,61,0];[132,109,41]
[8,11,0];[82,49,33]
[-26,58,-9];[57,94,43]
[-32,26,-7];[107,69,33]
[-13,109,-2];[82,130,57]
[-28,76,-7];[35,66,27]
[-15,61,1];[27,52,18]
[-15,64,22];[153,117,68]
[-32,19,-13];[54,32,18]
[-43,5,-7];[90,52,33]
[-29,23,-13];[115,73,33]
[-15,63,0];[33,65,33]
[-14,65,30];[74,65,66]
[-15,65,0];[33,69,33]
[4,41,-18];[52,52,52]
[-15,64,1];[46,30,18]
[-35,81,0];[51,86,35]
[-15,64,0];[33,69,33]
[0,27,-8];[132,87,41]
[-5,49,-27];[49,22,16]
[-27,75,5];[33,65,24]
[-44,1,-17];[107,70,43]
[-10,65,-1];[173,150,74]
[-10,62,-1];[131,110,51]
[3,40,-21];[41,40,82]
[-29,59,-12];[41,36,8]
[-19,87,-14];[51,91,41]
[5,8,6];[90,52,33]
[-11,61,-1];[16,44,16]
[-12,61,-1];[140,114,46]
[-40,13,-24];[33,24,16]
[-22,58,2];[57,93,41]
[-10,64,-2];[43,30,16]
[-10,63,-2];[49,30,16]
[-17,62,1];[41,69,33]
[-10,61,-2];[24,48,16]
[-8,48,-13];[107,121,132]
[-13,87,-16];[51,91,35]
[-13,87,-17];[96,58,38]
[-12,74,2];[44,38,32]
[-19,68,31];[46,68,109]
[-43,16,-13];[66,36,24]
[-15,88,-14];[35,70,27]
[-4,78,-17];[33,65,24]
[-13,88,-15];[90,56,33]
[-4,33,-4];[186,203,211]
[-9,88,-14];[96,58,38]
[-24,71,18];[74,40,24]
[-9,87,-14];[63,102,46]
[-32,18,-15];[66,36,24]
[-9,86,-5];[38,70,30]
[-10,88,-14];[96,60,38]
[-10,88,-15];[93,57,35]
[3,29,-2];[153,168,181]
[-11,88,-15];[96,60,38]
[-11,87,-16];[57,97,41]
[-46,10,-23];[71,41,30]
[-30,49,-4];[51,90,38]
[-15,52,-17];[60,99,43]
[-22,69,0];[41,73,33]
[-6,74,-21];[27,56,18]
[-32,73,-1];[30,60,21]
[-20,46,1];[123,138,148]
[-24,50,-13];[54,90,41]
[-17,69,-14];[51,81,35]
[-23,69,0];[38,68,24]
[-8,102,1];[115,85,24]
[-3,50,-10];[120,133,145]
[-24,68,-2];[35,64,27]
[-26,71,-2];[66,36,16]
[-3,29,0];[95,56,27]
[-20,68,1];[38,22,13]
[-22,69,1];[24,52,18]
[-28,79,20];[51,81,120]
[-19,69,1];[18,38,16]
[-1,10,-8];[93,54,35]
[-12,86,-19];[90,73,33]
[-23,107,-17];[49,81,41]
[-21,69,1];[21,48,13]
[-26,56,-9];[51,87,35]
[-21,68,1];[38,22,13]
[-10,83,-3];[35,73,30]
[-33,17,-16];[51,29,16]
[-9,76,2];[96,63,33]
[-11,56,-15];[74,85,93]
[-10,82,-3];[51,89,38]
[-47,3,-19];[123,77,49]
[-9,82,-4];[32,69,29]
[13,1,10];[38,32,27]
[-9,81,-3];[30,62,21]
[-25,68,17];[71,33,21]
[-6,86,-15];[16,48,16]
[8,3,13];[76,45,30]
[-8,81,-4];[35,67,27]
[-15,99,3];[104,69,24]
[-8,79,-3];[33,65,24]
[-8,78,-3];[33,65,24]
[-28,50,-13];[41,32,8]
[-8,76,-2];[33,20,8]
[-5,17,0];[54,30,16]
[-9,59,-5];[74,86,96]
[-8,75,-26];[27,54,18]
[-10,95,-10];[46,62,77]
[-8,74,-2];[54,87,38]
[-7,74,-3];[57,97,41]
[-6,73,-4];[43,83,35]
[-6,72,-11];[27,56,18]
[-6,73,-5];[43,78,29]
[-6,72,-6];[35,69,27]
[-5,71,-7];[33,65,24]
[-27,45,-10];[156,171,181]
[5,29,-4];[120,81,38]
[-21,46,5];[30,63,21]
[-15,79,-20];[24,32,41]
[-15,66,2];[24,52,16]
[-6,71,-7];[30,63,21]
[-21,71,20];[49,22,16]
[-17,80,-19];[49,36,8]
[-6,68,-6];[49,85,41]
[0,22,4];[63,34,21]
[-27,70,-6];[79,49,27]
[-7,69,-4];[51,82,35]
[-6,68,-8];[33,65,24]
[-14,68,23];[140,106,54]
[-23,54,-10];[74,87,96]
[-3,23,5];[137,94,49]
[-7,68,-9];[29,61,21]
[-39,24,-19];[93,57,35]
[6,25,1];[148,102,57]
[-7,68,-10];[35,63,27]
[0,14,-8];[84,49,33]
[-17,46,3];[43,82,30]
[-5,70,-7];[33,69,24]
[-6,87,-9];[74,117,49]
[-6,69,-9];[30,64,21]
[-7,68,-12];[24,52,16]
[-25,85,-1];[16,41,13]
[-35,81,1];[51,89,35]
[-24,86,-1];[46,81,35]
[-3,43,-29];[107,60,41]
[-33,67,25];[41,73,112]
[-24,85,-1];[46,77,30]
[-10,52,0];[33,65,24]
[-34,79,10];[41,77,107]
[-8,82,-5];[38,70,30]
[-17,67,32];[84,75,74]
[-8,61,-22];[65,36,21]
[-20,69,17];[46,30,21]
[-25,63,-14];[107,89,41]
[-23,43,-9];[148,162,173]
[-7,26,-2];[123,79,38]
[-25,44,-10];[153,168,178]
[-10,66,-1];[33,69,24]
[-10,71,-17];[30,57,21]
[-8,68,-22];[107,117,123]
[-7,72,-14];[24,52,16]
[-9,72,-16];[33,66,24]
[2,30,0];[156,174,189]
[-6,72,-12];[21,52,16]
[-16,58,2];[54,97,41]
[-11,70,-16];[33,60,24]
[-38,67,19];[74,69,66]
[-10,68,-15];[30,62,21]
[-30,71,17];[71,62,57]
[-9,69,-15];[30,56,21]
[-37,93,-19];[49,81,41]
[-6,83,-21];[63,105,46]
[-14,81,-20];[33,16,8]
[4,25,1];[49,28,16]
[-8,69,-14];[33,60,24]
[-5,58,-28];[66,40,24]
[-9,69,-14];[30,57,21]
[-7,70,-14];[38,73,30]
[-9,70,-16];[30,60,21]
[-25,58,-7];[74,85,90]
[-8,89,-9];[74,117,57]
[-7,71,-12];[27,54,18]
[-6,23,0];[41,34,30]
[2,12,4];[71,41,30]
[-5,48,0];[159,175,183]
[-32,57,-11];[24,24,33]
[-8,88,-21];[49,40,16]
[-9,61,-11];[66,78,84]
[-9,74,-16];[33,65,24]
[-6,71,-9];[30,64,21]
[-13,84,-19];[49,40,8]
[-13,86,-18];[90,73,33]
[-6,77,-9];[43,79,35]
[15,37,-10];[106,106,106]
[5,27,-5];[123,81,41]
[-7,79,-4];[38,68,30]
[-13,70,31];[104,94,87]
[-4,16,1];[60,33,21]
[-26,55,-10];[57,93,41]
[-33,23,-19];[74,44,33]
[-26,98,-23];[41,60,33]
[-31,102,-21];[57,93,41]
[-7,77,-3];[29,57,21]
[-2,48,-8];[137,152,165]
[-11,48,-16];[49,89,38]
[-27,85,-11];[57,93,41]
[-6,79,-6];[49,85,41]
[-29,79,14];[90,65,41]
[-33,72,6];[99,113,123]
[-29,23,-10];[137,95,49]
[-15,69,21];[128,94,49]
[-8,87,-11];[30,60,21]
[-22,96,-15];[33,52,24]
[-2,29,-8];[148,103,57]
[-28,103,-15];[41,60,33]
[-9,87,-9];[30,57,21]
[-15,51,-13];[74,87,96]
[-9,54,-16];[46,82,38]
[-9,88,-10];[35,63,27]
[-18,89,-13];[68,110,54]
[5,17,-6];[68,41,27]
[-9,88,-12];[90,56,33]
[-28,36,-1];[173,190,198]
[-8,86,-8];[30,60,21]
[-9,86,-8];[27,56,18]
[-37,79,1];[43,79,35]
[-8,97,-2];[222,219,222]
[-8,85,-7];[82,49,27]
[-44,20,-18];[54,30,21]
[-26,68,-2];[73,42,24]
[-38,8,-25];[68,41,27]
[-15,87,-16];[51,33,24]
[-45,9,-26];[74,44,33]
[-6,83,-9];[35,67,27]
[0,15,-8];[87,54,33]
[-43,21,-19];[66,40,24]
[-29,25,-7];[140,101,49]
[-23,88,-3];[35,69,27]
[12,5,6];[74,44,33]
[-7,83,-7];[38,73,30]
[-28,68,20];[82,52,33]
[-18,92,-5];[189,154,115]
[-27,69,8];[49,32,24]
[-15,98,1];[115,117,123]
[-5,80,-9];[51,86,43]
[-19,65,26];[204,204,204]
[-5,79,-8];[60,95,46]
[-15,110,-5];[82,134,57]
[-30,60,29];[38,56,95]
[-31,70,11];[90,49,35]
[-5,76,-7];[43,78,33]
[-5,78,-9];[51,85,41]
[-27,82,12];[90,77,73]
[-19,69,17];[46,22,18]
[-5,61,-21];[71,34,24]
[6,2,0];[99,60,41]
[-14,92,-3];[16,12,8]
[-6,75,-6];[46,86,38]
[-5,75,-6];[51,89,35]
[-5,84,-14];[51,81,35]
[-6,74,-7];[41,77,33]
[-6,73,-6];[33,69,24]
[-7,51,-26];[41,29,21]
[-25,39,0];[165,184,195]
[-6,73,-8];[29,61,21]
[28,33,-1];[148,148,148]
[-26,73,-4];[46,77,38]
[-5,75,-17];[41,77,33]
[-21,75,1];[43,74,35]
[-6,72,-10];[30,60,21]
[-4,83,-16];[51,91,35]
[-28,75,16];[148,117,82]
[-28,32,-10];[153,172,183]
[-6,79,-7];[66,109,49]
[-17,101,-18];[33,56,24]
[-24,46,1];[148,162,173]
[-6,78,-7];[66,105,49]
[-3,51,-23];[65,30,21]
[-11,59,-3];[74,89,99]
[-6,77,-4];[57,97,41]
[-31,66,16];[104,59,41]
[-6,77,-6];[66,109,49]
[-6,75,-5];[66,105,49]
[-31,37,-8];[159,180,192]
[-6,75,-4];[54,94,43]
[-24,64,-4];[57,48,24]
[-20,88,0];[74,113,57]
[2,38,-22];[66,60,115]
[-24,62,-3];[24,49,18]
[-6,52,-13];[82,97,107]
[-4,82,-19];[63,102,46]
[-6,49,-28];[49,22,16]
[-31,80,7];[30,60,21]
[-15,78,2];[66,109,49]
[1,41,-22];[97,97,97]
[-14,56,2];[46,85,35]
[-20,59,1];[74,85,90]
[-4,83,-19];[63,102,46]
[-14,70,22];[51,44,43]
[-10,101,-12];[24,40,16]
[-13,75,2];[115,74,43]
[-6,74,-11];[27,54,18]
[-37,9,-17];[71,40,27]
[-5,84,-20];[66,109,49]
[-10,74,2];[132,113,49]
[-14,70,2];[32,71,27]
[-6,85,-19];[71,118,54]
[-43,3,-21];[79,49,30]
[-5,85,-16];[63,102,46]
[-17,94,0];[82,47,18]
[-31,74,1];[27,56,18]
[-4,84,-17];[63,105,46]
[-32,22,-7];[140,93,49]
[-5,34,2];[120,140,156]
[2,23,3];[71,40,30]
[-6,86,-17];[66,109,49]
[-29,57,-14];[57,48,16]
[-27,73,-10];[41,73,33]
[-21,81,-15];[60,98,43]
[-24,78,-14];[57,97,41]
[-18,49,0];[96,110,120]
[-29,25,-11];[129,86,46]
[-11,104,-13];[33,48,24]
[-9,60,-14];[38,66,24]
[-17,77,21];[115,85,49]
[-21,81,-16];[57,97,41]
[-7,50,-27];[63,42,27]
[1,38,0];[137,156,178]
[-21,80,-16];[60,98,46]
[-22,78,-15];[63,98,46]
[-6,61,-29];[109,66,43]
[7,10,-5];[63,34,21]
[-40,92,-21];[57,97,49]
[-38,77,3];[24,52,16]
[7,42,-16];[56,56,56]
[-8,103,-6];[49,77,33]
[-21,40,-4];[148,166,181]
[-33,37,-5];[153,174,186]
[-8,103,-4];[33,56,24]
[-24,79,-14];[63,102,46]
[-24,78,-13];[63,102,46]
[-9,39,-4];[156,172,186]
[-25,87,-3];[57,93,49]
[-32,95,-22];[49,77,33]
[-24,77,-13];[57,93,41]
[-18,80,-17];[109,66,35]
[-21,100,-21];[33,60,33]
[7,2,13];[66,36,24]
[-11,90,-2];[189,154,115]
[6,18,-3];[66,36,24]
[-19,81,-17];[24,28,41]
[-18,109,-4];[66,113,49]
[-19,80,-17];[79,49,30]
[-6,74,-12];[33,60,24]
[-20,82,-16];[66,105,49]
[-3,28,2];[140,158,173]
[-24,73,16];[90,48,33]
[-21,53,-15];[60,97,46]
[-13,67,1];[71,116,54]
[-4,13,-4];[71,42,30]
[-9,107,-4];[66,113,49]
[-36,72,12];[176,185,192]
[6,0,13];[129,81,55]
[-17,83,-17];[54,32,24]
[-11,93,-1];[148,134,132]
[-14,48,2];[46,82,33]
[-21,68,2];[41,24,8]
[-18,96,-12];[24,40,16]
[-35,25,-5];[99,60,33]
[-15,110,-6];[82,130,57]
[-7,58,-12];[71,82,90]
[8,12,1];[84,49,33]
[-16,84,-18];[33,16,8]
[-14,98,4];[132,101,33]
[-34,82,0];[54,90,38]
[-30,30,-1];[148,166,181]
[44,29,13];[92,92,92]
[-11,109,-3];[49,93,41]
[-12,60,-2];[76,89,99]
[-19,78,20];[49,40,41]
[-4,8,-4];[79,46,33]
[-29,26,-12];[84,85,84]
[-20,55,4];[63,102,46]
[-16,81,-18];[90,56,33]
[-16,79,-18];[74,65,24]
[-9,47,0];[153,171,181]
[-18,67,19];[79,49,33]
[-40,89,-20];[57,97,41]
[-17,80,-17];[66,105,49]
[8,41,-18];[59,59,59]
[-10,87,-23];[74,56,24]
[-28,98,-15];[33,60,33]
[-31,80,6];[33,60,24]
[-13,93,0];[206,174,140]
[-7,54,-30];[87,45,30]
[-8,64,-22];[126,140,151]
[-18,83,-17];[66,56,33]
[-14,69,-23];[109,121,129]
[-14,101,0];[49,77,33]
[-18,82,-17];[41,32,8]
[-18,81,-17];[51,33,24]
[-6,26,-4];[132,89,41]
[-14,77,-23];[35,70,30]
[-30,103,-21];[49,85,41]
[-19,109,-14];[57,97,49]
[-7,75,-26];[60,101,43]
[-19,82,-17];[16,20,33]
[-9,57,-15];[49,87,38]
[-23,47,-14];[46,85,38]
[-20,83,-16];[60,97,46]
[-15,83,-18];[41,32,8]
[-4,12,0];[63,34,21]
[-47,6,-16];[66,36,24]
[-5,58,-22];[41,24,16]
[-14,81,-19];[33,16,8]
[-20,50,-11];[82,95,104]
[-23,60,0];[41,77,33]
[-35,47,-8];[123,105,49]
[-11,51,-17];[49,89,41]
[-26,36,-9];[150,168,183]
[-14,79,-18];[41,32,8]
[-16,54,-13];[74,85,90]
[-14,78,-18];[24,32,41]
[-13,66,-27];[143,155,164]
[0,38,-23];[33,32,66]
[-27,74,-9];[38,73,30]
[-4,78,-18];[46,79,33]
[-28,75,-7];[41,73,33]
[-12,78,-24];[46,85,38]
[-45,0,-14];[101,62,38]
[3,35,-24];[66,60,115]
[-28,75,-10];[49,85,41]
[-34,32,-15];[148,102,57]
[-27,48,0];[140,154,165]
[-4,29,-3];[107,69,41]
[-27,76,-11];[51,85,35]
[-2,51,-25];[66,44,33]
[-24,82,-14];[60,99,43]
[-29,96,-23];[41,60,33]
[-5,79,-9];[49,83,35]
[-28,76,-10];[41,77,33]
[-24,72,-11];[38,66,24]
[-10,73,-17];[38,70,24]
[-27,44,1];[165,182,189]
[-35,73,10];[140,154,165]
[-11,73,-17];[38,71,30]
[21,34,-5];[126,126,125]
[-16,70,-15];[46,81,35]
[-21,104,-2];[41,60,33]
[-15,71,-15];[46,77,30]
[-16,70,-14];[43,77,35]
[-20,71,-13];[46,81,38]
[-21,71,-12];[54,86,38]
[-36,12,-17];[60,33,18]
[5,30,-3];[132,89,49]
[-7,46,-30];[24,20,41]
[-9,70,-20];[57,69,74]
[-27,37,-9];[162,175,186]
[-15,108,-14];[49,81,41]
[-24,73,-12];[96,57,33]
[-20,72,-12];[46,82,38]
[-34,100,-19];[49,77,33]
[-3,38,-6];[165,182,189]
[-9,84,-5];[54,86,38]
[-10,49,-14];[99,113,123]
[-20,68,18];[49,20,16]
[3,27,0];[66,73,82]
[-7,88,-7];[66,111,49]
[-6,22,0];[41,24,16]
[-5,14,-3];[63,34,24]
[-28,83,4];[49,79,33]
[-22,73,-12];[49,81,41]
[-22,96,-5];[49,85,41]
[-22,72,-12];[46,78,38]
[-24,63,-9];[79,49,30]
[28,34,-1];[146,145,146]
[-23,74,-13];[107,65,35]
[-6,45,-11];[140,154,165]
[-32,21,-16];[57,32,18]
[-24,74,-12];[115,69,41]
[-11,77,-19];[38,73,30]
[-32,69,7];[115,125,132]
[10,0,6];[115,71,46]
[-41,29,-12];[112,70,33]
[-10,104,6];[173,146,57]
[-10,77,-18];[35,67,27]
[-37,26,-6];[57,32,16]
[-10,75,-18];[27,54,18]
[-12,75,-18];[49,85,41]
[-11,55,-17];[54,90,38]
[-16,94,-12];[115,81,30]
[-12,73,-17];[38,70,30]
[-11,71,-27];[154,163,170]
[-14,75,-17];[49,81,33]
[-11,74,30];[82,77,74]
[-26,69,21];[68,53,43]
[-7,85,-8];[35,64,27]
[-14,74,-17];[49,81,33]
[-33,67,12];[68,36,21]
[5,25,2];[120,75,38]
[-8,101,-7];[104,67,24]
[-14,72,-16];[38,69,27]
[-7,106,-2];[181,148,54]
[-23,51,4];[51,91,35]
[-6,99,-1];[99,69,24]
[-36,80,5];[60,93,46]
[-15,74,-16];[41,73,33]
[-15,73,-16];[46,78,33]
[-5,16,-4];[74,44,33]
[-26,55,0];[43,81,35]
[-31,36,-2];[153,168,181]
[-32,73,0];[33,60,24]
[-18,81,18];[76,67,68]
[-11,44,-1];[148,162,173]
[-17,72,-14];[46,82,38]
[-4,54,-9];[41,73,33]
[-18,73,-14];[51,81,35]
[-18,72,-14];[49,82,35]
[6,11,-6];[63,34,21]
[5,29,-3];[126,83,43]
[-5,81,-14];[38,70,30]
[-19,71,3];[90,56,33]
[-34,22,-20];[79,46,33]
[-24,106,-7];[49,77,33]
[-4,81,-14];[38,73,30]
[-19,49,-16];[51,83,35]
[-9,70,-27];[173,186,189]
[-21,95,-7];[115,85,24]
[20,39,-6];[106,106,105]
[-6,50,-15];[41,73,33]
[-29,73,2];[30,57,21]
[-12,108,-11];[57,97,41]
[-9,77,-16];[27,54,18]
[-8,50,-24];[66,28,24]
[-10,75,-17];[33,60,24]
[-28,85,-9];[46,82,38]
[-25,74,-11];[41,69,24]
[-26,78,-2];[29,60,27]
[-22,97,-9];[49,77,33]
[-16,84,0];[46,83,38]
[-30,32,-12];[173,186,198]
[-5,103,-1];[123,89,24]
[-14,76,-20];[30,57,21]
[-10,78,-18];[33,60,24]
[-28,83,-11];[54,89,38]
[-8,47,-15];[43,79,30]
[-14,101,5];[126,93,30]
[-10,78,-17];[30,60,21]
[-26,73,-5];[24,56,16]
[-12,86,-18];[115,93,49]
[-25,58,-6];[74,81,90]
[-31,26,-6];[109,68,38]
[-15,75,-17];[8,8,0]
[-25,64,22];[32,16,5]
[-12,87,-22];[99,81,41]
[-16,77,-18];[60,97,43]
[-13,101,-1];[49,77,33]
[-17,76,-17];[33,36,49]
[-18,77,-17];[24,32,41]
[-23,65,-1];[18,44,10]
[-14,81,-17];[74,60,24]
[-21,57,1];[74,87,96]
[-13,76,-18];[51,87,35]
[-25,56,32];[68,63,60]
[-30,38,-9];[178,196,203]
[-1,46,-3];[156,170,181]
[-13,80,-23];[33,69,24]
[-32,23,-17];[57,34,21]
[-3,30,3];[129,147,162]
[-12,79,-20];[66,56,33]
[-24,69,16];[71,34,24]
[5,13,-7];[66,36,24]
[-20,71,23];[90,77,74]
[-12,80,-20];[33,24,8]
[-32,75,-3];[30,57,21]
[-25,67,-15];[90,73,41]
[-41,24,-9];[43,21,10]
[1,38,-2];[145,162,175]
[-12,80,-21];[24,20,8]
[22,36,-6];[119,120,119]
[-11,80,-20];[57,36,24]
[-21,64,-14];[24,32,49]
[-13,79,-23];[33,69,24]
[-15,76,-21];[30,57,21]
[-26,67,-4];[38,22,13]
[-11,76,-23];[27,56,18]
[-10,94,0];[206,170,132]
[-28,28,-7];[123,142,156]
[-24,36,-5];[134,152,167]
[-23,67,15];[71,37,27]
[-16,46,-4];[90,103,112]
[-14,77,-22];[30,64,21]
[-35,81,2];[49,85,33]
[-11,77,1];[41,24,16]
[-11,84,-21];[43,79,35]
[-46,7,-18];[66,38,24]
[-10,71,-16];[30,62,21]
[-15,75,2];[21,49,13]
[-18,97,-16];[41,69,33]
[-3,76,-21];[60,97,43]
[-11,84,-20];[27,53,18]
[-3,75,-22];[68,107,51]
[-44,21,-14];[60,33,18]
[3,47,-19];[41,32,66]
[-7,70,-24];[126,139,148]
[-3,74,-22];[68,107,51]
[-18,67,26];[66,60,57]
[-32,79,17];[198,190,181]
[-25,84,0];[51,85,35]
[-4,76,-22];[60,95,43]
[-33,72,2];[68,75,84]
[-21,39,-4];[148,166,181]
[-4,75,-22];[68,107,51]
[-8,49,-25];[60,26,21]
[-31,25,-16];[49,32,24]
[-4,72,-18];[38,70,30]
[-31,76,7];[95,106,112]
[-12,102,2];[115,85,24]
[-4,73,-19];[38,74,27]
[-3,73,-19];[46,81,35]
[-26,54,-13];[24,24,33]
[-6,64,-23];[77,91,101]
[2,7,6];[74,44,33]
[20,35,-6];[121,121,121]
[-11,51,1];[41,77,33]
[-15,64,25];[165,130,115]
[-7,28,-4];[132,89,49]
[-30,48,-8];[27,59,21]
[-28,32,-2];[134,152,167]
[8,10,-1];[71,42,30]
[-5,78,-23];[57,101,41]
[-14,76,-25];[38,73,30]
[-9,65,-28];[181,186,198]
[-13,69,1];[66,109,49]
[4,29,-3];[140,162,173]
[-15,74,-24];[57,97,41]
[-5,46,-31];[90,56,41]
[-33,58,29];[156,138,123]
[-22,61,28];[106,75,43]
[-30,84,-8];[38,68,30]
[-23,76,0];[35,67,27]
[-15,75,-21];[33,65,24]
[-46,12,-18];[54,30,18]
[-15,76,2];[71,41,21]
[-11,80,-19];[41,24,8]
[-24,65,-10];[41,69,33]
[-8,80,-24];[57,89,41]
[-8,82,-23];[54,90,38]
[-39,18,-23];[82,48,33]
[-8,81,-23];[51,87,35]
[-23,71,-1];[30,57,21]
[-7,77,-25];[57,93,41]
[-21,89,-11];[60,97,43]
[-26,82,2];[35,71,27]
[-36,56,23];[51,41,43]
[-5,39,3];[145,162,170]
[-13,77,-19];[8,36,8]
[-13,76,-19];[30,57,21]
[-10,57,-4];[82,95,104]
[5,2,2];[99,60,41]
[-21,61,1];[41,73,33]
[-14,74,-19];[30,57,21]
[-28,59,25];[41,32,24]
[-13,110,-10];[57,101,49]
[-25,38,-9];[156,172,186]
[-9,89,-22];[24,20,0]
[-6,82,-10];[57,89,41]
[-17,58,-13];[74,85,90]
[-11,76,-17];[33,65,24]
[-20,88,1];[71,114,49]
[-12,74,-17];[27,53,18]
[-23,81,20];[29,53,87]
[6,5,12];[79,46,33]
[-11,78,-18];[30,57,21]
[-12,78,-19];[43,75,33]
[-11,73,-26];[84,95,101]
[-20,89,-9];[132,97,74]
[-7,75,-20];[30,57,21]
[-44,17,-13];[68,41,27]
[-15,76,27];[41,65,107]
[-5,74,-21];[29,57,21]
[-40,24,-9];[33,16,8]
[-4,72,-21];[63,97,46]
[-19,72,23];[66,44,33]
[-37,98,-22];[57,93,41]
[-27,51,-1];[101,111,126]
[-1,34,4];[126,144,159]
[-7,76,-19];[30,57,21]
[-5,73,-20];[33,60,24]
[-2,31,3];[132,150,165]
[-23,108,-15];[57,97,49]
[-5,71,-19];[38,70,27]
[-4,71,-20];[49,85,41]
[-17,48,-16];[49,89,41]
[-5,73,-21];[33,60,24]
[-31,63,21];[90,60,41]
[-26,106,-16];[49,77,33]
[-4,15,-6];[90,52,33]
[-3,48,-9];[137,151,162]
[-8,50,-14];[96,110,120]
[-5,70,-19];[8,32,8]
[-5,104,0];[153,118,43]
[-4,72,-24];[24,56,24]
[-6,71,-11];[24,60,16]
[-16,75,2];[57,32,24]
[-14,92,-10];[156,130,90]
[5,0,4];[115,71,46]
[-22,66,18];[51,32,16]
[-11,69,-15];[41,73,33]
[-34,79,5];[74,85,90]
[-8,77,-20];[27,53,18]
[-32,73,9];[126,139,148]
[-35,94,-22];[49,73,33]
[-24,65,17];[71,30,21]
[-36,95,-19];[49,77,33]
[-15,44,-6];[126,139,150]
[-7,75,-23];[27,54,18]
[1,37,1];[148,162,181]
[-21,62,-12];[38,67,30]
[-4,72,-22];[66,105,49]
[-28,77,22];[41,40,49]
[-24,61,-7];[66,81,82]
[-5,73,-24];[24,56,21]
[-11,64,-1];[46,30,18]
[-6,75,-22];[27,53,18]
[-18,56,1];[82,95,104]
[-3,6,-2];[60,36,21]
[-7,76,-21];[27,54,18]
[-37,21,-8];[74,44,33]
[-7,79,-3];[33,20,8]
[-28,78,-4];[27,57,21]
[-21,103,-2];[33,52,24]
[-19,76,2];[60,99,43]
[-18,68,25];[85,50,35]
[-26,55,-14];[24,28,41]
[-3,73,-20];[57,93,41]
[-3,75,-19];[49,79,33]
[-45,7,-27];[134,87,60]
[-34,52,-9];[33,28,8]
[-27,58,-4];[54,93,38]
[-25,101,-23];[41,69,33]
[-3,74,-19];[41,77,33]
[-20,70,16];[57,28,13]
[-12,77,-18];[54,86,38]
[-4,77,-18];[33,65,24]
[-27,66,29];[132,32,49]
[-44,4,-24];[99,60,41]
[0,23,5];[165,117,66]
[-21,55,1];[82,95,104]
[-32,74,11];[115,125,132]
[-4,71,-22];[33,65,24]
[-29,71,9];[65,36,21]
[-6,73,-16];[33,69,24]
[-25,72,-10];[33,60,24]
[-11,64,-27];[118,128,134]
[-4,59,-22];[87,45,30]
[-14,97,-14];[24,44,16]
[-39,10,-15];[66,40,24]
[-4,77,-19];[43,77,29]
[6,20,-1];[68,41,27]
[-13,49,-13];[84,99,109]
[-43,0,-15];[115,77,49]
[-38,0,-9];[123,77,49]
[-42,6,-27];[93,56,38]
[-6,75,-11];[30,57,21]
[-32,98,-18];[41,69,33]
[-4,76,-17];[38,75,27]
[-25,49,3];[57,101,41]
[-5,76,-16];[33,69,24]
[-2,34,4];[129,144,162]
[-10,76,-18];[38,73,30]
[9,0,13];[132,85,57]
[-6,77,-16];[33,65,24]
[-1,47,-27];[66,40,24]
[-8,24,-2];[115,71,35]
[-13,89,-5];[132,105,74]
[-6,70,-9];[43,79,30]
[-33,30,-12];[115,73,41]
[-8,73,-16];[30,57,21]
[8,2,1];[115,73,49]
[-8,72,-16];[33,65,24]
[1,28,4];[107,65,33]
[-5,80,-15];[33,65,33]
[-6,72,-19];[24,56,21]
[-46,8,-18];[66,36,24]
[-42,27,-10];[107,69,33]
[-11,63,-14];[99,66,38]
[-8,76,-16];[33,65,24]
[-6,73,-19];[33,65,24]
[-6,74,-23];[24,48,16]
[-14,75,-25];[38,74,30]
[-16,79,25];[35,44,79]
[1,22,-8];[71,41,30]
[-19,74,2];[54,94,43]
[-13,71,2];[24,56,16]
[-13,71,1];[57,101,41]
[-8,49,-27];[49,24,16]
[-13,70,1];[51,93,35]
[-26,103,-11];[33,60,33]
[-21,109,-5];[57,97,41]
[-19,51,1];[90,105,115]
[-16,55,3];[43,82,33]
[-36,77,4];[63,75,84]
[25,36,-3];[131,130,131]
[-12,93,-9];[165,138,90]
[-9,107,-6];[66,105,49]
[-10,86,-23];[90,77,41]
[-14,72,2];[21,53,21]
[-30,96,-23];[41,65,33]
[-23,100,-4];[33,48,24]
[-15,73,2];[24,56,24]
[-15,72,2];[30,57,21]
[-34,33,-4];[156,172,186]
[0,44,-2];[153,171,186]
[-11,84,-1];[43,79,35]
[-13,73,2];[99,60,33]
[-10,105,5];[173,138,49]
[-13,74,2];[90,52,33]
[-43,5,-8];[99,60,33]
[-47,4,-20];[49,36,33]
[-33,83,-6];[41,77,33]
[-14,74,2];[21,50,13]
[-28,78,-3];[33,60,24]
[8,39,-16];[66,67,67]
[-13,76,1];[24,56,24]
[-20,52,4];[66,106,49]
[-13,78,-21];[30,56,21]
[-27,71,13];[109,63,43]
[-12,76,1];[24,56,24]
[-24,74,-13];[99,60,33]
[-7,79,-5];[38,68,30]
[-13,76,2];[74,44,24]
[-5,39,-7];[173,186,195]
[-31,73,9];[112,126,137]
[-14,76,2];[71,41,21]
[-25,72,-15];[57,48,24]
[-39,6,-26];[104,67,43]
[-11,82,0];[63,102,49]
[-38,68,17];[90,77,74]
[-13,80,1];[51,87,35]
[-18,95,-13];[49,73,33]
[-13,78,1];[63,98,46]
[-18,94,-11];[107,73,27]
[-16,73,-15];[49,81,41]
[-24,69,-2];[29,61,21]
[-16,92,-12];[107,73,24]
[29,35,2];[133,133,134]
[-16,74,2];[24,52,16]
[-9,43,-10];[156,166,173]
[-17,74,2];[51,83,35]
[5,23,1];[66,36,24]
[-18,73,2];[57,89,41]
[-28,97,-23];[49,73,33]
[-12,79,1];[82,50,27]
[-10,77,0];[30,64,30]
[-2,42,-28];[87,52,38]
[-1,31,-6];[159,176,189]
[-12,82,-22];[74,60,33]
[-7,84,-21];[60,97,43]
[-42,16,-12];[82,48,33]
[-30,73,6];[93,108,118]
[-28,50,-8];[38,69,27]
[-8,85,-21];[63,102,46]
[-14,99,2];[99,81,33]
[-6,72,-8];[38,68,30]
[-1,27,5];[145,102,54]
[-6,86,-19];[76,121,54]
[37,28,6];[246,246,246]
[11,40,-13];[51,51,51]
[-7,86,-19];[68,115,51]
[-30,44,-9];[156,170,181]
[-26,69,28];[54,93,137]
[-29,70,27];[51,87,134]
[-11,71,-19];[65,72,82]
[-8,86,-20];[68,115,51]
[-38,61,19];[115,102,99]
[-22,71,15];[60,26,18]
[-28,28,-11];[95,56,27]
[-9,86,-21];[49,40,16]
[-10,78,-1];[24,60,24]
[-24,67,-1];[41,36,33]
[-5,105,-1];[189,158,60]
[-22,51,-14];[54,93,46]
[16,36,-11];[137,137,137]
[-3,17,1];[51,28,16]
[-33,78,17];[173,162,156]
[25,37,-3];[128,128,128]
[-34,34,-9];[159,176,189]
[-33,74,10];[165,174,181]
[-9,79,-2];[30,64,21]
[-10,81,-2];[54,90,41]
[-36,56,26];[74,65,66]
[-27,50,-8];[107,122,132]
[-32,83,5];[51,87,35]
[-5,86,-6];[71,121,54]
[-11,81,-1];[46,85,35]
[-11,80,-1];[51,85,35]
[-21,69,-18];[99,81,33]
[-20,69,-13];[49,85,41]
[0,34,4];[115,134,148]
[-29,81,6];[54,90,38]
[-29,49,-12];[33,32,8]
[-23,72,-1];[27,59,18]
[-23,64,-16];[24,32,49]
[-11,79,0];[82,48,24]
[-31,80,1];[30,57,21]
[-26,75,4];[24,60,24]
[-12,41,-5];[148,162,173]
[-21,88,-6];[33,36,41]
[-21,63,-16];[24,24,33]
[-26,54,-8];[82,93,104]
[-7,58,-11];[74,85,90]
[-3,55,-29];[90,48,33]
[-27,77,6];[54,91,38]
[-30,47,-7];[140,155,167]
[-14,93,1];[198,158,115]
[-26,77,6];[54,91,38]
[-22,61,-11];[33,65,24]
[-27,77,7];[43,77,35]
[-29,84,-10];[46,82,38]
[-15,83,-17];[41,32,16]
[-24,73,17];[82,48,24]
[-33,84,-3];[54,90,38]
[-6,26,-5];[132,89,49]
[-29,80,8];[63,98,46]
[-29,85,-9];[46,78,33]
[-43,0,-14];[112,73,43]
[-17,72,2];[24,52,16]
[-28,102,-23];[49,77,33]
[-5,28,-6];[148,105,57]
[4,28,1];[57,32,16]
[-30,80,8];[68,105,51]
[-33,32,-3];[132,154,173]
[-31,81,8];[66,109,49]
[-24,56,29];[66,56,57]
[-1,45,-1];[170,187,198]
[-31,81,7];[66,109,49]
[-6,57,-3];[66,110,49]
[-6,40,2];[140,158,173]
[-30,52,30];[115,101,99]
[-6,32,-2];[156,174,181]
[-32,81,8];[60,98,46]
[-20,68,2];[41,32,24]
[-21,72,18];[24,12,8]
[-9,80,-24];[54,90,38]
[-20,57,31];[93,95,107]
[-33,81,6];[63,95,46]
[-35,81,5];[66,105,49]
[-24,61,-3];[46,81,38]
[-21,46,-10];[117,131,142]
[-13,64,-14];[24,44,16]
[-22,42,1];[153,168,181]
[-23,96,-14];[33,48,24]
[-38,78,3];[52,86,38]
[-37,79,2];[63,102,46]
[-6,86,-16];[63,101,46]
[-36,76,14];[115,101,99]
[-18,99,0];[44,38,32]
[-35,78,-3];[33,67,24]
[-11,87,-6];[142,156,167]
[-36,33,-9];[156,171,183]
[-38,78,1];[49,85,41]
[-31,72,5];[84,99,109]
[-36,69,9];[173,182,189]
[-38,77,1];[51,83,35]
[3,20,3];[90,52,33]
[-7,52,-3];[117,132,142]
[-37,77,1];[54,93,41]
[-37,77,0];[46,86,38]
[-26,32,-4];[132,150,165]
[-33,82,5];[57,97,41]
[1,10,4];[74,44,33]
[-3,36,4];[132,146,156]
[-37,66,17];[54,48,46]
[-33,82,3];[57,97,41]
[-44,8,-14];[79,46,33]
[-7,52,-14];[82,95,104]
[-23,39,-9];[148,166,181]
[-35,82,2];[54,86,38]
[1,10,-9];[82,52,33]
[-37,74,7];[165,174,181]
[-14,65,-15];[24,52,21]
[-35,82,1];[54,90,38]
[-7,77,-2];[33,20,8]
[6,28,0];[142,95,51]
[-14,51,-13];[82,93,99]
[-27,47,-12];[24,56,16]
[-36,81,3];[51,86,41]
[-20,73,22];[99,77,49]
[-35,82,0];[51,85,35]
[-36,81,0];[46,81,35]
[-9,103,-10];[57,89,41]
[-36,80,1];[60,95,43]
[-28,75,-9];[46,81,38]
[-28,81,6];[46,82,35]
[-25,63,31];[49,69,107]
[-42,0,-13];[120,78,54]
[-29,82,5];[60,95,43]
[-1,20,-8];[90,54,33]
[-20,45,-15];[46,77,33]
[-1,45,-7];[148,164,181]
[-11,97,-9];[107,73,24]
[-36,98,-22];[66,101,49]
[0,42,1];[165,182,198]
[-30,82,5];[63,101,46]
[-15,83,20];[115,101,99]
[-35,71,14];[85,74,74]
[-20,72,3];[115,72,40]
[-32,82,6];[54,93,41]
[-8,63,-5];[51,91,41]
[-19,72,30];[41,73,115]
[-18,60,-15];[51,87,38]
[-30,83,4];[51,91,43]
[-12,71,-25];[107,121,132]
[20,35,-9];[134,134,134]
[2,40,-22];[104,103,104]
[-31,83,3];[49,81,33]
[12,3,3];[63,38,24]
[-24,101,-23];[41,69,33]
[1,27,3];[156,174,189]
[-34,77,-3];[29,64,21]
[-23,70,29];[156,52,66]
[-19,97,-17];[41,60,33]
[-38,19,-23];[84,49,33]
[-18,69,2];[38,22,13]
[-18,50,-12];[76,90,99]
[-5,83,-19];[63,103,46]
[-35,78,-2];[29,64,27]
[39,30,8];[107,107,107]
[-36,74,-1];[57,97,41]
[-5,23,2];[33,18,8]
[-3,3,-2];[71,42,30]
[-34,96,-19];[41,69,33]
[-28,37,-9];[165,183,195]
[-22,67,20];[49,22,16]
[-4,42,3];[148,166,181]
[-29,74,0];[27,54,18]
[-24,66,21];[57,24,16]
[-42,21,-11];[66,36,24]
[-10,65,-22];[98,111,120]
[34,31,3];[140,140,140]
[-16,88,-14];[49,81,33]
[-23,89,-10];[60,99,49]
[-11,83,-20];[57,52,24]
[-20,101,-21];[33,60,33]
[-23,45,-14];[30,63,27]
[-20,53,1];[90,103,112]
[-18,93,-7];[101,68,24]
[-16,93,-11];[118,85,29]
[-39,90,-19];[49,77,33]
[-37,15,-12];[84,49,33]
[-11,81,-20];[24,24,8]
[-32,35,-4];[150,167,183]
[-18,51,-16];[51,90,43]
[-6,73,-9];[33,65,24]
[-31,39,-8];[159,176,189]
[33,34,3];[158,158,158]
[-27,73,4];[8,32,8]
[-22,62,-11];[27,53,19]
[-17,105,2];[57,97,49]
[0,45,-4];[156,170,181]
[-12,84,-20];[41,77,33]
[-4,54,-24];[74,40,24]
[-12,73,1];[38,22,13]
[-27,76,5];[27,57,21]
[-7,99,-8];[115,82,27]
[8,8,1];[74,44,33]
[-26,51,-12];[54,93,38]
[-47,2,-16];[66,40,24]
[-4,47,-23];[49,40,33]
[-20,90,-5];[137,147,153]
[-12,83,-20];[107,89,49]
[-13,79,1];[60,95,43]
[-33,68,8];[132,142,148]
[-5,44,-24];[137,101,46]
[-29,75,1];[33,65,24]
[-4,19,-6];[90,54,33]
[-34,80,-2];[49,85,41]
[-25,86,-1];[10,32,10]
[-29,75,2];[30,60,21]
[-11,52,-17];[54,91,41]
[-28,72,18];[82,73,74]
[8,13,0];[68,38,27]
[-31,73,1];[24,52,16]
[-9,40,-2];[140,158,173]
[-8,76,-15];[24,52,16]
[-30,75,1];[30,57,21]
[-8,88,-8];[74,117,57]
[-30,75,6];[68,82,90]
[-15,93,-10];[107,69,24]
[-26,67,-14];[24,32,41]
[-5,70,-5];[30,62,21]
[-41,0,-10];[126,86,60]
[-28,74,1];[30,60,21]
[-37,28,-16];[54,30,16]
[-31,74,0];[33,60,24]
[-31,72,0];[30,57,21]
[-4,36,-4];[156,174,189]
[-30,77,0];[24,56,21]
[-28,45,-9];[153,168,178]
[-30,76,0];[30,57,21]
[39,28,7];[237,237,236]
[-2,28,1];[98,62,33]
[-30,72,1];[24,52,16]
[6,9,-6];[66,36,24]
[-27,102,-13];[41,60,33]
[-9,87,-18];[27,59,24]
[-2,51,-8];[54,94,38]
[-13,71,-18];[27,54,18]
[-22,77,1];[41,73,33]
[-10,87,-16];[54,94,38]
[-44,7,-27];[134,87,60]
[-14,62,-14];[30,63,24]
[-21,69,19];[49,22,16]
[-6,82,-9];[38,74,29]
[-10,79,-19];[33,65,24]
[-40,28,-14];[38,22,10]
[-18,61,30];[62,47,32]
[-6,80,-12];[33,65,24]
[-9,52,-28];[63,29,21]
[-3,17,2];[54,28,16]
[-22,107,-4];[49,85,41]
[-28,62,24];[32,24,21]
[-10,69,-15];[33,60,24]
[-7,47,0];[153,167,178]
[0,38,-25];[41,36,66]
[-10,56,-16];[51,87,35]
[-13,59,1];[66,113,49]
[-34,57,28];[79,70,68]
[-18,79,-17];[112,67,38]
[-38,2,-7];[68,38,27]
[-11,60,-22];[49,32,24]
[-7,65,-24];[165,174,181]
[-12,77,3];[66,44,16]
[-12,68,-27];[170,178,186]
[-16,101,2];[109,74,24]
[-2,7,-6];[76,42,27]
[-29,24,-10];[137,93,46]
[-42,3,-20];[74,44,24]
[-5,79,-12];[38,71,30]
[-6,78,-11];[38,70,27]
[-42,10,-27];[90,52,33]
[-19,73,30];[74,69,66]
[-6,76,-13];[24,52,16]
[3,0,-1];[79,49,30]
[-7,75,-15];[24,53,16]
[-32,55,-9];[82,69,33]
[-6,79,-14];[30,56,21]
[-32,20,-17];[60,34,24]
[-37,75,7];[167,174,183]
[-8,78,-15];[24,52,16]
[-15,71,2];[24,52,16]
[-27,81,14];[90,77,66]
[-21,51,-11];[82,94,101]
[-6,78,-12];[35,64,30]
[-14,102,2];[57,44,33]
[-6,79,-13];[46,78,35]
[-25,35,-3];[156,170,181]
[-7,78,-15];[24,48,16]
[-11,104,0];[41,36,24]
[-23,67,-12];[54,86,41]
[-35,32,-5];[148,164,178]
[-4,36,-3];[148,166,181]
[-7,43,-31];[115,81,41]
[-8,86,-11];[33,60,24]
[-25,46,-14];[16,48,8]
[-28,62,-12];[24,28,41]
[-7,87,-12];[128,85,51]
[-8,87,-12];[38,68,30]
[-19,83,-18];[24,20,0]
[1,29,-3];[95,56,27]
[-7,61,-9];[33,69,24]
[-25,68,-3];[68,37,21]
[-4,57,-29];[107,36,27]
[-13,46,-4];[123,138,148]
[-8,87,-13];[35,63,27]
[-21,97,-18];[33,60,33]
[-26,34,-3];[153,167,178]
[-8,69,-21];[132,142,148]
[-25,58,27];[112,79,46]
[-25,98,-12];[41,69,33]
[-8,87,-14];[33,60,24]
[-34,81,-3];[46,81,33]
[-17,52,4];[46,82,38]
[-10,56,0];[49,85,33]
[-6,85,-10];[30,64,24]
[-7,86,-11];[35,67,30]
[7,10,0];[68,40,30]
[2,23,-7];[63,34,21]
[-8,62,-4];[8,36,8]
[-6,84,-10];[49,28,16]
[0,3,3];[41,36,33]
[-6,85,-11];[90,56,33]
[-29,77,2];[30,57,21]
[4,28,2];[115,73,33]
[-7,86,-10];[29,61,27]
[-7,87,-15];[33,20,8]
[-22,40,-7];[142,163,175]
[-12,90,-13];[49,85,41]
[-13,68,-26];[148,158,165]
[-13,51,-14];[79,91,99]
[-7,87,-14];[49,36,33]
[-11,107,0];[99,174,82]
[-35,50,-9];[33,32,8]
[-7,86,-14];[27,59,18]
[-27,49,-11];[49,89,33]
[-35,42,-10];[41,32,8]
[-10,55,-27];[82,28,24]
[7,40,-19];[66,67,65]
[-14,73,2];[24,52,16]
[-6,85,-13];[30,64,30]
[-12,48,-13];[99,110,117]
[-6,84,-11];[33,20,8]
[-4,52,-9];[101,111,126]
[-11,62,-1];[49,81,41]
[-31,44,-5];[150,167,181]
[-39,31,-12];[126,83,43]
[-5,84,-13];[41,69,33]
[-7,74,-19];[30,57,21]
[5,1,0];[82,52,33]
[-15,62,1];[16,36,8]
[-31,34,-10];[178,198,203]
[-28,73,26];[74,56,16]
[-22,68,23];[73,60,57]
[-6,70,-13];[33,69,24]
[-36,94,-19];[49,77,33]
[-6,83,-10];[43,74,30]
[-36,79,5];[27,54,18]
[-2,49,-28];[76,50,33]
[-33,80,3];[27,54,18]
[-17,91,-1];[132,97,33]
[4,31,-4];[123,81,43]
[-34,80,4];[27,52,18]
[-35,76,-1];[49,85,33]
[6,1,0];[99,60,41]
[-9,87,-10];[35,63,27]
[-35,80,4];[30,56,21]
[-27,80,14];[90,60,33]
[-11,72,-18];[33,60,24]
[-7,46,-14];[41,77,33]
[-28,77,2];[24,53,18]
[-19,103,0];[49,73,33]
[-29,79,0];[30,57,21]
[-12,108,0];[82,142,66]
[-4,85,-16];[63,103,46]
[-45,14,-14];[68,40,27]
[-29,78,2];[27,54,18]
[-16,55,-16];[63,102,46]
[-29,33,-9];[159,172,183]
[-23,97,-19];[41,65,33]
[-28,77,5];[24,56,21]
[21,35,-7];[123,123,123]
[-7,87,-8];[121,79,49]
[-32,48,-9];[189,154,74]
[0,21,-8];[82,48,33]
[-29,73,10];[71,36,21]
[-27,76,7];[24,49,21]
[-9,80,0];[148,97,66]
[-11,74,-19];[30,57,21]
[-27,75,6];[16,40,8]
[-29,28,-6];[120,139,153]
[-3,24,5];[148,105,57]
[-19,44,-2];[129,143,153]
[-27,74,5];[16,36,8]
[-29,50,-4];[41,81,33]
[-15,56,0];[79,89,99]
[-28,75,2];[35,63,27]
[-13,78,-20];[24,24,33]
[-23,48,-14];[41,77,33]
[-29,79,1];[33,60,24]
[-13,44,-7];[132,146,156]
[-7,49,-15];[33,60,24]
[-10,70,-16];[30,60,21]
[-29,78,6];[27,56,18]
[2,21,-7];[71,41,30]
[1,40,-3];[156,172,186]
[-29,80,0];[33,60,24]
[-15,76,-22];[38,68,30]
[-8,52,-24];[82,40,27]
[-25,34,-3];[145,162,170]
[-12,101,-14];[24,44,24]
[5,11,-8];[66,36,24]
[-13,105,-15];[49,73,33]
[-29,79,3];[30,57,21]
[-7,39,-6];[173,186,198]
[14,37,-13];[120,120,120]
[-7,66,-4];[18,44,10]
[-10,85,-19];[57,40,16]
[-29,78,7];[33,60,24]
[-13,55,1];[63,106,46]
[-15,104,2];[66,101,49]
[-29,79,4];[30,56,21]
[-29,52,-6];[43,75,33]
[-12,45,-2];[98,106,115]
[-3,8,-2];[66,36,24]
[-30,80,1];[30,57,21]
[-46,6,-25];[132,81,57]
[-31,80,5];[33,65,24]
[-30,80,2];[27,56,18]
[-15,55,-14];[74,81,90]
[-30,81,0];[30,57,21]
[-17,83,-18];[33,16,8]
[-31,79,6];[29,57,21]
[8,11,-3];[66,36,24]
[-5,26,-7];[145,98,54]
[-7,79,-15];[24,54,18]
[-10,95,-1];[206,166,132]
[-31,80,4];[30,57,21]
[9,0,7];[140,97,66]
[-17,50,-16];[57,93,49]
[-32,80,6];[30,57,21]
[-9,55,-15];[46,83,35]
[-26,70,20];[90,77,74]
[-33,80,4];[33,60,24]
[-22,67,23];[204,204,204]
[-34,80,7];[33,60,24]
[-6,80,-8];[63,102,46]
[-19,65,25];[88,50,30]
[-11,89,-22];[24,20,0]
[-34,80,6];[74,113,57]
[-10,76,0];[41,26,13]
[-9,66,-1];[33,69,24]
[-15,70,30];[41,69,107]
[-3,44,-24];[24,20,49]
[-26,55,-13];[24,24,33]
[-31,78,-1];[33,60,24]
[-47,3,-17];[63,38,24]
[-33,75,-1];[30,57,21]
[-34,74,-1];[33,69,33]
[-26,76,3];[27,56,18]
[-1,42,-7];[156,174,186]
[-31,79,-1];[30,57,21]
[-27,58,-12];[90,77,33]
[-14,84,-18];[8,16,24]
[-11,92,-7];[132,105,74]
[-10,101,-6];[49,73,33]
[-32,78,-1];[33,60,24]
[-33,77,-1];[30,57,21]
[-36,75,0];[27,54,18]
[-13,75,3];[99,60,33]
[-5,51,-2];[145,159,170]
[-37,74,0];[8,32,0]
[-23,77,0];[38,73,30]
[-36,77,1];[33,65,24]
[-13,101,-15];[33,60,33]
[-16,98,-15];[33,56,24]
[-31,79,0];[33,60,24]
[-36,76,0];[30,58,21]
[-23,97,-13];[33,52,24]
[-37,78,2];[49,85,33]
[-33,80,1];[33,60,24]
[-46,12,-19];[49,28,16]
[-18,78,2];[71,113,54]
[-34,79,1];[24,52,16]
[-45,3,-22];[99,60,41]
[-33,79,0];[24,60,24]
[-27,53,30];[66,60,57]
[-14,64,22];[181,138,99]
[-36,78,2];[33,60,24]
[-17,80,20];[148,109,74]
[-35,79,2];[29,57,21]
[-15,102,0];[49,77,33]
[-17,44,-15];[16,48,16]
[-30,77,13];[79,57,40]
[-5,77,-6];[66,109,49]
[-15,76,-18];[24,28,41]
[-24,47,-14];[51,86,38]
[-35,78,1];[30,57,21]
[-22,75,20];[33,12,16]
[-3,45,-25];[33,28,57]
[-36,78,3];[24,48,16]
[-20,56,-11];[74,85,90]
[-7,103,2];[107,69,24]
[-3,45,-10];[142,159,173]
[-19,59,-12];[74,83,90]
[-44,3,-6];[71,42,30]
[-20,61,-11];[71,78,87]
[-7,53,0];[43,75,27]
[-13,75,-26];[49,83,35]
[-3,42,-9];[156,170,181]
[-21,59,-10];[74,81,90]
[-21,58,-10];[74,81,90]
[-9,41,-8];[156,172,181]
[-8,107,-4];[66,113,49]
[-15,47,-10];[96,110,120]
[-32,20,-15];[54,32,16]
[-12,105,0];[41,36,33]
[-11,43,-8];[142,156,167]
[18,37,-9];[109,109,109]
[39,32,8];[153,151,151]
[-14,67,-15];[43,79,35]
[-31,96,-23];[41,65,33]
[-14,90,-13];[41,77,33]
[-16,86,0];[35,67,27]
[-5,81,-10];[51,89,43]
[6,16,-1];[76,48,30]
[-6,87,-8];[71,115,49]
[-25,99,-10];[41,60,33]
[-11,42,-8];[145,158,170]
[-14,68,1];[66,113,49]
[-14,62,-15];[38,74,29]
[-12,43,-9];[137,151,162]
[-22,108,-7];[57,97,41]
[-39,25,-7];[150,102,51]
[-6,75,-20];[30,57,21]
[-14,101,-1];[41,69,33]
[-29,57,-10];[24,32,49]
[-19,92,-11];[115,130,140]
[-5,43,-30];[74,48,33]
[-13,45,-10];[115,134,148]
[-22,88,-6];[41,81,33]
[-16,48,-12];[87,98,107]
[0,28,-1];[132,85,49]
[-30,78,18];[46,74,112]
[-11,44,-10];[132,146,156]
[-12,47,-11];[107,121,132]
[-28,75,-5];[30,60,21]
[-17,89,-12];[35,69,27]
[-5,51,-24];[46,28,18]
[-13,46,-11];[107,125,132]
[-11,46,-11];[123,134,140]
[-9,44,-10];[148,158,165]
[-16,52,-17];[63,98,46]
[-19,70,-13];[43,77,35]
[5,0,-5];[129,82,54]
[-38,6,-27];[41,36,33]
[-21,107,-18];[49,77,33]
[-3,25,-7];[44,37,30]
[-24,65,-14];[90,81,33]
[-8,45,-10];[140,158,165]
[-8,38,-3];[153,172,186]
[-24,106,-9];[49,77,33]
[-9,45,-11];[132,146,156]
[-10,45,-11];[126,140,150]
[-10,84,-2];[57,97,49]
[-20,77,26];[51,83,126]
[-47,3,-12];[66,40,24]
[-11,78,1];[41,25,13]
[-14,78,-23];[35,67,24]
[-24,67,-11];[46,85,38]
[-8,46,-12];[123,138,148]
[-33,77,7];[96,103,112]
[-29,71,17];[66,40,24]
[-22,109,-14];[66,101,49]
[-10,85,-6];[24,32,41]
[-25,85,-13];[60,97,43]
[-12,85,-3];[172,188,192]
[-6,45,-12];[132,148,156]
[-7,47,-12];[115,134,140]
[-13,65,30];[79,68,71]
[-15,64,23];[107,86,68]
[7,15,-1];[68,38,27]
[-27,43,1];[170,184,195]
[-5,73,-23];[30,56,21]
[-3,61,-26];[104,62,41]
[-24,58,-9];[74,87,96]
[-5,32,2];[126,143,159]
[-9,93,1];[214,182,148]
[-30,67,16];[115,73,49]
[-5,21,2];[66,40,24]
[-27,82,4];[46,79,33]
[-2,39,-7];[156,174,186]
[-31,67,26];[49,77,115]
[-7,73,-16];[30,57,21]
[-18,81,-18];[41,32,8]
[-6,77,-25];[63,105,46]
[0,24,5];[150,103,57]
[-14,90,-14];[66,109,49]
[-13,64,-26];[137,147,153]
[-28,35,-9];[150,166,178]
[-7,59,-7];[74,85,90]
[-30,63,22];[106,74,46]
[-38,31,-11];[148,162,181]
[-8,46,-11];[126,140,150]
[-34,79,2];[24,56,21]
[-31,82,6];[62,102,46]
[-22,88,-11];[43,77,33]
[-11,47,-12];[107,121,132]
[-4,45,-10];[140,155,167]
[-5,46,-11];[134,148,159]
[1,30,-3];[95,56,27]
[-6,50,-13];[99,109,117]
[-14,75,-19];[33,65,24]
[-6,48,-12];[115,128,140]
[-4,46,-11];[137,152,165]
[-16,109,-3];[74,130,57]
[-5,48,-12];[115,134,140]
[-6,50,-14];[43,75,33]
[-2,11,-7];[76,45,33]
[-22,43,1];[153,168,178]
[-8,101,-10];[170,135,51]
[-7,49,-14];[101,111,123]
[-17,59,1];[74,85,90]
[-24,70,0];[60,34,18]
[0,28,3];[71,40,21]
[-29,42,0];[170,183,195]
[-5,50,-13];[46,82,33]
[-23,73,15];[82,44,24]
[-5,49,-12];[107,125,132]
[-41,22,-10];[66,40,24]
[25,35,-2];[138,138,138]
[-27,56,-8];[49,87,38]
[-8,78,-16];[27,54,18]
[-45,3,-23];[99,60,41]
[7,42,-18];[54,54,54]
[-26,71,12];[104,59,41]
[-3,47,-9];[140,154,165]
[-2,47,-8];[140,155,167]
[-43,15,-12];[68,41,27]
[-11,66,-2];[134,109,43]
[-3,48,-10];[134,151,159]
[-33,68,13];[77,42,29]
[-7,71,-2];[57,89,41]
[-11,103,0];[33,56,24]
[-3,47,-10];[140,154,165]
[-3,46,-10];[140,155,167]
[-19,68,2];[38,22,13]
[-13,89,-7];[132,97,74]
[-18,85,19];[181,170,165]
[-4,49,-11];[115,134,140]
[-29,80,3];[33,60,24]
[-32,96,-20];[49,73,33]
[-32,27,-10];[95,56,27]
[-20,47,-10];[101,113,126]
[-5,51,-11];[99,109,115]
[-30,86,1];[63,103,46]
[-7,57,-22];[41,20,8]
[-33,36,-4];[156,170,181]
[-15,67,21];[33,79,115]
[-33,35,-7];[123,140,153]
[-6,51,-13];[90,102,115]
[-16,78,25];[41,69,107]
[5,26,2];[132,89,49]
[-26,104,-12];[33,52,24]
[-4,51,-11];[99,111,120]
[-4,17,-6];[87,50,33]
[5,36,-23];[57,56,107]
[-9,85,-22];[66,52,24]
[-21,77,26];[74,65,66]
[-16,50,0];[90,103,112]
[-4,54,-7];[49,81,33]
[-19,55,1];[82,95,104]
[-5,72,-18];[43,77,33]
[-26,79,20];[49,82,120]
[-7,62,-30];[120,73,46]
[-5,51,-12];[96,107,115]
[-15,104,3];[150,115,38]
[-7,71,-13];[30,57,21]
[-3,51,-9];[51,94,41]
[-3,7,-3];[49,28,16]
[-17,109,-3];[74,125,57]
[-25,71,18];[74,40,24]
[-30,42,-1];[153,171,186]
[-5,53,-9];[96,110,120]
[-11,77,-17];[30,56,21]
[-5,35,-2];[137,154,167]
[-12,104,-14];[41,69,33]
[-26,76,4];[29,63,27]
[-11,88,-13];[38,75,27]
[-29,78,20];[49,81,123]
[-4,51,-9];[109,122,134]
[-8,100,-13];[173,138,99]
[-37,94,-23];[49,85,41]
[-2,49,-8];[137,148,162]
[-17,86,-1];[38,67,27]
[-3,50,-9];[126,136,150]
[-14,56,0];[82,93,104]
[-4,52,-10];[99,109,115]
[-25,103,-10];[41,60,33]
[-17,61,24];[46,41,38]
[-27,38,-10];[159,175,189]
[-23,109,-9];[57,97,41]
[-30,37,-8];[161,179,192]
[-6,44,-28];[24,20,41]
[-29,38,-9];[175,193,200]
[-30,36,-9];[156,170,181]
[-29,76,1];[24,52,16]
[-32,49,-11];[49,40,16]
[-19,54,-15];[60,95,43]
[-34,25,-7];[99,65,33]
[-35,29,-10];[107,60,33]
[-21,63,-12];[99,65,41]
[-31,40,-8];[159,175,189]
[-32,39,-8];[156,174,189]
[-8,82,-4];[35,67,27]
[39,28,8];[237,235,236]
[-8,84,-6];[24,56,16]
[-32,38,-8];[156,172,186]
[-32,40,-8];[156,174,186]
[-32,38,-7];[150,167,181]
[-8,69,-22];[140,151,156]
[-5,41,3];[162,179,189]
[-15,110,-12];[66,105,49]
[13,40,-11];[111,110,110]
[-2,48,-3];[165,179,189]
[-6,27,2];[120,81,38]
[-5,48,-26];[73,45,30]
[-32,40,-7];[156,174,186]
[-8,55,-2];[41,77,33]
[-33,38,-6];[148,170,181]
[-35,75,0];[27,54,18]
[-22,76,26];[54,87,126]
[-5,83,-11];[51,83,35]
[-28,58,-11];[41,32,8]
[-33,37,-6];[148,167,181]
[-14,83,2];[66,109,49]
[-28,72,16];[123,73,49]
[-31,77,7];[84,97,104]
[-32,40,-4];[156,171,183]
[-35,30,-17];[140,97,49]
[-4,78,-16];[35,71,27]
[-20,69,-16];[82,73,33]
[-7,85,-20];[71,115,54]
[-23,87,-3];[33,69,24]
[-18,67,32];[87,78,73]
[-32,39,-4];[156,172,186]
[-26,86,-1];[54,89,38]
[-5,58,-9];[51,85,35]
[-14,87,-19];[57,44,16]
[-32,40,-2];[148,166,181]
[-13,105,4];[186,152,60]
[-7,75,-24];[33,60,24]
[-32,40,-3];[150,167,181]
[-28,52,-6];[46,78,38]
[-18,62,1];[33,65,24]
[-32,39,-3];[148,166,181]
[-4,84,-16];[66,109,49]
[-40,24,-8];[87,52,27]
[-11,61,-25];[71,38,27]
[-14,107,-14];[49,81,41]
[-32,37,-3];[148,166,181]
[-30,39,-1];[153,175,186]
[-16,46,-7];[82,85,82]
[-31,37,-2];[153,168,181]
[-5,57,-23];[57,32,16]
[-19,73,2];[46,26,24]
[-29,41,0];[165,186,198]
[1,0,-1];[82,49,29]
[-28,41,1];[175,191,200]
[-26,42,1];[173,189,200]
[-19,74,-15];[148,125,66]
[-9,81,-2];[29,64,21]
[10,2,1];[66,40,24]
[2,36,0];[156,172,186]
[-12,65,1];[156,130,57]
[-20,88,-2];[33,68,30]
[-24,44,1];[156,170,181]
[-21,47,1];[123,138,148]
[-5,44,-11];[142,156,167]
[-23,61,-7];[66,81,82]
[-19,61,1];[40,76,35]
[-22,90,-5];[46,83,38]
[-27,61,-15];[123,105,49]
[-14,60,2];[57,101,41]
[-25,71,10];[63,32,21]
[5,22,1];[71,42,30]
[-20,48,1];[112,127,137]
[-47,15,-18];[57,32,18]
[-28,53,-4];[54,94,38]
[-13,90,-14];[63,103,46]
[-19,70,3];[87,53,30]
[-8,77,-2];[33,20,8]
[-29,66,14];[107,60,41]
[-29,49,-3];[126,144,150]
[-6,52,-4];[123,135,148]
[-4,51,-4];[148,162,173]
[-22,69,13];[74,36,24]
[-21,97,-10];[41,69,33]
[-3,49,-10];[126,144,150]
[-34,83,1];[57,89,41]
[-6,54,-5];[104,118,129]
[-12,82,-18];[74,44,24]
[-26,55,-6];[76,90,99]
[-3,51,-4];[148,164,173]
[-3,50,-3];[156,170,178]
[-11,76,-20];[33,60,24]
[-20,85,-1];[33,69,24]
[-4,51,-3];[150,164,175]
[-4,52,-4];[145,160,170]
[-29,62,30];[173,147,62]
[-4,85,-6];[49,85,41]
[-40,93,-22];[57,93,41]
[-33,72,21];[132,40,57]
[-46,4,-12];[66,40,24]
[-1,47,-3];[162,175,186]
[-19,43,-4];[140,154,165]
[-30,45,-7];[148,162,173]
[-8,103,-8];[41,60,33]
[-19,51,-11];[82,94,101]
[-2,49,-3];[162,176,186]
[-33,79,11];[82,75,74]
[-28,77,4];[30,57,21]
[-12,44,-4];[140,154,165]
[-26,75,5];[43,75,30]
[0,46,-4];[150,167,181]
[-20,66,25];[204,204,204]
[-6,43,-10];[148,164,173]
[-28,77,-10];[46,79,30]
[-32,79,8];[33,60,24]
[-2,47,-5];[142,160,175]
[-34,46,-9];[24,28,41]
[-9,68,-21];[107,120,128]
[-24,59,-6];[74,81,90]
[-25,55,-9];[82,94,104]
[-7,39,-7];[170,187,198]
[-2,48,-4];[156,170,181]
[-44,6,-25];[99,60,41]
[-37,58,21];[90,79,77]
[-7,76,-26];[49,85,41]
[-7,74,-27];[8,40,8]
[-23,82,15];[90,77,74]
[-1,47,-6];[142,160,175]
[-1,46,-4];[150,167,181]
[-12,103,0];[33,52,24]
[-27,78,5];[51,87,35]
[0,45,-3];[150,168,183]
[-10,100,-7];[41,69,33]
[-11,108,-6];[74,121,49]
[1,31,-6];[99,60,33]
[-7,78,-3];[33,20,8]
[-1,47,-4];[148,166,181]
[17,39,-10];[113,113,113]
[-10,70,-1];[54,93,41]
[-20,91,-7];[132,97,74]
[-25,96,-20];[33,56,24]
[-7,78,-25];[49,85,41]
[-14,73,-19];[27,54,18]
[-10,80,-1];[27,56,18]
[-11,47,-1];[134,146,159]
[-31,99,-25];[49,77,33]
[-42,21,-21];[82,48,33]
[-28,82,4];[49,81,33]
[-22,41,-8];[145,160,173]
[-21,83,-16];[63,98,46]
[-9,46,-12];[117,136,142]
[-8,44,-10];[145,163,170]
[-27,40,0];[178,196,206]
[-27,40,1];[178,196,206]
[-24,43,1];[159,175,183]
[-25,41,1];[173,186,198]
[-7,25,-1];[115,73,33]
[-8,65,-28];[156,170,173]
[-18,72,2];[18,48,16]
[-22,67,15];[49,20,16]
[-33,42,-9];[132,101,49]
[-23,43,1];[156,174,181]
[-32,38,-6];[150,167,181]
[-23,42,1];[159,172,183]
[-3,44,-10];[148,162,173]
[-18,59,32];[132,121,115]
[-4,60,-22];[82,44,33]
[-16,65,1];[24,52,16]
[-19,60,-12];[74,83,90]
[-2,19,3];[68,38,27]
[-17,60,-13];[74,83,90]
[-19,75,2];[57,97,41]
[-3,42,-8];[156,170,181]
[34,30,5];[144,143,144]
[-2,41,-7];[156,174,186]
[-15,57,0];[79,89,99]
[-31,29,-12];[115,65,33]
[-2,41,-8];[156,174,186]
[-33,46,-11];[24,32,41]
[-24,55,1];[43,75,35]
[-47,2,-13];[63,38,24]
[-47,2,-10];[66,40,24]
[-3,44,-9];[148,162,173]
[-33,69,13];[88,49,35]
[-10,76,1];[41,24,16]
[32,35,4];[183,183,183]
[-3,43,-9];[150,167,181]
[-15,67,2];[60,94,43]
[-18,69,31];[38,64,109]
[-33,73,7];[129,142,150]
[-24,75,-1];[33,65,24]
[-18,76,21];[140,109,74]
[-3,2,-3];[68,40,27]
[-1,36,-3];[132,150,165]
[-8,65,-10];[18,41,13]
[0,40,-4];[156,172,186]
[-7,72,-21];[68,77,84]
[-37,79,0];[46,81,33]
[1,38,-3];[159,172,183]
[-7,83,-6];[38,70,30]
[0,41,-5];[156,170,181]
[0,40,-5];[156,174,186]
[-27,32,-7];[132,150,165]
[-28,68,19];[93,37,27]
[-12,73,-19];[30,57,21]
[-1,40,-6];[156,174,186]
[-2,44,-9];[148,164,178]
[-3,45,-9];[145,160,173]
[-6,77,-5];[63,102,46]
[-11,49,-14];[90,105,115]
[11,41,-13];[87,87,88]
[6,26,-5];[115,73,38]
[-14,84,1];[51,89,43]
[-5,26,2];[126,85,43]
[-2,45,-8];[148,163,175]
[-14,66,32];[90,81,82]
[-9,51,-2];[115,130,140]
[-31,45,-5];[148,163,175]
[-38,30,-6];[129,87,43]
[-30,66,27];[74,65,99]
[-6,50,-1];[148,160,170]
[-14,53,0];[82,93,104]
[-20,48,-10];[90,105,115]
[-40,25,-8];[41,36,33]
[1,40,0];[153,168,181]
[0,41,1];[167,180,192]
[-1,43,0];[167,184,198]
[-6,86,-14];[30,60,21]
[-20,58,-11];[74,81,90]
[0,43,-1];[156,178,189]
[0,42,-1];[150,167,183]
[-10,41,-3];[145,160,173]
[0,42,-3];[148,166,181]
[-29,83,13];[99,93,90]
[-30,22,-14];[33,20,8]
[-1,45,-4];[150,167,183]
[-1,45,-5];[150,167,183]
[6,1,4];[132,85,57]
[0,44,-5];[150,170,183]
[-29,23,-9];[142,99,51]
[-32,36,-3];[148,166,181]
[-25,102,-7];[33,56,24]
[0,44,-3];[150,170,183]
[-9,53,-29];[82,44,24]
[-6,54,-6];[107,118,129]
[-3,52,-6];[54,98,38]
[-3,51,-5];[148,162,173]
[-5,43,-27];[24,24,49]
[-4,53,-6];[117,129,142]
[-37,96,-24];[49,85,41]
[-2,48,-5];[140,158,173]
[-1,47,-7];[140,158,173]
[-11,69,0];[66,109,49]
[-19,87,1];[66,109,57]
[-31,76,-3];[21,53,21]
[-4,54,-8];[41,75,30]
[-14,73,30];[38,62,101]
[-45,16,-23];[82,48,33]
[-2,50,-6];[137,152,165]
[-11,55,-3];[87,99,112]
[5,42,-18];[57,57,57]
[-44,14,-24];[82,48,33]
[-9,93,-2];[214,178,140]
[-3,50,-8];[129,144,156]
[-2,49,-5];[142,160,173]
[-24,107,-10];[49,77,33]
[-3,51,-7];[129,143,153]
[38,30,9];[107,107,107]
[-14,71,-19];[30,57,21]
[-4,53,-8];[101,114,126]
[-19,49,-11];[90,105,115]
[-26,101,-24];[41,60,33]
[11,6,7];[87,52,33]
[-5,101,0];[140,103,35]
[-8,87,-18];[60,97,43]
[-34,78,5];[79,89,96]
[-20,99,0];[132,93,33]
[-18,64,-14];[120,75,41]
[-39,17,-24];[82,48,33]
[-6,87,-6];[66,110,49]
[-37,64,22];[49,44,49]
[-33,82,4];[60,99,43]
[-15,93,-11];[107,69,24]
[-12,51,-14];[82,95,104]
[-39,8,-15];[76,45,30]
[-13,50,-13];[82,95,104]
[-25,55,-1];[82,93,99]
[-16,103,1];[49,77,33]
[-8,85,-6];[90,56,33]
[-14,64,20];[49,44,33]
[-4,74,-23];[60,101,43]
[-14,50,-13];[82,94,101]
[-24,72,20];[66,52,49]
[-36,48,-9];[33,28,8]
[-2,9,-8];[95,59,35]
[-6,81,-8];[41,78,32]
[-30,30,-13];[107,60,33]
[-11,51,-14];[82,97,107]
[-37,76,1];[57,97,41]
[-40,9,-15];[57,32,24]
[-21,68,23];[66,40,33]
[-2,38,-6];[156,174,189]
[-41,5,-25];[76,45,27]
[-26,87,-7];[57,97,41]
[-34,69,7];[107,121,132]
[-33,77,12];[123,109,99]
[-12,75,-17];[24,56,21]
[-25,105,-8];[41,69,33]
[-28,51,-8];[41,77,33]
[-22,56,31];[107,93,90]
[1,35,-3];[150,166,178]
[-7,41,-8];[165,179,189]
[-22,84,-15];[60,97,43]
[9,6,10];[142,91,68]
[-20,46,-10];[115,130,140]
[-33,36,-5];[162,175,186]
[-3,41,-9];[156,172,186]
[-24,51,-10];[90,102,112]
[-21,61,-12];[35,71,27]
[-9,62,-26];[93,52,35]
[-3,40,-7];[162,176,189]
[-27,76,6];[66,101,49]
[-32,30,-16];[145,101,60]
[-11,97,-11];[112,78,27]
[-3,41,-8];[156,172,186]
[29,33,-1];[148,148,148]
[-7,47,-30];[54,34,27]
[-36,75,4];[74,85,99]
[-8,69,-26];[172,184,189]
[-11,94,-9];[123,93,66]
[-10,74,-18];[24,56,21]
[-16,51,2];[35,71,27]
[-4,43,-10];[148,164,173]
[-33,71,22];[49,81,123]
[-31,75,-2];[24,52,16]
[-4,42,-9];[153,171,181]
[-5,31,-3];[170,183,195]
[-4,28,1];[140,158,173]
[6,8,-4];[66,40,24]
[35,29,4];[241,241,242]
[-7,73,-19];[33,60,24]
[-31,85,-1];[57,93,41]
[-2,0,-5];[140,89,66]
[-17,103,1];[49,77,33]
[-21,98,-20];[33,60,33]
[-4,42,-28];[68,43,29]
[-6,42,-9];[156,174,181]
[-21,46,1];[134,148,159]
[-24,58,0];[51,89,38]
[-5,51,-30];[74,34,24]
[-26,69,-8];[84,49,24]
[-36,33,-7];[156,174,189]
[-23,58,1];[41,77,33]
[-11,82,-20];[41,32,16]
[-29,35,-9];[148,166,181]
[-7,63,-27];[90,50,38]
[-19,47,-16];[46,78,38]
[-43,22,-13];[60,34,18]
[-22,60,1];[41,77,33]
[-6,54,-1];[46,86,38]
[-15,91,-12];[107,117,123]
[-10,78,0];[24,60,24]
[-22,66,31];[41,69,107]
[22,35,-7];[123,123,123]
[-37,72,9];[181,190,198]
[-27,74,6];[33,60,24]
[-37,17,-11];[82,48,33]
[-22,58,1];[49,85,33]
[-38,25,-7];[57,32,16]
[7,1,4];[112,74,46]
[3,39,-22];[49,40,82]
[-6,66,-5];[41,69,33]
[-8,50,-15];[41,77,33]
[-40,30,-10];[126,83,41]
[-20,57,-11];[74,81,90]
[-31,32,-13];[170,184,195]
[-8,59,-14];[51,87,41]
[-34,101,-22];[49,81,41]
[-19,93,-5];[104,70,24]
[-26,77,25];[96,75,27]
[-15,46,-15];[51,83,35]
[-10,75,26];[82,73,74]
[-20,58,1];[74,85,93]
[-15,63,23];[164,124,82]
[-32,53,-12];[24,32,49]
[-25,73,-2];[27,54,18]
[-21,106,-3];[57,97,41]
[-21,58,1];[74,85,90]
[-21,108,-15];[57,97,41]
[-5,84,-15];[57,97,41]
[-22,90,-8];[41,73,33]
[-24,107,-17];[49,77,33]
[-36,63,23];[41,52,90]
[-22,78,2];[54,90,38]
[-19,69,-16];[8,12,16]
[-5,52,-27];[57,40,33]
[-27,55,-6];[49,77,33]
[-18,58,1];[74,87,99]
[-17,108,-16];[49,77,33]
[-18,57,1];[82,93,99]
[-25,60,-2];[60,95,43]
[-30,45,-3];[142,159,175]
[-10,94,-8];[132,97,74]
[-13,77,23];[66,44,24]
[-8,58,-12];[68,81,90]
[-28,84,3];[51,85,35]
[-19,58,1];[74,85,96]
[-15,103,-17];[41,60,33]
[-19,56,1];[82,93,101]
[-14,76,3];[115,73,41]
[-20,88,-11];[35,69,27]
[-20,55,1];[82,93,99]
[-29,54,-13];[99,77,33]
[-15,73,-20];[24,52,16]
[-37,32,-11];[99,60,33]
[-17,55,1];[82,95,104]
[1,30,2];[170,192,203]
[-23,66,0];[29,60,27]
[-34,77,0];[33,60,24]
[-7,83,-4];[99,60,33]
[3,26,3];[57,32,16]
[-18,54,1];[84,98,107]
[-33,67,13];[68,36,21]
[-18,53,1];[87,99,107]
[-18,49,-10];[82,97,107]
[-5,54,-9];[90,103,115]
[-5,54,-10];[82,97,107]
[-25,105,-10];[41,60,33]
[-29,25,-14];[120,79,35]
[-6,55,-8];[87,102,112]
[-1,21,-8];[87,53,33]
[-6,56,-8];[82,97,107]
[-21,65,16];[66,28,21]
[-5,51,1];[38,70,30]
[-6,71,-10];[33,73,24]
[-16,48,-11];[84,99,109]
[-24,59,-7];[74,81,90]
[-32,51,-9];[24,28,41]
[-26,68,12];[95,52,35]
[-15,97,1];[156,125,90]
[-9,40,-7];[159,176,183]
[-28,77,7];[27,52,18]
[-12,48,-12];[99,111,120]
[-36,68,20];[35,52,87]
[-30,25,-17];[41,34,30]
[-8,60,-11];[74,81,90]
[-29,47,-8];[140,154,165]
[-13,48,-12];[99,109,115]
[-32,42,-7];[156,174,186]
[-30,67,27];[82,68,104]
[-14,49,-12];[87,102,112]
[-15,100,-16];[49,77,33]
[-22,61,1];[33,69,24]
[-14,74,-25];[30,57,21]
[-15,49,-12];[90,102,109]
[-31,33,-11];[181,199,206]
[-10,51,-15];[82,95,104]
[-16,48,-16];[46,81,35]
[-37,46,-9];[255,255,255]
[-17,48,-8];[82,91,99]
[-7,46,1];[148,166,181]
[-33,80,2];[30,57,21]
[-17,49,-9];[82,93,99]
[-17,50,-11];[82,93,99]
[-44,20,-15];[74,40,33]
[-28,50,-5];[107,125,132]
[-16,44,-16];[38,68,24]
[41,31,10];[107,106,107]
[-16,49,-11];[82,97,107]
[3,3,1];[76,45,27]
[-13,62,1];[165,142,66]
[-7,55,-5];[99,111,120]
[-10,74,-17];[38,68,30]
[-8,55,-5];[96,107,120]
[-29,36,-1];[170,187,198]
[-7,56,-6];[90,101,107]
[-5,55,-7];[49,81,33]
[-5,55,-8];[38,69,27]
[-7,56,-7];[84,98,107]
[-4,74,-25];[57,93,41]
[-4,72,-23];[16,44,8]
[-33,34,-10];[175,191,200]
[-17,55,-13];[74,86,93]
[-18,56,-12];[74,85,93]
[-35,48,-8];[107,89,41]
[-8,56,-5];[84,99,109]
[-32,58,24];[132,101,66]
[-37,3,-10];[76,45,30]
[-13,66,1];[27,59,18]
[-8,56,-6];[84,95,104]
[-20,95,-10];[49,73,33]
[-9,56,-4];[84,95,107]
[-10,56,-3];[84,98,107]
[-10,54,-3];[84,95,104]
[-10,56,-4];[82,97,107]
[-6,76,-9];[46,78,35]
[-23,56,1];[43,79,35]
[-11,67,-28];[181,190,198]
[-11,54,-3];[87,99,112]
[-11,53,-3];[82,94,101]
[-15,104,1];[57,97,49]
[-8,57,-5];[82,93,99]
[-37,12,-22];[57,32,24]
[-17,84,-17];[16,12,8]
[-23,80,1];[46,77,33]
[-9,57,-5];[82,95,104]
[-34,19,-19];[66,40,24]
[-20,78,-16];[140,109,57]
[-9,56,-5];[82,95,104]
[-2,33,4];[120,139,153]
[-47,3,-11];[63,38,24]
[-15,102,-17];[33,60,33]
[-4,82,-15];[46,82,35]
[-29,49,-8];[43,77,30]
[-1,48,-28];[82,48,35]
[-33,95,-21];[49,77,33]
[-10,58,-4];[82,94,101]
[-3,52,-27];[57,40,33]
[-31,21,-9];[145,101,51]
[-10,62,-6];[82,85,82]
[-32,80,15];[27,44,74]
[-25,35,-8];[132,150,165]
[-8,59,-6];[74,85,93]
[-14,75,-20];[30,57,21]
[-5,48,-30];[79,50,33]
[-35,50,-10];[82,73,24]
[-12,45,-15];[46,86,38]
[-41,25,-8];[99,56,24]
[-9,61,-5];[74,85,90]
[5,26,-5];[115,69,33]
[-13,72,-24];[71,78,87]
[-10,60,-5];[74,85,90]
[-7,64,-28];[99,113,123]
[7,14,1];[74,44,33]
[-1,46,-6];[148,163,181]
[-19,74,-14];[49,82,35]
[-12,58,-15];[74,81,90]
[-23,38,-1];[150,167,181]
[-7,57,-6];[82,94,101]
[-28,26,-12];[112,71,33]
[-19,46,0];[126,140,150]
[-8,60,-7];[74,83,90]
[-39,8,-27];[134,86,60]
[-9,61,-6];[74,82,90]
[-9,60,-6];[74,85,90]
[-5,100,-3];[126,87,27]
[2,1,4];[104,64,43]
[-43,2,-19];[99,65,41]
[-12,61,-24];[49,26,18]
[-37,31,-7];[156,170,181]
[-15,60,0];[79,89,99]
[-20,70,-13];[49,82,38]
[-10,62,-5];[82,83,82]
[6,30,0];[145,98,51]
[-19,68,-18];[66,56,24]
[-27,60,30];[38,50,87]
[-16,55,0];[82,94,101]
[-19,88,-12];[35,67,27]
[-12,88,-7];[123,134,140]
[-37,11,-19];[49,24,16]
[-10,71,-27];[156,166,173]
[-16,55,1];[82,95,104]
[-31,74,14];[109,64,46]
[-25,46,1];[156,170,173]
[-16,58,1];[74,89,99]
[-1,45,-6];[148,166,181]
[3,45,-19];[49,40,82]
[-2,54,-26];[115,40,33]
[-13,44,-16];[16,48,16]
[-27,55,31];[82,69,74]
[-16,57,1];[82,90,99]
[-4,52,0];[24,56,16]
[-31,79,12];[110,96,95]
[-8,83,-23];[51,89,35]
[-16,52,0];[87,99,112]
[-19,52,4];[63,101,46]
[-4,82,-17];[51,87,35]
[-38,5,-9];[95,56,35]
[-10,45,-31];[49,44,82]
[-6,55,-14];[51,91,41]
[-25,96,-18];[33,60,33]
[-16,51,0];[90,103,112]
[-5,51,-22];[68,28,21]
[2,38,-24];[57,52,107]
[-17,48,-2];[82,97,107]
[-5,23,1];[33,16,8]
[-1,0,2];[41,36,33]
[-32,33,-13];[173,186,198]
[-32,78,6];[62,73,79]
[-15,48,-12];[87,99,107]
[-22,67,17];[51,32,21]
[-7,102,-2];[112,79,27]
[-17,68,27];[57,44,41]
[-43,22,-14];[49,28,16]
[-14,49,-2];[90,103,112]
[-11,60,-4];[74,86,93]
[-22,65,-17];[90,77,41]
[-11,58,-3];[76,90,99]
[-35,79,-3];[30,66,21]
[-24,65,-5];[18,41,13]
[-34,47,-8];[24,28,41]
[-2,50,-7];[33,69,33]
[-32,79,0];[30,57,21]
[-25,67,-5];[33,63,24]
[-31,46,-10];[148,121,57]
[-11,57,-3];[82,93,101]
[-8,45,-11];[137,155,162]
[-24,71,19];[107,36,33]
[-18,79,-16];[24,32,49]
[-28,70,14];[71,38,27]
[-46,17,-17];[57,34,21]
[-11,56,-3];[82,95,104]
[-11,54,-2];[90,101,115]
[-8,54,-4];[99,113,123]
[-13,102,0];[49,77,33]
[-12,54,-1];[82,95,104]
[-7,26,-1];[120,79,35]
[-12,55,-2];[82,93,104]
[-8,58,-6];[74,87,96]
[-28,63,-13];[33,36,57]
[-37,31,-15];[137,90,46]
[-17,80,1];[76,121,57]
[-10,90,-12];[60,98,46]
[-31,28,-16];[132,87,41]
[-12,52,-2];[90,103,112]
[-13,51,-1];[90,101,115]
[-10,107,-1];[99,166,74]
[17,36,-11];[142,143,142]
[-8,77,-15];[24,52,16]
[-35,81,4];[57,97,49]
[-28,33,-2];[140,158,173]
[-26,36,0];[153,168,181]
[2,25,3];[57,32,16]
[-27,35,-1];[150,164,175]
[-31,33,-1];[181,195,206]
[-18,44,-4];[132,146,156]
[-19,42,-5];[140,154,165]
[-8,56,-15];[51,85,38]
[-20,43,-6];[140,154,165]
[-21,69,17];[46,30,21]
[-20,42,-4];[140,158,165]
[-20,42,-7];[140,154,165]
[32,32,2];[147,147,147]
[13,1,7];[66,40,24]
[-2,20,-8];[99,60,41]
[-20,41,-5];[140,158,173]
[-34,68,23];[41,70,109]
[-5,54,-4];[57,93,41]
[-8,105,-8];[33,60,33]
[-21,41,-8];[142,159,173]
[-21,40,-6];[142,163,175]
[-16,49,-12];[87,98,112]
[-34,20,-7];[117,75,41]
[-14,54,-17];[63,102,46]
[-24,73,15];[73,36,21]
[-25,51,0];[104,115,123]
[-20,42,-5];[140,154,165]
[-13,47,2];[99,105,115]
[-9,85,-6];[33,65,24]
[-21,42,-8];[140,158,165]
[-3,25,4];[140,97,49]
[9,6,2];[74,42,30]
[-21,101,-21];[33,60,33]
[-30,54,-10];[57,44,16]
[-24,38,-9];[156,170,181]
[-18,69,24];[82,49,35]
[-7,74,-26];[33,60,24]
[-27,36,-9];[156,171,183]
[-26,54,-2];[82,93,104]
[-2,51,-23];[57,24,16]
[-9,61,-10];[71,81,87]
[-1,41,-25];[41,32,66]
[-27,35,-9];[148,166,181]
[-28,36,-9];[159,174,183]
[-23,51,1];[107,118,129]
[-15,88,-3];[106,118,126]
[-7,67,-5];[63,101,46]
[-19,99,-18];[33,56,24]
[-37,70,7];[165,174,181]
[-17,110,-11];[66,105,49]
[-19,79,19];[74,65,66]
[-7,74,28];[206,190,181]
[-33,34,-4];[153,174,186]
[-5,53,-6];[115,125,132]
[-13,71,31];[112,99,98]
[-25,43,-10];[156,171,181]
[-33,79,10];[82,73,74]
[-19,106,0];[41,69,33]
[-6,46,-29];[24,24,49]
[-32,33,-2];[148,166,181]
[-23,60,-14];[33,36,57]
[-30,30,-2];[131,152,170]
[-21,49,-15];[49,89,41]
[-11,108,-3];[82,138,66]
[-22,71,17];[82,32,24]
[-6,44,-24];[140,106,54]
[-11,83,0];[49,85,41]
[-27,75,7];[16,36,8]
[-21,108,-5];[57,97,41]
[-20,93,-5];[112,79,27]
[3,39,-24];[74,69,123]
[-4,75,-24];[54,94,41]
[-21,110,-7];[57,97,41]
[-20,108,-17];[49,81,41]
[-17,94,-12];[49,81,41]
[-25,56,-1];[74,89,99]
[-7,82,-8];[38,73,30]
[-9,83,-22];[51,91,35]
[-29,31,-2];[132,146,165]
[-13,107,1];[99,158,74]
[-37,26,-18];[90,56,41]
[-31,76,20];[71,64,63]
[-37,32,-9];[153,170,181]
[-28,84,-10];[51,83,35]
[-36,11,-17];[66,36,24]
[-5,57,-9];[49,85,41]
[-38,30,-11];[84,87,93]
[-17,51,-12];[82,94,101]
[-38,30,-10];[132,154,165]
[-37,31,-11];[156,170,181]
[-36,32,-7];[156,174,189]
[-33,50,-12];[57,44,16]
[-10,56,-26];[104,59,41]
[-26,55,-8];[49,85,41]
[-29,27,-13];[137,154,167]
[-43,5,-25];[90,55,35]
[-28,29,-11];[140,154,173]
[-34,27,-7];[115,69,33]
[-30,77,-4];[30,60,21]
[-9,77,-17];[33,65,24]
[7,7,8];[96,57,33]
[-20,65,27];[41,32,24]
[-15,89,-19];[66,52,24]
[-23,81,-14];[60,97,43]
[-13,91,-1];[181,146,107]
[-27,82,-12];[54,97,46]
[-28,29,-12];[150,167,181]
[-30,28,-14];[82,85,90]
[-22,39,-1];[156,171,183]
[-2,26,4];[140,93,49]
[-15,78,25];[29,41,77]
[-17,109,-4];[74,130,57]
[-19,57,-12];[74,85,90]
[-13,90,-10];[132,97,74]
[-11,61,0];[24,52,16]
[-27,78,7];[41,77,33]
[-29,30,-13];[104,64,27]
[-29,28,-9];[132,148,165]
[-29,97,-24];[49,73,33]
[-28,73,3];[33,60,24]
[-30,31,-13];[165,180,195]
[-21,66,-15];[82,73,33]
[-30,29,-14];[148,166,181]
[-7,75,-14];[24,48,16]
[-39,2,-6];[68,38,27]
[-7,77,-16];[30,60,21]
[4,24,-5];[46,26,16]
[-31,30,-14];[159,175,189]
[-18,68,-14];[43,79,35]
[-13,103,1];[33,48,24]
[-3,85,-7];[40,74,32]
[-31,29,-15];[87,87,87]
[-6,22,-2];[54,30,18]
[-18,49,-9];[84,98,109]
[-28,53,-14];[33,36,49]
[-15,50,-12];[82,95,104]
[-32,30,-15];[90,89,90]
[-37,75,1];[27,59,24]
[2,28,1];[156,174,189]
[38,32,9];[153,154,155]
[-11,71,-17];[27,54,18]
[-17,77,3];[63,103,46]
[-31,32,-12];[173,190,198]
[-29,31,-12];[165,178,189]
[-31,31,-13];[165,182,195]
[-33,27,-8];[123,77,41]
[-32,32,-14];[115,77,41]
[-27,84,-11];[54,93,41]
[-41,91,-20];[66,105,49]
[-5,52,-25];[41,24,16]
[-34,31,-13];[165,178,189]
[-15,91,-2];[165,134,90]
[-11,47,-16];[46,82,35]
[-30,51,-12];[24,32,49]
[-33,32,-13];[165,183,198]
[-6,86,-13];[82,48,24]
[-19,62,32];[117,110,104]
[-17,82,-17];[33,28,0]
[-20,96,-11];[24,44,24]
[-6,47,0];[156,170,181]
[-7,105,-4];[140,105,33]
[-34,32,-13];[115,73,41]
[-6,78,-24];[60,99,43]
[-34,31,-14];[156,174,189]
[1,20,3];[82,50,33]
[-4,55,-8];[38,73,30]
[-12,109,-8];[66,109,49]
[-31,95,-20];[49,73,33]
[-20,43,-8];[137,152,165]
[-20,57,-12];[74,85,90]
[-5,33,2];[123,142,156]
[-35,31,-14];[82,85,82]
[-9,87,-16];[33,20,8]
[-36,93,-21];[49,73,33]
[-38,7,-24];[60,36,21]
[-6,63,-23];[68,36,21]
[-29,69,17];[73,38,24]
[-41,7,-11];[99,56,33]
[-30,102,-18];[49,73,33]
[-32,26,-5];[162,176,189]
[-12,71,-17];[33,60,24]
[-22,59,-13];[60,99,43]
[-25,69,-12];[99,85,41]
[-46,4,-11];[68,41,27]
[-14,69,28];[66,56,57]
[-36,31,-13];[82,89,90]
[-9,86,-7];[27,56,18]
[-8,71,-18];[30,60,21]
[-12,77,-19];[46,82,38]
[-15,70,25];[57,52,49]
[-22,49,1];[112,127,137]
[-34,33,-11];[170,186,195]
[6,18,-1];[68,38,27]
[-18,100,1];[104,67,24]
[4,20,-7];[66,36,24]
[-33,33,-12];[173,186,198]
[-34,33,-12];[165,184,198]
[-25,36,-8];[140,158,173]
[-7,77,-15];[33,60,24]
[-20,105,-20];[49,73,33]
[-10,46,-31];[24,24,49]
[-16,63,-14];[96,63,38]
[-36,33,-10];[156,171,183]
[-29,69,18];[107,40,33]
[-43,5,-24];[74,44,24]
[-37,32,-12];[156,171,183]
[-33,60,27];[35,49,84]
[-1,46,-24];[33,28,57]
[-25,103,-22];[49,73,33]
[-28,100,-24];[49,73,33]
[-24,63,-8];[96,63,33]
[-28,51,-11];[181,154,82]
[-37,31,-12];[74,77,74]
[-35,33,-9];[156,172,181]
[-11,88,-7];[148,160,173]
[-4,40,-8];[165,182,189]
[-6,49,-27];[49,20,16]
[34,34,5];[187,187,187]
[-13,50,-17];[54,94,38]
[-9,76,-25];[27,53,18]
[5,29,0];[41,24,8]
[-9,58,-5];[82,93,99]
[-23,55,-13];[60,99,43]
[1,6,-7];[82,48,33]
[-37,33,-12];[131,86,46]
[-31,30,-2];[165,178,189]
[-31,29,-2];[137,155,170]
[-20,64,1];[66,45,24]
[-37,2,-13];[74,41,27]
[-33,54,29];[79,72,71]
[-38,10,-15];[74,44,33]
[-22,57,2];[49,86,38]
[-16,100,-16];[41,60,33]
[-14,74,3];[101,61,33]
[-34,32,-5];[148,163,175]
[-33,31,-3];[126,144,167]
[-11,108,-4];[49,77,33]
[-21,94,-5];[118,85,29]
[-28,75,14];[87,49,33]
[-36,33,-6];[156,174,189]
[-32,33,-3];[148,162,181]
[-35,33,-7];[156,174,189]
[-34,34,-7];[153,171,186]
[-21,95,-9];[49,73,33]
[-25,39,-9];[156,174,189]
[-16,59,1];[74,87,96]
[-15,58,1];[74,86,93]
[-9,43,-28];[173,138,99]
[-17,77,22];[115,85,49]
[-34,46,-11];[24,28,41]
[-24,58,-8];[74,85,93]
[-21,59,2];[51,87,38]
[-28,96,-22];[41,69,33]
[-15,57,1];[74,89,99]
[-15,55,0];[82,91,99]
[-7,77,-14];[24,52,16]
[-20,74,29];[123,109,99]
[-31,80,2];[33,60,24]
[-32,77,12];[41,32,24]
[-38,14,-13];[95,60,38]
[-8,48,0];[145,160,170]
[-25,66,12];[74,24,16]
[-12,68,31];[112,101,96]
[-14,59,0];[82,93,101]
[-14,84,-1];[153,168,178]
[-15,61,0];[123,98,35]
[-15,59,0];[79,89,99]
[-30,56,-10];[24,32,49]
[-10,75,1];[41,24,16]
[-16,100,-17];[41,60,33]
[-9,94,0];[206,170,132]
[-5,57,-7];[46,81,35]
[5,2,11];[68,41,27]
[-11,61,-3];[74,86,93]
[-12,59,-3];[74,85,90]
[-30,53,-11];[107,85,33]
[-6,45,1];[150,167,183]
[-21,59,-14];[57,93,41]
[-32,76,13];[165,134,82]
[-12,58,-3];[74,89,99]
[-22,77,-15];[148,93,49]
[-17,110,-9];[74,117,49]
[-14,51,0];[90,99,109]
[-11,61,-4];[74,85,90]
[-12,61,-2];[82,90,99]
[-18,90,-13];[55,87,43]
[-37,76,-1];[38,73,30]
[3,8,5];[71,40,27]
[-14,109,-11];[57,97,49]
[-30,28,-5];[132,150,165]
[-1,52,-27];[82,40,33]
[-12,59,-2];[76,89,99]
[-12,58,-2];[79,89,99]
[0,36,5];[145,163,178]
[-27,52,-13];[57,48,24]
[-23,65,-14];[82,69,33]
[-3,45,1];[173,190,198]
[-15,81,-18];[60,97,43]
[-12,57,-2];[74,89,99]
[-21,42,-9];[140,158,173]
[-28,74,10];[79,41,30]
[-27,48,1];[33,65,24]
[-13,60,-1];[90,99,109]
[-13,59,-1];[90,102,112]
[-28,28,-9];[132,150,165]
[-38,28,-16];[57,32,21]
[-23,67,18];[41,24,16]
[-29,27,-12];[140,158,173]
[-24,45,1];[150,164,175]
[13,3,10];[68,41,27]
[-37,71,9];[156,166,173]
[-33,24,-8];[57,69,74]
[-31,27,-5];[153,168,186]
[-13,52,-17];[63,101,46]
[-2,49,-24];[46,32,24]
[-9,102,1];[110,79,29]
[-30,29,-3];[115,136,153]
[-26,55,-2];[66,105,49]
[-34,73,-1];[38,70,30]
[-18,110,-8];[74,117,49]
[-29,30,-3];[120,142,159]
[-21,54,-11];[74,85,90]
[-28,65,14];[74,40,24]
[-6,76,-25];[66,109,49]
[-25,80,3];[43,75,27]
[-23,57,2];[49,86,35]
[-32,40,-5];[156,174,186]
[-29,30,-4];[132,146,165]
[-44,6,-11];[99,60,33]
[-32,79,5];[54,63,65]
[-44,0,-8];[107,65,43]
[-11,53,-2];[90,103,112]
[-33,19,-11];[66,40,24]
[-25,66,-8];[35,63,27]
[-11,90,-4];[165,138,90]
[-4,46,-24];[82,52,33]
[-29,38,-1];[167,180,192]
[-46,0,-8];[123,74,49]
[-5,45,-22];[71,48,38]
[-20,49,-11];[99,109,115]
[-12,90,-7];[189,150,115]
[-9,103,3];[44,38,32]
[-29,37,0];[173,190,198]
[-37,1,-15];[66,40,24]
[-28,37,0];[173,190,198]
[-18,50,-11];[79,91,99]
[-26,72,-9];[33,56,24]
[-7,88,-8];[66,109,49]
[-27,87,-7];[46,85,35]
[-26,38,0];[167,180,192]
[-27,39,0];[175,191,200]
[-37,5,-18];[68,38,27]
[-28,77,14];[145,116,82]
[-35,68,8];[134,147,150]
[-27,38,0];[173,190,198]
[-4,32,2];[123,142,156]
[-28,35,-1];[162,179,189]
[-3,13,-7];[82,48,33]
[-38,5,-13];[74,41,27]
[-4,45,-27];[41,40,74]
[-20,71,-12];[57,89,41]
[-24,66,16];[74,36,24]
[-40,6,-26];[93,55,35]
[-14,61,1];[24,56,24]
[-24,107,-9];[49,77,33]
[-22,73,28];[189,158,49]
[-22,68,21];[49,22,16]
[-12,52,-17];[49,89,33]
[-1,38,-5];[150,167,181]
[-20,98,-19];[33,60,33]
[-32,34,-3];[140,154,173]
[-39,31,-13];[123,79,38]
[-7,86,-16];[16,48,16]
[-21,41,-7];[140,156,170]
[-8,71,-14];[27,57,18]
[-18,97,1];[137,106,35]
[-26,80,15];[131,95,57]
[-32,26,-17];[46,25,13]
[-45,13,-23];[71,42,30]
[-7,82,-7];[33,69,33]
[-25,56,-9];[79,91,99]
[-18,109,-3];[66,113,49]
[-16,96,-14];[24,44,16]
[-3,52,-4];[66,109,41]
[-30,35,-1];[173,190,198]
[-22,40,-9];[148,164,178]
[-36,77,3];[57,65,74]
[-27,75,-11];[49,86,38]
[-2,17,2];[54,30,18]
[-19,87,-2];[33,67,27]
[-1,44,-28];[82,48,33]
[-37,75,0];[38,73,27]
[-6,57,-5];[60,95,43]
[-29,29,-4];[126,143,159]
[2,45,-22];[66,60,115]
[-32,68,18];[49,36,33]
[-29,45,-8];[148,163,175]
[-24,41,-10];[156,171,183]
[-8,77,-22];[30,57,21]
[-25,40,-9];[156,174,189]
[-5,55,-9];[46,77,30]
[-25,40,-10];[156,174,189]
[-5,40,3];[150,166,178]
[-25,39,-10];[156,174,189]
[-9,97,-2];[41,28,16]
[-32,57,29];[112,104,101]
[-25,38,-10];[156,174,189]
[-25,50,-9];[101,115,126]
[-7,75,-13];[24,53,16]
[-40,3,-21];[79,49,30]
[-26,40,-10];[165,182,192]
[-29,79,6];[30,57,21]
[-35,77,7];[104,118,126]
[-21,87,-2];[27,54,18]
[-22,70,1];[38,70,30]
[-26,39,-10];[165,178,189]
[-15,79,1];[71,116,51]
[-34,55,25];[41,40,33]
[-9,51,-25];[66,20,16]
[-27,39,-10];[170,184,195]
[-28,39,-10];[173,186,198]
[-17,102,-19];[33,60,33]
[-23,72,15];[82,40,24]
[-32,80,3];[24,52,16]
[-22,64,18];[68,36,21]
[-24,68,30];[140,44,57]
[12,2,12];[63,38,24]
[-24,43,-9];[150,164,175]
[-24,60,-6];[71,81,87]
[-25,41,-10];[162,179,186]
[-26,42,-10];[162,179,189]
[-20,41,-4];[140,158,173]
[-9,86,-4];[38,74,33]
[-15,79,21];[41,32,24]
[-18,79,2];[74,117,57]
[2,30,-3];[101,60,27]
[-9,39,-5];[156,172,186]
[-13,92,-19];[24,20,0]
[-4,43,-24];[33,28,57]
[-5,35,0];[132,150,165]
[-7,87,-13];[98,60,35]
[-11,98,1];[173,146,99]
[-17,103,-19];[49,73,33]
[-34,31,-5];[142,160,175]
[-23,96,-18];[41,60,33]
[-27,41,-10];[170,184,195]
[-14,85,-3];[126,140,148]
[-3,55,-28];[93,55,35]
[-8,61,-9];[71,79,90]
[-30,36,-2];[159,175,189]
[-28,29,-5];[123,142,156]
[-5,80,-22];[57,93,41]
[-27,78,22];[71,63,60]
[-27,40,-10];[173,186,198]
[-6,88,-9];[71,114,49]
[-36,23,-7];[57,32,16]
[-20,67,2];[33,60,24]
[-28,42,-10];[170,184,195]
[-27,43,-10];[165,179,189]
[-15,89,-14];[35,70,27]
[-28,42,-9];[173,186,198]
[-28,40,-10];[173,190,198]
[8,0,11];[126,82,54]
[-18,86,-1];[33,68,30]
[-34,82,3];[57,93,41]
[-29,41,-9];[173,186,198]
[-6,77,-15];[33,65,24]
[-8,53,-22];[140,85,49]
[-31,71,11];[79,44,29]
[-30,41,-9];[167,182,192]
[-1,23,4];[38,21,13]
[-43,15,-25];[82,48,33]
[-14,63,-14];[41,73,33]
[-47,15,-20];[68,38,27]
[-28,44,-9];[159,175,183]
[-12,57,1];[54,94,41]
[-27,82,16];[90,79,79]
[-29,45,-9];[150,167,175]
[-29,44,-9];[156,174,181]
[27,32,-1];[145,145,145]
[-23,96,-16];[41,69,33]
[-25,47,-14];[57,93,41]
[-3,8,-6];[82,48,33]
[-30,43,-9];[159,175,183]
[-30,42,-9];[165,182,189]
[-9,77,-18];[35,63,24]
[-10,105,3];[95,64,18]
[-32,41,-7];[156,174,186]
[-18,95,-12];[49,77,33]
[-36,67,16];[74,65,66]
[-31,43,-8];[156,172,186]
[-10,89,-9];[46,82,38]
[-31,41,-7];[156,174,186]
[-33,53,-10];[24,28,33]
[-37,80,4];[51,87,41]
[-20,57,1];[74,87,96]
[-31,41,-8];[156,176,186]
[-2,29,-6];[165,178,189]
[-4,48,-30];[76,49,38]
[-13,89,-8];[132,97,74]
[-10,51,-3];[104,118,129]
[-28,78,6];[30,57,21]
[-22,97,-4];[49,77,33]
[-7,72,-3];[43,73,27]
[-21,77,-15];[90,81,33]
[-27,67,19];[90,48,33]
[-30,45,-8];[148,163,175]
[-10,93,1];[181,146,107]
[-28,75,-8];[43,75,33]
[-31,44,-7];[153,168,181]
[-36,33,-8];[156,172,186]
[-6,77,-24];[63,102,46]
[-17,85,19];[148,136,131]
[-22,52,-11];[82,93,99]
[-28,104,-20];[49,81,41]
[-16,56,0];[82,93,99]
[-20,85,3];[38,67,30]
[-8,62,-28];[88,49,35]
[-31,45,-6];[148,164,178]
[-16,64,-14];[101,63,38]
[-38,78,4];[8,28,0]
[-31,43,-6];[156,172,186]
[-5,85,-15];[57,97,41]
[-22,90,-4];[49,85,41]
[-32,42,-6];[156,174,186]
[-38,76,2];[16,48,16]
[-28,69,14];[60,29,18]
[-24,78,0];[33,60,24]
[-8,59,-30];[104,57,41]
[-13,58,-1];[90,102,112]
[-31,65,20];[87,59,32]
[-12,84,-2];[153,168,178]
[-32,41,-5];[156,172,186]
[-3,75,-21];[63,101,46]
[-34,94,-22];[41,69,33]
[-31,80,8];[68,109,51]
[-21,78,-15];[66,52,24]
[0,30,-5];[115,65,33]
[-32,43,-4];[153,168,181]
[-32,42,-4];[156,170,181]
[-31,44,-4];[148,166,181]
[-12,60,-25];[57,32,21]
[-31,86,-3];[66,109,49]
[-31,42,-3];[150,170,183]
[-17,54,0];[84,98,109]
[-2,37,4];[140,158,173]
[-34,53,29];[55,51,43]
[2,7,-8];[74,44,33]
[-30,69,8];[63,70,79]
[-31,40,-2];[150,167,181]
[-8,104,-5];[33,56,24]
[-7,78,-13];[33,65,24]
[-19,88,-13];[35,64,27]
[-30,43,-2];[150,167,181]
[-8,106,2];[153,120,43]
[-13,92,-12];[115,85,24]
[-30,45,-2];[142,160,175]
[-11,107,-10];[66,101,49]
[-26,87,-2];[49,79,35]
[-9,100,-12];[156,121,82]
[-33,72,0];[33,65,24]
[-33,101,-19];[49,77,33]
[-47,2,-15];[62,38,27]
[-30,44,-1];[148,164,181]
[-17,102,-18];[33,60,33]
[-5,41,-8];[165,180,189]
[-29,45,0];[148,166,181]
[-35,23,-7];[51,26,10]
[-19,99,-2];[41,60,33]
[-9,106,-8];[33,52,24]
[-5,47,-24];[79,49,33]
[-28,43,0];[167,183,192]
[-2,44,-23];[49,40,82]
[-30,41,-1];[153,172,186]
[-26,47,0];[148,164,173]
[-33,81,8];[57,93,41]
[1,0,0];[87,50,33]
[-12,108,-10];[57,93,41]
[-25,48,1];[142,159,167]
[7,2,-3];[66,36,24]
[-28,45,0];[156,170,181]
[-46,0,-15];[132,85,57]
[-4,44,-10];[145,160,173]
[-8,78,-2];[33,61,24]
[-9,86,-6];[33,68,30]
[-21,49,1];[109,124,134]
[-35,25,-18];[90,52,33]
[-13,109,-11];[57,93,41]
[-26,77,15];[140,107,71]
[-22,48,1];[120,135,145]
[-25,70,-15];[74,65,33]
[-7,87,-18];[63,107,46]
[-27,51,-10];[46,82,35]
[-39,10,-26];[82,48,33]
[-19,90,-11];[38,66,30]
[-23,48,1];[126,140,150]
[-10,100,-9];[107,74,24]
[-23,47,1];[134,148,159]
[-40,91,-19];[57,97,41]
[-14,69,19];[137,97,60]
[-24,48,1];[134,148,159]
[-23,69,1];[71,41,21]
[-26,41,-10];[165,183,192]
[-24,47,1];[142,159,167]
[-3,43,-23];[57,56,99]
[-23,103,-4];[33,56,24]
[-29,69,15];[87,49,33]
[-25,47,1];[150,163,173]
[-32,74,10];[165,174,181]
[-10,99,-12];[156,121,74]
[-35,68,16];[148,117,74]
[-40,12,-25];[82,48,33]
[-6,98,-3];[90,56,16]
[-42,1,-6];[148,97,66]
[1,35,4];[156,171,183]
[-1,41,-7];[156,174,186]
[-26,45,1];[159,172,183]
[-14,61,0];[123,99,33]
[-27,63,-12];[41,48,74]
[-10,101,2];[110,75,27]
[5,25,1];[49,28,16]
[-2,48,-9];[137,152,165]
[-21,51,1];[104,115,123]
[-22,51,2];[101,114,123]
[-24,52,1];[101,114,123]
[-27,55,-4];[54,93,41]
[-6,46,-12];[126,140,150]
[-29,28,-11];[95,56,27]
[-1,36,-4];[142,156,173]
[-20,51,1];[99,113,123]
[-27,103,-22];[49,77,33]
[-20,50,1];[101,115,126]
[-23,57,1];[43,79,33]
[4,1,11];[57,32,24]
[-7,75,-12];[27,54,18]
[21,35,-5];[123,123,123]
[-27,46,0];[156,170,181]
[-18,52,1];[82,95,104]
[-36,80,3];[54,93,46]
[-44,6,-12];[93,55,32]
[-19,52,1];[90,101,107]
[-33,77,-4];[33,65,24]
[-19,50,1];[99,113,123]
[-34,21,-19];[66,40,24]
[-13,102,-15];[33,52,24]
[-11,74,-28];[24,52,16]
[-18,70,22];[57,36,24]
[-9,53,-15];[76,90,99]
[-32,32,-13];[165,184,198]
[-28,48,-8];[132,146,156]
[21,35,-8];[130,130,129]
[5,30,-2];[137,94,49]
[-29,38,0];[173,190,198]
[-6,73,-10];[30,64,21]
[-5,29,-4];[41,36,33]
[-18,51,1];[82,97,107]
[-15,74,29];[41,64,101]
[-10,75,-19];[30,60,21]
[-30,26,-10];[140,158,173]
[-29,26,-11];[140,158,173]
[-23,99,-5];[24,40,16]
[-28,58,-14];[82,69,33]
[-8,75,-16];[33,60,24]
[-29,27,-9];[98,62,33]
[-3,54,-22];[66,28,24]
[-33,83,2];[57,93,41]
[-37,6,-17];[71,41,30]
[11,5,10];[93,54,33]
[-33,80,6];[33,60,24]
[-29,27,-10];[95,56,27]
[-10,105,1];[101,70,18]
[-15,79,25];[57,48,49]
[-6,70,-23];[131,144,153]
[-29,44,0];[156,170,181]
[-29,70,18];[71,64,63]
[-23,59,-9];[74,81,90]
[-33,83,3];[63,102,46]
[3,1,3];[90,56,33]
[-26,50,-8];[104,115,123]
[-32,59,29];[51,44,43]
[-13,70,-21];[66,77,82]
[-29,27,-11];[148,170,181]
[-31,82,7];[62,101,46]
[-18,45,-6];[123,138,148]
[-14,62,0];[8,32,8]
[-6,54,-14];[57,98,41]
[-7,50,1];[43,79,33]
[-35,79,3];[35,63,27]
[-2,35,-3];[137,152,170]
[-33,25,-6];[101,59,33]
[-4,12,-3];[68,41,27]
[-9,67,-27];[148,158,165]
[-30,27,-5];[137,155,170]
[-8,78,-17];[33,60,24]
[-33,48,-10];[66,52,24]
[-33,73,14];[66,56,57]
[-33,80,8];[33,60,24]
[-26,65,14];[76,25,18]
[-24,40,-9];[156,172,181]
[-12,50,-14];[87,95,107]
[-34,25,-6];[41,36,33]
[-25,77,-1];[30,60,21]
[-16,51,-17];[60,95,43]
[-2,37,-4];[153,174,186]
[-27,75,25];[189,158,49]
[-6,82,-22];[63,102,46]
[-34,24,-8];[76,89,96]
[-37,39,-9];[90,77,41]
[-34,26,-6];[132,85,49]
[-10,63,-22];[90,102,109]
[-41,90,-19];[57,93,41]
[-20,94,-3];[49,73,99]
[-34,24,-7];[156,174,189]
[-35,25,-8];[99,65,33]
[-12,59,-16];[54,93,46]
[-15,101,-16];[41,60,33]
[1,41,-1];[150,167,181]
[-21,88,0];[66,109,49]
[-28,82,-11];[51,87,35]
[4,40,-20];[96,97,98]
[-33,29,-4];[156,174,189]
[1,36,4];[156,174,189]
[-34,30,-4];[148,162,181]
[-34,27,-9];[117,73,38]
[-32,84,1];[60,97,43]
[-46,3,-7];[66,40,24]
[-30,24,-7];[140,97,49]
[-34,30,-5];[148,166,181]
[-36,29,-6];[156,170,181]
[7,0,4];[112,74,46]
[-36,28,-8];[156,172,186]
[-6,31,0];[140,155,173]
[-13,109,-5];[74,130,57]
[-7,83,-3];[104,60,33]
[-35,26,-7];[156,174,189]
[-27,101,-12];[33,52,24]
[-36,25,-8];[76,87,93]
[-9,94,-8];[115,81,24]
[-30,95,-20];[49,77,33]
[-24,57,0];[49,81,33]
[-36,28,-7];[107,65,33]
[-32,80,7];[27,52,18]
[-9,42,-1];[142,159,173]
[-11,73,-19];[30,57,24]
[-7,56,-14];[49,89,41]
[-11,80,-24];[41,77,33]
[-10,58,-14];[74,81,90]
[-19,60,2];[54,90,41]
[-37,28,-8];[156,170,181]
[-5,20,-2];[66,36,24]
[-30,83,3];[49,89,41]
[-18,57,3];[63,105,46]
[-37,27,-8];[156,174,181]
[-4,83,-17];[60,95,43]
[-40,2,-19];[93,57,38]
[-13,73,25];[150,121,84]
[-27,73,17];[123,44,33]
[-40,5,-26];[99,60,41]
[-17,75,2];[54,89,38]
[4,1,6];[93,56,38]
[-23,66,19];[57,40,33]
[-35,30,-6];[153,171,181]
[-36,30,-6];[153,170,181]
[-3,58,-24];[173,60,49]
[-12,89,-11];[41,48,57]
[-27,52,-6];[90,103,115]
[-18,110,-12];[57,105,49]
[-19,46,-9];[112,125,137]
[-38,22,-8];[51,29,16]
[-37,30,-8];[95,56,27]
[-2,28,-8];[145,101,60]
[-31,43,-7];[156,172,186]
[-44,13,-13];[76,45,33]
[-6,40,-7];[173,190,198]
[-5,56,-7];[46,82,38]
[-21,91,-8];[115,125,132]
[-25,67,-3];[41,36,33]
[-10,62,-28];[85,45,35]
[-12,97,1];[115,89,57]
[-38,24,-6];[145,101,54]
[-27,32,-2];[153,170,186]
[-21,49,-10];[90,105,115]
[-27,33,-2];[153,171,186]
[-3,29,-2];[107,65,33]
[-19,90,-12];[33,69,33]
[-15,83,-21];[41,28,0]
[2,0,1];[115,77,49]
[-18,44,-7];[126,139,150]
[-25,35,-1];[148,166,181]
[-27,64,22];[33,81,115]
[-1,47,-5];[145,163,178]
[-43,3,-22];[82,52,33]
[-7,68,-6];[41,73,33]
[-25,78,-13];[60,99,43]
[-17,81,2];[74,121,57]
[-7,37,1];[132,148,162]
[0,37,-4];[150,167,181]
[-24,50,4];[54,93,41]
[-12,99,5];[41,36,33]
[-32,80,8];[33,60,24]
[-5,86,-11];[99,60,33]
[-10,43,-1];[148,166,181]
[-18,89,-6];[79,90,96]
[-25,36,-1];[148,166,181]
[3,0,9];[115,69,41]
[-26,33,-2];[165,178,189]
[-5,76,-24];[57,97,41]
[-25,37,0];[150,167,181]
[-29,68,18];[87,29,21]
[-18,98,-17];[33,48,24]
[-32,29,-4];[150,168,183]
[-12,72,1];[38,22,13]
[-40,19,-11];[79,46,33]
[-24,70,11];[82,41,27]
[-4,53,-9];[99,110,117]
[-9,57,-23];[49,24,16]
[-8,60,-2];[66,105,49]
[-25,65,19];[33,79,115]
[-24,39,0];[156,174,189]
[-28,87,-1];[66,109,49]
[-29,75,14];[90,48,33]
[-18,71,-15];[24,32,49]
[-18,110,-7];[66,117,49]
[-22,41,1];[150,167,183]
[-24,38,0];[148,166,181]
[-10,54,-1];[35,67,24]
[-22,40,0];[148,170,181]
[-3,42,-21];[33,32,66]
[-14,55,-15];[74,81,90]
[-3,53,-5];[51,95,35]
[-24,37,-1];[153,171,186]
[-30,46,-3];[140,158,173]
[-5,19,-5];[82,52,33]
[-21,42,0];[148,164,178]
[-15,68,19];[74,52,41]
[-22,41,0];[148,166,181]
[-34,68,11];[90,105,115]
[-5,86,-17];[63,106,46]
[17,40,-8];[107,107,107]
[-42,23,-13];[66,40,24]
[-12,53,-2];[90,101,115]
[-23,72,-11];[41,77,33]
[0,38,-3];[150,170,183]
[-14,72,-21];[46,56,63]
[-35,60,25];[33,48,82]
[-31,29,-16];[140,97,49]
[-20,45,1];[134,148,159]
[-29,53,-12];[57,44,16]
[-19,45,0];[132,146,156]
[-44,13,-24];[74,44,33]
[-6,79,-15];[30,57,21]
[-20,43,0];[150,164,175]
[-20,81,23];[132,121,123]
[-36,30,-7];[153,170,183]
[-19,48,0];[107,121,132]
[-16,81,-16];[99,85,41]
[-19,46,-1];[132,146,156]
[-18,48,0];[101,115,126]
[-31,25,-9];[82,81,82]
[-26,66,-13];[24,28,33]
[-19,88,-14];[49,89,41]
[-27,41,1];[181,197,206]
[-21,60,1];[43,81,35]
[-3,11,1];[57,34,21]
[-34,32,-12];[165,182,192]
[-10,93,-7];[148,121,82]
[-19,46,4];[41,77,33]
[-30,25,-9];[140,154,173]
[-20,41,-6];[140,155,167]
[-29,72,16];[123,73,49]
[-10,100,-6];[41,69,33]
[-21,80,1];[57,98,41]
[-13,90,-9];[123,138,148]
[-29,28,-7];[123,146,156]
[-6,32,0];[134,152,167]
[-23,39,-7];[140,158,173]
[-41,26,-8];[148,101,57]
[-10,101,-3];[49,73,33]
[-32,25,-6];[156,174,189]
[-30,26,-9];[140,158,173]
[-17,94,-1];[156,125,82]
[10,4,12];[87,50,33]
[-2,34,-3];[165,178,189]
[-6,72,-7];[33,63,24]
[7,43,-17];[51,51,51]
[-5,35,2];[123,142,156]
[-29,27,-7];[126,144,159]
[-29,27,-8];[126,146,159]
[-29,29,-5];[123,142,156]
[-16,71,-15];[46,77,35]
[-19,53,4];[62,105,46]
[-8,50,-27];[68,29,21]
[-29,28,-5];[115,134,148]
[-44,6,-27];[104,64,43]
[-4,45,1];[165,183,192]
[-27,30,-9];[134,151,165]
[-46,9,-25];[71,42,30]
[-32,24,-8];[68,36,18]
[-26,61,-13];[123,101,49]
[-30,99,-17];[41,65,33]
[-8,40,-1];[140,158,173]
[-23,82,20];[66,52,49]
[-7,72,-12];[24,56,16]
[-29,39,-9];[173,187,198]
[-9,41,0];[142,160,175]
[-34,53,26];[43,36,35]
[-39,28,-7];[132,89,49]
[-11,71,-26];[145,156,164]
[-4,10,0];[63,34,21]
[-25,40,1];[165,182,189]
[-12,68,24];[165,125,82]
[2,37,0];[148,170,181]
[-8,40,0];[140,158,173]
[25,35,-1];[139,139,139]
[-5,13,-4];[71,41,30]
[-28,80,-11];[49,83,38]
[-7,39,0];[134,151,165]
[-27,96,-21];[41,69,33]
[-29,70,8];[38,33,27]
[-8,39,-1];[137,156,170]
[-11,84,-4];[73,83,90]
[-7,38,0];[132,151,165]
[-28,78,5];[33,65,24]
[-31,84,2];[54,90,38]
[-21,47,-10];[107,121,132]
[-7,54,-5];[104,115,129]
[-19,76,-19];[33,36,57]
[-18,65,-14];[24,52,21]
[-8,39,0];[137,155,170]
[-27,65,12];[41,20,16]
[-29,77,-4];[33,60,24]
[-20,110,-9];[57,105,49]
[1,34,-5];[156,174,181]
[-35,75,-2];[38,70,30]
[-24,38,-8];[148,162,173]
[-20,100,-21];[41,60,33]
[-9,78,-17];[24,52,16]
[-9,49,-1];[134,148,159]
[-34,18,-11];[68,40,30]
[-35,98,-19];[49,73,33]
[-6,44,-11];[142,159,167]
[1,30,-4];[99,56,24]
[-35,77,-2];[33,65,24]
[14,40,-10];[148,146,148]
[-7,45,2];[150,167,181]
[-4,52,-11];[51,91,38]
[-27,73,-9];[38,71,30]
[-24,68,29];[145,49,62]
[-24,107,-13];[49,81,41]
[2,35,-3];[156,172,186]
[-3,42,-28];[68,43,29]
[-7,45,1];[153,171,186]
[-33,78,0];[30,56,21]
[4,30,-5];[117,75,35]
[-8,76,-27];[54,89,41]
[-5,43,3];[150,168,183]
[-31,102,-20];[49,81,41]
[-3,39,4];[156,174,189]
[-3,38,4];[156,174,189]
[-45,10,-25];[71,42,30]
[0,30,3];[159,175,189]
[2,36,3];[150,168,186]
[-4,83,-15];[49,89,41]
[-5,36,1];[132,150,165]
[-3,34,-3];[175,193,200]
[3,22,-7];[63,34,21]
[-20,98,-18];[33,56,24]
[-25,83,-13];[57,101,49]
[-2,45,-7];[148,163,181]
[-12,43,-7];[142,155,167]
[-34,68,12];[74,89,98]
[-38,93,-23];[49,85,41]
[-12,43,-8];[140,154,165]
[-11,52,-3];[87,97,104]
[2,32,1];[150,168,183]
[-3,51,-24];[49,22,11]
[-7,45,-11];[137,148,156]
[-5,42,3];[156,174,189]
[9,4,0];[66,37,24]
[-18,51,-12];[74,89,99]
[-4,35,-3];[140,154,173]
[-11,42,-7];[145,160,173]
[-11,43,-9];[142,156,167]
[-8,39,-5];[156,174,189]
[-10,81,-23];[43,79,33]
[-25,97,-22];[33,56,24]
[-10,41,-7];[150,167,181]
[-15,98,3];[123,85,24]
[-45,2,-17];[115,73,49]
[-5,37,-4];[170,187,195]
[-7,58,-29];[123,73,49]
[-34,50,27];[24,60,82]
[-5,54,-5];[112,123,132]
[1,21,-8];[76,45,33]
[-28,75,-6];[33,60,24]
[-10,79,-24];[41,73,33]
[-7,38,-5];[165,182,189]
[-30,58,-11];[24,28,41]
[-4,37,-5];[178,194,208]
[-11,103,-12];[33,60,24]
[-10,96,0];[189,150,107]
[-4,12,-5];[74,44,33]
[-4,26,-8];[140,97,49]
[-39,3,-22];[99,65,41]
[-38,29,-15];[74,44,24]
[-20,99,-20];[33,60,33]
[-1,11,-8];[79,49,33]
[-22,109,-13];[66,101,49]
[-27,33,-1];[148,166,181]
[-2,36,-4];[153,167,178]
[-17,78,-17];[41,28,8]
[-36,22,-8];[140,117,49]
[-17,70,19];[90,52,41]
[-38,30,-9];[148,166,181]
[1,35,-4];[156,174,189]
[-9,66,-22];[121,133,142]
[-30,99,-16];[33,56,24]
[3,25,3];[57,32,16]
[-7,72,-13];[27,52,18]
[-2,36,-3];[132,154,165]
[-6,22,-3];[66,40,24]
[0,36,-3];[131,148,161]
[-9,62,-7];[76,85,84]
[-5,27,-6];[145,98,54]
[-41,7,-27];[115,73,49]
[-21,73,-18];[99,85,41]
[-5,42,-29];[74,52,41]
[-11,75,-25];[30,57,21]
[2,36,-2];[150,168,183]
[-11,85,-3];[156,170,181]
[-15,75,24];[132,101,66]
[-22,71,22];[71,61,57]
[2,35,-1];[156,170,181]
[-12,64,1];[99,65,33]
[3,34,-1];[153,168,181]
[0,35,-4];[150,166,178]
[-42,0,-14];[117,75,51]
[-11,68,-15];[33,65,24]
[-21,103,0];[41,69,33]
[-17,87,-3];[131,146,156]
[3,35,-2];[150,171,183]
[6,19,-4];[51,29,18]
[-42,6,-8];[132,85,57]
[-23,77,25];[33,48,84]
[-24,96,-18];[41,60,33]
[-14,77,-20];[24,52,16]
[-29,49,-2];[132,146,156]
[-20,89,-10];[33,65,24]
[-6,100,-2];[107,73,24]
[-34,99,-24];[49,85,41]
[-23,73,27];[33,48,84]
[-28,68,15];[49,32,24]
[-6,29,0];[95,56,27]
[-4,47,-11];[134,148,159]
[3,13,4];[74,44,33]
[-30,75,14];[90,48,33]
[3,34,-2];[156,174,189]
[-41,28,-12];[115,69,33]
[37,33,7];[183,183,182]
[-32,67,19];[115,89,49]
[2,35,-2];[156,172,186]
[-9,61,-2];[32,64,21]
[2,35,4];[150,167,183]
[0,37,5];[156,174,189]
[2,34,1];[137,156,173]
[10,6,11];[115,67,46]
[-34,49,-9];[107,89,33]
[-5,82,-6];[74,36,16]
[-16,55,-13];[74,85,90]
[-29,46,-8];[145,160,170]
[-25,65,-13];[24,32,49]
[2,34,3];[128,150,167]
[-25,56,-11];[63,102,46]
[-32,33,-12];[173,190,198]
[2,35,3];[148,166,181]
[-3,54,-25];[74,40,24]
[-42,25,-11];[57,28,16]
[-26,75,25];[63,102,145]
[-10,90,-11];[49,81,41]
[-16,109,-13];[57,97,41]
[-28,30,-11];[140,158,173]
[0,2,-6];[90,52,33]
[2,34,2];[132,150,173]
[-10,72,28];[82,73,74]
[-10,85,-20];[0,4,8]
[-3,36,3];[126,143,159]
[-24,67,0];[49,28,8]
[-31,86,-5];[60,97,43]
[-4,39,-7];[167,182,192]
[-30,54,31];[74,65,66]
[-6,57,-24];[82,44,32]
[7,6,-4];[71,42,27]
[-1,37,4];[132,150,165]
[-37,93,-22];[49,85,41]
[-27,72,-6];[30,62,21]
[-29,66,28];[82,73,74]
[2,33,3];[150,168,183]
[-14,92,-11];[107,73,24]
[-22,65,26];[82,63,40]
[-26,33,-8];[132,146,165]
[-10,84,-1];[43,79,35]
[-17,85,2];[57,97,49]
[-11,87,-23];[255,255,173]
[-32,76,-1];[24,56,24]
[-5,45,-25];[33,28,57]
[-27,34,-8];[132,146,165]
[-19,110,-9];[66,113,49]
[-47,0,-9];[120,74,46]
[-12,51,-3];[82,97,107]
[-15,78,-17];[24,32,49]
[-10,48,-1];[140,154,165]
[-15,65,-14];[27,54,21]
[12,38,-15];[93,92,93]
[-11,75,25];[84,73,68]
[-3,35,-3];[134,152,167]
[-26,71,-6];[33,69,24]
[-25,104,-10];[33,60,33]
[-21,70,16];[33,81,115]
[-40,6,-11];[96,57,33]
[-18,81,23];[57,49,52]
[-19,88,-1];[38,74,33]
[-14,72,30];[41,60,99]
[-13,63,-15];[57,40,24]
[-23,97,-8];[33,48,24]
[-24,99,-11];[33,60,33]
[-6,52,-22];[57,20,16]
[-37,71,7];[153,166,170]
[-25,56,29];[49,36,33]
[-9,48,0];[148,162,173]
[-7,87,-5];[46,83,38]
[-5,36,-3];[156,170,181]
[-13,103,5];[208,176,79]
[-6,36,-2];[145,163,178]
[-11,70,0];[60,98,43]
[-21,45,1];[142,156,167]
[-35,100,-21];[49,81,41]
[-11,76,-19];[38,73,27]
[7,13,-4];[57,34,21]
[-21,55,3];[60,95,43]
[-15,70,1];[35,68,27]
[-22,95,-7];[41,69,33]
[-28,56,30];[24,36,49]
[3,12,-8];[74,44,33]
[-35,12,-17];[57,32,16]
[-8,105,-9];[41,60,33]
[-7,37,-2];[150,166,178]
[33,33,5];[140,140,141]
[-6,52,0];[43,77,27]
[-3,11,-6];[79,46,33]
[-11,41,-4];[142,163,175]
[-9,74,-27];[30,57,21]
[-5,77,-16];[30,59,21]
[-8,38,-2];[140,158,173]
[-33,76,8];[139,151,159]
[-26,105,-19];[49,81,41]
[-18,65,28];[132,101,66]
[-8,55,-29];[87,30,24]
[-8,38,-4];[156,174,186]
[-23,67,21];[49,22,16]
[-10,40,-5];[156,172,181]
[-32,82,11];[123,113,107]
[-7,76,-16];[27,54,18]
[-31,98,-18];[41,69,33]
[-18,109,-15];[57,97,41]
[-6,38,1];[134,151,165]
[-23,96,-15];[33,60,33]
[-12,48,-2];[112,127,137]
[-7,38,1];[132,150,165]
[-23,74,0];[30,62,21]
[-25,50,0];[117,129,142]
[-38,5,-24];[126,77,51]
[-26,49,0];[132,146,156]
[-24,50,1];[117,128,134]
[-28,73,17];[71,62,63]
[1,29,-7];[123,81,41]
[-30,33,-11];[181,195,206]
[-28,79,21];[123,117,115]
[-33,37,-4];[156,172,186]
[-29,48,-12];[33,24,8]
[-2,9,2];[66,40,24]
[-20,62,-12];[132,85,49]
[-29,103,-21];[49,77,33]
[-26,48,1];[148,159,167]
[2,35,2];[126,144,167]
[-15,62,2];[33,69,33]
[-2,50,-9];[46,83,35]
[-47,16,-18];[60,34,21]
[-3,50,-2];[159,172,183]
[-3,27,-7];[145,101,54]
[20,38,-7];[117,116,116]
[-39,4,-24];[115,73,49]
[-22,67,24];[66,52,49]
[-27,47,0];[148,162,173]
[-7,84,-7];[35,67,27]
[-28,47,0];[140,154,165]
[-12,60,-3];[74,89,99]
[-29,46,-1];[140,156,170]
[-30,34,-9];[140,158,173]
[-39,23,-7];[148,103,57]
[-22,74,-13];[54,86,41]
[1,29,3];[132,85,49]
[-27,52,-1];[96,109,120]
[-9,83,-1];[76,120,57]
[17,37,-8];[107,108,108]
[-29,47,-2];[137,152,165]
[-16,110,-6];[82,130,57]
[-25,52,0];[93,107,117]
[-23,54,-13];[60,99,43]
[-35,73,13];[82,73,74]
[-20,72,19];[33,77,115]
[0,31,-7];[107,60,33]
[-26,51,0];[101,114,126]
[-23,51,-14];[51,91,43]
[-28,38,0];[178,196,203]
[-33,82,-5];[38,73,27]
[-12,92,0];[140,105,74]
[-10,56,-25];[98,55,38]
[-27,52,-2];[96,107,115]
[-30,103,-22];[49,85,41]
[-15,88,-5];[132,97,74]
[-34,61,26];[38,49,87]
[-21,75,26];[54,86,129]
[-6,38,2];[134,151,165]
[-7,72,-20];[57,69,74]
[-17,85,0];[46,79,35]
[-27,69,13];[99,56,41]
[2,0,7];[120,71,46]
[-26,43,-10];[159,175,183]
[-21,41,-5];[140,158,173]
[-7,78,-14];[35,66,27]
[-5,82,-21];[66,101,49]
[-3,5,-1];[57,32,16]
[-24,99,-10];[41,69,33]
[-37,71,8];[156,166,173]
[-18,62,24];[54,48,46]
[-7,43,1];[150,166,178]
[-14,77,-24];[33,69,24]
[-27,57,27];[115,85,49]
[-7,44,2];[153,171,181]
[-24,67,16];[71,36,27]
[-18,52,-12];[74,89,99]
[-21,72,22];[104,91,82]
[-7,76,-3];[57,93,41]
[-7,69,-12];[27,53,18]
[-18,67,-15];[66,97,49]
[-6,31,-2];[156,172,181]
[-30,27,-9];[107,65,33]
[-7,41,2];[142,159,173]
[-30,21,-10];[137,93,51]
[-28,96,-18];[33,52,24]
[-10,54,-4];[82,95,104]
[0,41,-1];[153,169,184]
[-18,80,23];[41,64,104]
[1,30,-6];[156,172,186]
[-12,101,-2];[24,44,24]
[-1,37,-4];[150,167,181]
[-28,77,6];[33,60,24]
[-8,44,1];[156,174,181]
[-3,14,1];[54,33,21]
[-20,69,15];[79,41,21]
[-19,49,-10];[90,105,115]
[-27,78,6];[43,77,33]
[-27,71,-6];[123,73,41]
[-13,45,-4];[126,140,150]
[-12,85,-19];[49,36,8]
[-19,47,0];[115,130,140]
[-25,97,-21];[33,56,24]
[-12,106,3];[150,118,43]
[-29,62,-12];[24,28,33]
[4,24,1];[41,22,10]
[-14,82,20];[99,93,90]
[-13,65,-24];[112,127,137]
[-31,31,-2];[159,175,189]
[-26,68,28];[156,56,66]
[22,37,-4];[113,113,113]
[-20,46,-9];[117,132,142]
[-39,0,-15];[93,56,38]
[-5,54,-3];[63,102,46]
[9,0,5];[112,70,46]
[-22,44,-10];[140,155,165]
[-19,86,-2];[24,56,16]
[-4,71,-21];[30,57,21]
[-22,43,-9];[145,156,170]
[-45,0,-6];[129,82,54]
[-18,67,27];[99,93,90]
[-10,55,-4];[87,98,107]
[-23,46,-10];[123,138,148]
[-23,45,-10];[134,151,159]
[-14,86,-18];[24,28,41]
[-18,91,-12];[82,97,107]
[-24,45,-10];[140,154,165]
[-24,44,-10];[148,164,173]
[-14,99,-15];[41,69,33]
[-14,103,1];[49,85,41]
[-37,45,-8];[90,73,33]
[-5,71,-18];[43,77,35]
[-7,53,-24];[77,40,27]
[-9,60,-5];[74,83,90]
[-23,49,-10];[101,114,126]
[-23,48,-10];[107,121,132]
[-25,48,-9];[123,138,148]
[-2,51,-27];[49,22,16]
[-25,61,-12];[156,134,66]
[-11,98,-12];[41,69,33]
[-15,80,20];[90,62,40]
[-20,76,27];[156,142,140]
[-28,48,1];[35,67,27]
[-4,50,-10];[115,125,140]
[-26,47,-10];[140,150,156]
[-6,72,-23];[68,78,87]
[-29,74,2];[30,57,21]
[-24,103,-23];[49,73,33]
[-6,63,-26];[88,49,35]
[-22,63,-14];[24,32,49]
[-4,49,-13];[46,82,33]
[12,5,10];[82,48,33]
[-24,60,-8];[74,81,90]
[11,1,3];[54,32,18]
[-25,69,-15];[82,65,33]
[-25,46,-10];[140,158,165]
[14,39,-10];[96,97,97]
[-3,15,-7];[90,56,33]
[-26,47,-9];[140,150,156]
[-21,97,-4];[107,73,24]
[-9,62,-23];[68,36,21]
[-26,45,-10];[156,167,175]
[-15,74,-18];[8,12,16]
[-37,64,21];[74,65,66]
[-31,47,-11];[198,162,74]
[-36,77,2];[33,60,24]
[-4,59,-26];[115,69,49]
[-6,70,-18];[16,36,8]
[-18,76,3];[60,99,43]
[-4,76,-20];[54,86,38]
[-26,73,17];[99,36,24]
[-20,68,16];[84,46,33]
[-16,56,1];[82,93,101]
[-45,16,-24];[87,53,33]
[-2,24,5];[142,99,51]
[-39,61,20];[101,90,82]
[-9,88,-13];[96,60,38]
[7,7,10];[107,65,41]
[0,45,-25];[33,32,66]
[-28,70,16];[74,40,24]
[-26,80,3];[43,75,27]
[-26,52,-8];[99,109,123]
[-12,70,-20];[57,69,74]
[-24,107,-12];[49,85,41]
[5,28,-4];[128,85,41]
[-6,30,-4];[107,65,33]
[-6,99,-6];[181,150,57]
[-2,40,-7];[156,174,186]
[-13,81,0];[21,57,16]
[-9,42,0];[142,159,173]
[-4,75,-18];[41,73,33]
[-7,64,-27];[112,126,137]
[-8,84,-21];[63,102,46]
[-16,59,-16];[60,97,43]
[-16,76,22];[140,105,66]
[-35,49,-8];[41,32,8]
[-19,44,-4];[132,146,156]
[-22,62,32];[74,65,66]
[-10,55,0];[57,97,41]
[-25,51,-8];[99,111,120]
[-23,90,-5];[66,107,49]
[-7,70,-22];[107,121,132]
[13,4,9];[71,41,30]
[-11,83,-22];[41,77,33]
[-16,101,4];[148,113,41]
[5,5,-5];[71,41,30]
[4,42,-20];[50,50,50]
[-12,80,0];[132,146,156]
[-25,50,-8];[104,115,123]
[-5,44,-22];[165,130,115]
[-17,72,24];[148,117,74]
[-18,100,-1];[41,65,24]
[-43,1,-17];[110,71,46]
[-23,51,-13];[51,89,43]
[-16,48,-1];[87,102,112]
[-18,72,29];[46,75,117]
[-35,13,-17];[60,33,18]
[-25,43,1];[165,182,189]
[-37,26,-5];[153,106,63]
[-27,50,-7];[107,121,132]
[-8,42,-9];[156,174,181]
[2,38,-25];[33,28,57]
[28,36,-1];[145,145,145]
[-26,51,-8];[99,113,123]
[-15,83,-1];[27,56,18]
[-37,31,-14];[134,87,43]
[-21,84,17];[115,105,99]
[-26,48,-9];[123,142,148]
[-21,95,-6];[118,85,29]
[-10,53,-15];[82,93,104]
[-33,95,-20];[49,77,33]
[-12,68,-28];[175,182,192]
[-27,55,-14];[33,36,57]
[-27,51,-8];[104,115,123]
[-28,75,-1];[33,60,24]
[-31,40,-1];[150,168,183]
[-27,49,-9];[117,131,142]
[-8,69,-24];[162,170,178]
[-6,64,-24];[74,89,99]
[-6,75,-16];[30,63,21]
[-1,48,-4];[148,167,178]
[-45,18,-20];[66,38,24]
[-30,46,-6];[145,160,173]
[-29,49,-7];[123,138,148]
[-17,83,0];[54,94,41]
[-23,105,-20];[49,77,33]
[-6,41,2];[150,168,178]
[-22,64,-14];[24,32,49]
[-5,70,-18];[16,36,8]
[-28,73,15];[115,67,46]
[-34,82,-2];[43,75,33]
[-7,65,-11];[27,56,18]
[-14,110,-5];[82,130,57]
[-17,75,-18];[24,32,41]
[-11,53,-17];[51,85,35]
[-16,109,-2];[74,125,57]
[-30,46,-8];[145,160,170]
[-8,60,-8];[71,81,90]
[-17,99,-16];[49,77,33]
[1,3,6];[68,40,30]
[-16,73,2];[24,53,21]
[-24,39,-9];[156,172,186]
[8,0,3];[99,65,41]
[-17,92,-1];[123,89,24]
[-20,47,1];[120,135,145]
[-3,1,-3];[132,85,57]
[10,0,1];[49,36,33]
[-34,80,-5];[38,73,30]
[-35,31,-13];[159,174,189]
[-8,59,-8];[74,85,90]
[-30,65,14];[90,48,33]
[-4,50,-22];[60,29,21]
[-36,98,-20];[49,81,41]
[-28,32,-9];[140,158,173]
[-7,58,-7];[74,87,96]
[-41,6,-9];[126,79,51]
[-11,73,-18];[27,54,18]
[-5,72,-21];[30,57,21]
[-23,86,-1];[51,85,38]
[-15,100,-1];[41,65,33]
[-7,58,-8];[74,87,96]
[-7,76,-27];[51,87,41]
[-24,43,-10];[153,167,178]
[-7,59,-9];[74,83,90]
[-8,61,-8];[71,81,90]
[-9,46,0];[156,170,181]
[-29,74,16];[66,56,57]
[-11,84,-22];[24,20,8]
[-10,99,-10];[107,74,24]
[-8,60,-30];[96,53,38]
[-37,30,-16];[140,93,49]
[-9,45,0];[153,168,181]
[-12,47,2];[35,61,24]
[-9,43,0];[148,162,173]
[-5,101,1];[107,69,24]
[-10,45,-1];[140,159,170]
[-19,70,2];[21,44,13]
[-21,99,-2];[101,66,24]
[-30,31,-1];[162,178,192]
[-25,64,-15];[74,60,24]
[-39,9,-27];[82,48,33]
[-21,66,19];[49,22,16]
[-32,37,-8];[148,166,181]
[-33,71,4];[99,113,123]
[-31,34,-2];[175,191,200]
[-36,42,-7];[107,89,41]
[-13,52,-1];[87,99,107]
[-37,59,24];[74,65,66]
[-46,17,-22];[66,40,24]
[-19,45,-8];[117,132,142]
[8,12,-4];[57,32,16]
[-34,34,-8];[156,172,186]
[-28,46,-9];[148,162,173]
[-42,26,-13];[57,32,24]
[-34,28,-5];[167,180,192]
[-18,45,-8];[115,130,140]
[-17,46,-7];[82,85,82]
[-36,70,10];[175,182,192]
[-38,32,-13];[123,81,41]
[-47,16,-19];[66,36,24]
[-6,28,0];[140,158,173]
[-18,45,-7];[117,132,142]
[-22,102,-1];[49,77,33]
[-22,89,-5];[35,70,27]
[7,0,9];[137,93,63]
[0,48,-19];[33,32,66]
[-20,44,-9];[126,140,150]
[-24,61,-4];[66,79,82]
[-29,45,-1];[140,158,173]
[-21,44,-9];[137,152,165]
[-19,90,-5];[159,171,181]
[-6,71,-8];[24,56,16]
[-14,68,20];[167,128,84]
[-14,48,3];[46,85,30]
[-23,98,-21];[33,56,24]
[-4,53,-10];[43,83,35]
[-26,66,12];[41,20,16]
[-4,73,-23];[66,105,49]
[-18,59,2];[57,101,46]
[-10,39,-3];[145,160,173]
[-22,73,1];[35,63,27]
[-33,28,-18];[148,101,57]
[-9,57,-29];[95,52,35]
[-24,99,-23];[41,60,33]
[-36,70,5];[140,150,156]
[-9,100,0];[198,162,123]
[-33,72,1];[54,65,71]
[3,18,-8];[68,38,27]
[-12,42,-4];[140,156,170]
[9,7,7];[99,60,33]
[-8,47,-12];[120,131,137]
[-37,0,-7];[129,82,54]
[-20,48,5];[43,77,30]
[-24,67,22];[57,24,16]
[-6,75,-12];[24,57,21]
[-11,44,-3];[140,155,167]
[-10,43,-2];[145,160,173]
[-16,49,-10];[82,95,104]
[-14,47,-17];[54,91,41]
[-6,51,-28];[49,36,27]
[-4,21,2];[66,36,24]
[-24,65,14];[71,33,24]
[-6,44,-29];[33,28,57]
[-23,83,0];[49,85,33]
[-20,100,-1];[104,67,24]
[-16,92,-11];[107,70,24]
[-12,43,-5];[140,155,167]
[-38,22,-7];[51,40,27]
[-7,55,-13];[74,85,96]
[23,35,-3];[131,131,131]
[-24,106,-8];[49,77,33]
[-24,72,-12];[99,60,33]
[-22,45,-10];[129,143,153]
[-16,50,-17];[57,94,43]
[-12,75,29];[76,65,65]
[-9,39,-2];[140,158,173]
[8,39,-17];[77,76,77]
[-29,27,-15];[123,79,38]
[-19,102,-20];[41,60,33]
[-10,40,-3];[140,158,173]
[-26,83,2];[43,79,33]
[-16,63,30];[62,53,49]
[-24,66,-1];[33,65,24]
[-22,107,-17];[49,81,41]
[-25,99,-11];[33,52,24]
[-6,81,-7];[33,20,8]
[7,7,-3];[71,42,30]
[-3,39,-7];[165,178,189]
[-18,55,-12];[74,85,96]
[-11,44,-2];[140,158,173]
[-14,79,25];[90,78,76]
[1,7,-8];[79,46,33]
[-36,61,23];[40,47,68]
[-12,43,-4];[140,155,167]
[-6,47,-30];[66,44,33]
[-21,72,-12];[41,73,33]
[-14,98,3];[98,68,24]
[-7,58,-28];[99,56,41]
[31,32,1];[147,146,147]
[-26,82,13];[68,75,87]
[-21,65,23];[73,42,30]
[-18,60,30];[60,52,51]
[-16,61,1];[24,52,16]
[-12,42,-5];[140,156,170]
[-25,101,-9];[33,60,33]
[-8,62,-9];[74,81,90]
[-17,49,-12];[82,94,101]
[-36,22,-7];[66,40,24]
[-4,56,-22];[68,29,21]
[-20,75,-16];[101,60,33]
[-3,27,-8];[148,105,57]
[-7,84,-5];[107,65,41]
[-9,107,-3];[66,113,49]
[25,34,-4];[139,138,138]
[-34,17,-17];[66,40,24]
[2,44,-19];[115,105,189]
[-7,80,-24];[49,85,38]
[-8,60,-12];[54,90,41]
[-38,7,-27];[132,85,57]
[-42,10,-14];[79,48,30]
[-20,91,-10];[107,121,132]
[-7,58,-10];[74,81,90]
[-4,58,-25];[49,28,16]
[-35,61,20];[104,76,49]
[-8,58,-11];[71,81,90]
[-7,59,-10];[71,81,90]
[-4,76,-19];[43,77,30]
[-24,108,-14];[49,81,41]
[1,40,-2];[148,166,181]
[-6,98,-2];[43,37,33]
[-19,59,-15];[54,94,41]
[-27,51,-7];[101,111,123]
[-31,97,-24];[41,60,33]
[-29,56,-10];[82,69,33]
[-31,26,-8];[99,60,33]
[-1,29,-7];[106,114,117]
[-19,103,-20];[41,69,33]
[15,38,-12];[99,100,100]
[-29,50,-3];[54,95,41]
[-5,58,-21];[49,24,16]
[-3,40,4];[148,166,181]
[-13,93,-3];[49,24,16]
[-6,55,-6];[99,110,117]
[-8,60,-10];[71,81,90]
[-20,74,-15];[24,32,49]
[-8,73,-14];[24,57,21]
[-1,7,-6];[49,28,16]
[-26,69,12];[104,59,41]
[-15,55,2];[51,89,35]
[-8,68,-26];[148,158,165]
[-22,52,3];[60,99,43]
[-37,5,-15];[74,44,33]
[-8,59,-11];[68,78,90]
[-45,12,-14];[82,50,33]
[-8,59,-13];[54,90,38]
[-24,71,1];[66,36,24]
[-4,50,-13];[46,85,38]
[-20,91,-9];[107,73,24]
[-7,57,-12];[71,82,90]
[-32,80,11];[82,77,74]
[-25,37,-9];[148,166,181]
[-9,60,-13];[38,73,30]
[-10,86,-21];[57,97,41]
[0,31,3];[156,172,186]
[-8,62,-22];[71,36,21]
[-1,29,4];[117,73,38]
[-31,66,27];[49,77,123]
[-13,82,1];[60,94,46]
[-9,97,-3];[140,101,66]
[-14,50,0];[90,102,112]
[-19,61,-14];[32,64,27]
[-15,72,-15];[46,74,30]
[-6,103,1];[101,67,18]
[-35,14,-16];[49,28,16]
[-38,16,-12];[93,59,35]
[-23,44,-10];[142,156,167]
[-14,50,-1];[90,102,112]
[-20,98,-1];[189,158,123]
[-24,65,-7];[18,44,13]
[-24,68,-15];[33,36,57]
[-35,52,28];[95,83,79]
[-7,84,-8];[33,65,24]
[0,28,-2];[107,65,33]
[-10,53,-25];[74,32,24]
[-17,47,-7];[82,95,107]
[-24,37,-9];[150,164,175]
[-8,71,-26];[150,160,167]
[-30,98,-25];[41,69,33]
[-23,54,1];[82,97,107]
[2,20,-8];[71,45,30]
[-17,48,-9];[87,99,107]
[-21,64,22];[57,40,24]
[-5,81,-13];[38,70,30]
[-17,46,-4];[74,85,90]
[-13,92,-1];[90,52,33]
[-29,96,-21];[41,69,33]
[-46,5,-24];[132,85,57]
[-12,47,-2];[115,131,145]
[-17,45,-6];[115,130,140]
[-31,68,9];[54,63,71]
[-16,82,-17];[24,28,41]
[-6,84,-19];[66,109,49]
[-5,58,-25];[90,45,32]
[-22,79,18];[115,85,49]
[-14,70,-15];[46,77,33]
[-19,44,-6];[129,143,153]
[-7,42,-9];[156,174,181]
[-20,43,-7];[140,154,165]
[-11,89,-12];[41,73,33]
[-5,79,-23];[54,93,38]
[-47,17,-19];[63,34,21]
[-4,79,-21];[54,93,38]
[-46,10,-22];[71,41,30]
[-2,29,-3];[101,68,43]
[-16,80,-17];[49,36,8]
[-46,4,-10];[68,41,27]
[1,27,-8];[126,82,41]
[-23,75,26];[49,73,115]
[-10,65,-2];[24,52,24]
[-23,65,20];[49,22,16]
[-29,80,2];[33,60,24]
[-12,87,-17];[93,54,35]
[-17,47,-1];[107,117,132]
[-24,72,0];[49,28,24]
[-18,46,-1];[120,136,145]
[-13,72,26];[156,128,87]
[-17,49,0];[90,101,107]
[-5,82,-10];[57,91,43]
[-10,62,-22];[54,62,71]
[-14,45,-8];[115,131,142]
[-24,77,0];[38,68,30]
[-15,45,-7];[117,132,142]
[-26,59,31];[33,44,82]
[-9,97,0];[148,113,74]
[-17,56,1];[82,93,104]
[4,37,-24];[115,105,189]
[-15,46,-8];[107,121,132]
[-24,104,-5];[41,69,33]
[-5,24,-7];[49,36,33]
[-22,73,-13];[99,56,33]
[-35,45,-11];[222,178,82]
[-15,47,-4];[90,103,112]
[-17,110,-8];[74,125,57]
[5,21,1];[82,52,33]
[-11,81,-21];[49,32,16]
[-31,68,11];[71,38,29]
[-7,66,-10];[30,57,21]
[-22,68,24];[71,66,63]
[-15,110,-8];[74,121,57]
[-15,45,-5];[120,135,145]
[-16,46,-6];[82,91,99]
[-36,54,26];[82,73,71]
[-15,53,2];[38,74,30]
[-2,44,-8];[150,167,181]
[-28,78,7];[41,73,33]
[-14,44,-6];[129,143,153]
[-5,72,-17];[51,89,35]
[-13,44,-5];[132,146,156]
[-36,47,-9];[16,20,24]
[-18,103,1];[156,121,41]
[-21,109,-15];[66,101,49]
[-6,79,-23];[60,95,43]
[-15,106,1];[74,121,57]
[-41,0,-16];[115,69,49]
[-23,60,-9];[74,81,90]
[-6,67,-9];[33,69,24]
[-16,47,-2];[84,98,107]
[-29,78,19];[43,71,115]
[-25,68,-13];[123,105,57]
[-15,66,24];[79,46,32]
[-12,71,1];[57,101,41]
[-24,107,-14];[57,93,41]
[-14,44,-5];[129,143,153]
[-14,100,-15];[33,52,24]
[-34,96,-24];[49,81,41]
[-9,57,-26];[112,67,43]
[6,7,5];[93,56,38]
[-16,45,-6];[115,130,140]
[-23,71,13];[68,24,18]
[-14,67,20];[165,125,82]
[-4,38,3];[140,158,173]
[-24,41,1];[165,182,189]
[5,8,5];[87,50,33]
[-28,33,-1];[156,174,189]
[-24,55,0];[82,93,99]
[-9,105,-2];[33,56,24]
[-24,56,0];[79,91,99]
[-27,103,-13];[41,69,33]
[-19,105,1];[49,73,33]
[-33,76,12];[82,73,66]
[-36,58,25];[112,101,98]
[-25,57,-2];[74,83,93]
[-16,89,-13];[35,69,27]
[1,37,4];[167,182,192]
[-5,54,-25];[71,34,24]
[-4,14,0];[51,29,16]
[-33,101,-23];[49,89,41]
[-8,67,-25];[162,171,178]
[-13,96,1];[181,158,123]
[-25,54,0];[82,97,107]
[-11,45,-1];[142,156,167]
[-1,43,-21];[115,109,181]
[-4,63,-26];[123,77,49]
[10,38,-17];[74,74,74]
[-41,16,-12];[90,54,38]
[-15,50,-1];[90,101,115]
[-9,60,-1];[63,106,46]
[-3,28,5];[140,97,49]
[-8,74,-28];[33,60,24]
[-43,22,-17];[66,38,24]
[-14,55,0];[82,94,101]
[-26,54,-1];[54,90,38]
[-7,56,-12];[74,85,99]
[17,35,-9];[156,156,157]
[-25,53,0];[90,101,115]
[3,47,-17];[107,105,181]
[-32,56,25];[63,54,49]
[-26,53,-1];[87,102,112]
[-14,85,-19];[49,40,8]
[-26,53,1];[43,75,33]
[-9,57,-27];[115,69,49]
[-8,43,-9];[156,171,181]
[-21,50,1];[107,121,132]
[3,14,-8];[71,42,30]
[-11,86,-5];[167,180,192]
[-3,44,-22];[41,32,66]
[-26,39,0];[173,190,198]
[38,29,8];[128,128,128]
[-11,59,-22];[54,25,16]
[-11,75,1];[46,26,16]
[-22,61,-1];[71,81,87]
[-23,59,-1];[68,81,90]
[-6,61,-7];[27,63,24]
[-6,104,2];[184,154,62]
[-10,63,-28];[74,89,99]
[-8,84,-22];[57,97,41]
[-24,59,-1];[60,98,43]
[-3,49,-1];[165,182,189]
[-29,74,24];[129,104,41]
[-26,48,-12];[54,94,38]
[-11,42,-4];[145,160,173]
[-47,0,-14];[120,71,46]
[-13,77,-18];[57,97,41]
[4,48,-17];[57,56,107]
[-22,60,0];[71,81,90]
[-18,110,-11];[66,105,49]
[-22,66,19];[49,22,16]
[-33,28,-4];[165,178,189]
[-26,65,17];[74,36,24]
[-29,51,-6];[46,77,30]
[-24,59,-2];[68,78,90]
[0,29,-2];[99,60,33]
[-10,108,-7];[66,109,49]
[-6,57,-30];[74,24,16]
[-11,81,-23];[38,73,30]
[-8,51,-14];[87,99,112]
[-24,55,-11];[66,105,49]
[-8,85,-2];[33,69,24]
[-24,58,-1];[74,85,90]
[-10,104,2];[96,64,16]
[-10,103,-12];[33,52,24]
[-30,28,-4];[134,152,167]
[-12,74,29];[24,48,82]
[-8,99,-1];[181,150,107]
[-25,60,-3];[57,93,41]
[-26,58,-3];[60,101,43]
[0,23,4];[49,28,16]
[-25,58,-2];[68,79,90]
[-26,85,0];[51,91,41]
[-25,102,-8];[41,60,33]
[-22,89,-10];[38,74,30]
[-5,52,-12];[84,102,109]
[-1,43,-6];[156,170,181]
[43,29,12];[128,128,129]
[-6,53,-14];[49,85,33]
[12,0,8];[99,60,41]
[-25,34,-5];[134,151,165]
[4,0,0];[87,52,35]
[-38,62,21];[66,60,57]
[-5,58,-26];[90,44,29]
[-27,54,-7];[43,74,29]
[-8,67,-27];[162,168,178]
[-11,89,-21];[24,16,0]
[-21,65,21];[60,37,24]
[-1,28,5];[148,105,57]
[-9,52,-15];[79,91,99]
[-45,6,-25];[93,59,38]
[-9,50,-15];[90,105,115]
[-26,72,13];[107,60,41]
[-32,73,7];[107,120,128]
[1,45,-23];[74,65,115]
[-8,73,-18];[27,54,18]
[-38,2,-18];[132,81,57]
[5,22,-5];[51,32,16]
[-8,52,-15];[82,95,104]
[3,31,-1];[153,170,181]
[-7,54,-14];[76,89,99]
[-30,48,-5];[35,68,30]
[-24,71,28];[57,89,132]
[-6,74,-20];[24,52,16]
[-5,53,-5];[120,131,137]
[-18,67,2];[51,87,43]
[-35,65,18];[95,65,35]
[-26,57,-3];[57,97,41]
[-17,70,-17];[49,44,16]
[-25,59,-4];[71,81,90]
[-26,58,-4];[54,90,38]
[-32,34,-9];[173,186,198]
[-24,62,-6];[24,56,24]
[-23,82,19];[33,42,63]
[0,41,-3];[148,166,181]
[-34,94,-21];[49,77,33]
[-23,62,-7];[74,81,82]
[-24,61,-8];[74,81,90]
[-2,52,-4];[54,97,38]
[-6,29,-3];[107,60,33]
[-10,62,-27];[65,76,82]
[-6,74,-4];[57,97,41]
[-22,101,-2];[41,73,33]
[-7,50,-14];[96,107,115]
[-25,61,-4];[54,86,38]
[1,39,-3];[156,172,186]
[-7,76,-15];[30,56,21]
[-28,88,-2];[66,109,49]
[-5,16,-5];[76,45,33]
[-24,75,25];[49,81,123]
[-12,104,1];[33,52,24]
[-5,73,-17];[51,87,35]
[-25,60,-5];[57,89,41]
[-11,75,-18];[41,77,33]
[9,42,-14];[72,73,73]
[-21,98,-3];[101,66,24]
[-12,77,2];[43,25,16]
[-22,59,1];[49,89,41]
[-35,71,15];[54,52,52]
[-26,58,-5];[74,81,90]
[-23,85,-14];[60,99,43]
[-29,71,18];[71,64,62]
[-4,77,-17];[35,69,27]
[-25,47,4];[41,77,33]
[3,4,9];[79,47,32]
[0,43,-6];[156,170,181]
[-25,59,-5];[71,81,90]
[-31,67,10];[71,36,21]
[-6,47,-12];[123,136,148]
[-26,57,-5];[74,85,93]
[-33,52,-11];[24,32,49]
[-26,57,-7];[74,87,96]
[-21,56,1];[79,91,99]
[-24,59,-8];[74,85,90]
[-28,76,-9];[38,73,30]
[-7,71,-21];[71,82,93]
[-32,72,6];[117,125,134]
[-25,70,-14];[82,69,33]
[-13,82,-19];[41,32,16]
[-8,71,-20];[63,68,76]
[-24,59,-9];[74,85,90]
[-17,95,-13];[49,77,33]
[0,39,-4];[156,174,186]
[-20,73,3];[63,38,16]
[-5,83,-20];[63,102,46]
[-25,57,-7];[74,87,96]
[-22,54,3];[54,93,38]
[-41,7,-10];[109,67,41]
[-11,86,-22];[123,101,49]
[-22,44,-9];[140,156,165]
[-23,67,13];[74,36,24]
[-27,42,-10];[167,183,192]
[-41,3,-6];[82,48,33]
[-42,24,-18];[66,36,24]
[-21,94,-9];[49,73,33]
[-2,46,-24];[90,52,43]
[-14,64,2];[71,44,24]
[-22,49,-10];[99,113,123]
[-25,56,-8];[79,89,99]
[-9,105,-1];[33,52,24]
[-29,31,-1];[140,158,181]
[-11,94,1];[206,170,132]
[-29,52,-12];[123,101,49]
[-26,57,-6];[74,85,90]
[-28,38,-9];[170,190,200]
[-37,74,6];[162,171,178]
[-36,28,-17];[63,34,21]
[-23,61,-9];[74,81,90]
[-34,99,-19];[49,73,33]
[-23,57,-9];[74,85,90]
[-19,99,-19];[33,52,24]
[-4,49,-23];[49,22,16]
[-21,55,-11];[74,83,90]
[-22,56,-10];[74,82,90]
[-5,100,1];[123,89,33]
[2,29,2];[41,36,33]
[-22,55,-10];[74,85,90]
[-10,60,-1];[54,98,43]
[-26,106,-15];[49,77,33]
[-1,30,-6];[107,65,33]
[2,18,-8];[71,42,30]
[-9,78,-2];[33,60,24]
[-10,43,-9];[148,164,173]
[-8,83,-6];[41,73,33]
[-23,57,-10];[74,85,90]
[-7,56,-13];[74,85,93]
[-23,56,-10];[74,85,93]
[-47,0,-11];[117,71,43]
[-12,58,-26];[60,32,18]
[-26,73,15];[115,40,33]
[-6,62,-24];[77,42,29]
[-4,51,-30];[79,38,30]
[-24,47,-10];[123,138,148]
[-22,53,-10];[74,89,99]
[-19,85,-15];[60,99,43]
[-19,79,24];[49,78,117]
[-5,85,-17];[63,106,46]
[-19,80,-18];[24,28,41]
[-8,94,-6];[44,38,32]
[-22,47,1];[132,146,156]
[-12,89,-9];[148,158,165]
[-18,104,-19];[33,52,24]
[-28,31,-2];[137,154,167]
[-41,6,-11];[93,53,33]
[-10,88,-13];[49,28,16]
[-35,23,-6];[137,113,44]
[-25,69,18];[71,34,24]
[-29,74,23];[33,48,84]
[-32,72,5];[109,121,131]
[-23,98,-8];[49,77,33]
[-8,46,-28];[33,28,57]
[-6,84,-9];[33,65,24]
[-26,104,-11];[41,60,33]
[-19,60,-14];[46,83,38]
[3,30,-3];[101,60,27]
[-26,59,26];[106,76,46]
[-36,76,1];[30,57,21]
[-24,61,-6];[66,81,82]
[-21,50,-10];[96,107,115]
[-1,24,4];[71,41,21]
[-7,65,-23];[156,166,173]
[-13,99,2];[132,109,49]
[-16,69,2];[35,71,27]
[-6,57,-12];[60,97,43]
[-17,92,-12];[115,130,140]
[7,0,3];[99,65,41]
[-41,88,-19];[49,89,41]
[-23,61,-1];[57,89,41]
[-19,78,-15];[24,32,49]
[-26,56,-5];[74,85,99]
[-6,80,-6];[35,67,27]
[0,43,-4];[150,167,181]
[-21,89,-5];[35,69,27]
[-6,44,-23];[90,52,33]
[-10,106,-1];[123,89,30]
[-12,46,-2];[126,140,150]
[-6,29,2];[132,89,49]
[-31,39,-2];[148,166,181]
[-27,78,-2];[30,56,21]
[-26,38,-10];[156,174,189]
[-26,46,-13];[33,67,30]
[-5,63,-23];[71,38,27]
[-6,30,-2];[156,171,183]
[-26,54,-7];[82,97,107]
[-19,66,-14];[32,65,29]
[-30,73,17];[132,81,57]
[-23,50,-10];[99,111,123]
[-12,67,-21];[90,105,115]
[7,25,-3];[107,65,24]
[-31,23,-9];[71,41,21]
[-47,2,-9];[66,40,24]
[-20,58,-12];[74,85,90]
[-19,54,1];[82,95,104]
[-20,54,1];[82,94,101]
[-15,66,1];[18,50,18]
[-15,47,-11];[93,107,117]
[-27,68,28];[57,85,123]
[-15,64,30];[90,81,82]
[-21,54,1];[87,99,107]
[-41,27,-12];[35,18,10]
[-31,58,-12];[33,36,57]
[-4,55,-9];[43,75,33]
[-8,61,-10];[71,79,90]
[-7,61,-6];[35,69,27]
[-17,82,18];[74,65,66]
[-4,76,-18];[33,65,24]
[-22,52,2];[99,111,120]
[-21,71,16];[33,81,115]
[7,8,2];[79,45,33]
[7,10,-1];[71,41,30]
[-22,54,1];[87,99,107]
[-25,68,-6];[33,65,24]
[-5,43,-26];[16,16,41]
[-21,63,1];[90,56,33]
[-11,86,-6];[165,182,189]
[-13,80,-22];[33,69,24]
[7,26,-2];[137,93,51]
[-7,63,-8];[112,74,41]
[-6,70,-10];[41,77,33]
[-23,53,1];[96,107,115]
[-23,52,1];[99,111,120]
[-20,107,-18];[49,77,33]
[-6,84,-20];[66,109,49]
[-24,53,1];[90,105,115]
[-11,109,-5];[74,130,57]
[3,0,1];[98,63,38]
[-33,78,6];[76,89,101]
[-4,78,-21];[60,97,46]
[-32,35,-3];[142,160,183]
[-25,82,1];[33,67,24]
[-25,52,1];[99,111,120]
[-22,38,-5];[142,160,175]
[-36,55,23];[41,36,33]
[-29,48,-2];[137,148,162]
[-16,71,30];[90,77,74]
[-7,105,-5];[128,95,27]
[-32,36,-7];[148,166,181]
[-29,82,-9];[43,73,30]
[-24,37,-6];[137,156,170]
[-22,39,-5];[142,159,173]
[-28,50,-7];[107,121,132]
[-41,18,-11];[82,49,33]
[-12,42,-6];[142,159,173]
[-23,37,-5];[142,160,175]
[7,2,-2];[66,40,24]
[-29,33,-1];[175,192,203]
[-10,94,-9];[41,57,79]
[-44,21,-17];[71,41,30]
[-6,104,-3];[153,120,38]
[-22,104,-21];[49,73,33]
[-13,61,1];[24,56,24]
[-16,68,20];[71,44,27]
[-23,38,-7];[140,158,173]
[-9,54,-28];[73,36,21]
[-7,57,-14];[54,93,38]
[-19,87,-3];[49,81,41]
[-20,95,-2];[165,138,99]
[-32,98,-25];[49,77,33]
[-25,35,-6];[132,150,165]
[-35,94,-21];[49,73,33]
[-19,53,1];[82,95,104]
[-38,0,-13];[123,81,57]
[-6,69,-11];[27,56,18]
[-24,37,-7];[137,156,170]
[-30,43,-1];[150,167,181]
[16,40,-10];[110,109,109]
[1,26,4];[115,73,41]
[-23,71,-14];[24,32,41]
[-45,18,-15];[54,30,16]
[-24,60,0];[54,90,41]
[-23,36,-5];[140,158,173]
[-37,78,1];[49,79,35]
[-28,52,29];[43,61,79]
[-10,47,-1];[145,163,175]
[-3,27,4];[142,98,51]
[-14,107,1];[66,113,49]
[-37,23,-6];[109,70,35]
[-25,61,-13];[107,93,41]
[-1,0,1];[41,36,33]
[-27,54,-6];[82,94,104]
[-4,60,-28];[132,77,57]
[-14,70,-22];[71,85,93]
[-28,87,-7];[41,73,24]
[13,41,-12];[125,125,125]
[-24,36,-7];[134,152,167]
[-22,67,31];[123,36,49]
[-24,37,-8];[140,158,173]
[-36,49,-10];[90,77,33]
[-28,66,28];[49,77,123]
[-25,34,-6];[132,150,165]
[-9,78,-21];[30,59,21]
[-25,64,23];[33,81,115]
[-25,35,-7];[132,151,165]
[-35,74,1];[66,73,82]
[-14,86,-4];[57,69,74]
[-36,26,-18];[90,56,33]
[-25,62,-12];[99,81,41]
[-8,46,1];[153,171,181]
[-23,98,-10];[33,52,24]
[-17,75,-16];[24,32,49]
[-16,63,25];[173,134,82]
[-18,46,-2];[112,127,137]
[-19,44,-3];[123,138,148]
[11,37,-14];[107,107,107]
[-19,44,-1];[142,160,170]
[-7,87,-9];[99,60,33]
[-21,58,2];[57,93,41]
[-18,44,-3];[132,146,156]
[-7,47,-13];[115,128,140]
[2,2,4];[104,64,43]
[-24,103,-6];[33,56,24]
[-13,55,2];[57,102,41]
[-19,42,-4];[140,158,165]
[-25,59,-3];[74,81,90]
[-16,76,-17];[24,32,49]
[-6,46,1];[156,170,189]
[-27,64,-12];[33,36,49]
[-29,47,-1];[134,151,165]
[-9,84,-1];[57,93,49]
[-17,46,-2];[107,121,132]
[-19,43,-1];[142,158,170]
[-46,17,-18];[60,33,18]
[-9,60,-12];[66,79,87]
[2,26,3];[51,26,10]
[-21,41,-3];[142,159,175]
[-24,83,0];[43,73,33]
[3,4,-6];[68,41,27]
[-18,70,20];[90,48,38]
[0,42,0];[159,176,189]
[-30,97,-17];[33,60,33]
[-14,73,-25];[24,54,18]
[-17,90,-3];[173,182,189]
[-14,84,-17];[41,28,16]
[-14,110,-6];[82,130,57]
[-38,42,-9];[115,93,41]
[7,10,-6];[66,38,24]
[-20,103,0];[57,97,41]
[-22,39,-3];[145,160,173]
[-29,82,14];[96,89,88]
[-13,75,-18];[51,85,38]
[-21,41,-1];[159,175,183]
[-5,17,-5];[79,45,30]
[-22,38,-2];[150,168,181]
[-6,56,-12];[57,97,41]
[-19,45,-2];[117,132,142]
[-15,90,-20];[57,52,24]
[-10,87,-10];[30,58,24]
[14,4,9];[68,38,27]
[-11,42,-3];[145,160,173]
[-7,52,-15];[41,73,33]
[-23,37,-4];[145,160,173]
[-24,37,-2];[165,178,189]
[-27,77,-11];[51,91,41]
[-25,60,-6];[35,69,27]
[-26,102,-11];[33,60,33]
[-8,70,-21];[90,105,115]
[-3,34,3];[120,138,153]
[-10,72,-16];[33,69,24]
[-20,91,-6];[123,85,24]
[-23,36,-3];[145,160,173]
[-45,5,-11];[82,48,33]
[-11,108,-8];[66,105,49]
[-31,35,-2];[140,162,181]
[-30,78,-1];[27,54,18]
[-7,65,-9];[18,40,10]
[-39,95,-21];[57,97,49]
[-16,72,31];[123,110,104]
[-38,63,17];[41,81,115]
[-23,36,-4];[140,158,173]
[-24,53,2];[43,74,30]
[-6,104,3];[186,155,62]
[-18,90,-11];[115,93,66]
[8,6,-1];[66,36,24]
[-22,99,-21];[33,56,24]
[-24,35,-4];[134,152,167]
[-26,66,-15];[24,32,49]
[-1,49,-25];[76,49,30]
[-27,71,9];[60,29,18]
[-25,35,-2];[165,182,189]
[-6,84,-21];[66,109,49]
[-11,78,2];[115,93,33]
[-34,74,10];[164,175,181]
[-26,33,-4];[134,151,167]
[-27,32,-4];[134,150,162]
[38,28,7];[245,244,243]
[-44,0,-12];[123,78,51]
[-3,53,-28];[107,36,33]
[-29,43,-1];[153,168,181]
[-29,72,2];[30,57,21]
[-27,31,-4];[129,144,162]
[-13,55,-15];[74,85,90]
[-12,108,-1];[82,138,66]
[-10,89,-10];[43,79,35]
[-26,55,-7];[76,90,99]
[-30,79,8];[33,65,24]
[-19,57,1];[82,89,99]
[-24,53,-9];[82,97,107]
[-23,51,-10];[84,99,109]
[-46,10,-21];[71,38,30]
[-16,78,-16];[57,44,8]
[-5,70,-8];[38,77,30]
[-14,45,-5];[123,138,148]
[-26,58,-13];[132,109,49]
[-3,50,-4];[156,170,175]
[4,19,-6];[49,28,16]
[-21,70,18];[43,28,16]
[-24,52,-9];[90,101,107]
[-24,51,-9];[99,111,120]
[-3,23,4];[33,18,8]
[-24,62,-14];[90,77,33]
[-28,54,-5];[51,87,35]
[-5,77,-8];[51,87,35]
[-6,21,-4];[63,34,21]
[-27,59,-11];[148,125,57]
[-3,52,-24];[49,36,24]
[-1,5,1];[63,37,21]
[-19,79,-19];[90,73,33]
[-14,81,-18];[24,32,41]
[-28,49,-10];[46,82,33]
[-21,61,33];[66,56,57]
[-24,74,-15];[57,48,24]
[-16,87,-15];[57,93,41]
[-2,26,-8];[150,102,54]
[-46,4,-14];[68,41,27]
[-14,71,-23];[60,67,76]
[-29,61,-11];[24,28,33]
[-3,33,3];[117,135,150]
[-19,70,24];[71,67,62]
[-25,49,1];[132,146,156]
[-5,29,0];[99,56,24]
[-22,66,15];[33,79,115]
[-34,64,19];[98,63,35]
[-8,77,-23];[30,57,21]
[-3,2,-2];[90,56,33]
[-8,95,-6];[156,125,49]
[-1,32,-6];[167,186,192]
[-12,105,-13];[41,65,33]
[-7,64,-22];[90,105,115]
[-1,32,-5];[167,186,192]
[-9,84,-22];[54,94,38]
[-14,73,-16];[41,73,33]
[-1,33,-5];[173,186,198]
[-36,99,-22];[57,97,41]
[-13,88,-4];[148,158,165]
[-20,69,2];[21,41,16]
[5,42,-17];[54,54,54]
[-19,95,-11];[49,73,33]
[-31,80,3];[30,57,21]
[-10,91,-1];[198,162,123]
[-9,98,-8];[74,44,16]
[-28,81,16];[8,12,24]
[-14,80,-18];[8,12,16]
[-17,100,1];[107,74,24]
[-29,78,-5];[33,60,24]
[-3,33,-4];[189,203,214]
[8,13,-4];[57,32,21]
[-27,105,-18];[49,81,41]
[-3,20,3];[63,34,21]
[-4,34,-2];[165,182,189]
[-5,50,-2];[148,162,173]
[-24,98,-11];[41,69,33]
[-34,57,23];[33,20,16]
[-33,70,6];[115,125,132]
[-17,73,-15];[51,83,35]
[-45,18,-22];[71,42,30]
[-32,34,-8];[145,163,178]
[7,14,-5];[57,32,21]
[-5,48,-25];[65,40,27]
[-42,17,-12];[82,49,33]
[-11,75,26];[82,77,74]
[-15,46,3];[82,52,33]
[1,31,-5];[99,56,24]
[-5,20,-4];[74,44,33]
[-20,86,3];[74,125,57]
[2,30,-5];[156,170,181]
[0,31,-6];[115,65,33]
[-4,73,-24];[60,98,46]
[-10,89,-13];[63,102,49]
[4,1,10];[57,32,16]
[-10,56,-23];[41,24,16]
[5,28,1];[145,102,54]
[-11,100,-13];[24,40,16]
[-4,53,-5];[126,138,150]
[1,29,-6];[74,77,74]
[-45,11,-15];[68,38,27]
[-28,79,-11];[49,81,33]
[-9,62,-8];[79,85,93]
[-7,38,-4];[156,174,189]
[2,29,-7];[123,81,41]
[-20,67,31];[41,70,106]
[4,26,1];[57,32,16]
[-8,86,-10];[33,65,24]
[-28,78,-6];[35,66,27]
[-15,95,-12];[16,36,16]
[-35,77,6];[87,97,104]
[-37,29,-8];[156,170,181]
[-10,88,-16];[93,54,35]
[-36,30,-9];[95,56,27]
[-2,43,-27];[115,60,49]
[0,32,-6];[156,174,189]
[-4,19,-7];[96,58,38]
[-20,43,-2];[137,154,167]
[-42,16,-25];[95,59,35]
[0,34,-4];[156,175,186]
[-4,36,3];[128,146,159]
[-11,76,-21];[30,57,21]
[-14,88,-6];[132,97,74]
[0,33,-5];[165,178,189]
[-23,102,-4];[41,69,33]
[-25,97,-14];[33,60,33]
[-12,94,1];[206,166,140]
[-16,85,17];[140,121,115]
[-18,69,3];[57,32,16]
[-7,78,-4];[30,63,24]
[-2,28,2];[140,158,173]
[-39,4,-23];[98,60,38]
[-12,74,1];[24,48,16]
[-22,55,-13];[60,99,43]
[-2,28,3];[71,40,21]
[-2,48,-11];[33,67,30]
[29,32,-1];[149,149,149]
[-24,76,17];[132,101,66]
[0,32,3];[153,171,186]
[-1,32,4];[137,156,170]
[-21,67,24];[204,204,204]
[-1,31,4];[140,158,173]
[-23,84,0];[46,82,35]
[18,36,-9];[117,118,116]
[-25,65,30];[41,73,112]
[-16,63,1];[71,46,24]
[-7,105,2];[181,150,57]
[-15,87,-5];[132,97,74]
[-10,92,-3];[41,28,16]
[-46,3,-20];[90,55,35]
[-28,73,1];[30,60,21]
[-5,47,-11];[132,146,156]
[-14,87,-16];[54,95,41]
[-23,64,-2];[84,53,30]
[-25,45,-10];[148,166,173]
[0,27,3];[90,89,90]
[0,32,4];[150,168,183]
[-28,49,-12];[41,32,8]
[-16,48,-9];[90,105,115]
[-12,53,0];[41,77,24]
[-30,58,-10];[41,52,82]
[-34,44,-10];[49,36,16]
[1,30,3];[165,186,198]
[-24,69,-14];[123,101,49]
[1,44,-23];[57,52,99]
[-34,43,-10];[41,32,8]
[6,7,7];[74,44,24]
[-7,70,-3];[41,73,33]
[1,31,2];[165,182,192]
[-13,105,-14];[33,60,33]
[-6,78,-15];[33,65,24]
[-27,73,16];[173,60,49]
[2,28,2];[49,36,33]
[-18,48,-9];[82,81,90]
[-19,62,-14];[32,61,21]
[-13,108,-2];[49,97,41]
[2,33,1];[148,164,181]
[3,0,-3];[74,44,24]
[2,32,2];[165,178,189]
[-9,99,-7];[101,67,24]
[-14,65,23];[156,120,74]
[-24,60,-15];[41,52,82]
[-37,92,-21];[49,77,33]
[-33,81,10];[153,152,156]
[-11,56,-16];[51,87,35]
[-3,35,4];[123,142,156]
[-37,13,-23];[71,41,30]
[2,31,2];[173,186,198]
[-20,104,-21];[49,73,33]
[8,39,-18];[73,72,71]
[-30,40,-9];[170,186,195]
[-22,77,19];[49,44,41]
[31,34,2];[141,140,141]
[-2,49,-6];[140,154,165]
[2,30,2];[173,191,200]
[-31,55,26];[43,37,35]
[-14,91,-11];[132,97,74]
[3,28,0];[156,174,189]
[-36,20,-9];[79,46,33]
[9,3,13];[74,44,33]
[-6,28,-3];[139,158,170]
[-16,46,-5];[84,95,106]
[-8,52,-27];[71,37,27]
[-27,99,-14];[41,65,33]
[-23,109,-10];[57,101,49]
[-7,63,-6];[82,52,33]
[-29,28,-14];[123,79,35]
[-7,63,-28];[79,44,29]
[-13,71,-24];[66,77,82]
[-7,28,-3];[123,81,41]
[-15,88,-15];[57,93,41]
[-6,55,-3];[66,105,49]
[-36,32,-11];[115,65,33]
[-34,73,11];[164,177,186]
[-22,70,13];[71,33,24]
[-36,71,18];[49,40,41]
[-22,49,4];[57,97,41]
[-8,74,-1];[57,89,41]
[-19,67,-16];[57,48,16]
[-20,89,-12];[63,103,46]
[-45,14,-23];[79,45,30]
[-27,53,-7];[87,99,112]
[3,28,-1];[156,174,181]
[3,8,4];[66,40,24]
[-37,32,-10];[99,56,24]
[3,30,-2];[107,65,33]
[3,32,-1];[156,170,181]
[-36,71,10];[173,182,189]
[3,32,-3];[156,172,186]
[-26,33,-3];[140,158,173]
[-8,95,-7];[167,138,57]
[3,30,-4];[153,168,181]
[-15,74,-23];[43,77,30]
[-8,98,-3];[82,56,33]
[2,32,-4];[156,171,183]
[-20,88,-3];[33,64,27]
[3,33,-3];[156,174,189]
[-15,61,-15];[33,65,24]
[-15,84,1];[60,99,49]
[-11,88,-12];[38,77,30]
[-2,47,-1];[175,191,200]
[1,34,-4];[156,174,186]
[-15,104,-16];[41,60,33]
[-15,69,1];[49,87,35]
[-29,81,13];[84,74,71]
[-18,48,4];[30,64,21]
[-9,74,-28];[8,28,8]
[-28,52,-4];[51,89,35]
[-29,75,5];[60,64,71]
[-15,64,-14];[90,56,33]
[3,32,0];[150,168,181]
[-37,9,-19];[54,30,18]
[-12,47,-34];[49,40,82]
[2,33,-3];[156,174,189]
[-10,52,-3];[99,113,123]
[-26,103,-22];[49,77,33]
[-10,92,-1];[165,138,99]
[-46,6,-14];[74,44,33]
[-25,99,-12];[33,60,33]
[-23,67,14];[66,32,24]
[-26,46,1];[156,170,175]
[-13,93,-1];[66,36,33]
[-3,37,4];[142,160,175]
[-26,56,-14];[33,36,57]
[-24,54,-12];[66,103,49]
[-21,89,-1];[68,111,51]
[-13,47,-32];[49,40,82]
[-19,68,25];[66,60,57]
[2,24,3];[63,34,21]
[-5,47,-25];[82,48,33]
[-2,35,4];[132,150,165]
[8,40,-15];[33,33,33]
[-32,72,7];[90,105,115]
[-24,71,-14];[82,73,33]
[6,1,2];[104,66,41]
[-10,50,-3];[112,127,137]
[-37,31,-9];[95,56,27]
[-19,71,24];[82,70,68]
[-6,85,-12];[49,28,16]
[-19,91,-9];[132,97,74]
[-27,75,4];[24,56,16]
[-19,94,-12];[49,77,33]
[-22,104,-3];[49,77,33]
[-15,90,-11];[132,97,74]
[-19,68,17];[57,44,33]
[-1,35,4];[120,142,153]
[-36,41,-10];[74,60,33]
[-24,80,-14];[63,101,46]
[-18,89,-11];[107,81,57]
[0,33,4];[137,155,170]
[-12,78,27];[101,90,84]
[-25,57,-1];[57,94,41]
[-22,60,-12];[57,97,41]
[-34,78,6];[82,97,107]
[-18,78,20];[112,79,46]
[-3,30,2];[129,148,162]
[-5,30,1];[134,152,167]
[-7,42,2];[148,166,181]
[-22,109,-10];[57,97,49]
[-21,67,15];[33,81,115]
[-27,58,-6];[51,86,35]
[-28,50,-6];[112,122,129]
[-35,34,-6];[156,172,186]
[5,10,-8];[68,41,27]
[-18,75,2];[54,93,38]
[-27,96,-17];[33,60,33]
[-4,30,2];[129,146,162]
[-31,82,12];[159,144,143]
[-10,48,-13];[104,115,123]
[-13,56,-1];[90,101,115]
[-23,72,0];[41,73,33]
[-9,44,-30];[24,24,49]
[-5,29,1];[95,56,27]
[-25,70,12];[49,24,16]
[-47,2,-12];[66,36,24]
[-28,29,-9];[140,158,173]
[-26,104,-22];[49,77,33]
[-19,93,-4];[115,85,24]
[-10,102,-4];[49,73,33]
[-13,56,-16];[57,97,41]
[-14,46,-4];[115,130,140]
[3,30,-1];[107,65,33]
[-13,68,29];[65,60,57]
[-36,46,-7];[206,174,90]
[-2,52,-26];[54,33,27]
[-31,33,-10];[183,203,208]
[-21,83,-15];[60,97,43]
[-10,64,-22];[98,110,123]
[-17,49,-10];[66,65,66]
[-15,108,0];[74,125,57]
[1,40,-21];[115,109,189]
[-34,72,12];[148,156,164]
[-11,109,-7];[66,117,49]
[-7,63,-23];[82,97,107]
[-16,110,-9];[66,113,49]
[-5,78,-8];[51,83,35]
[-32,33,-11];[181,199,206]
[-16,67,-15];[54,89,43]
[-25,49,-9];[107,121,132]
[-14,64,23];[170,135,85]
[3,35,-1];[150,167,175]
[-33,75,19];[66,56,49]
[-19,43,-5];[137,151,162]
[-33,33,-11];[173,190,198]
[-24,107,-16];[49,77,33]
[-34,42,-8];[57,48,16]
[-25,72,-11];[93,54,33]
[-31,28,-4];[148,166,181]
[-7,72,-16];[33,69,24]
[-4,62,-25];[99,56,41]
[-4,38,4];[140,158,173]
[-39,30,-15];[115,77,33]
[-34,34,-10];[170,184,195]
[-14,47,-4];[84,95,106]
[-27,31,-6];[117,136,150]
[-9,78,-18];[29,61,27]
[-15,75,23];[142,109,71]
[-8,68,-24];[164,172,184]
[-14,91,-2];[49,20,8]
[-33,69,7];[109,124,134]
[3,45,-20];[115,105,189]
[-17,90,-5];[140,109,74]
[-41,91,-19];[49,85,41]
[-4,33,-3];[181,199,206]
[-32,68,9];[71,86,95]
[-14,103,-16];[41,60,33]
[-11,56,-17];[54,90,38]
[-12,56,-25];[66,32,24]
[-5,29,-5];[162,176,189]
[-5,28,-5];[90,89,90]
[-6,33,0];[129,147,162]
[-14,52,0];[82,95,104]
[-26,70,-7];[30,60,21]
[-5,56,-9];[46,81,38]
[4,25,2];[44,37,30]
[-27,65,29];[43,74,117]
[-6,81,-9];[60,93,43]
[-23,96,-19];[41,60,33]
[-5,49,-24];[49,22,16]
[-13,110,-5];[82,134,57]
[-34,75,18];[38,64,101]
[2,36,2];[137,158,181]
[-16,83,-16];[33,28,8]
[2,37,-1];[153,175,186]
[-21,74,21];[41,32,24]
[-10,74,-28];[8,28,0]
[-32,77,17];[41,67,104]
[-2,30,-7];[156,113,66]
[6,0,10];[123,81,49]
[-2,56,-26];[98,40,30]
[-21,110,-9];[66,109,49]
[-3,29,-6];[165,178,189]
[-17,47,3];[35,71,24]
[-36,20,-22];[96,57,38]
[-3,28,-6];[87,86,87]
[-10,107,-2];[82,134,57]
[-6,53,-13];[57,93,41]
[-26,101,-11];[33,60,33]
[-9,103,-5];[49,81,41]
[-6,46,-27];[33,28,57]
[-25,103,-7];[41,60,33]
[-19,50,5];[43,81,35]
[-4,31,-4];[170,184,195]
[-24,99,-6];[24,44,24]
[-31,83,-8];[43,74,35]
[-13,46,-3];[82,85,82]
[-22,82,22];[132,121,115]
[-5,30,-5];[115,73,41]
[-34,32,-4];[156,170,181]
[-5,37,-5];[178,196,203]
[-27,65,19];[82,44,24]
[-4,30,-6];[115,73,41]
[3,33,-1];[156,170,181]
[-23,61,-2];[66,78,84]
[-19,81,17];[109,78,49]
[-34,99,-18];[41,69,33]
[-31,80,11];[33,28,33]
[-12,103,-14];[41,69,33]
[-32,47,-11];[24,28,41]
[2,34,-3];[156,174,189]
[0,39,1];[165,182,189]
[-35,30,-10];[107,60,33]
[-6,29,-2];[107,65,33]
[-43,19,-22];[74,44,33]
[-29,28,-12];[99,56,24]
[-13,43,-5];[137,152,165]
[-27,74,3];[33,60,24]
[-17,92,-2];[93,56,21]
[2,35,0];[156,170,181]
[-29,25,-16];[115,69,33]
[-15,88,-4];[87,86,87]
[-12,60,-28];[90,48,33]
[-12,64,-24];[115,125,132]
[-6,28,-4];[148,170,181]
[-9,59,-13];[66,81,87]
[-2,0,-2];[106,67,38]
[-3,74,-20];[51,87,35]
[-7,61,-8];[24,56,16]
[2,37,-22];[41,36,66]
[-6,30,-1];[145,163,178]
[-40,21,-22];[84,53,35]
[-13,44,-15];[27,62,24]
[-9,42,-9];[153,168,178]
[-29,28,-8];[123,143,159]
[-9,102,-10];[49,73,33]
[-36,77,-2];[33,69,24]
[9,40,-17];[65,65,65]
[-15,84,-1];[24,52,16]
[-8,98,-1];[82,69,24]
[-21,67,25];[57,44,41]
[-6,28,-1];[137,154,167]
[6,29,-1];[140,97,49]
[-24,61,-10];[41,73,33]
[-29,96,-19];[49,73,33]
[-12,76,29];[140,125,123]
[-8,76,-25];[33,65,24]
[-15,81,20];[65,56,52]
[12,39,-14];[82,82,82]
[-6,74,-22];[87,86,87]
[-21,70,23];[82,73,74]
[-28,101,-24];[49,73,33]
[-18,87,0];[41,73,33]
[-36,71,11];[198,203,206]
[10,0,11];[109,71,46]
[-20,108,-3];[66,113,49]
[-5,32,1];[132,150,165]
[-12,72,-17];[33,60,24]
[-10,98,1];[206,182,148]
[-34,101,-20];[49,77,33]
[3,31,-4];[95,56,27]
[7,12,-5];[57,33,18]
[-13,64,-24];[112,123,132]
[-6,75,-10];[24,52,16]
[-34,78,15];[90,79,74]
[-10,102,-2];[33,48,24]
[-25,61,-5];[35,69,27]
[-6,72,-21];[74,85,90]
[-32,48,-10];[74,60,24]
[-32,21,-10];[49,40,33]
[-10,56,-15];[74,85,90]
[-24,66,-13];[33,32,49]
[-16,49,-16];[51,90,41]
[-5,45,-11];[137,152,165]
[-2,49,-7];[134,150,165]
[-38,32,-9];[115,75,38]
[-21,57,3];[57,97,41]
[-31,53,27];[49,44,41]
[-11,88,-10];[33,66,33]
[-27,32,-6];[126,144,159]
[-29,60,24];[57,49,46]
[-28,31,-3];[137,154,167]
[-17,72,31];[132,121,115]
[-4,45,2];[162,179,189]
[-10,76,-19];[27,54,18]
[-3,72,-20];[49,85,33]
[-21,74,27];[51,83,126]
[-30,46,-7];[145,160,173]
[-3,50,-11];[54,95,41]
[-16,71,25];[74,69,66]
[-34,61,21];[123,89,49]
[-21,110,-8];[57,97,49]
[-14,58,-15];[71,81,87]
[-7,53,-4];[112,123,132]
[-5,50,-1];[148,166,173]
[-27,101,-13];[33,52,24]
[-21,82,-16];[60,95,43]
[-25,58,-10];[60,99,43]
[-25,36,0];[148,166,181]
[-19,54,-12];[74,87,96]
[-30,79,7];[33,60,24]
[-27,31,-7];[123,142,156]
[3,25,-6];[41,20,8]
[-30,72,16];[57,51,49]
[-2,25,-8];[148,105,57]
[-31,34,-9];[151,167,181]
[-19,51,-16];[57,89,41]
[-24,87,-11];[54,93,43]
[-5,54,-28];[74,36,24]
[-12,72,-25];[71,85,93]
[-28,33,-8];[126,144,159]
[-22,57,30];[49,36,33]
[-19,45,-1];[128,146,153]
[-47,1,-11];[54,32,18]
[6,13,-6];[60,36,24]
[-35,77,0];[27,56,18]
[-24,101,-8];[41,60,33]
[-17,63,29];[148,117,74]
[-33,68,16];[99,56,41]
[-20,110,-13];[66,109,49]
[-32,28,-5];[153,170,178]
[-38,94,-23];[57,93,41]
[-21,83,16];[82,77,74]
[-31,35,-8];[123,144,156]
[-37,74,5];[123,138,148]
[-32,75,14];[107,101,99]
[-21,109,-13];[66,105,49]
[-34,62,20];[109,81,46]
[-14,91,-21];[189,154,74]
[-9,84,-4];[90,56,33]
[-4,75,-21];[63,101,46]
[-32,35,-8];[107,125,140]
[-28,51,-5];[99,110,117]
[-28,51,-3];[99,113,123]
[-17,66,22];[74,48,27]
[-12,53,-1];[84,98,109]
[-22,39,-2];[156,170,181]
[-33,35,-8];[150,166,178]
[-4,29,-6];[162,176,189]
[0,8,2];[54,30,18]
[-19,56,-12];[74,85,90]
[-1,44,-1];[170,183,195]
[0,43,-2];[150,168,183]
[-7,85,-3];[33,65,24]
[17,36,-10];[125,125,125]
[-5,52,-28];[57,40,33]
[-22,98,-20];[41,60,33]
[-3,42,-29];[82,48,32]
[-30,27,-6];[132,150,165]
[2,30,-2];[107,65,33]
[-8,88,-7];[46,83,38]
[-22,80,-15];[60,98,43]
[-17,82,22];[120,107,104]
[-8,73,29];[115,105,107]
[-28,31,-10];[140,162,173]
[-45,3,-7];[68,38,27]
[-29,95,-21];[49,73,33]
[-2,54,-27];[57,24,16]
[-11,60,-15];[35,69,27]
[-22,64,-11];[99,60,33]
[-20,89,-6];[115,125,132]
[-19,76,3];[60,99,43]
[-25,68,-5];[30,57,21]
[7,39,-18];[78,78,79]
[-35,25,-7];[99,65,33]
[-21,75,20];[33,16,16]
[-16,66,24];[66,44,33]
[-15,102,5];[148,113,38]
[-27,32,-3];[150,168,183]
[-25,33,-4];[134,152,167]
[-30,74,11];[57,28,16]
[-15,66,-15];[43,77,35]
[-18,76,-17];[57,36,16]
[-23,102,-3];[24,48,16]
[-9,87,-15];[60,97,43]
[-20,77,2];[60,99,46]
[-31,101,-23];[49,81,41]
[-5,49,-26];[49,22,16]
[-20,52,5];[66,109,49]
[4,43,-18];[58,57,58]
[2,27,1];[57,73,74]
[-33,33,-4];[156,172,186]
[-46,17,-20];[66,37,21]
[-34,34,-5];[153,170,183]
[35,29,5];[243,243,243]
[-7,88,-6];[62,102,51]
[-9,50,-2];[123,138,148]
[-27,85,2];[57,97,41]
[-16,72,2];[18,44,10]
[-23,70,18];[49,36,24]
[-26,67,18];[74,40,24]
[-38,41,-9];[206,170,90]
[-13,89,-9];[132,97,74]
[4,0,-2];[84,49,30]
[-18,109,-13];[66,101,49]
[-16,84,-1];[35,69,27]
[-7,77,-20];[24,52,16]
[-8,52,-3];[109,122,134]
[-17,84,20];[140,125,123]
[-4,33,3];[117,136,150]
[-21,96,-16];[24,44,24]
[-14,72,-20];[27,52,18]
[-7,50,-1];[142,156,167]
[-13,74,-25];[33,60,24]
[-31,52,-13];[115,97,49]
[1,17,3];[82,48,33]
[4,11,-8];[66,36,24]
[-36,73,0];[27,53,18]
[-19,110,-11];[66,105,49]
[-5,47,0];[165,178,189]
[-8,75,-27];[54,89,43]
[-13,60,-15];[51,89,43]
[-3,4,-3];[68,41,27]
[-31,68,17];[132,81,57]
[3,7,6];[76,45,33]
[-5,54,-6];[107,118,129]
[-27,75,-10];[49,81,33]
[-6,85,-20];[68,115,51]
[-17,75,22];[140,109,74]
[-7,76,-20];[27,54,18]
[-17,79,24];[41,65,107]
[-21,84,15];[99,93,90]
[-22,100,-2];[198,166,140]
[-10,101,-5];[49,73,33]
[1,16,3];[82,48,33]
[-7,42,1];[142,160,175]
[-34,75,-2];[35,65,27]
[2,17,-8];[74,44,33]
[-5,47,1];[162,179,186]
[-25,70,10];[63,32,16]
[-34,70,13];[90,105,115]
[-20,102,-21];[41,60,33]
[-28,30,-9];[134,151,165]
[-5,43,-31];[66,48,33]
[-40,2,-18];[101,59,35]
[-28,53,-5];[49,85,33]
[-5,49,-29];[71,42,30]
[-33,95,-24];[49,77,33]
[-11,83,-1];[24,56,16]
[11,42,-14];[86,86,86]
[-14,57,0];[82,93,104]
[-14,88,-5];[140,109,74]
[-13,91,-9];[148,125,82]
[-17,109,-2];[74,117,49]
[-27,73,3];[38,70,30]
[-10,94,1];[214,182,148]
[-11,106,-11];[57,93,41]
[-10,103,6];[173,146,57]
[-15,107,1];[66,113,49]
[-38,93,-19];[49,81,41]
[-33,17,-14];[66,36,24]
[0,28,-8];[129,86,41]
[-20,102,0];[41,69,33]
[-7,102,0];[117,87,30]
[-7,48,0];[150,166,175]
[-8,86,-19];[68,111,51]
[-32,19,-15];[66,38,24]
[0,38,4];[173,186,198]
[-2,45,0];[178,196,206]
[-1,45,0];[173,190,198]
[-41,17,-11];[84,49,33]
[-11,103,-13];[41,60,33]
[-38,91,-20];[49,77,33]
[-2,46,0];[181,197,206]
[-8,51,-29];[68,34,21]
[-16,80,-19];[93,53,33]
[-28,87,-6];[51,89,38]
[-13,78,27];[96,86,82]
[-15,62,0];[33,65,24]
[-22,90,-9];[52,89,41]
[-24,88,-8];[57,97,41]
[-21,99,-21];[33,60,33]
[14,1,8];[128,79,52]
[-32,61,28];[41,53,93]
[-33,78,12];[73,64,65]
[-6,105,-2];[192,160,65]
[-9,65,-2];[18,41,10]
[-22,60,-9];[71,81,87]
[-39,91,-22];[57,93,41]
[-6,58,-9];[79,86,96]
[-5,49,-1];[156,171,181]
[-35,57,23];[52,43,40]
[-34,33,-5];[156,170,181]
[-1,43,1];[175,193,200]
[-22,110,-10];[66,105,49]
[-17,89,-5];[132,97,74]
[-27,54,-4];[82,94,101]
[-19,78,-16];[107,89,49]
[-9,58,-15];[41,81,33]
[-33,22,-6];[126,79,43]
[-29,48,-5];[134,148,159]
[6,1,5];[112,71,43]
[-4,78,-20];[49,85,41]
[26,37,-2];[133,133,133]
[4,1,2];[93,57,38]
[-28,51,-4];[99,110,117]
[-29,28,-13];[134,155,167]
[-38,58,23];[74,69,66]
[-15,110,-10];[66,109,49]
[-40,90,-19];[49,85,41]
[-32,73,6];[107,121,131]
[-35,19,-9];[71,41,30]
[-6,44,2];[148,167,183]
[-6,33,-2];[159,175,186]
[1,32,3];[159,174,183]
[-18,86,18];[156,138,140]
[1,29,0];[115,73,41]
[-25,73,17];[99,44,33]
[-10,86,-5];[33,60,24]
[-11,54,-15];[82,90,99]
[-13,79,-20];[24,28,41]
[-5,34,0];[137,155,170]
[-19,69,2];[54,32,16]
[-29,65,11];[60,30,18]
[-21,84,-15];[63,102,46]
[-1,43,-29];[73,49,40]
[1,26,-7];[73,40,18]
[-25,106,-15];[49,77,33]
[-25,64,16];[74,40,24]
[-20,51,5];[57,93,41]
[-20,64,23];[54,34,27]
[-19,108,-16];[49,89,41]
[-6,37,2];[134,151,165]
[-8,106,-4];[74,121,57]
[-23,39,-1];[148,166,181]
[-11,108,-7];[57,101,49]
[-21,109,-8];[57,97,41]
[-30,53,-13];[49,40,16]
[-5,37,3];[134,151,167]
[-21,41,0];[150,168,181]
[-2,42,-22];[41,36,66]
[-31,74,12];[57,32,16]
[1,9,-9];[93,57,35]
[-11,59,-15];[51,85,35]
[-6,36,1];[115,125,132]
[3,16,2];[96,58,41]
[1,37,-3];[140,158,173]
[-30,26,-8];[107,65,33]
[-21,103,-1];[57,97,41]
[-12,70,-15];[35,67,27]
[-25,44,1];[159,175,183]
[-12,67,-27];[173,182,189]
[-6,27,-5];[140,97,49]
[13,5,8];[68,41,27]
[-6,36,0];[132,148,162]
[-7,72,-18];[27,54,18]
[-7,74,-24];[63,77,84]
[-13,90,-8];[132,101,74]
[-30,46,-2];[140,158,173]
[-28,51,-7];[99,113,123]
[-4,51,-10];[107,117,123]
[-20,95,-12];[49,73,33]
[-6,35,0];[128,146,159]
[-30,81,7];[71,109,54]
[-25,52,2];[46,79,33]
[-11,79,1];[41,24,10]
[-5,80,-10];[51,83,38]
[-23,72,-12];[93,54,27]
[-33,35,-5];[153,167,178]
[-39,66,18];[74,65,66]
[-16,84,-17];[24,20,8]
[-6,34,0];[134,150,162]
[-8,53,-4];[104,118,129]
[-12,81,-21];[24,20,8]
[-27,55,-5];[51,86,41]
[-20,101,0];[181,146,57]
[-14,104,2];[33,52,24]
[-30,97,-23];[41,60,33]
[-11,57,-15];[74,81,90]
[-17,69,25];[204,204,204]
[-27,53,-5];[84,95,109]
[-17,102,1];[49,73,33]
[-34,80,-3];[38,74,30]
[-23,98,-9];[33,48,24]
[-38,30,-15];[132,85,41]
[-36,12,-15];[63,34,21]
[-41,15,-26];[82,50,33]
[-10,71,-19];[41,52,57]
[-18,69,25];[66,56,57]
[-33,71,14];[93,52,35]
[-15,70,-15];[49,81,33]
[-34,46,-8];[24,28,41]
[-27,53,-6];[84,98,109]
[-36,73,10];[200,208,219]
[-35,76,-2];[38,74,30]
[-6,71,-5];[49,81,33]
[-25,103,-8];[33,60,33]
[7,0,6];[120,78,54]
[-25,34,-7];[132,148,165]
[-25,104,-8];[41,60,33]
[-29,48,-6];[132,146,156]
[1,39,0];[148,166,181]
[-14,100,5];[145,110,35]
[-14,106,-15];[49,77,33]
[-27,30,-8];[129,144,156]
[-38,8,-26];[82,52,33]
[-24,88,-6];[57,97,41]
[-17,102,0];[41,69,33]
[-38,29,-16];[115,69,33]
[-28,52,-5];[46,85,38]
[-32,97,-19];[41,60,33]
[-17,100,3];[123,86,24]
[-28,82,5];[49,85,33]
[-22,68,22];[82,48,41]
[-19,66,26];[49,40,33]
[-36,92,-20];[49,77,33]
[-18,72,30];[43,70,112]
[-5,55,-10];[49,79,35]
[-8,64,-28];[140,150,156]
[-35,77,2];[46,56,62]
[12,5,9];[90,53,38]
[-7,44,-30];[66,40,33]
[1,38,2];[178,196,203]
[-9,63,-2];[71,46,24]
[-34,82,-1];[49,85,33]
[30,36,2];[166,166,166]
[-25,74,-2];[33,65,24]
[-38,76,1];[57,97,41]
[-20,75,27];[49,81,123]
[2,36,-1];[150,170,183]
[-34,71,13];[99,113,123]
[-10,71,-1];[46,81,35]
[-11,45,-2];[140,158,165]
[-34,80,3];[33,60,24]
[-38,0,-10];[117,74,46]
[3,2,3];[90,56,33]
[-31,21,-11];[33,16,8]
[-9,107,0];[148,109,41]
[1,36,-2];[156,170,181]
[-35,21,-7];[151,127,55]
[-25,65,24];[71,53,38]
[-11,48,-13];[101,114,123]
[-24,49,-10];[107,121,132]
[1,37,-1];[150,168,183]
[-19,60,1];[74,82,90]
[-16,77,-16];[24,32,49]
[-13,88,-18];[74,65,33]
[-36,73,4];[101,113,121]
[-43,9,-15];[74,41,27]
[-6,56,-13];[63,102,46]
[-35,100,-22];[57,93,41]
[-2,6,0];[57,32,16]
[1,37,-2];[159,172,183]
[-8,49,-26];[54,26,18]
[-23,88,-2];[66,109,49]
[-23,38,-6];[140,158,173]
[-24,70,12];[90,48,32]
[-27,32,-8];[132,150,165]
[-8,66,-28];[176,185,192]
[-32,75,20];[33,77,107]
[1,37,0];[140,154,173]
[0,40,2];[175,193,200]
[-20,88,-4];[120,132,145]
[-46,16,-23];[76,45,33]
[-8,39,-6];[165,180,189]
[-35,65,23];[65,68,82]
[-30,22,-9];[142,99,51]
[-10,69,-1];[66,109,49]
[-17,54,-12];[74,86,93]
[0,42,-4];[150,167,183]
[-5,43,-23];[189,158,132]
[-4,52,-5];[140,152,159]
[-23,105,-4];[41,65,33]
[18,36,-8];[113,113,113]
[36,30,5];[142,141,141]
[-3,1,-1];[132,81,57]
[1,41,-3];[148,166,181]
[-20,65,1];[13,37,10]
[2,24,4];[164,146,68]
[-4,44,2];[159,172,183]
[-16,64,29];[132,105,66]
[-6,43,-22];[44,38,32]
[-8,105,-6];[49,85,41]
[-35,79,13];[132,117,115]
[-27,45,1];[159,172,183]
[2,30,-1];[107,65,33]
[-28,53,-3];[57,97,41]
[-25,68,-8];[33,60,24]
[-32,43,-11];[132,109,57]
[-43,11,-26];[87,50,33]
[-16,66,-15];[49,85,41]
[-6,55,-13];[60,98,41]
[-6,73,-21];[60,68,71]
[-15,109,-4];[74,134,57]
[-5,24,-5];[49,28,16]
[-15,110,-7];[82,130,57]
[-12,89,-13];[35,71,27]
[-7,44,-28];[24,24,49]
[-4,29,1];[95,56,27]
[-27,53,-10];[46,82,35]
[-4,31,-5];[170,184,195]
[-3,42,3];[148,166,181]
[-27,49,1];[49,94,38]
[-3,41,3];[148,166,181]
[-23,102,-23];[49,73,33]
[-13,77,-25];[43,81,35]
[42,31,12];[121,121,121]
[-40,3,-20];[74,44,24]
[-12,42,-7];[142,159,173]
[-16,66,1];[16,36,8]
[-17,72,3];[104,63,35]
[-3,43,2];[165,178,189]
[-13,84,-18];[74,56,24]
[-13,67,-24];[109,124,134]
[-11,70,-19];[74,81,90]
[-21,87,0];[71,114,49]
[-22,58,-9];[74,82,90]
[-41,24,-7];[148,105,57]
[-14,65,-14];[21,50,18]
[-2,41,3];[150,168,183]
[-11,105,-12];[41,73,33]
[-19,52,-12];[74,87,96]
[-15,45,-6];[120,135,145]
[-23,68,21];[49,22,16]
[-31,74,6];[99,109,115]
[-23,77,18];[139,111,73]
[-6,51,-14];[46,82,38]
[-30,69,17];[107,60,41]
[-37,73,9];[181,190,198]
[-25,60,-13];[33,36,57]
[-18,50,-16];[57,89,41]
[-37,73,7];[189,198,205]
[-28,53,31];[88,76,73]
[-30,50,-3];[57,101,41]
[-15,72,-21];[16,40,8]
[-23,97,-11];[49,77,33]
[-8,47,0];[148,166,173]
[-30,49,-2];[49,89,41]
[-24,100,-6];[41,69,33]
[-29,64,29];[41,69,107]
[3,43,-21];[239,195,16]
[-6,76,-5];[60,101,43]
[-27,76,-4];[16,44,16]
[-31,56,-12];[24,32,49]
[-9,59,-14];[46,81,35]
[-22,96,-11];[24,44,24]
[-35,15,-18];[57,32,16]
[-37,70,9];[167,177,184]
[-9,99,-9];[189,158,132]
[-3,51,-22];[68,28,21]
[-24,67,18];[41,24,16]
[-46,1,-9];[63,37,21]
[-21,79,-15];[60,95,43]
[-7,40,1];[134,152,167]
[-24,57,-9];[74,87,96]
[-8,61,-30];[104,58,41]
[-11,90,-12];[54,93,43]
[-10,100,-11];[140,109,66]
[-28,26,-8];[153,106,57]
[-7,54,-15];[49,85,41]
[-10,102,4];[115,81,24]
[-20,60,-14];[46,81,38]
[-12,92,-8];[165,134,99]
[-14,54,0];[82,95,104]
[-13,78,-19];[24,28,41]
[2,34,-1];[148,164,178]
[-8,63,-11];[41,77,33]
[-44,19,-21];[71,41,33]
[-34,34,-6];[156,170,181]
[-1,41,2];[173,190,198]
[-9,56,-15];[49,86,35]
[-32,78,18];[33,81,115]
[1,33,3];[156,170,181]
[-11,60,-14];[68,79,82]
[-23,81,22];[82,69,68]
[-27,73,18];[90,77,74]
[-32,99,-24];[49,77,33]
[2,5,6];[71,41,30]
[-18,53,-12];[74,89,99]
[-26,70,-8];[33,65,24]
[-13,85,-18];[132,109,57]
[11,5,4];[62,36,24]
[-7,58,-30];[115,69,49]
[-6,57,-9];[76,90,99]
[-35,34,-7];[156,174,189]
[-14,55,-14];[74,83,90]
[-7,55,-2];[57,97,41]
[-7,47,-14];[41,77,33]
[-3,50,-27];[49,22,16]
[-33,24,-18];[71,40,30]
[-10,105,-1];[33,52,24]
[-11,53,-15];[79,91,99]
[-12,57,-15];[74,81,90]
[-12,55,-15];[74,86,93]
[-7,75,-3];[60,98,43]
[-13,52,-14];[74,89,99]
[-8,64,-10];[71,46,24]
[-15,52,-14];[74,86,93]
[-13,58,-15];[74,81,90]
[-22,105,-3];[49,85,41]
[-16,90,-12];[38,68,30]
[-6,73,-22];[63,74,79]
[-16,56,-14];[74,82,90]
[-12,77,1];[27,57,21]
[-8,57,-27];[87,48,35]
[-29,39,0];[170,187,198]
[-6,53,0];[43,77,33]
[-9,98,-2];[49,40,24]
[-30,103,-18];[49,77,33]
[-12,52,-14];[79,91,99]
[-11,90,-3];[165,138,99]
[-16,45,-15];[49,85,33]
[-14,59,-15];[71,81,87]
[6,24,2];[173,121,66]
[-1,42,-26];[49,44,82]
[-9,101,-10];[33,56,24]
[-34,78,14];[82,73,66]
[4,17,2];[99,60,41]
[4,0,-5];[82,52,33]
[-15,59,-14];[74,81,90]
[-15,58,-14];[74,81,90]
[-29,77,22];[118,106,101]
[-13,58,-16];[63,102,46]
[-21,57,-11];[74,82,90]
[-6,67,-6];[57,93,41]
[-25,55,0];[41,73,33]
[-4,47,0];[167,183,192]
[-15,104,-17];[41,60,33]
[-13,72,30];[30,45,71]
[-16,60,-14];[71,78,87]
[-41,28,-11];[115,71,33]
[-24,69,20];[57,40,33]
[-13,73,-20];[30,57,21]
[-5,51,-13];[49,89,41]
[-13,51,-17];[57,93,41]
[-23,88,-10];[46,81,29]
[-6,70,-12];[29,64,21]
[-20,91,-8];[101,66,24]
[9,7,8];[104,62,33]
[-40,92,-19];[57,93,41]
[-18,60,-13];[74,85,90]
[-12,69,-21];[90,105,115]
[-29,99,-15];[33,60,33]
[-28,65,13];[74,36,24]
[-14,71,30];[38,59,93]
[-5,80,-12];[38,71,29]
[-21,84,16];[107,97,90]
[-4,79,-17];[38,74,30]
[-22,79,-15];[60,98,46]
[-35,74,-1];[41,77,33]
[-31,27,-10];[95,56,27]
[-10,73,28];[107,97,93]
[-4,30,1];[132,146,165]
[-30,97,-18];[49,77,33]
[-8,57,-14];[54,87,38]
[-20,77,-16];[148,121,66]
[-29,34,-9];[120,139,153]
[-4,76,-21];[60,97,43]
[-36,75,16];[115,101,99]
[-7,74,-16];[27,54,18]
[-11,99,-10];[107,74,24]
[-21,58,-14];[63,105,46]
[-46,5,-13];[73,42,27]
[-22,63,-1];[104,67,38]
[-12,70,31];[112,98,96]
[-42,9,-27];[33,20,0]
[-36,41,-7];[132,109,57]
[-26,106,-12];[49,73,33]
[-10,66,-28];[170,178,186]
[-20,69,1];[18,41,16]
[-26,105,-13];[41,60,33]
[-20,95,-11];[49,77,33]
[-47,1,-17];[115,73,46]
[-24,87,-10];[51,87,35]
[-2,0,0];[90,56,33]
[-13,76,-25];[38,74,30]
[-8,55,-4];[96,106,112]
[-2,44,-24];[24,24,49]
[-32,54,-9];[115,97,49]
[-26,80,0];[33,65,24]
[-16,53,-13];[74,85,90]
[-15,54,2];[43,73,27]
[-13,106,-13];[49,77,33]
[2,36,1];[142,159,178]
[-9,67,-22];[115,129,140]
[-8,66,-23];[121,133,142]
[-19,59,1];[74,85,90]
[-9,76,-27];[57,93,41]
[-8,72,-20];[49,60,66]
[-12,48,2];[51,89,35]
[-38,0,-7];[132,81,57]
[1,43,-26];[41,36,74]
[-40,94,-21];[57,101,49]
[-25,96,-17];[41,65,33]
[-8,85,-8];[27,60,21]
[-22,59,2];[51,87,35]
[0,43,-5];[148,170,181]
[-5,28,1];[140,158,173]
[-7,66,-25];[153,167,176]
[-17,77,-16];[33,36,49]
[-6,27,1];[120,79,41]
[-26,49,-9];[117,131,137]
[-25,68,-1];[41,24,8]
[-8,66,-26];[178,185,195]
[-7,66,-24];[170,179,186]
[-22,103,-3];[33,56,24]
[-21,75,-15];[33,36,49]
[-24,96,-17];[41,69,33]
[-18,59,-13];[74,85,90]
[-18,56,-13];[74,86,93]
[-42,21,-12];[66,40,24]
[-3,31,3];[123,143,156]
[-45,9,-25];[74,44,33]
[-21,60,-10];[74,81,90]
[46,28,14];[106,107,106]
[-8,65,-12];[27,53,18]
[6,2,-1];[88,53,35]
[-6,56,-3];[66,107,49]
[-12,83,-1];[41,73,33]
[-20,53,-11];[74,86,93]
[-11,45,-10];[126,140,150]
[-14,64,1];[46,30,18]
[-41,89,-19];[49,81,41]
[-21,61,-13];[43,75,33]
[-36,72,5];[134,146,150]
[-33,80,11];[82,73,74]
[-30,73,8];[71,81,87]
[-7,43,-28];[172,131,90]
[-46,7,-16];[68,37,27]
[-31,43,-5];[153,172,186]
[-37,72,7];[159,168,175]
[-28,76,4];[30,57,21]
[-27,87,-8];[51,87,35]
[-26,49,1];[134,150,159]
[-5,45,2];[153,171,186]
[8,0,12];[107,69,41]
[-33,67,24];[41,65,107]
[-37,22,-22];[96,58,38]
[-14,102,-15];[33,60,33]
[-6,31,-3];[165,178,189]
[-17,52,0];[90,103,112]
[-6,51,-2];[134,151,159]
[-11,84,-3];[30,64,21]
[-8,83,-3];[140,93,57]
[-30,74,1];[33,60,24]
[-6,58,-10];[60,97,43]
[-25,100,-9];[41,60,33]
[-4,48,0];[165,178,189]
[-21,40,-1];[159,175,183]
[-36,24,-6];[57,36,16]
[-8,75,-24];[87,86,87]
[-35,76,1];[41,48,57]
[-31,72,6];[115,130,140]
[-26,101,-12];[33,60,33]
[-32,73,2];[57,69,74]
[-20,78,27];[123,111,104]
[-30,76,21];[115,101,90]
[-35,82,3];[49,81,33]
[-22,66,-17];[74,65,33]
[-22,106,-4];[57,89,41]
[-21,96,-13];[33,56,24]
[-14,69,23];[74,65,57]
[-32,76,-3];[30,57,21]
[-2,48,-24];[62,41,29]
[-38,68,16];[104,91,87]
[-9,80,-2];[30,64,27]
[-20,71,17];[49,24,16]
[-12,72,-19];[43,50,60]
[-12,56,-15];[74,85,90]
[-27,38,-9];[162,175,186]
[-36,72,4];[132,142,148]
[-22,62,-9];[68,78,84]
[-30,65,28];[132,32,49]
[-19,110,-6];[74,117,49]
[-28,68,9];[57,28,16]
[-19,110,-13];[57,97,49]
[-35,71,5];[126,137,145]
[-2,28,5];[145,99,54]
[-16,46,-16];[46,81,38]
[-37,97,-19];[49,77,33]
[18,34,-9];[132,132,132]
[-35,71,4];[129,139,145]
[-3,29,3];[107,65,33]
[-31,57,-12];[41,48,74]
[-27,58,26];[115,85,57]
[-32,71,4];[98,113,123]
[-26,67,19];[74,40,24]
[-8,107,1];[148,114,43]
[3,29,0];[156,174,189]
[-18,69,-17];[99,81,41]
[-15,105,2];[107,69,24]
[-29,103,-18];[49,77,33]
[-32,72,4];[90,105,115]
[-6,60,-21];[66,36,24]
[-21,94,-8];[123,85,24]
[-14,66,29];[46,47,38]
[-32,72,3];[57,73,82]
[-37,72,8];[140,152,161]
[-35,75,8];[181,188,197]
[-12,73,-25];[66,73,82]
[-13,68,1];[68,113,51]
[-32,80,-7];[35,63,27]
[-7,76,-23];[30,57,21]
[-1,30,4];[140,158,173]
[-34,72,15];[74,73,66]
[-33,71,3];[82,93,99]
[-10,88,-17];[82,52,33]
[-28,52,-3];[54,93,38]
[-36,94,-23];[49,81,41]
[-33,71,5];[132,142,148]
[-27,71,20];[99,56,33]
[-21,70,-14];[41,36,16]
[-26,87,-5];[54,97,38]
[-10,49,-17];[49,83,33]
[8,5,-2];[66,36,24]
[-34,71,4];[82,93,99]
[-27,74,12];[74,36,24]
[3,39,-23];[99,89,165]
[-14,70,24];[33,81,115]
[-15,92,-11];[101,67,24]
[-30,49,-3];[66,101,41]
[-6,74,-5];[51,87,35]
[-14,73,25];[134,106,71]
[2,33,2];[153,171,186]
[-32,78,7];[68,78,87]
[-34,76,8];[140,150,156]
[-35,32,-14];[150,103,60]
[-3,47,0];[173,190,198]
[2,4,6];[66,40,24]
[-7,60,-4];[57,93,41]
[-23,73,-12];[49,85,41]
[-9,69,-20];[93,108,118]
[-15,106,-16];[41,69,33]
[-17,46,-5];[84,95,106]
[-10,46,-15];[49,86,35]
[-34,75,8];[164,172,181]
[-30,85,-8];[16,40,16]
[-13,66,-26];[134,148,159]
[-37,79,4];[63,98,46]
[-24,99,-8];[33,56,24]
[-21,86,-1];[30,64,21]
[-34,74,9];[148,158,165]
[-31,74,10];[66,81,90]
[-20,72,18];[35,17,8]
[-19,95,-13];[49,81,41]
[-30,22,-10];[132,89,49]
[-28,54,31];[74,69,66]
[-6,72,-22];[71,82,87]
[-31,74,9];[112,126,137]
[-30,39,-9];[173,186,198]
[-12,65,-27];[115,125,132]
[-15,98,-14];[41,69,33]
[-34,72,2];[71,81,90]
[-32,74,7];[132,142,148]
[-17,99,3];[140,105,33]
[-4,46,1];[165,182,189]
[-33,59,23];[101,71,43]
[7,9,0];[57,32,16]
[-11,100,6];[128,98,38]
[-35,77,1];[27,54,18]
[-15,69,-15];[41,73,33]
[-17,79,-18];[99,60,33]
[0,5,-6];[90,52,33]
[-35,69,12];[162,174,181]
[-12,58,-25];[57,29,16]
[-3,20,-8];[82,56,41]
[-21,83,20];[137,123,120]
[-12,109,-7];[74,113,49]
[-30,103,-17];[49,77,33]
[-18,110,-9];[74,113,49]
[-40,93,-21];[57,97,49]
[2,39,-21];[115,105,189]
[-5,38,-6];[173,190,198]
[-2,57,-26];[107,36,33]
[-42,7,-28];[41,36,33]
[-6,63,-27];[79,44,29]
[-34,17,-19];[68,38,27]
[-27,46,1];[156,170,181]
[-2,32,-5];[173,190,198]
[-14,109,-3];[82,138,57]
[1,49,-20];[24,24,49]
[-29,73,9];[41,24,16]
[-7,49,-13];[101,115,126]
[-12,58,-24];[54,26,16]
[-36,69,10];[165,174,181]
[-36,58,21];[49,40,41]
[-7,60,-5];[49,85,41]
[-22,76,25];[57,89,132]
[-33,77,18];[123,109,99]
[1,2,-7];[76,45,30]
[-35,70,12];[173,182,189]
[-13,67,-23];[112,125,134]
[-34,69,13];[74,87,95]
[-17,73,4];[112,70,38]
[-2,37,-5];[165,178,189]
[-7,51,-29];[79,38,27]
[-22,83,14];[90,76,73]
[-17,105,-18];[41,69,33]
[-11,55,0];[60,103,41]
[-37,96,-19];[49,77,33]
[-31,38,-8];[165,178,189]
[-24,65,15];[66,32,24]
[-25,83,14];[76,69,66]
[-27,59,31];[33,42,76]
[-31,74,13];[90,48,33]
[-8,84,-7];[35,64,27]
[-22,61,-12];[33,69,24]
[-29,98,-16];[41,60,33]
[-28,63,23];[68,64,60]
[-15,82,0];[30,67,21]
[-31,31,-15];[148,105,57]
[-8,89,-10];[66,109,49]
[-32,74,12];[107,121,132]
[-33,72,13];[93,107,117]
[-31,95,-21];[49,77,33]
[-34,73,12];[148,156,164]
[-6,71,-19];[27,54,18]
[-29,50,-12];[24,24,33]
[-1,49,-26];[74,44,33]
[-22,73,21];[57,51,46]
[-33,31,-15];[156,174,189]
[-29,102,-22];[49,81,41]
[-30,72,8];[73,83,90]
[-25,69,-14];[16,20,24]
[-8,65,-3];[140,93,49]
[-17,66,28];[62,57,49]
[-32,50,-9];[16,16,24]
[-22,80,1];[57,97,41]
[-34,51,27];[51,45,46]
[-22,64,17];[82,44,33]
[-11,62,-24];[63,70,79]
[-15,83,19];[115,101,99]
[-18,53,-16];[60,97,46]
[-29,78,1];[30,57,21]
[-24,108,-12];[57,93,41]
[-30,86,-6];[51,91,41]
[-12,50,-13];[87,101,109]
[-46,11,-19];[66,40,24]
[-25,82,14];[90,77,74]
[-39,93,-19];[49,85,41]
[-22,103,-1];[33,48,24]
[-19,89,-6];[132,97,74]
[6,42,-17];[56,56,56]
[-35,77,5];[84,98,106]
[-17,71,-16];[82,69,33]
[-13,105,1];[33,52,24]
[-36,29,-7];[107,65,33]
[-11,50,-3];[109,121,128]
[-13,106,-14];[41,60,33]
[-35,78,4];[71,86,96]
[-28,56,-13];[49,36,16]
[-7,40,-8];[167,183,192]
[-20,97,-17];[33,52,24]
[-28,57,-14];[33,32,8]
[-35,78,3];[60,70,79]
[-4,49,-1];[162,175,186]
[-17,61,23];[41,36,33]
[-38,73,6];[132,142,148]
[-23,62,-13];[33,36,49]
[-24,40,1];[165,182,189]
[-14,82,0];[24,52,16]
[-11,77,-21];[30,57,21]
[-15,69,24];[73,42,30]
[-36,76,7];[165,178,181]
[-10,70,31];[129,116,112]
[-6,36,-1];[134,152,167]
[-24,63,25];[104,76,43]
[-17,104,-19];[49,73,33]
[-19,50,4];[43,77,33]
[0,41,0];[153,171,186]
[-8,98,-7];[115,85,24]
[-41,92,-20];[66,105,49]
[-37,75,5];[104,114,121]
[-24,108,-10];[49,85,41]
[-26,66,13];[82,28,24]
[-36,75,6];[156,166,173]
[-15,73,31];[134,121,112]
[-26,53,-11];[51,89,35]
[-47,9,-19];[71,42,30]
[3,23,3];[79,46,33]
[-25,106,-10];[41,69,33]
[-31,79,-7];[30,62,21]
[-9,106,-1];[137,103,33]
[-30,84,3];[54,93,38]
[-3,53,-6];[51,89,35]
[-36,76,3];[68,79,84]
[-17,62,-14];[21,53,19]
[-32,47,-12];[82,65,24]
[-33,71,6];[132,142,148]
[-33,34,-9];[165,182,189]
[-11,106,3];[123,89,27]
[-13,91,-10];[140,109,74]
[-6,49,-23];[71,40,21]
[2,8,-8];[74,44,33]
[-5,54,-11];[54,93,38]
[-29,50,-8];[41,77,33]
[-26,60,-15];[33,36,57]
[-14,108,-2];[74,125,57]
[-35,69,6];[115,121,132]
[-35,70,6];[112,125,134]
[-25,66,-7];[29,57,21]
[-12,60,-29];[82,44,33]
[-35,70,5];[99,113,123]
[-23,78,17];[134,103,68]
[-30,79,6];[33,60,24]
[-12,64,-15];[99,65,41]
[-5,78,-22];[49,81,33]
[-29,24,-15];[123,78,38]
[-7,39,1];[134,151,167]
[-6,52,-14];[49,85,33]
[-20,110,-8];[66,109,49]
[-22,97,-18];[41,60,33]
[-10,108,-6];[66,117,49]
[-26,55,32];[76,66,66]
[-31,75,7];[112,124,131]
[-6,73,-7];[35,69,27]
[-22,53,-11];[74,86,96]
[-18,70,24];[204,204,204]
[-21,110,-10];[66,109,49]
[-33,38,-4];[156,172,186]
[-27,80,21];[123,111,104]
[-22,75,1];[38,73,30]
[5,25,0];[90,56,33]
[-21,102,-1];[41,60,33]
[-8,87,-16];[57,93,41]
[-37,75,6];[156,166,173]
[-11,103,6];[206,174,74]
[-32,80,5];[30,56,21]
[-34,79,11];[109,95,93]
[-11,49,-13];[99,111,120]
[-43,22,-15];[60,33,18]
[-6,50,-2];[142,159,167]
[-22,76,2];[46,81,38]
[-33,73,6];[123,138,148]
[-12,85,-4];[170,186,195]
[-12,98,-13];[41,69,33]
[-23,105,-21];[49,77,33]
[-12,67,32];[99,89,82]
[-5,72,-20];[33,65,24]
[-19,58,32];[140,121,115]
[-22,89,-9];[35,71,27]
[-18,62,29];[82,56,33]
[-12,90,-5];[132,105,74]
[-8,104,-8];[49,77,33]
[-9,56,-21];[41,24,16]
[-7,45,-30];[33,28,57]
[-12,107,-12];[49,81,41]
[-32,71,5];[90,101,107]
[-5,78,-7];[60,95,43]
[-29,74,5];[54,59,65]
[-28,60,-12];[132,109,57]
[-3,53,-3];[60,102,41]
[-13,50,-2];[90,103,112]
[-1,46,-2];[173,186,198]
[-6,57,-13];[68,110,46]
[-12,72,27];[60,47,40]
[-21,90,-10];[52,82,41]
[-17,80,19];[120,91,57]
[-16,107,-16];[41,69,33]
[-30,73,5];[73,87,96]
[-30,73,4];[57,69,74]
[-13,102,4];[112,77,27]
[3,26,-6];[57,32,16]
[-44,11,-25];[76,45,33]
[7,1,1];[115,73,49]
[-20,70,22];[82,48,33]
[-25,76,24];[33,52,90]
[-6,41,-8];[165,182,189]
[-34,29,-17];[148,102,54]
[-3,44,-27];[41,40,74]
[-10,101,-4];[49,73,33]
[-8,53,-15];[82,93,99]
[-9,105,2];[115,85,27]
[-7,47,-28];[99,52,41]
[-20,73,2];[46,26,24]
[-30,79,0];[30,59,21]
[-38,65,17];[120,110,104]
[-17,107,-16];[49,77,33]
[-22,90,-6];[46,79,38]
[-13,82,-20];[33,16,8]
[-16,63,32];[82,73,66]
[2,27,3];[107,65,33]
[-10,100,-12];[140,113,66]
[8,7,4];[87,49,33]
[-36,76,5];[95,110,120]
[-21,107,-3];[57,101,49]
[-7,57,-21];[41,20,16]
[21,34,-6];[128,128,129]
[-2,7,-8];[82,48,33]
[-10,93,-8];[41,37,30]
[-11,84,-2];[29,59,21]
[-10,59,-14];[66,81,87]
[-9,92,-6];[41,36,33]
[-15,91,-11];[132,97,74]
[-31,100,-17];[49,77,33]
[-9,96,-2];[206,170,132]
[-7,65,-28];[173,182,189]
[-15,48,-2];[90,103,112]
[-29,58,-11];[33,36,49]
[-1,40,2];[173,188,198]
[-18,88,-14];[46,81,33]
[-14,71,2];[33,17,8]
[-8,63,-22];[66,77,82]
[-34,75,0];[33,40,49]
[-23,83,19];[46,39,40]
[-21,74,-13];[49,85,41]
[-6,54,-12];[82,93,99]
[0,44,-4];[156,170,181]
[-5,82,-8];[33,20,8]
[-9,62,-28];[79,44,29]
[-27,70,-7];[84,50,30]
[-8,66,-27];[198,207,214]
[-30,72,10];[79,42,30]
[-18,86,2];[66,109,49]
[-37,78,0];[51,87,41]
[-47,10,-19];[71,42,27]
[-20,70,-12];[46,81,35]
[-7,104,-5];[132,101,33]
[-7,65,-27];[173,182,189]
[-6,64,-26];[93,107,117]
[-4,27,3];[132,89,49]
[-19,66,21];[82,52,33]
[-26,77,24];[156,130,49]
[14,1,9];[46,33,30]
[-5,63,-25];[77,42,29]
[-6,76,-16];[27,56,18]
[-14,82,-19];[57,52,24]
[-18,56,3];[60,99,43]
[-13,72,-22];[51,60,68]
[-13,103,-14];[33,56,24]
[-9,62,-22];[49,60,66]
[-21,66,25];[73,49,30]
[-13,106,1];[115,81,24]
[-29,70,16];[74,40,24]
[-25,97,-15];[41,60,33]
[-34,79,4];[71,76,82]
[-2,49,-9];[33,60,24]
[-16,78,26];[41,67,109]
[-10,40,-2];[140,158,173]
[-29,50,-5];[43,79,33]
[-35,94,-23];[49,77,33]
[-14,89,-3];[57,69,74]
[-29,73,0];[33,60,24]
[-4,52,-12];[54,94,41]
[-12,104,6];[176,146,54]
[-13,70,-25];[123,133,139]
[3,15,3];[107,65,41]
[-8,63,-21];[66,77,90]
[5,9,4];[76,42,27]
[-6,40,3];[150,166,178]
[-25,61,-14];[132,109,49]
[41,29,9];[95,97,95]
[-8,62,-21];[41,24,16]
[-23,76,25];[33,48,84]
[-30,87,-5];[66,109,49]
[-11,89,-13];[63,103,49]
[-12,68,-15];[41,69,24]
[-13,76,3];[123,85,49]
[-2,46,-8];[140,158,173]
[-9,64,-22];[115,125,132]
[-6,83,-4];[101,59,35]
[-17,95,1];[153,118,43]
[-19,104,-19];[49,77,33]
[-29,23,-12];[131,86,43]
[-32,68,12];[77,42,29]
[-32,68,11];[77,42,29]
[-28,86,-8];[41,77,33]
[4,29,-2];[150,167,178]
[-36,32,-9];[156,170,181]
[-8,48,-16];[41,77,33]
[-19,44,-8];[126,139,150]
[-37,68,15];[63,52,51]
[-13,108,-13];[57,89,41]
[-29,96,-18];[41,69,33]
[-34,68,9];[148,158,165]
[-17,107,-17];[49,73,33]
[-9,71,-27];[167,174,183]
[-26,66,23];[66,56,57]
[8,42,-15];[57,57,57]
[-10,67,-22];[115,130,140]
[-15,71,24];[57,49,49]
[-17,108,-1];[66,117,49]
[-34,18,-19];[66,38,24]
[-7,51,1];[43,77,30]
[-32,86,-3];[60,97,43]
[-37,2,-8];[66,40,24]
[-21,99,-20];[33,60,33]
[-32,25,-18];[63,37,24]
[-21,89,-8];[35,43,49]
[-37,75,4];[84,95,104]
[-12,109,-5];[82,130,57]
[-24,99,-9];[41,65,33]
[-4,82,-16];[51,85,35]
[-42,88,-19];[57,97,49]
[-1,31,-7];[107,69,41]
[-21,72,28];[49,81,123]
[-15,53,-14];[74,83,90]
[-10,75,-25];[60,65,71]
[-21,40,-5];[148,166,181]
[-18,93,-8];[132,101,74]
[-15,91,-19];[16,20,24]
[-26,77,3];[27,54,18]
[-13,71,-21];[57,69,74]
[-7,74,-23];[54,65,74]
[-13,78,-24];[33,65,24]
[-7,73,-23];[68,77,84]
[-19,97,-2];[104,70,24]
[-34,27,-8];[117,73,38]
[-36,77,-1];[33,69,24]
[-7,70,-25];[162,174,183]
[41,30,11];[93,92,93]
[-31,73,6];[98,108,118]
[-19,54,-16];[60,97,46]
[-1,38,4];[142,160,175]
[-14,88,-16];[90,56,33]
[-8,72,-1];[41,73,33]
[-38,5,-21];[71,41,30]
[-41,25,-9];[90,52,24]
[-21,95,-11];[49,73,33]
[-4,14,1];[54,33,21]
[-19,80,-16];[24,32,49]
[-6,77,-12];[33,60,24]
[-15,89,-20];[74,56,33]
[32,34,3];[167,167,167]
[-22,96,-13];[33,56,24]
[-22,67,-14];[66,56,24]
[-9,48,-13];[104,115,123]
[34,31,5];[132,132,132]
[-23,70,16];[85,48,32]
[-14,97,0];[140,101,66]
[-9,87,-8];[30,59,21]
[1,37,2];[150,170,183]
[-35,16,-19];[57,30,21]
[-29,49,-4];[123,138,148]
[-2,52,-27];[57,40,33]
[-11,74,-25];[63,73,79]
[-24,86,-12];[57,93,41]
[-15,84,-18];[49,32,8]
[-36,11,-19];[66,40,24]
[-13,101,-14];[41,60,33]
[-1,44,-6];[150,167,181]
[-4,52,-24];[41,24,16]
[-9,93,-6];[44,38,32]
[-25,81,2];[33,69,24]
[-46,9,-17];[66,36,24]
[-9,71,-26];[154,167,172]
[-34,78,-3];[33,65,24]
[-34,95,-20];[49,77,33]
[4,36,-22];[57,48,99]
[-35,68,9];[115,125,132]
[-36,72,10];[148,158,165]
[-23,71,2];[112,70,40]
[-2,44,-21];[41,36,74]
[-9,82,-23];[49,85,33]
[-13,69,-21];[84,99,109]
[-10,56,-24];[74,36,24]
[-1,18,-8];[93,57,35]
[-26,34,-7];[132,148,162]
[6,30,-1];[142,99,51]
[-12,91,-7];[148,113,82]
[-9,75,27];[117,103,101]
[-6,69,-7];[24,56,16]
[-12,85,-20];[57,40,16]
[-11,86,-19];[24,24,8]
[-32,73,8];[115,125,131]
[-10,74,-25];[57,65,74]
[-27,31,-3];[137,155,170]
[-18,81,-19];[24,32,49]
[-12,44,-9];[134,148,159]
[-14,80,-17];[123,97,49]
[-7,62,-28];[79,44,29]
[-32,39,-7];[156,174,186]
[-17,75,-19];[74,60,24]
[-10,73,-26];[90,101,107]
[-11,101,-3];[49,73,33]
[-22,65,19];[49,22,16]
[-12,59,1];[68,111,51]
[-24,107,-8];[49,77,33]
[-40,92,-20];[66,105,49]
[-4,47,-26];[49,36,16]
[-10,86,-7];[29,56,21]
[-31,66,10];[74,36,24]
[-23,54,2];[49,83,35]
[-9,69,-27];[154,164,172]
[-30,75,0];[27,54,18]
[-8,89,-8];[49,87,41]
[-12,66,-15];[38,70,30]
[-24,108,-11];[49,89,41]
[-13,66,29];[82,73,66]
[4,17,-7];[68,37,27]
[-2,47,-29];[74,48,41]
[-37,11,-14];[66,37,27]
[-8,69,-25];[145,158,167]
[-15,51,0];[90,101,115]
[-17,54,4];[51,89,35]
[-8,106,-5];[49,89,41]
[-25,70,21];[71,64,62]
[-8,68,-27];[165,174,181]
[-25,65,13];[76,25,18]
[-31,76,14];[165,134,82]
[-29,30,-12];[156,170,181]
[-3,33,-5];[178,196,203]
[-28,102,-24];[49,77,33]
[-6,43,-27];[24,24,49]
[-21,96,-15];[33,48,24]
[-17,76,22];[150,118,82]
[1,31,3];[162,175,186]
[-4,11,-1];[63,34,21]
[-35,28,-6];[107,65,33]
[-34,30,-11];[41,36,33]
[3,40,-20];[84,84,84]
[-9,68,-22];[126,138,145]
[-34,71,3];[95,109,118]
[-7,62,-22];[71,36,21]
[-26,76,-11];[54,89,38]
[-5,76,-8];[43,79,35]
[-32,69,24];[49,81,123]
[-30,73,24];[74,56,16]
[-10,68,-20];[104,113,123]
[-38,97,-20];[49,81,41]
[-3,22,3];[49,28,16]
[-6,74,-16];[33,65,24]
[5,23,-4];[63,33,21]
[-26,80,1];[35,63,27]
[-9,107,-5];[57,101,49]
[-26,102,-23];[49,77,33]
[-19,83,-17];[24,28,41]
[-38,5,-14];[82,48,33]
[43,30,11];[110,110,111]
[-11,58,-15];[74,81,90]
[-22,97,-19];[33,60,33]
[12,0,4];[107,71,49]
[-37,56,22];[49,67,82]
[-28,65,12];[76,40,27]
[-29,82,-10];[41,77,33]
[-15,85,-17];[90,77,41]
[-34,26,-7];[76,52,32]
[-7,69,-13];[27,54,18]
[6,9,0];[51,28,18]
[3,31,0];[153,168,181]
[-6,48,-13];[107,121,132]
[-8,100,-12];[140,109,74]
[-29,24,-11];[126,85,43]
[-25,59,-15];[33,36,57]
[-10,88,-8];[33,68,30]
[-9,70,-19];[60,66,73]
[-15,65,1];[18,49,18]
[-36,99,-21];[57,93,41]
[-4,44,3];[150,167,181]
[-7,40,2];[134,152,167]
[2,31,-4];[95,56,27]
[-16,74,-16];[41,36,16]
[-35,70,11];[181,186,198]
[-30,38,-2];[150,167,183]
[-19,70,-17];[90,73,33]
[-46,12,-22];[68,40,27]
[-28,49,-8];[117,132,142]
[-37,71,17];[87,78,74]
[-25,50,1];[115,130,140]
[-6,71,-22];[90,101,107]
[-32,99,-18];[41,65,33]
[-35,51,29];[129,118,115]
[-23,76,26];[156,130,49]
[-21,41,-2];[153,168,181]
[-43,17,-24];[87,50,33]
[-12,89,-10];[115,125,132]
[1,26,5];[140,93,49]
[-23,98,-6];[24,44,16]
[-27,70,9];[54,25,16]
[-34,15,-16];[71,40,27]
[-18,75,28];[41,73,115]
[1,37,-22];[57,48,90]
[-24,68,22];[74,60,49]
[-28,37,-1];[173,190,198]
[-28,31,-11];[153,168,181]
[-3,9,2];[57,32,21]
[-7,61,-10];[46,78,35]
[-25,33,-5];[134,151,165]
[-37,26,-19];[93,57,35]
[-9,68,-20];[98,108,118]
[-10,48,-16];[49,85,33]
[-32,71,6];[82,97,107]
[-35,33,-6];[156,174,189]
[-29,42,-9];[170,183,195]
[-18,92,-12];[165,174,181]
[-30,73,9];[71,81,87]
[8,13,-1];[66,40,30]
[-16,110,-7];[74,130,57]
[-30,87,-2];[68,115,51]
[-19,74,-18];[148,117,57]
[-24,65,-8];[18,41,13]
[-17,86,1];[43,79,35]
[-17,70,-14];[46,81,38]
[-30,72,9];[66,77,82]
[0,12,4];[60,33,18]
[-20,65,-16];[49,44,16]
[-23,66,21];[51,21,16]
[10,4,2];[66,40,24]
[2,41,-22];[95,96,96]
[-28,54,-12];[66,56,24]
[-35,57,27];[57,44,41]
[-2,47,-25];[66,40,24]
[-12,66,-1];[137,113,43]
[9,5,1];[71,38,30]
[-25,106,-11];[49,73,33]
[-22,55,1];[82,95,104]
[0,40,0];[156,170,181]
[11,3,3];[63,38,24]
[-28,54,-3];[57,93,41]
[-12,62,-14];[112,74,43]
[-11,59,-29];[76,38,27]
[-32,22,-17];[60,33,18]
[-24,75,-12];[51,85,35]
[-15,75,-20];[30,62,21]
[-32,71,7];[90,101,107]
[-7,79,-1];[99,60,33]
[-33,78,15];[33,52,90]
[-29,76,4];[41,48,57]
[9,1,3];[107,69,41]
[-13,73,-22];[49,60,66]
[-12,93,-4];[49,24,16]
[0,22,-8];[76,46,33]
[-9,103,-11];[41,69,33]
[-12,72,-20];[46,56,62]
[-21,51,2];[104,115,123]
[-10,95,-8];[148,121,82]
[-11,87,-17];[46,85,35]
[-22,88,-10];[38,74,30]
[-12,71,-20];[46,55,62]
[-11,50,1];[41,73,24]
[-13,86,-22];[66,48,8]
[-7,58,-23];[123,73,49]
[-38,60,22];[71,64,62]
[-33,73,-1];[35,64,27]
[-30,102,-22];[49,85,41]
[-34,80,13];[87,76,73]
[-22,88,-5];[40,68,27]
[-13,48,-3];[90,105,115]
[-24,71,-11];[93,54,27]
[-30,57,-13];[24,32,49]
[-17,79,2];[76,124,54]
[-10,69,-27];[156,166,173]
[-11,98,-10];[107,69,24]
[-19,50,-11];[82,94,101]
[-27,66,13];[98,55,38]
[-31,57,30];[79,70,68]
[-21,53,4];[66,105,49]
[-12,47,-12];[101,114,126]
[-14,68,22];[33,81,115]
[-28,50,-1];[120,131,145]
[-12,53,-17];[54,97,41]
[-18,57,-12];[74,85,90]
[-15,108,-1];[49,77,33]
[-18,88,-13];[35,64,27]
[-20,55,-12];[74,86,93]
[-25,82,18];[66,56,57]
[-10,81,-24];[46,82,33]
[-9,68,-27];[181,190,198]
[-22,78,1];[41,77,33]
[-17,89,-4];[132,97,74]
[-30,31,-12];[167,183,198]
[-25,70,11];[60,32,18]
[-20,106,-2];[49,89,41]
[-12,68,-21];[118,128,134]
[-4,73,-25];[8,36,8]
[-19,44,-5];[129,143,153]
[-19,52,-11];[74,89,99]
[-25,57,-15];[33,32,16]
[-38,6,-23];[68,40,30]
[-5,53,-10];[90,101,115]
[-28,54,-14];[33,36,49]
[-19,86,3];[74,117,49]
[-23,67,24];[63,40,24]
[-28,104,-19];[49,81,41]
[-23,99,-3];[140,113,66]
[-15,89,-15];[57,98,46]
[-14,70,-23];[98,111,120]
[-30,78,-6];[16,44,16]
[-13,70,-24];[107,117,123]
[-25,60,-8];[43,77,35]
[-13,68,-24];[99,113,123]
[1,28,3];[41,36,33]
[-35,43,-10];[82,69,33]
[-33,73,0];[24,57,21]
[-6,39,-7];[173,190,198]
[-9,102,-6];[49,77,33]
[-12,69,-26];[150,160,167]
[-31,101,-18];[49,77,33]
[-32,38,-3];[148,166,181]
[-10,39,-4];[150,168,183]
[5,6,-5];[71,38,30]
[-12,89,-6];[205,216,225]
[-32,82,5];[54,90,38]
[5,26,-6];[107,65,33]
[-13,69,-24];[129,139,145]
[-29,69,9];[38,46,51]
[-1,3,2];[68,38,27]
[-29,70,9];[57,32,21]
[29,33,1];[148,148,148]
[11,2,3];[66,40,24]
[-7,78,-16];[27,54,18]
[-9,64,-28];[162,174,181]
[7,7,5];[90,56,33]
[-20,90,-7];[132,97,74]
[-37,71,6];[150,160,167]
[-32,52,30];[82,69,66]
[-30,69,9];[65,36,21]
[-6,72,-9];[35,64,27]
[-20,77,20];[71,60,60]
[-27,80,-11];[54,90,38]
[-11,50,-14];[84,98,109]
[-22,109,-12];[57,97,41]
[-3,49,-9];[132,150,156]
[-26,72,10];[57,29,16]
[-30,68,9];[57,28,18]
[-20,61,1];[38,74,29]
[-18,106,-18];[41,69,33]
[-19,105,-19];[41,60,33]
[-17,76,-18];[33,36,49]
[-33,52,-10];[74,65,33]
[0,14,3];[71,40,27]
[-31,70,7];[123,138,148]
[-19,68,-14];[54,85,38]
[-2,27,-8];[145,99,54]
[-21,93,-7];[123,89,33]
[-46,17,-19];[63,34,21]
[-28,41,0];[173,190,198]
[-33,81,7];[57,93,41]
[-1,46,-26];[74,44,35]
[-32,68,8];[104,114,120]
[-27,79,20];[49,81,123]
[-29,81,-10];[43,79,35]
[-25,47,-10];[132,146,156]
[-34,68,8];[137,147,153]
[-4,31,2];[123,143,159]
[-3,48,-1];[173,190,198]
[29,35,0];[147,147,147]
[-3,51,-12];[54,93,35]
[-26,81,18];[41,68,112]
[-20,108,-4];[57,93,41]
[-20,78,24];[49,82,123]
[-14,48,-17];[54,93,41]
[-22,107,-18];[49,77,33]
[-38,3,-20];[123,77,49]
[-36,69,7];[153,164,173]
[-21,66,-16];[99,85,41]
[-2,3,0];[71,40,24]
[-29,104,-18];[49,77,33]
[-12,56,-2];[82,91,99]
[-16,46,3];[24,56,16]
[-26,83,-12];[54,93,43]
[-22,89,-6];[35,66,33]
[-9,71,-15];[38,71,30]
[-36,79,3];[30,59,21]
[-11,66,-22];[109,123,131]
[-34,22,-6];[140,117,57]
[-14,94,-13];[165,134,57]
[-21,40,-2];[156,170,181]
[39,29,7];[151,152,151]
[-13,57,-1];[90,101,115]
[-14,43,-6];[140,154,165]
[-36,61,24];[35,46,84]
[-7,70,-13];[33,69,24]
[-23,101,-2];[24,36,16]
[0,29,-8];[134,90,49]
[-3,36,-4];[156,170,181]
[-12,66,-22];[132,142,148]
[-34,55,29];[82,73,74]
[-12,66,-23];[112,125,134]
[-27,64,30];[43,70,109]
[-35,30,-5];[150,168,181]
[-27,55,-3];[63,102,46]
[-14,71,-22];[62,70,79]
[-29,32,-10];[170,186,195]
[-23,56,32];[90,81,82]
[-35,93,-21];[49,73,33]
[-25,56,-2];[74,87,96]
[-4,45,-26];[33,28,57]
[-15,91,-20];[41,32,16]
[-13,81,1];[49,85,41]
[-18,46,-8];[107,121,132]
[-10,74,-16];[27,56,18]
[-28,50,-2];[115,125,140]
[-1,6,-6];[90,52,33]
[3,18,2];[90,56,33]
[-43,0,-11];[128,86,54]
[-23,37,-3];[142,160,175]
[-21,110,-11];[66,109,49]
[-43,21,-20];[71,41,30]
[-37,24,-6];[123,77,41]
[-27,97,-23];[49,73,33]
[-10,64,-28];[139,152,161]
[-27,104,-14];[49,77,33]
[-22,89,-7];[38,67,33]
[-34,27,-6];[107,69,33]
[-22,52,1];[99,111,120]
[-13,71,-25];[74,89,99]
[-11,108,-9];[66,101,49]
[-37,22,-7];[140,113,57]
[-2,48,-29];[74,48,41]
[-19,86,-15];[60,97,43]
[-29,47,-7];[137,152,165]
[-12,93,-10];[99,69,24]
[-18,71,-18];[115,93,41]
[-11,70,-27];[132,142,148]
[-8,58,-2];[60,101,43]
[-19,91,-6];[140,113,82]
[-20,86,-1];[27,60,18]
[-26,105,-11];[41,69,33]
[-26,70,-5];[29,61,18]
[-17,88,-5];[132,97,74]
[-13,69,-26];[148,158,165]
[-20,65,26];[115,87,57]
[-34,100,-22];[57,97,41]
[-18,90,-4];[173,182,189]
[45,29,13];[89,89,89]
[-8,78,-21];[30,57,21]
[-1,0,-1];[104,64,43]
[-33,72,7];[109,124,134]
[-20,58,-15];[63,102,46]
[3,32,-4];[156,172,186]
[-10,86,-20];[60,99,46]
[-27,73,27];[140,105,24]
[-40,26,-16];[66,40,24]
[-25,74,19];[65,52,41]
[-28,73,2];[30,57,21]
[-30,22,-13];[35,18,10]
[2,7,-7];[62,36,27]
[-11,87,-19];[49,40,8]
[-20,69,19];[49,22,16]
[-8,88,-14];[96,58,38]
[-10,68,-21];[115,129,139]
[-12,62,-24];[57,73,82]
[-32,23,-7];[134,90,43]
[-31,83,4];[49,81,33]
[-17,96,-13];[24,40,16]
[-43,6,-11];[99,58,33]
[-3,29,2];[107,65,33]
[-11,61,-23];[49,26,18]
[-20,65,-13];[24,52,21]
[-3,42,-26];[90,53,38]
[-37,60,19];[49,40,41]
[-25,107,-13];[49,73,33]
[-25,42,-10];[159,175,183]
[-24,58,-11];[63,102,46]
[-46,0,-11];[112,70,43]
[-32,97,-25];[49,73,33]
[-5,34,-1];[156,170,181]
[-15,106,-15];[49,77,33]
[-19,87,-15];[60,99,46]
[-21,73,-14];[24,32,49]
[-8,70,-15];[29,57,21]
[-12,109,-10];[57,93,41]
[-16,62,24];[156,120,74]
[-1,4,3];[71,41,30]
[-25,53,-9];[82,95,104]
[-22,70,-14];[99,81,41]
[-33,97,-19];[41,60,33]
[-33,85,-4];[54,91,41]
[-9,94,1];[214,182,148]
[-12,63,-24];[115,125,132]
[3,9,3];[71,41,27]
[-1,42,-28];[77,48,35]
[-10,42,-2];[142,163,175]
[-12,76,2];[49,32,16]
[-16,90,-14];[68,111,54]
[-6,75,-8];[38,73,27]
[-12,62,-25];[57,73,82]
[-9,57,-24];[107,60,41]
[-23,98,-4];[33,56,24]
[-10,61,-22];[49,24,16]
[-26,73,18];[74,60,66]
[-36,27,-8];[156,174,189]
[-19,104,1];[49,77,33]
[-11,59,-14];[66,81,82]
[-21,52,-11];[74,89,99]
[-17,88,-13];[35,69,27]
[-4,85,-17];[63,106,46]
[-17,93,-1];[165,130,90]
[-25,59,31];[35,48,84]
[-11,65,-28];[165,174,181]
[-13,108,0];[82,138,66]
[-34,66,17];[90,59,38]
[-27,86,-10];[51,87,41]
[1,11,-8];[79,46,33]
[-37,25,-6];[57,32,16]
[-5,48,-14];[35,71,27]
[-11,64,-22];[99,113,123]
[-1,30,-5];[107,60,33]
[-10,57,-15];[49,85,33]
[-8,98,-4];[57,40,24]
[-23,97,-7];[24,40,16]
[-32,84,2];[57,97,41]
[-11,62,-23];[63,70,79]
[-3,37,-5];[167,183,192]
[-16,58,-16];[66,105,49]
[-5,56,-10];[43,78,35]
[-33,31,-4];[140,158,173]
[-40,30,-13];[115,73,33]
[-46,10,-16];[66,36,24]
[-16,53,0];[84,98,109]
[-24,88,-4];[63,97,46]
[-26,74,-4];[24,53,21]
[-36,97,-19];[49,77,33]
[-16,48,-2];[90,103,112]
[-34,34,-11];[170,184,195]
[-14,96,-14];[41,69,33]
[-20,49,-15];[46,85,38]
[-11,48,-1];[123,138,148]
[-19,43,-3];[132,146,156]
[-6,68,-7];[35,71,27]
[-10,54,-28];[73,36,21]
[-11,85,-4];[29,61,27]
[-2,39,-6];[156,174,186]
[-25,81,-13];[57,98,46]
[-33,81,-5];[38,73,30]
[-26,53,-8];[90,105,115]
[-21,107,-4];[57,97,41]
[-47,5,-16];[66,40,24]
[-37,10,-21];[49,26,16]
[-20,87,2];[66,110,49]
[-11,43,-4];[140,156,170]
[-32,73,13];[79,44,29]
[-32,102,-20];[49,81,41]
[-5,15,-4];[79,46,33]
[-29,80,1];[24,52,16]
[-15,83,-19];[49,36,8]
[-36,23,-6];[107,85,33]
[-2,9,-7];[99,65,41]
[-21,105,-2];[49,77,33]
[-13,57,-15];[74,81,90]
[-45,4,-23];[93,56,35]
[-7,63,-7];[104,67,41]
[-19,74,28];[46,79,120]
[-24,103,-5];[41,69,33]
[-18,44,-2];[120,135,145]
[-23,79,-14];[60,99,46]
[-12,77,27];[96,89,88]
[-31,78,6];[66,73,82]
[-12,70,0];[63,103,46]
[-20,87,1];[66,110,49]
[-22,83,1];[63,105,46]
[-8,43,1];[150,164,175]
[-16,84,-19];[33,16,8]
[-20,110,-12];[66,113,49]
[-19,72,-14];[49,83,35]
[-21,73,2];[46,26,24]
[-19,62,1];[33,65,24]
[-36,66,23];[82,76,73]
[-15,105,3];[140,107,35]
[-7,79,-24];[49,81,35]
[-27,83,15];[87,82,79]
[-4,45,-25];[33,28,57]
[-3,52,-26];[60,30,21]
[-28,71,16];[90,44,29]
[-9,48,-1];[148,163,173]
[-11,99,2];[206,174,140]
[-16,102,1];[49,77,33]
[-33,49,-12];[66,52,24]
[-24,61,-1];[51,87,41]
[-13,45,-9];[123,134,148]
[-20,89,-1];[46,83,38]
[-19,70,23];[76,45,30]
[-30,68,18];[115,48,41]
[-17,59,2];[57,97,41]
[-24,59,-13];[33,40,57]
[-16,90,-13];[38,68,30]
[-21,93,-6];[123,91,30]
[-33,74,8];[99,109,115]
[-18,61,24];[41,36,33]
[-5,57,-10];[49,81,33]
[-28,67,21];[33,28,24]
[-23,101,-4];[41,69,33]
[-34,51,-10];[16,20,24]
[4,5,10];[76,45,30]
[-24,73,19];[74,65,57]
[-23,89,-5];[66,105,49]
[-28,99,-24];[49,73,33]
[6,21,-1];[60,33,18]
[-26,96,-19];[33,60,33]
[-38,4,-19];[68,37,27]
[-32,57,30];[79,70,68]
[-12,80,-19];[66,52,24]
[-12,42,-8];[145,156,170]
[-25,99,-1];[181,158,132]
[-24,68,16];[76,37,24]
[-30,100,-24];[49,77,33]
[-20,68,31];[46,74,112]
[-24,50,-9];[101,114,123]
[-9,95,-8];[151,117,41]
[-5,54,-7];[101,115,126]
[-5,55,-6];[49,81,33]
[0,42,-5];[156,170,181]
[-19,62,-13];[134,89,49]
[-34,69,12];[99,109,115]
[-2,46,-1];[175,191,200]
[-41,9,-14];[79,48,35]
[-30,75,-2];[30,57,21]
[-6,87,-11];[93,54,27]
[12,0,6];[123,81,49]
[-23,89,-7];[63,103,49]
[-21,97,-17];[33,56,24]
[-17,70,26];[66,56,57]
[-28,72,3];[30,56,21]
[-22,67,22];[79,49,35]
[-29,29,-6];[117,135,150]
[-33,79,1];[24,52,16]
[-15,83,3];[38,70,27]
[-15,84,2];[60,101,46]
[-7,66,-3];[27,57,24]
[-15,83,2];[82,134,57]
[-15,45,-15];[49,83,35]
[-26,37,0];[156,174,189]
[-8,73,-25];[87,101,109]
[-3,19,-7];[99,65,41]
[-22,87,-13];[60,97,43]
[-23,66,16];[79,26,21]
[-16,85,2];[33,69,24]
[-39,22,-9];[66,36,24]
[-26,66,11];[41,20,16]
[-14,88,-15];[43,77,30]
[-31,102,-19];[49,77,33]
[-22,60,29];[49,32,24]
[-4,12,-6];[76,45,33]
[-32,39,-5];[156,174,186]
[-24,66,-15];[165,142,66]
[-8,97,-3];[206,207,214]
[-8,64,-5];[41,73,33]
[-25,66,23];[76,66,60]
[-18,110,-6];[74,117,49]
[-16,108,-15];[49,81,41]
[4,6,7];[87,50,33]
[-32,96,-24];[41,69,33]
[-8,97,-4];[189,150,107]
[-8,98,-2];[74,52,41]
[-16,89,-5];[123,134,140]
[2,6,6];[74,44,33]
[-29,37,-9];[165,186,198]
[-45,5,-8];[74,44,33]
[-8,74,-25];[76,85,93]
[-30,55,-10];[33,36,49]
[-7,53,-29];[66,32,16]
[-13,74,-24];[49,56,66]
[-6,69,-10];[27,56,18]
[-28,54,-11];[99,77,33]
[-23,59,1];[46,85,35]
[-3,74,-21];[60,97,46]
[-15,90,-13];[41,69,33]
[-27,34,-9];[142,160,175]
[-5,40,-8];[170,183,195]
[-22,72,-16];[74,60,24]
[-23,96,-13];[24,44,24]
[-29,32,-11];[173,190,198]
[-12,82,0];[49,81,33]
[-19,71,19];[99,56,41]
[-5,80,-8];[66,105,51]
[-21,76,2];[51,85,35]
[-1,6,3];[63,34,21]
[-15,68,21];[137,101,46]
[-23,62,-14];[33,36,57]
[-23,108,-8];[49,89,41]
[-8,102,-8];[126,90,29]
[-5,86,-5];[66,113,49]
[-36,73,12];[33,77,107]
[-5,75,-7];[46,79,33]
[-36,60,20];[41,36,33]
[-8,70,-14];[41,73,24]
[-34,62,25];[38,53,93]
[-12,60,-15];[49,83,35]
[-19,69,-14];[33,60,24]
[-30,78,5];[54,63,65]
[-5,14,-4];[66,40,24]
[-32,66,11];[65,36,21]
[-23,89,-4];[63,103,49]
[-39,12,-24];[71,41,30]
[-6,87,-7];[71,115,49]
[-27,31,-9];[129,147,162]
[-7,74,-13];[27,52,18]
[-46,9,-18];[68,40,30]
[-4,59,-29];[74,40,24]
[-8,59,-12];[71,81,90]
[-28,33,-9];[150,166,178]
[-46,6,-24];[132,81,57]
[-4,52,-8];[107,121,132]
[-22,90,-7];[43,79,35]
[-4,29,-4];[115,73,41]
[1,19,3];[71,42,30]
[-28,51,-2];[107,117,123]
[-27,32,-9];[140,154,165]
[-16,81,19];[57,32,24]
[-7,71,-24];[99,113,123]
[-7,54,-4];[107,121,132]
[-10,61,-24];[71,38,27]
[-23,55,1];[84,95,104]
[-23,68,0];[33,20,0]
[-23,65,16];[74,24,24]
[-12,100,-14];[24,44,24]
[-29,79,-9];[38,66,24]
[-2,5,0];[57,32,16]
[-14,46,-10];[112,128,137]
[-1,42,2];[173,190,198]
[-29,99,-16];[41,60,33]
[-37,1,-11];[66,40,24]
[-25,73,-12];[98,57,35]
[-15,75,-22];[35,64,27]
[-23,104,-22];[41,69,33]
[-33,58,28];[123,112,110]
[-7,88,-10];[115,78,44]
[-8,88,-10];[118,77,46]
[-27,77,1];[30,57,21]
[-8,89,-11];[66,109,49]
[-12,88,-14];[41,73,24]
[-22,96,-16];[33,52,24]
[-29,77,14];[140,109,74]
[-8,87,-15];[33,20,8]
[-17,64,25];[66,44,33]
[-6,56,-9];[82,93,99]
[-35,29,-5];[150,167,181]
[-20,73,29];[115,101,90]
[-11,88,-14];[90,56,33]
[-18,65,31];[32,48,87]
[-13,89,-15];[49,32,24]
[-23,97,-20];[41,60,33]
[-46,17,-16];[57,36,24]
[-36,77,6];[107,121,132]
[27,34,0];[143,143,144]
[-27,59,-14];[33,36,57]
[-8,88,-12];[123,81,49]
[-24,56,30];[51,42,43]
[-33,35,-4];[153,171,183]
[-13,89,-4];[62,74,79]
[-5,50,-12];[99,110,117]
[-16,90,-3];[148,162,165]
[-21,83,19];[129,114,112]
[-10,85,-5];[29,64,27]
[-7,69,-23];[148,162,165]
[-19,43,-2];[132,150,165]
[-10,89,-12];[66,105,49]
[-30,33,-10];[178,196,203]
[8,7,-1];[68,38,27]
[-22,65,-11];[21,49,18]
[-23,74,19];[33,28,24]
[-7,39,2];[134,151,167]
[-13,96,-12];[107,73,24]
[-20,41,-3];[140,159,170]
[-37,3,-18];[74,40,24]
[0,29,1];[41,36,33]
[-30,73,-1];[29,57,21]
[0,26,-8];[129,82,38]
[-37,5,-10];[87,53,33]
[-12,71,31];[107,93,90]
[-33,30,-16];[142,98,51]
[-12,75,-25];[27,56,18]
[-37,69,9];[189,195,206]
[-8,100,-10];[148,111,38]
[-39,94,-19];[49,85,41]
[-13,90,-13];[41,73,33]
[-13,89,-14];[43,77,27]
[-9,89,-11];[66,109,49]
[-25,73,-11];[106,63,38]
[-21,64,31];[35,59,98]
[-23,50,4];[57,97,41]
[-16,106,1];[57,101,49]
[-2,30,-5];[115,73,41]
[-11,61,-2];[129,104,40]
[13,39,-11];[91,90,91]
[-32,21,-8];[145,101,54]
[-4,52,-22];[66,24,16]
[-13,87,-22];[57,44,16]
[-35,74,2];[62,74,79]
[-27,33,-8];[140,154,165]
[-4,22,2];[49,28,16]
[-17,93,-11];[107,77,24]
[-42,0,-8];[123,81,49]
[-42,19,-23];[76,45,33]
[-18,59,3];[60,105,51]
[-6,87,-5];[74,125,57]
[3,29,-4];[132,154,165]
[-29,72,9];[57,32,18]
[-21,70,15];[71,22,21]
[-23,49,4];[60,102,43]
[-8,51,-15];[84,98,109]
[-27,105,-16];[49,77,33]
[-31,65,14];[87,45,30]
[-39,91,-19];[57,93,41]
[-17,86,2];[51,87,41]
[-27,36,0];[162,179,189]
[-31,49,-9];[0,8,8]
[-23,66,18];[46,28,16]
[-35,70,15];[87,62,38]
[-8,88,-11];[132,89,57]
[-30,95,-21];[49,73,33]
[-9,58,-21];[57,29,16]
[-15,68,-15];[46,82,38]
[-27,77,-1];[24,54,18]
[-32,100,-24];[49,81,41]
[-26,105,-20];[49,81,41]
[-30,76,6];[62,71,79]
[-35,55,24];[54,48,46]
[-21,91,-9];[115,125,132]
[-20,89,-5];[112,125,134]
[-2,40,3];[142,160,175]
[-30,99,-24];[49,73,33]
[-18,88,0];[38,74,33]
[-10,106,0];[123,89,30]
[-23,39,-8];[142,160,175]
[-1,10,3];[63,37,21]
[-17,86,0];[33,69,33]
[-35,94,-20];[49,73,33]
[-12,62,-26];[66,81,90]
[5,0,0];[96,59,38]
[-28,56,27];[115,85,49]
[-19,55,-12];[74,86,93]
[-8,57,-23];[41,24,16]
[-33,76,-1];[27,54,18]
[6,25,-1];[41,36,33]
[-3,44,2];[170,183,195]
[3,31,-3];[95,60,30]
[-43,13,-24];[41,28,16]
[-7,53,-14];[82,93,99]
[-11,102,2];[148,117,49]
[-3,52,-8];[51,91,35]
[-11,100,-4];[49,73,33]
[-33,36,-6];[156,174,181]
[-37,41,-7];[90,69,24]
[1,27,2];[49,40,33]
[-31,74,7];[123,138,148]
[-17,53,-12];[74,87,96]
[-32,67,18];[123,93,57]
[23,35,-5];[127,127,127]
[-17,78,-16];[41,32,16]
[-26,77,5];[41,77,33]
[-1,47,-20];[33,32,66]
[-3,25,-8];[156,109,57]
[-22,96,-9];[24,44,16]
[-20,80,-18];[24,28,41]
[-22,71,-12];[38,22,13]
[-40,5,-7];[99,60,33]
[-22,90,-10];[74,113,57]
[7,2,1];[115,73,49]
[-22,86,1];[33,65,24]
[-21,86,2];[74,118,54]
[-9,64,-2];[71,46,27]
[7,0,2];[99,65,41]
[-45,20,-16];[57,32,16]
[10,6,4];[73,42,27]
[-14,71,31];[41,65,99]
[-22,87,1];[71,117,54]
[-13,56,1];[54,91,41]
[-5,82,-11];[51,82,41]
[-22,87,0];[71,115,49]
[-24,73,20];[123,109,99]
[-25,53,-12];[63,105,46]
[-35,99,-24];[49,85,41]
[-25,65,-7];[35,63,27]
[-31,32,-1];[173,190,198]
[-4,86,-7];[74,118,57]
[-12,69,-27];[150,162,170]
[-22,65,25];[49,32,24]
[-43,1,-6];[156,101,74]
[-2,13,-8];[82,48,33]
[-10,102,-12];[24,40,16]
[-23,68,-1];[21,49,16]
[3,0,5];[95,57,35]
[-15,47,3];[51,89,35]
[-18,72,31];[153,141,128]
[-5,86,-7];[74,119,49]
[-22,69,22];[57,38,27]
[6,4,12];[74,44,33]
[-8,41,1];[142,159,173]
[-19,70,18];[41,36,27]
[-33,66,13];[96,53,38]
[-16,76,2];[49,89,41]
[-31,74,22];[51,83,126]
[-30,68,10];[65,33,21]
[-14,79,-20];[24,24,41]
[-38,0,-15];[99,60,41]
[-18,69,-14];[49,85,41]
[-8,63,-28];[74,89,99]
[-15,48,-11];[90,102,112]
[6,20,-2];[68,38,27]
[8,7,0];[68,38,27]
[-19,72,3];[101,60,29]
[-2,48,-1];[173,186,198]
[2,41,-20];[239,195,16]
[-7,84,-9];[33,65,24]
[-18,103,-20];[41,60,33]
[-35,53,26];[54,49,46]
[-16,89,-14];[57,93,41]
[-23,47,-10];[120,135,145]
[-15,87,-20];[41,44,66]
[-10,96,-9];[140,109,57]
[-20,90,-11];[38,66,30]
[-19,89,-14];[57,94,46]
[-32,23,-8];[71,40,21]
[-19,94,-10];[112,81,29]
[8,40,-16];[65,64,65]
[-37,78,4];[30,57,21]
[-21,88,-12];[43,75,33]
[-20,86,-2];[30,63,21]
[-17,110,-13];[66,101,49]
[-38,90,-20];[49,77,33]
[-7,37,-3];[156,172,186]
[-7,68,-11];[33,65,24]
[-5,21,-4];[68,38,27]
[-19,90,-13];[55,91,43]
[-7,62,-9];[33,60,24]
[-5,20,1];[49,32,16]
[-19,89,-13];[62,103,51]
[-19,69,24];[82,49,35]
[-13,104,-15];[41,60,24]
[-20,49,-10];[87,98,107]
[-13,69,-22];[82,97,107]
[-6,76,-4];[63,101,46]
[-3,7,-4];[54,30,18]
[-11,48,-2];[123,138,148]
[-45,5,-12];[98,60,40]
[-30,44,-2];[148,166,181]
[-22,61,-9];[71,79,87]
[-20,68,15];[66,30,21]
[-7,78,-2];[33,20,8]
[-23,100,-22];[41,60,33]
[-21,90,-11];[74,113,57]
[-24,69,19];[57,40,33]
[-11,46,-2];[132,146,156]
[-7,87,-4];[49,85,41]
[-8,70,-26];[132,142,148]
[-39,0,-9];[112,74,46]
[5,4,11];[76,45,30]
[-8,86,-4];[46,79,38]
[-19,110,-12];[66,105,49]
[-17,110,-10];[66,109,49]
[-29,100,-24];[41,60,33]
[-1,3,-6];[87,50,33]
[-23,89,-3];[66,107,49]
[-12,81,-22];[57,36,24]
[-21,108,-4];[57,97,41]
[-26,58,-6];[54,89,38]
[-16,70,24];[57,52,49]
[-4,82,-14];[41,73,33]
[-5,58,-23];[57,32,16]
[36,32,7];[128,127,126]
[-28,97,-22];[49,85,41]
[-17,84,-19];[24,24,8]
[-23,103,-22];[41,65,33]
[-11,102,-2];[24,44,24]
[-38,14,-24];[79,46,33]
[-19,60,-15];[41,73,33]
[-11,106,-12];[41,77,33]
[-10,67,-27];[140,154,165]
[-8,61,-7];[74,81,90]
[-8,55,-14];[74,85,99]
[7,2,0];[115,73,49]
[-19,85,-16];[60,99,43]
[-16,67,25];[79,46,32]
[-22,76,-16];[24,28,33]
[-8,85,-3];[51,89,43]
[10,6,1];[68,38,27]
[-3,35,3];[123,139,156]
[-8,75,-25];[30,56,21]
[-26,55,-1];[51,89,35]
[3,2,8];[66,40,24]
[-10,85,-4];[30,66,24]
[-46,11,-23];[71,42,30]
[-14,108,-1];[90,154,66]
[-4,80,-18];[46,82,33]
[-8,104,-7];[41,65,33]
[-21,50,5];[60,102,46]
[-15,73,-23];[8,40,8]
[-9,85,-3];[43,79,35]
[-10,85,-3];[33,69,33]
[-27,74,4];[38,70,29]
[-8,86,-21];[49,40,24]
[-10,85,-2];[41,75,33]
[-24,57,-14];[82,69,33]
[0,35,4];[115,134,148]
[-30,87,-6];[54,94,43]
[14,40,-12];[112,112,111]
[-21,47,-14];[46,78,33]
[-12,74,-18];[46,81,35]
[-15,107,-15];[49,77,33]
[-11,61,-22];[49,24,16]
[-20,65,-17];[49,44,24]
[-23,72,18];[95,30,27]
[-16,91,-11];[132,97,74]
[1,38,-25];[33,32,66]
[-31,66,15];[96,50,38]
[-8,88,-5];[41,77,33]
[-31,99,-17];[41,69,33]
[-24,108,-15];[57,93,41]
[-8,51,-24];[66,32,16]
[-9,104,-2];[33,48,24]
[-24,105,-20];[49,77,33]
[-46,12,-16];[74,40,33]
[-12,76,-18];[51,83,35]
[-44,9,-26];[74,44,33]
[-11,81,1];[74,117,57]
[-14,56,-15];[74,81,90]
[-26,52,-1];[96,106,115]
[-21,48,1];[115,130,140]
[-4,75,-23];[63,99,46]
[-9,84,-2];[33,69,24]
[-5,32,-4];[175,191,200]
[-12,105,1];[33,52,24]
[-42,89,-20];[74,121,57]
[-13,97,-13];[33,60,33]
[-8,87,-4];[41,73,33]
[-9,74,-25];[66,81,90]
[-8,96,-5];[173,134,90]
[-28,46,0];[145,163,173]
[-16,100,-1];[41,65,33]
[-4,81,-15];[35,71,27]
[-10,89,-23];[123,101,49]
[4,26,2];[115,73,41]
[-11,54,-17];[51,89,38]
[-14,82,2];[32,67,29]
[-21,56,-11];[74,82,90]
[37,30,5];[138,138,138]
[-22,63,27];[90,56,33]
[-7,29,-2];[99,60,33]
[-18,68,26];[65,61,57]
[-16,109,-4];[74,130,57]
[5,26,0];[46,24,10]
[-13,83,1];[49,85,41]
[-13,71,-16];[41,69,24]
[2,31,0];[153,168,181]
[-33,28,-11];[41,36,33]
[-17,86,17];[165,150,148]
[-5,53,-12];[57,97,41]
[-25,59,-7];[74,83,90]
[-3,51,-6];[137,151,162]
[4,9,2];[49,28,16]
[-5,57,-8];[46,82,38]
[-13,53,-14];[74,87,96]
[-19,65,27];[118,86,51]
[-5,44,2];[148,166,181]
[3,43,-22];[239,195,16]
[5,29,-2];[140,97,49]
[-31,76,21];[96,82,76]
[-8,71,-19];[49,60,66]
[-12,82,1];[66,101,49]
[-36,29,-8];[101,60,27]
[1,15,-9];[84,50,33]
[-29,40,-1];[165,182,189]
[-5,52,-26];[41,24,16]
[-37,43,-7];[49,40,16]
[-29,79,5];[30,57,21]
[-24,105,-19];[49,77,33]
[-32,69,18];[104,75,49]
[29,34,0];[143,143,144]
[-23,108,-9];[57,93,41]
[-17,96,-14];[49,73,33]
[-14,60,0];[82,93,101]
[-22,71,20];[65,30,21]
[4,48,-18];[82,73,140]
[-35,98,-24];[49,85,41]
[-16,80,2];[74,117,57]
[-33,27,-9];[107,65,33]
[-13,82,2];[60,103,49]
[2,25,-6];[33,20,8]
[-10,68,-27];[167,176,183]
[-4,24,-6];[63,33,21]
[-36,81,1];[54,93,38]
[-37,98,-21];[57,97,41]
[-14,76,1];[24,56,16]
[-25,60,31];[38,50,87]
[-40,93,-20];[57,93,41]
[1,43,-22];[49,40,82]
[-7,43,-29];[148,113,66]
[-27,70,-5];[74,44,24]
[-8,76,1];[140,113,57]
[-29,66,10];[60,30,18]
[-22,82,20];[123,109,107]
[-12,50,-3];[99,113,123]
[-10,46,-33];[66,60,115]
[4,26,-5];[66,32,16]
[-6,23,-1];[33,18,8]
[-3,50,-6];[140,150,165]
[-32,73,14];[66,56,57]
[-11,85,-5];[107,121,132]
[-18,100,-19];[33,60,33]
[-15,58,0];[79,89,99]
[-9,78,-1];[27,60,27]
[-27,50,0];[117,129,142]
[-5,53,-13];[60,98,43]
[-12,89,-5];[148,159,164]
[-5,102,-2];[115,81,24]
[-34,51,26];[33,28,24]
[-12,97,-12];[115,85,24]
[-5,79,-11];[41,77,33]
[-33,26,-5];[173,190,198]
[-31,78,19];[46,74,112]
[-28,104,-18];[49,77,33]
[-31,75,13];[95,52,35]
[-21,88,-5];[46,77,30]
[-6,80,-4];[51,33,16]
[-16,108,0];[74,125,57]
[-27,54,32];[112,106,104]
[-28,57,-11];[33,32,8]
[-33,53,29];[74,69,66]
[-8,105,-7];[49,77,33]
[-18,88,-3];[139,151,159]
[-2,50,-27];[49,22,16]
[-2,53,-24];[66,20,16]
[-16,87,-3];[123,138,148]
[-8,76,-19];[30,57,21]
[-25,55,-11];[60,99,43]
[-8,75,29];[181,169,162]
[-24,60,-7];[74,81,90]
[-31,51,-12];[66,56,24]
[-12,88,-6];[115,125,132]
[-6,50,-26];[51,32,16]
[-20,85,-16];[63,98,46]
[-31,43,-3];[148,170,181]
[-13,92,-10];[189,154,115]
[-24,59,-14];[33,36,49]
[-13,88,-21];[66,48,16]
[-8,72,-15];[30,57,21]
[-6,43,2];[156,178,189]
[4,24,-6];[49,28,16]
[-24,59,-15];[24,28,41]
[-12,71,-26];[148,158,165]
[-18,74,2];[57,101,41]
[-7,73,-13];[21,52,16]
[-37,77,3];[30,57,21]
[-22,45,-9];[134,148,159]
[-29,101,-24];[41,69,33]
[-6,63,-24];[77,42,29]
[-39,19,-23];[82,52,33]
[-27,48,-9];[129,143,153]
[-22,47,-10];[117,128,140]
[-1,23,-8];[82,48,33]
[-46,11,-18];[66,36,24]
[-5,87,-9];[74,118,54]
[-28,74,4];[24,60,24]
[-12,90,-9];[132,97,74]
[-10,61,-13];[33,60,24]
[2,35,1];[137,154,173]
[-13,110,-8];[66,117,49]
[3,31,-2];[153,170,181]
[-29,74,14];[90,48,33]
[0,5,5];[71,41,30]
[-18,96,-14];[24,44,24]
[-35,32,-15];[148,103,57]
[-11,109,-6];[74,113,49]
[-17,66,1];[8,32,8]
[0,44,-6];[148,170,181]
[-10,87,-17];[33,20,8]
[-39,21,-9];[71,42,30]
[-12,88,-12];[35,73,27]
[-29,87,-1];[74,121,57]
[-30,70,9];[71,36,21]
[-22,45,-15];[16,48,8]
[-37,94,-19];[49,81,41]
[-4,52,-28];[57,40,33]
[-45,17,-22];[68,40,30]
[-27,72,-9];[49,40,33]
[-15,87,-3];[41,52,57]
[-26,59,-2];[66,109,49]
[-40,16,-11];[93,57,35]
[-21,66,18];[51,21,16]
[-3,59,-28];[73,38,24]
[-8,69,-13];[30,57,21]
[-10,87,-9];[30,59,21]
[-25,79,-2];[29,60,27]
[-12,66,-27];[154,164,172]
[-20,78,19];[74,65,66]
[-34,33,-14];[140,97,57]
[-40,88,-19];[57,93,41]
[-13,74,-27];[27,60,24]
[7,9,-5];[66,40,24]
[-18,94,-12];[49,77,33]
[-45,8,-25];[41,32,24]
[4,24,3];[140,114,46]
[-32,27,-5];[156,174,189]
[-23,103,-3];[41,69,33]
[-12,72,-26];[90,101,107]
[-27,57,-11];[57,48,16]
[-12,88,-8];[123,138,148]
[-9,102,0];[96,71,27]
[-8,54,-1];[41,77,33]
[-32,97,-18];[41,65,33]
[-25,80,-1];[27,58,18]
[-5,31,-4];[170,186,195]
[-39,5,-8];[104,64,35]
[-27,96,-19];[33,48,24]
[-37,6,-19];[68,40,30]
[-47,14,-20];[66,36,24]
[-35,31,-15];[150,105,63]
[-12,70,-26];[132,142,148]
[-14,72,3];[101,63,35]
[-13,45,-16];[57,94,41]
[-13,87,-5];[77,87,93]
[-1,43,-25];[41,36,66]
[-12,89,-7];[161,175,178]
[-10,104,-11];[41,65,33]
[-18,87,-3];[123,138,148]
[-29,40,0];[170,183,195]
[-36,32,-12];[107,60,33]
[-10,87,-7];[35,67,27]
[-19,109,-4];[66,105,49]
[-31,101,-17];[41,60,33]
[-19,94,-9];[66,113,49]
[-41,0,-8];[126,79,51]
[-1,36,4];[120,142,159]
[-4,20,-7];[96,57,38]
[-21,89,-9];[35,71,27]
[-30,74,23];[156,125,41]
[-20,96,-14];[24,44,24]
[-5,82,-13];[43,73,30]
[-28,51,0];[49,83,35]
[-11,88,-9];[123,138,148]
[-31,20,-13];[57,36,24]
[-25,104,-21];[49,81,41]
[-34,58,23];[90,67,40]
[-23,98,-5];[41,69,33]
[-18,86,-2];[49,81,33]
[-13,89,-6];[165,134,90]
[-12,59,-24];[60,29,18]
[-16,70,25];[49,45,41]
[-16,85,0];[41,73,33]
[-8,103,-7];[85,62,27]
[-9,98,-3];[140,101,66]
[-25,73,-10];[43,71,27]
[-17,58,1];[74,87,96]
[14,39,-12];[90,90,90]
[-28,65,-13];[24,28,41]
[-29,79,9];[43,79,35]
[-9,74,-17];[33,69,24]
[-8,55,-15];[49,85,41]
[-8,68,-25];[170,180,187]
[-21,45,-10];[123,134,148]
[-28,53,-8];[46,77,30]
[-37,97,-21];[57,97,49]
[-10,104,-12];[33,60,24]
[-15,109,-2];[74,130,57]
[-8,76,0];[109,87,33]
[-21,89,-3];[46,82,38]
[-27,44,-10];[156,174,181]
[-14,86,-3];[148,166,173]
[-36,17,-21];[66,40,24]
[1,32,-5];[156,170,181]
[-34,77,7];[99,109,115]
[-23,74,20];[41,28,24]
[-14,85,-2];[181,195,206]
[-33,23,-6];[120,75,38]
[-14,47,-11];[96,110,120]
[-23,76,-14];[140,89,49]
[-18,85,16];[115,109,107]
[-25,34,-4];[140,154,165]
[-13,52,1];[43,79,33]
[-15,85,-2];[153,171,178]
[-14,71,-15];[43,71,27]
[-29,60,25];[51,44,43]
[-16,105,2];[115,73,24]
[-19,79,-17];[112,67,38]
[-31,75,21];[49,78,120]
[-12,59,-15];[66,81,82]
[-35,29,-6];[150,167,181]
[-36,62,24];[33,44,74]
[-30,87,-1];[71,114,54]
[-12,86,-4];[153,171,178]
[-25,69,21];[76,62,60]
[-18,70,-14];[41,77,33]
[4,49,-18];[82,73,140]
[-3,43,-26];[33,28,57]
[-9,57,-22];[60,32,16]
[-19,99,-1];[107,69,24]
[-4,42,-27];[62,42,33]
[-36,95,-24];[49,81,41]
[-38,39,-9];[123,97,33]
[-9,106,-2];[99,65,24]
[-1,40,3];[161,176,186]
[6,39,-19];[83,83,83]
[-12,86,-5];[142,158,167]
[-15,101,-1];[41,69,33]
[-20,87,-3];[33,60,24]
[-17,45,-5];[115,130,140]
[-11,83,-2];[30,60,21]
[-9,60,-7];[74,81,90]
[-13,45,-32];[41,32,66]
[-36,17,-22];[68,41,27]
[-21,56,-10];[74,82,90]
[-33,20,-18];[63,34,21]
[-14,75,-24];[46,82,35]
[-23,42,-9];[148,164,178]
[-40,0,-10];[129,86,54]
[-16,69,-15];[41,77,33]
[-28,77,8];[27,54,18]
[-7,88,-11];[134,89,57]
[-18,71,3];[95,57,35]
[-12,53,1];[46,81,30]
[-3,71,-20];[54,89,43]
[-9,88,-7];[41,73,33]
[-15,82,-19];[33,16,8]
[-30,40,-1];[153,171,186]
[-22,50,-14];[49,85,41]
[-23,71,-13];[173,146,74]
[-21,89,-7];[33,36,41]
[-28,38,-10];[170,190,200]
[-23,75,-13];[115,71,38]
[-4,44,-24];[128,94,49]
[-20,56,-12];[74,85,90]
[38,33,9];[189,189,189]
[1,27,1];[49,40,33]
[-1,28,1];[107,65,33]
[-22,108,-14];[57,97,49]
[-18,44,-6];[126,139,150]
[-10,101,-10];[101,66,24]
[-17,91,-12];[87,102,109]
[-35,21,-8];[54,30,16]
[-23,68,17];[41,24,16]
[-19,47,4];[38,73,27]
[-20,62,33];[148,136,126]
[-17,90,-11];[115,93,66]
[-17,89,-11];[107,85,57]
[-8,46,0];[156,174,181]
[-4,18,-6];[90,56,33]
[-19,49,1];[104,118,129]
[-2,43,2];[173,190,198]
[-9,87,-7];[33,70,30]
[-23,79,1];[43,75,35]
[-16,102,-18];[33,60,33]
[-18,78,-16];[57,52,24]
[-30,48,-4];[137,152,162]
[-5,50,-26];[49,20,16]
[-47,5,-18];[66,40,24]
[6,26,-2];[142,97,54]
[-30,100,-16];[41,60,33]
[-18,91,-11];[109,75,24]
[-12,64,-23];[115,126,134]
[-20,80,18];[131,106,71]
[-15,63,1];[46,30,18]
[1,20,-8];[79,46,33]
[-22,72,-14];[90,77,41]
[-24,36,-3];[145,160,173]
[-21,90,-9];[118,131,139]
[-17,94,-11];[126,93,35]
[-11,87,-22];[165,138,74]
[16,39,-8];[130,129,129]
[-26,74,13];[79,41,27]
[-27,56,28];[65,49,32]
[-12,87,-5];[140,150,156]
[-17,90,-12];[38,66,30]
[-7,81,-23];[51,83,35]
[-7,52,-29];[95,30,27]
[-28,30,-3];[134,152,167]
[-3,42,-24];[41,36,66]
[-34,52,26];[43,37,38]
[-42,22,-21];[82,52,33]
[-18,90,-12];[33,69,33]
[-22,107,-5];[57,93,41]
[-20,90,-10];[38,66,30]
[-26,79,6];[46,81,33]
[-14,87,-6];[132,97,74]
[-24,96,-19];[41,60,33]
[-37,11,-20];[49,26,16]
[-34,76,-2];[33,69,24]
[-23,62,27];[104,71,43]
[-6,77,-11];[41,73,33]
[-12,90,-8];[140,113,82]
[-6,105,-3];[165,134,49]
[-18,49,4];[35,67,27]
[-8,72,29];[90,81,74]
[-29,75,11];[90,48,33]
[-27,72,19];[82,36,24]
[-26,64,-15];[82,73,33]
[11,37,-13];[120,119,119]
[-21,88,-4];[46,74,30]
[-19,90,-6];[132,97,74]
[-36,61,20];[73,58,46]
[-23,89,-6];[66,103,49]
[-26,99,-13];[33,56,24]
[-16,71,2];[16,40,16]
[-12,92,-9];[189,154,115]
[-18,89,-4];[156,166,173]
[-17,91,-3];[181,187,194]
[-34,59,22];[123,91,57]
[-21,90,-8];[139,154,164]
[-33,96,-24];[49,81,41]
[-10,45,-33];[74,65,123]
[-37,73,6];[142,155,159]
[-46,5,-9];[74,44,33]
[-30,58,-13];[33,36,49]
[-9,101,-6];[49,73,33]
[24,34,-5];[132,132,132]
[-9,86,-19];[63,102,46]
[-24,102,-6];[33,60,33]
[-40,91,-21];[57,97,41]
[-4,74,-18];[33,60,24]
[-19,89,-11];[33,65,24]
[-2,50,-28];[49,22,16]
[-29,25,-13];[120,79,41]
[-34,68,10];[131,142,148]
[-11,89,-19];[165,138,74]
[-11,65,-1];[21,49,18]
[-15,74,-17];[41,32,8]
[-27,76,23];[33,52,90]
[-18,110,-13];[66,105,49]
[-19,92,-5];[181,150,107]
[-19,94,-3];[41,65,82]
[-10,63,-1];[46,30,18]
[-16,66,32];[90,77,74]
[-19,91,-5];[173,142,99]
[-8,49,-14];[101,114,123]
[-37,3,-17];[68,40,30]
[-15,105,-16];[41,60,33]
[-33,74,7];[123,134,142]
[-19,92,-6];[107,70,24]
[-7,87,-17];[54,97,41]
[-21,58,-11];[74,81,90]
[-31,73,0];[27,54,18]
[-29,97,-23];[41,69,33]
[-17,57,-13];[74,85,90]
[-19,91,-11];[99,65,24]
[-21,108,-17];[57,93,41]
[1,39,-1];[148,166,181]
[-16,88,-15];[57,97,41]
[-15,90,-14];[71,113,54]
[-11,101,2];[140,101,33]
[-7,37,-1];[132,150,165]
[-38,91,-21];[49,81,41]
[-7,72,-25];[87,101,109]
[-3,51,-28];[57,44,33]
[-22,78,24];[57,89,132]
[-24,76,-13];[57,93,41]
[-46,5,-22];[123,73,49]
[-4,30,-5];[115,77,41]
[-10,48,2];[41,69,33]
[-19,91,-10];[139,153,162]
[-18,47,-1];[112,125,137]
[6,7,-3];[66,40,24]
[-2,39,4];[140,158,173]
[-35,56,27];[74,65,66]
[-9,101,-7];[41,69,33]
[-32,25,-7];[71,40,21]
[-29,48,0];[33,67,33]
[-20,92,-9];[107,73,24]
[-33,56,-11];[90,77,41]
[-38,96,-20];[57,97,41]
[-21,61,-10];[71,79,87]
[-32,74,0];[24,56,21]
[-3,29,-1];[99,56,24]
[-9,99,0];[206,174,140]
[-26,59,-7];[43,75,27]
[-15,75,-18];[24,28,41]
[-15,56,-14];[74,82,90]
[-22,55,31];[99,97,99]
[-18,90,-5];[132,101,74]
[-14,45,-10];[117,131,142]
[-10,102,-3];[49,77,33]
[-14,108,0];[74,125,57]
[-24,100,-9];[49,73,33]
[-39,20,-10];[84,52,33]
[-16,90,-4];[189,150,107]
[-8,81,-1];[107,69,41]
[3,32,-2];[156,170,181]
[-7,76,-22];[24,57,21]
[-10,69,-20];[82,97,107]
[-17,86,-2];[165,178,189]
[-25,107,-12];[49,77,33]
[-6,48,-14];[41,69,33]
[-5,79,-15];[30,62,27]
[-17,73,-18];[33,36,49]
[-5,52,-4];[132,150,156]
[-38,5,-12];[96,56,35]
[-22,63,-16];[24,32,49]
[-12,77,-26];[46,85,35]
[-6,55,-4];[66,113,49]
[10,0,10];[117,75,49]
[-35,76,2];[54,64,71]
[-33,95,-23];[49,73,33]
[-15,81,-17];[41,32,16]
[-12,90,-6];[132,105,74]
[3,3,10];[68,38,27]
[-40,90,-21];[57,97,41]
[-34,23,-7];[66,36,16]
[-34,76,17];[41,69,107]
[-33,75,8];[142,154,162]
[-24,84,0];[46,83,38]
[-17,107,0];[33,60,24]
[-27,76,24];[214,182,57]
[-9,70,-26];[151,162,167]
[-12,90,-4];[140,109,74]
[-28,34,-1];[150,166,178]
[-18,88,-4];[165,182,189]
[-10,100,-10];[104,67,24]
[-20,68,-14];[33,36,49]
[-8,104,-6];[98,67,27]
[-20,80,1];[66,105,49]
[-25,64,-12];[33,36,49]
[-25,85,0];[54,93,41]
[-24,106,-18];[49,81,41]
[-23,89,-8];[43,78,30]
[-36,72,11];[198,207,214]
[-7,50,-2];[134,150,159]
[7,26,-1];[142,99,51]
[-12,64,-27];[137,147,154]
[-31,42,-2];[156,170,181]
[5,28,-3];[134,91,51]
[-9,78,0];[54,33,16]
[-33,65,25];[41,66,104]
[0,46,-23];[49,44,90]
[-9,89,-9];[49,85,41]
[-3,40,-8];[159,175,189]
[-22,66,25];[123,97,66]
[-6,71,-23];[87,102,112]
[0,9,3];[51,29,16]
[-6,66,-7];[24,55,21]
[-6,84,-4];[101,63,35]
[-41,25,-15];[63,34,21]
[-15,99,-15];[33,48,24]
[-16,89,-3];[192,204,211]
[34,33,4];[137,137,137]
[-32,19,-14];[63,34,21]
[-26,79,21];[57,48,49]
[-37,25,-19];[96,58,38]
[-27,87,-4];[54,97,46]
[-16,87,-4];[165,174,181]
[-19,53,-16];[57,97,49]
[-17,46,-6];[84,98,107]
[-16,88,-4];[172,180,189]
[-16,45,-16];[49,86,35]
[-18,47,-9];[96,107,120]
[-17,67,25];[57,36,24]
[-27,57,-5];[49,85,33]
[-9,88,-6];[38,74,33]
[-16,72,3];[109,67,35]
[-24,79,0];[35,67,27]
[-23,106,-18];[49,77,33]
[-29,77,3];[24,54,21]
[3,33,1];[148,164,181]
[-10,98,-11];[109,74,24]
[-34,15,-15];[66,36,24]
[-28,53,-7];[49,81,33]
[3,46,-21];[90,81,148]
[-13,55,-2];[82,91,99]
[-5,43,-22];[189,155,126]
[-16,68,31];[93,86,82]
[-15,85,0];[33,70,30]
[-20,106,-19];[49,73,33]
[-35,28,-7];[112,69,35]
[-27,99,-24];[49,77,33]
[-22,58,32];[71,66,63]
[-36,75,8];[156,162,173]
[-5,77,-9];[43,79,35]
[-23,70,-17];[181,146,66]
[-11,52,-15];[82,94,104]
[-26,70,19];[66,65,57]
[-31,75,6];[90,105,115]
[-25,88,-6];[60,101,43]
[-23,66,23];[204,204,204]
[-14,74,-24];[24,52,16]
[-8,65,-22];[115,125,131]
[-32,67,11];[71,38,27]
[-14,83,-1];[35,67,27]
[2,37,-25];[41,36,74]
[-29,30,-14];[134,90,49]
[-16,109,-14];[57,93,41]
[-26,77,-3];[24,53,21]
[-12,80,1];[24,56,18]
[-21,65,-12];[27,50,18]
[-37,11,-18];[49,28,16]
[-9,108,-4];[66,117,49]
[-24,52,-12];[63,102,46]
[-4,41,-9];[156,172,186]
[-30,87,-4];[66,109,49]
[-12,71,-19];[49,56,66]
[-16,101,-17];[33,60,33]
[0,46,-19];[57,52,99]
[-20,65,17];[46,22,18]
[-36,97,-23];[57,89,41]
[-28,77,-9];[38,70,30]
[-9,67,-28];[181,188,197]
[-22,108,-5];[57,93,41]
[-18,47,-15];[41,73,33]
[10,6,9];[120,74,46]
[-18,108,-16];[49,89,41]
[-30,60,-11];[33,36,49]
[11,38,-15];[85,84,84]
[-25,106,-16];[49,77,33]
[-3,5,-2];[60,36,21]
[-24,48,4];[66,105,41]
[-23,107,-7];[57,93,41]
[-37,47,-8];[255,215,107]
[4,2,0];[74,44,24]
[39,31,10];[108,109,107]
[-12,95,1];[206,166,132]
[-20,89,-3];[38,74,33]
[1,24,3];[132,101,41]
[-7,72,-24];[84,98,107]
[-23,85,0];[46,82,38]
[-21,66,-14];[33,36,57]
[-20,46,-15];[41,73,33]
[-27,100,-13];[33,60,33]
[-13,88,-6];[132,97,74]
[-36,72,9];[159,167,176]
[-26,75,24];[57,97,140]
[-10,53,-16];[46,81,35]
[-20,60,-11];[74,81,90]
[-7,65,-10];[27,52,18]
[-27,85,1];[54,90,38]
[-30,96,-22];[41,69,33]
[-16,108,-1];[82,134,57]
[-4,39,4];[165,178,189]
[-22,87,-1];[66,113,49]
[-5,71,-20];[33,60,24]
[-3,61,-24];[93,49,33]
[-14,53,-14];[74,86,93]
[-37,91,-20];[49,77,33]
[-13,69,22];[35,79,115]
[-19,95,-12];[49,77,33]
[3,24,3];[66,32,24]
[-23,65,21];[49,22,16]
[-29,100,-16];[33,60,33]
[-10,40,-4];[148,166,181]
[-30,80,3];[30,57,21]
[-30,78,6];[66,77,82]
[-7,57,-30];[181,65,49]
[-38,97,-21];[57,97,49]
[5,21,-5];[63,34,21]
[-5,54,-12];[57,97,41]
[-35,72,3];[115,128,137]
[-6,54,-13];[60,99,43]
[-26,73,-3];[24,53,21]
[-23,88,-4];[41,73,33]
[-30,102,-23];[49,77,33]
[-6,53,-1];[49,89,41]
[-10,83,-2];[27,59,18]
[1,40,-1];[148,166,181]
[-19,59,2];[60,98,43]
[-8,72,-25];[87,97,104]
[-24,104,-6];[33,60,33]
[-19,88,0];[46,81,41]
[-26,37,-9];[156,174,186]
[-37,73,8];[154,164,172]
[-18,71,24];[74,65,66]
[3,3,9];[71,41,27]
[-3,49,-2];[165,178,189]
[-6,43,-24];[153,117,68]
[0,25,-7];[49,36,33]
[-6,72,-17];[51,90,38]
[-4,29,2];[107,65,33]
[4,24,2];[46,26,13]
[-8,64,-4];[57,36,16]
[-20,88,-13];[43,75,30]
[-5,87,-8];[74,117,49]
[-34,19,-10];[71,42,27]
[-12,96,0];[99,77,57]
[-20,64,-15];[132,109,49]
[-13,90,-11];[132,97,74]
[-14,78,-22];[33,66,24]
[-6,80,-5];[49,28,16]
[-14,106,2];[129,95,33]
[-11,108,-5];[74,125,57]
[-28,65,16];[82,28,24]
[-7,26,-3];[126,82,41]
[-13,55,-14];[74,85,90]
[-9,65,-13];[30,57,21]
[-25,57,-11];[66,105,49]
[-35,33,-11];[162,179,189]
[-27,101,-24];[49,81,41]
[-26,73,13];[87,45,30]
[-14,69,1];[60,99,43]
[-25,65,20];[49,20,8]
[-41,89,-20];[66,105,49]
[-8,68,-13];[30,57,21]
[-31,48,-9];[24,32,41]
[-6,31,1];[137,154,167]
[-14,83,-19];[33,16,8]
[-18,74,3];[60,33,16]
[-2,29,3];[107,65,33]
[-8,59,-2];[57,97,41]
[-27,49,-8];[115,130,140]
[-18,99,-1];[41,65,33]
[-27,72,18];[68,63,60]
[-9,61,-20];[60,30,18]
[-9,102,-8];[41,69,33]
[-23,70,-15];[82,73,33]
[-32,85,-5];[54,90,38]
[-23,66,-13];[115,101,49]
[-23,99,-22];[33,60,33]
[-15,78,22];[115,87,57]
[-19,97,-16];[24,44,16]
[-21,110,-12];[66,105,49]
[-24,106,-6];[49,77,33]
[-15,73,-21];[35,64,27]
[-2,52,-28];[74,36,24]
[-33,94,-21];[49,77,33]
[-8,75,-2];[51,90,43]
[-47,0,-13];[117,70,43]
[-14,91,-20];[49,36,16]
[-7,51,-15];[46,82,38]
[-13,109,-10];[57,97,41]
[-35,62,24];[38,52,90]
[-18,92,-11];[117,81,30]
[-9,72,-18];[30,57,21]
[-10,47,-33];[57,52,107]
[-27,80,5];[29,64,27]
[-21,109,-6];[57,97,41]
[-38,95,-19];[49,81,41]
[5,22,-6];[57,32,16]
[2,33,-4];[156,172,186]
[-34,101,-19];[49,77,33]
[-32,67,9];[71,86,95]
[-23,82,1];[49,81,33]
[-30,96,-18];[41,65,33]
[-32,95,-23];[41,69,33]
[-12,100,5];[99,69,24]
[5,28,-2];[142,98,54]
[-16,94,1];[165,134,90]
[-32,98,-17];[49,73,33]
[-5,38,-7];[173,190,198]
[-13,84,-2];[99,113,123]
[-11,45,-11];[123,138,148]
[2,29,-5];[118,133,145]
[-33,36,-7];[148,170,181]
[-2,52,-25];[49,36,24]
[-17,73,24];[115,82,46]
[-30,102,-21];[49,85,41]
[-30,22,-12];[63,36,16]
[-31,71,12];[93,52,35]
[-47,16,-16];[57,33,18]
[-22,108,-17];[49,89,41]
[-22,95,-8];[49,73,33]
[1,48,-18];[49,48,90]
[-21,70,2];[76,45,27]
[-27,73,15];[107,60,41]
[-18,75,-18];[33,36,49]
[-28,102,-14];[41,60,33]
[-15,46,-5];[104,117,126]
[-41,11,-26];[87,50,33]
[-31,72,23];[148,48,66]
[-17,65,-15];[41,73,33]
[-24,100,-7];[33,52,24]
[-10,70,-27];[170,179,186]
[-17,86,18];[209,198,192]
[-29,85,2];[63,99,46]
[-22,100,-22];[41,60,33]
[-21,79,24];[49,85,132]
[-30,69,26];[117,56,79]
[-19,43,-7];[132,146,156]
[-8,45,1];[159,175,183]
[-40,28,-12];[76,42,18]
[-8,52,-16];[49,81,33]
[-33,100,-18];[49,73,33]
[-24,46,-10];[132,146,156]
[-7,81,-5];[35,67,27]
[-36,79,4];[30,60,21]
[-17,58,3];[63,105,46]
[-31,73,2];[46,55,62]
[-24,73,-11];[43,78,35]
[-9,56,-1];[54,95,41]
[-18,82,22];[129,114,112]
[-4,46,-25];[57,38,21]
[-33,69,8];[115,125,132]
[-11,60,-3];[74,85,90]
[-19,76,-17];[49,32,16]
[-22,102,-22];[41,60,33]
[-7,57,-13];[60,97,46]
[-5,78,-16];[38,66,30]
[-21,65,1];[8,28,8]
[-27,102,-23];[49,77,33]
[-17,52,1];[90,102,109]
[-20,51,4];[60,97,43]
[-17,68,31];[90,77,74]
[-14,86,-17];[24,28,41]
[-21,64,-16];[16,20,24]
[-21,53,1];[93,106,115]
[-15,77,-20];[33,40,66]
[-28,66,10];[57,28,16]
[-29,67,18];[107,36,27]
[-18,108,-17];[49,85,41]
[-23,59,32];[74,60,57]
[-12,108,-2];[90,146,66]
[-6,64,-27];[93,107,117]
[-11,105,-13];[33,60,24]
[-10,84,-4];[35,69,27]
[2,0,-2];[79,49,30]
[-28,96,-19];[49,73,33]
[-32,54,-12];[173,150,74]
[-5,42,-9];[156,171,181]
[-25,72,20];[71,63,62]
[-20,105,0];[49,81,41]
[-36,73,9];[189,203,206]
[-6,53,-21];[74,32,24]
[-26,69,-14];[49,44,24]
[-9,87,-17];[49,85,33]
[-47,13,-15];[68,37,27]
[-15,57,-16];[60,101,43]
[-23,45,1];[148,162,173]
[-33,98,-25];[49,81,41]
[-18,84,-18];[16,16,8]
[-20,63,-13];[115,73,41]
[-37,29,-17];[107,65,24]
[6,1,1];[107,69,41]
[-22,53,1];[93,106,115]
[-27,79,6];[38,70,30]
[-15,79,-18];[57,44,8]
[-30,103,-20];[49,81,41]
[-6,86,-4];[82,130,57]
[-6,62,-21];[82,48,33]
[-13,109,-9];[66,109,49]
[-37,67,19];[117,110,104]
[-32,101,-23];[49,85,41]
[-2,15,3];[71,40,27]
[-17,53,-13];[74,87,96]
[-40,0,-7];[109,69,43]
[-23,74,28];[132,105,41]
[-31,78,7];[76,87,93]
[-7,65,-25];[181,192,200]
[-7,76,-14];[27,56,18]
[-35,31,-5];[153,170,183]
[-35,48,-9];[107,89,41]
[-39,95,-20];[57,93,41]
[-3,57,-25];[115,40,33]
[-7,74,-14];[30,57,21]
[-38,26,-6];[142,99,51]
[-21,44,-10];[137,151,162]
[-10,52,-15];[82,94,101]
[-10,79,-1];[30,57,21]
[-7,85,-6];[128,82,51]
[0,23,-8];[74,44,33]
[-9,49,2];[38,75,30]
[-6,32,-1];[142,158,170]
[-10,62,-2];[16,36,8]
[-7,75,-19];[30,56,21]
[4,29,-6];[126,79,41]
[-35,78,11];[117,99,101]
[-13,75,-17];[51,87,38]
[-34,100,-23];[57,93,41]
[-6,73,-12];[24,52,16]
[-4,41,3];[153,170,183]
[-38,92,-19];[49,85,41]
[-31,101,-24];[49,81,41]
[-23,70,0];[33,65,24]
[-39,92,-19];[49,77,33]
[-12,93,0];[214,186,148]
[-38,91,-22];[49,85,41]
[-18,109,-14];[57,101,49]
[-15,101,0];[41,69,33]
[-6,28,-2];[134,155,167]
[-30,101,-23];[49,81,41]
[-33,33,-14];[123,81,41]
[-18,94,-2];[43,37,30]
[-41,88,-20];[57,97,41]
[-6,42,2];[153,170,183]
[-31,77,19];[140,125,115]
[-22,70,14];[68,28,21]
[-23,101,-5];[41,60,33]
[-12,109,-3];[74,125,57]
[-30,55,-13];[74,56,24]
[11,0,6];[107,65,41]
[-17,105,1];[49,77,33]
[-24,80,0];[33,60,24]
[-31,96,-19];[41,69,33]
[-29,32,-12];[170,187,198]
[-2,55,-24];[79,40,27]
[-42,24,-16];[66,37,24]
[7,7,7];[101,62,40]
[-29,102,-23];[49,77,33]
[-29,103,-19];[49,77,33]
[-21,58,30];[57,52,49]
[-33,21,-8];[74,44,24]
[-10,53,-3];[90,103,109]
[-24,71,20];[76,71,65]
[-27,46,-10];[150,167,175]
[-9,101,-12];[189,174,148]
[-29,78,9];[24,57,21]
[-22,88,-1];[66,109,49]
[-2,41,-27];[74,50,33]
[0,37,4];[165,182,198]
[-26,100,-24];[49,77,33]
[-12,69,-20];[82,97,107]
[-16,47,-9];[93,106,117]
[-37,93,-23];[49,81,41]
[-34,22,-7];[66,36,16]
[-9,38,-4];[156,172,186]
[-27,97,-22];[41,65,33]
[-14,66,21];[156,121,74]
[-12,91,-9];[156,168,178]
[-8,83,-1];[33,67,27]
[20,34,-7];[132,132,132]
[-25,107,-11];[49,77,33]
[-7,70,-18];[33,60,24]
[-9,75,-16];[30,57,21]
[-32,40,-6];[156,174,186]
[-9,96,-7];[82,65,41]
[-24,56,-9];[74,87,96]
[-13,76,-26];[46,86,38]
[-25,100,-23];[41,69,33]
[-28,55,28];[24,16,8]
[-16,78,-18];[33,20,8]
[-39,65,18];[82,73,74]
[-4,73,-18];[38,70,30]
[-19,82,18];[57,43,38]
[-13,90,-18];[57,52,24]
[-29,72,18];[49,28,16]
[-5,32,-3];[173,190,198]
[-24,100,-8];[41,69,33]
[-18,107,0];[49,77,33]
[-27,96,-20];[33,60,33]
[-31,73,16];[62,52,46]
[-25,99,-23];[33,60,33]
[-28,75,25];[129,104,41]
[-15,74,2];[24,56,16]
[-29,101,-16];[41,65,33]
[-10,103,2];[90,60,16]
[-10,61,-4];[74,85,90]
[-12,55,1];[49,89,33]
[-20,44,0];[145,159,170]
[-31,59,29];[35,51,87]
[-38,69,17];[82,73,66]
[-12,45,-3];[132,150,165]
[-26,101,-23];[49,73,33]
[-41,8,-28];[132,85,57]
[-10,51,1];[35,67,24]
[-13,53,-1];[82,95,104]
[-7,53,-3];[112,127,137]
[-35,41,-8];[74,60,33]
[-27,80,-12];[54,94,41]
[-4,29,3];[107,69,33]
[-24,98,-22];[33,60,33]
[-26,100,-11];[33,52,24]
[-38,96,-21];[57,97,41]
[-21,66,31];[41,69,109]
[-28,75,3];[30,57,21]
[-32,46,-9];[24,28,41]
[-20,99,-19];[33,56,24]
[-16,81,-20];[49,36,16]
[-2,32,3];[123,138,156]
[-19,47,-9];[99,109,123]
[3,26,2];[57,32,16]
[-10,70,-17];[8,32,8]
[-37,9,-20];[54,29,16]
[-30,46,-4];[140,156,170]
[-26,65,13];[90,32,24]
[-31,25,-6];[123,85,41]
[-39,17,-11];[90,52,33]
[-40,7,-10];[109,67,41]
[-8,77,-16];[33,60,24]
[0,43,-21];[49,44,90]
[-16,103,-18];[41,60,33]
[-27,54,-5];[51,86,35]
[-35,96,-24];[49,81,41]
[-28,29,-6];[117,139,150]
[-28,103,-23];[49,81,41]
[-18,47,-8];[99,113,123]
[-15,96,-14];[49,81,41]
[-34,79,-3];[35,67,27]
[-14,105,-16];[41,65,33]
[-3,50,-24];[51,21,16]
[-14,49,-17];[54,94,46]
[-29,24,-7];[145,99,54]
[-25,103,-9];[41,60,33]
[-33,24,-7];[68,36,18]
[-11,69,-27];[173,182,189]
[-33,99,-25];[49,81,41]
[-10,108,-5];[33,60,24]
[-11,85,-21];[49,40,16]
[-13,69,-25];[140,150,156]
[-6,39,2];[134,151,167]
[-27,54,-9];[46,82,38]
[-3,71,-21];[16,44,8]
[-2,21,3];[60,34,21]
[-4,29,4];[156,109,57]
[-6,79,-5];[33,65,24]
[-19,107,-2];[57,97,41]
[-32,95,-20];[49,77,33]
[-23,53,2];[49,81,33]
[-22,97,-5];[49,73,33]
[-11,102,-13];[41,69,33]
[-19,76,-16];[49,32,16]
[-8,107,-7];[57,97,49]
[-41,0,-14];[123,81,49]
[-8,86,-3];[41,75,33]
[-30,78,0];[30,57,21]
[-23,69,-1];[30,57,21]
[-6,57,-25];[74,40,24]
[-41,91,-21];[66,105,49]
[-26,78,15];[140,109,74]
[-2,7,-7];[79,45,33]
[-10,68,-1];[66,109,49]
[-4,40,4];[165,178,189]
[-31,66,11];[76,40,27]
[-33,30,-3];[132,150,173]
[-2,44,1];[175,191,200]
[-19,76,27];[54,85,126]
[-26,71,-9];[87,52,30]
[-19,45,-15];[41,73,33]
[-10,98,-8];[104,70,24]
[-5,85,-9];[90,48,24]
[-2,42,2];[170,187,195]
[3,21,-7];[66,40,24]
[11,1,12];[41,36,33]
[7,7,6];[82,48,33]
[-12,67,-22];[132,142,148]
[-7,60,-9];[71,81,90]
[-8,61,-12];[38,71,29]
[-4,78,-19];[49,85,33]
[-32,77,8];[107,117,123]
[-9,77,-1];[27,52,18]
[-17,109,-13];[66,105,49]
[-21,70,-12];[49,81,33]
[13,0,5];[41,36,33]
[5,1,3];[107,69,41]
[-24,59,-10];[46,86,38]
[-38,15,-24];[82,48,33]
[-5,104,-3];[150,118,38]
[-22,50,4];[60,99,43]
[-43,21,-21];[79,45,33]
[-1,27,4];[68,36,18]
[-26,54,-10];[54,91,41]
[-3,59,-27];[49,28,16]
[-30,74,24];[132,101,41]
[-4,34,3];[117,135,150]
[-5,63,-24];[57,32,16]
[-7,106,2];[164,133,51]
[-30,82,12];[107,93,90]
[-22,97,-8];[24,44,24]
[-30,96,-19];[41,69,33]
[-11,79,-19];[35,68,27]
[-14,89,-14];[38,77,30]
[-17,89,-3];[161,175,178]
[-30,66,10];[66,36,24]
[-10,58,-15];[41,77,33]
[-42,23,-20];[82,50,33]
[-24,55,-9];[79,91,99]
[-34,74,8];[140,150,156]
[-17,110,-6];[74,125,57]
[-9,41,-1];[140,158,173]
[-19,84,0];[57,97,41]
[31,32,3];[147,148,147]
[-6,54,-28];[74,36,24]
[-39,90,-21];[49,81,41]
[-5,58,-27];[66,40,24]
[-5,74,-23];[27,54,18]
[-39,94,-21];[57,97,49]
[-33,38,-5];[153,174,186]
[-7,48,-28];[65,40,29]
[-7,103,-6];[137,102,33]
[-9,102,-9];[101,66,24]
[-10,100,-5];[49,73,33]
[-39,27,-6];[142,98,51]
[3,24,2];[129,104,40]
[-22,66,16];[33,81,115]
[-14,88,-7];[79,90,96]
[-37,32,-14];[137,91,49]
[-6,48,0];[156,170,181]
[-14,78,-21];[30,60,21]
[-32,101,-18];[41,69,33]
[-24,60,-2];[71,81,90]
[-18,103,-19];[33,48,24]
[-2,51,-5];[33,69,24]
[-33,51,-12];[49,44,16]
[0,1,-6];[132,85,57]
[6,4,13];[68,41,27]
[-11,98,-13];[33,56,24]
[-27,67,14];[49,32,16]
[-6,60,-10];[57,97,41]
[-20,89,-11];[35,67,27]
[-13,83,-1];[167,180,192]
[-25,51,2];[49,89,41]
[-7,103,3];[99,67,24]
[-38,95,-22];[57,97,41]
[-24,57,-12];[60,99,43]
[-11,97,-12];[112,75,24]
[-17,79,-17];[60,99,46]
[-32,29,-3];[120,142,159]
[-21,64,1];[99,60,41]
[-4,44,-27];[49,44,99]
[-19,100,-1];[104,67,24]
[-12,76,-21];[30,57,21]
[-22,58,-10];[74,81,90]
[-15,57,2];[51,89,35]
[-12,82,-1];[161,175,186]
[-27,53,-3];[84,98,109]
[8,4,13];[79,46,33]
[-7,88,-9];[68,111,51]
[-20,79,19];[33,32,24]
[-28,103,-14];[41,65,33]
[-10,102,2];[87,62,27]
[-38,97,-22];[57,97,41]
[-5,77,-7];[54,93,38]
[-36,28,-16];[57,28,16]
[-40,89,-21];[49,81,41]
[-25,66,-6];[35,63,27]
[-34,100,-24];[49,81,41]
[-23,77,-14];[60,97,43]
[-14,58,0];[82,93,104]
[-14,64,31];[68,59,60]
[12,41,-13];[131,132,132]
[-36,32,-6];[156,174,186]
[-34,79,-4];[33,69,24]
[-17,97,-15];[24,44,16]
[-3,32,-5];[173,190,198]
[-29,103,-20];[49,73,33]
[-8,53,-23];[68,28,21]
[-35,69,7];[131,144,153]
[-15,74,-25];[49,81,33]
[-18,63,24];[38,81,117]
[-14,47,-3];[90,105,115]
[-13,74,-20];[30,57,21]
[-18,81,-16];[24,32,49]
[-27,104,-20];[49,81,41]
[-9,104,4];[115,82,21]
[-30,62,29];[41,61,101]
[-36,99,-23];[57,97,41]
[-20,74,2];[57,97,49]
[-21,89,-6];[43,52,57]
[-6,73,-23];[62,73,79]
[9,0,4];[101,62,38]
[-21,72,1];[35,67,27]
[-19,83,21];[145,132,129]
[-22,88,-12];[54,94,41]
[-36,98,-24];[49,85,41]
[-6,78,-13];[35,64,27]
[-31,45,-3];[145,160,178]
[-12,99,-14];[24,40,16]
[-31,44,-3];[148,166,181]
[-22,101,-1];[41,65,33]
[-17,77,-17];[24,32,49]
[-33,101,-22];[57,93,41]
[-15,69,31];[107,97,90]
[-16,62,23];[71,63,57]
[-23,55,31];[99,85,82]
[-6,56,-4];[63,109,46]
[-26,56,-6];[74,87,96]
[-25,106,-18];[49,81,41]
[-24,76,25];[33,52,90]
[-11,83,-21];[41,36,16]
[37,31,8];[116,116,116]
[-28,65,17];[90,32,24]
[-3,58,-28];[98,55,38]
[-30,43,-8];[156,172,186]
[-8,67,-24];[131,142,148]
[-32,36,-8];[145,162,175]
[-19,69,25];[71,61,62]
[-34,81,5];[66,113,49]
[7,1,2];[99,65,41]
[-14,61,-14];[24,52,16]
[-33,28,-5];[165,182,192]
[-23,106,-5];[49,81,41]
[-29,95,-20];[49,73,33]
[5,30,-1];[145,103,57]
[-2,38,-5];[159,172,183]
[-38,75,1];[27,59,24]
[-9,83,-23];[54,94,38]
[-21,102,-21];[41,60,33]
[-23,46,1];[140,154,165]
[-20,96,-15];[41,60,33]
[-14,109,-2];[82,142,66]
[-23,71,-11];[41,69,24]
[-14,109,-13];[57,93,41]
[-12,47,-16];[49,85,33]
[-36,50,-9];[41,32,8]
[-29,87,-4];[63,105,46]
[-8,57,-25];[93,50,35]
[-28,101,-14];[41,60,33]
[-37,95,-23];[57,93,41]
[-6,44,-25];[178,142,101]
[-29,49,-5];[123,138,148]
[-25,68,21];[90,52,33]
[0,42,-25];[41,32,66]
[-21,55,-14];[63,99,46]
[-16,84,18];[82,77,74]
[-32,77,-1];[30,57,21]
[-1,0,-6];[132,85,57]
[-28,62,-14];[33,36,57]
[-29,99,-24];[49,73,33]
[-12,46,-11];[112,127,137]
[-18,85,-1];[35,70,27]
[-26,97,-15];[41,65,33]
[-14,105,-15];[41,65,33]
[-14,52,2];[43,79,27]
[-23,49,1];[120,131,137]
[-29,78,3];[27,54,18]
[-19,94,-1];[41,40,33]
[-22,86,2];[33,65,24]
[-10,59,-4];[74,87,96]
[-16,110,-4];[74,125,57]
[-26,64,23];[24,12,0]
[-36,63,19];[55,41,35]
[-29,98,-24];[49,77,33]
[-12,102,0];[33,48,24]
[-20,105,-19];[49,73,33]
[-16,70,31];[181,174,165]
[-34,95,-19];[41,69,33]
[-23,100,-5];[33,48,24]
[-4,52,-7];[115,130,140]
[-9,76,-17];[35,66,27]
[-29,30,-2];[123,142,156]
[5,40,-20];[89,90,89]
[-35,93,-20];[49,77,33]
[-36,32,-14];[140,93,49]
[-18,102,0];[41,69,33]
[-6,24,-5];[115,69,33]
[-25,103,-23];[49,73,33]
[-22,57,-10];[74,81,90]
[4,49,-19];[66,60,107]
[-12,64,-26];[132,142,148]
[-27,69,-5];[82,49,30]
[-14,65,22];[156,117,74]
[-32,30,-2];[148,167,183]
[-8,87,-19];[66,105,49]
[-36,75,3];[66,73,82]
[2,1,6];[109,63,35]
[-27,81,4];[41,77,33]
[-23,89,-11];[63,102,49]
[1,3,5];[68,38,27]
[-34,69,16];[132,101,66]
[-13,81,22];[87,75,74]
[-17,49,3];[29,64,24]
[-19,67,25];[66,44,33]
[-16,59,2];[54,93,38]
[-37,98,-20];[57,93,41]
[-11,43,-2];[140,158,173]
[-13,74,-22];[33,40,49]
[-4,33,2];[120,139,153]
[-19,101,0];[164,129,49]
[2,36,-22];[90,85,156]
[-13,54,-1];[82,91,99]
[-18,108,-15];[57,93,41]
[5,2,1];[96,62,38]
[-43,0,-8];[123,77,49]
[-6,83,-11];[49,81,41]
[-34,97,-24];[49,77,33]
[-17,108,-15];[49,81,41]
[-18,45,-2];[115,128,142]
[-33,74,11];[198,211,214]
[-9,104,-3];[24,44,24]
[-23,40,0];[156,170,189]
[-33,99,-18];[49,77,33]
[-26,71,10];[60,26,16]
[-18,101,-19];[41,60,33]
[-3,1,-4];[132,84,57]
[-27,52,0];[49,85,33]
[-29,24,-8];[140,97,49]
[-22,109,-8];[57,97,41]
[-28,62,-13];[33,36,57]
[-1,48,-26];[68,44,30]
[-36,70,6];[139,154,159]
[-3,46,-9];[140,156,170]
[-32,70,7];[115,126,134]
[0,30,-7];[140,97,49]
[-15,102,1];[49,77,33]
[-23,87,-1];[33,69,24]
[-15,103,1];[49,81,41]
[-16,49,-17];[49,89,41]
[22,38,-4];[110,110,110]
[-5,35,-1];[128,147,161]
[-9,79,-17];[30,57,21]
[-7,49,-1];[145,160,170]
[27,33,-3];[144,144,144]
[-22,74,19];[33,81,115]
[-18,108,-1];[66,113,49]
[-14,89,-13];[35,69,27]
[-26,100,-12];[33,52,24]
[-34,33,-13];[115,73,41]
[-21,74,1];[35,69,27]
[-17,85,-20];[115,97,49]
[-23,75,27];[165,138,41]
[1,2,3];[104,64,43]
[-6,74,-6];[51,89,38]
[-15,73,-25];[27,54,18]
[-35,80,5];[62,98,46]
[-29,59,30];[33,49,87]
[-18,109,-2];[66,117,49]
[-14,66,0];[129,104,40]
[-28,76,2];[30,57,21]
[-34,76,12];[74,73,74]
[-29,74,3];[41,44,49]
[-4,83,-18];[63,102,46]
[-23,101,-3];[24,40,16]
[-31,72,4];[71,86,95]
[9,37,-15];[78,77,78]
[-32,20,-10];[41,20,8]
[-10,61,-28];[71,38,29]
[-21,52,-15];[60,94,43]
[-26,104,-10];[41,60,33]
[-15,110,-4];[82,138,57]
[-23,97,-6];[49,77,33]
[-7,65,-26];[181,186,198]
[-30,85,1];[57,93,41]
[-20,92,-7];[101,66,24]
[-34,94,-20];[49,77,33]
[-9,105,-9];[24,44,24]
[-22,68,-13];[115,97,49]
[-37,24,-20];[101,61,41]
[-19,50,0];[96,110,120]
[-19,64,-13];[123,81,49]
[-30,74,12];[71,38,27]
[-16,110,-5];[74,130,57]
[7,0,-2];[120,71,46]
[-5,33,-2];[170,186,195]
[-28,58,26];[79,55,35]
[-26,32,-6];[132,148,165]
[-37,70,8];[175,182,192]
[-15,71,30];[41,48,66]
[-15,89,-18];[66,48,24]
[-22,106,-19];[49,77,33]
[-32,85,-6];[51,87,35]
[-24,97,-20];[33,60,33]
[-7,29,-1];[123,79,38]
[2,1,5];[120,70,46]
[-20,88,-1];[46,82,38]
[-22,59,32];[74,65,66]
[-26,74,-3];[27,52,18]
[-41,25,-11];[49,24,16]
[-14,74,-26];[16,48,16]
[-8,62,-10];[107,73,49]
[-13,49,-3];[82,97,107]
[-1,25,-8];[107,65,24]
[-14,110,-8];[74,121,49]
[3,0,8];[115,70,43]
[-16,72,-15];[46,78,38]
[-6,80,-23];[57,94,41]
[-33,33,-3];[148,166,181]
[-10,104,-1];[33,52,24]
[-33,78,11];[84,77,76]
[-26,78,0];[30,56,21]
[-16,110,-8];[74,117,49]
[-30,82,6];[66,103,49]
[-32,80,2];[30,57,21]
[-3,72,-21];[63,97,46]
[-11,63,0];[79,48,27]
[-34,21,-8];[46,26,13]
[-8,71,-15];[33,69,24]
[-30,80,6];[30,57,21]
[-33,61,27];[38,50,90]
[-24,48,-10];[117,128,134]
[-36,76,6];[132,146,156]
[-8,80,-4];[35,63,27]
[-8,58,-13];[74,81,90]
[-19,102,0];[143,108,38]
[-29,54,-12];[66,52,24]
[-35,46,-8];[107,89,41]
[-4,25,-7];[145,101,57]
[-10,46,-11];[123,138,148]
[-30,47,-5];[140,155,167]
[-33,79,5];[63,77,84]
[-12,54,-2];[87,98,107]
[-8,68,-3];[57,93,41]
[-30,65,11];[68,34,24]
[-3,13,1];[57,32,21]
[-32,102,-19];[49,77,33]
[-6,57,-10];[57,93,41]
[-13,73,-24];[51,60,68]
[-17,108,-2];[74,113,49]
[-7,50,-23];[49,40,33]
[-24,69,1];[74,44,24]
[-7,86,-12];[33,60,24]
[0,39,-5];[153,174,186]
[-16,106,2];[66,113,49]
[-39,10,-16];[51,28,13]
[-21,44,1];[148,162,173]
[-13,72,-23];[57,73,82]
[-25,69,-7];[27,60,18]
[-29,102,-15];[41,60,33]
[-11,107,-11];[57,97,41]
[-26,44,-10];[156,174,181]
[-30,77,6];[68,77,84]
[-40,21,-9];[68,38,27]
[-35,78,6];[87,102,112]
[-6,75,-23];[33,60,24]
[-31,84,-7];[54,86,38]
[-30,49,-7];[41,73,33]
[-13,108,-11];[57,97,41]
[-26,67,-15];[156,130,66]
[-26,72,11];[63,33,21]
[-31,96,-22];[49,77,33]
[4,26,3];[140,117,57]
[-29,22,-13];[115,73,33]
[-19,100,-20];[33,60,33]
[-31,78,-5];[24,53,21]
[1,38,1];[156,172,186]
[0,19,3];[71,41,30]
[-25,51,-9];[99,111,120]
[-7,61,-11];[51,89,43]
[-12,109,-9];[66,105,49]
[-13,100,-1];[33,60,33]
[-20,70,30];[49,73,115]
[-45,7,-24];[123,76,55]
[-22,46,-10];[115,134,148]
[-12,80,-22];[33,65,24]
[-18,78,-17];[101,63,35]
[-24,99,-1];[156,125,82]
[-14,89,-20];[156,130,66]
[-10,50,-16];[49,82,35]
[-6,49,-15];[46,74,30]
[-29,26,-10];[140,158,173]
[-12,51,-2];[90,103,112]
[-13,100,-15];[41,60,33]
[-13,99,-14];[24,40,16]
[-13,80,-19];[51,89,38]
[-26,105,-12];[33,56,24]
[-10,50,-14];[90,103,112]
[-46,9,-23];[68,38,27]
[-35,31,-16];[145,99,54]
[-9,87,-6];[33,69,33]
[-33,68,18];[107,89,57]
[-24,64,-5];[63,45,24]
[-24,66,-9];[38,70,30]
[-22,50,-10];[99,110,117]
[-26,71,-3];[90,48,24]
[-16,99,2];[104,70,24]
[-19,107,-18];[49,77,33]
[-42,2,-21];[98,63,38]
[-30,37,-9];[170,186,195]
[-20,100,-20];[33,60,33]
[-20,59,-11];[74,81,90]
[0,9,-9];[96,62,38]
[-10,99,-11];[104,67,24]
[-28,75,11];[82,40,24]
[-20,63,-12];[107,69,41]
[-37,64,17];[54,42,41]
[-30,73,11];[68,37,27]
[-15,89,-3];[126,136,142]
[-38,66,20];[62,57,54]
[-18,45,-5];[123,138,148]
[-7,69,-5];[43,75,30]
[-28,48,0];[137,151,162]
[-4,53,-11];[51,89,35]
[-17,70,25];[66,56,57]
[-11,92,-3];[90,77,74]
[-28,28,-13];[148,99,54]
[-7,37,0];[132,148,165]
[-5,47,-26];[82,48,33]
[-37,7,-20];[66,36,24]
[-11,98,-11];[107,73,24]
[29,35,1];[153,154,153]
[-33,84,-4];[51,87,35]
[-4,79,-16];[35,71,27]
[-22,61,0];[71,82,87]
[-25,106,-17];[49,81,41]
[-15,60,-14];[71,79,87]
[-30,80,-1];[33,65,24]
[-16,86,-3];[140,154,165]
[-24,99,-7];[41,60,33]
[-32,79,-6];[29,60,27]
[-25,96,-19];[33,60,33]
[-4,38,-6];[173,186,198]
[-36,74,3];[71,85,93]
[-33,50,-10];[239,235,198]
[-25,51,3];[49,85,33]
[-18,78,-19];[41,28,8]
[-35,99,-23];[57,93,41]
[-47,15,-19];[66,38,24]
[3,28,2];[57,36,16]
[-7,24,-1];[107,65,33]
[-10,54,-16];[49,86,38]
[-37,6,-18];[68,37,30]
[-12,109,-2];[90,154,66]
[-11,86,-20];[54,89,38]
[-19,82,1];[68,111,51]
[-14,74,-23];[27,57,21]
[-23,96,-7];[49,73,33]
[0,46,-20];[33,28,66]
[-28,40,0];[173,190,198]
[-20,72,-14];[57,48,24]
[3,0,4];[101,59,35]
[-35,80,6];[49,82,35]
[-23,102,-5];[33,52,24]
[-17,61,33];[82,73,74]
[-6,65,-24];[181,193,197]
[-8,106,-7];[49,81,41]
[-24,102,-5];[33,60,33]
[-15,97,-14];[24,44,24]
[-1,1,2];[115,69,41]
[-19,98,0];[156,117,41]
[-11,103,-1];[33,56,24]
[-6,74,-8];[35,69,27]
[-23,104,-5];[41,69,33]
[35,34,5];[182,182,182]
[-12,76,-22];[30,57,21]
[-8,37,-2];[145,160,173]
[-4,50,-28];[49,22,16]
[-15,88,-17];[49,36,16]
[-20,109,-4];[66,109,49]
[-15,53,-17];[63,101,46]
[-24,101,-5];[33,52,24]
[-43,0,-12];[134,89,60]
[-13,44,-9];[129,142,153]
[-12,106,1];[126,93,27]
[-44,15,-13];[71,42,30]
[-5,53,-11];[51,89,35]
[-21,79,-16];[99,60,33]
[-39,92,-22];[57,93,41]
[-47,13,-20];[66,36,24]
[-30,47,-4];[140,155,167]
[-18,110,-5];[74,121,49]
[-27,74,2];[29,60,18]
[7,9,-4];[66,36,24]
[-19,104,-20];[41,69,33]
[-3,17,-7];[93,57,35]
[-39,5,-25];[106,67,38]
[-6,100,-5];[140,105,41]
[4,48,-19];[90,81,140]
[-26,56,-4];[74,86,99]
[-11,49,-2];[115,130,140]
[-17,109,-15];[57,93,41]
[-12,58,-16];[60,99,46]
[-19,49,0];[101,114,126]
[-4,81,-19];[57,97,41]
[-27,103,-12];[33,60,33]
[-38,1,-18];[120,70,46]
[-17,84,17];[82,73,66]
[1,8,-8];[87,53,33]
[-13,65,-26];[140,150,156]
[-2,48,-6];[140,156,170]
[-19,58,-12];[74,85,90]
[-10,108,-8];[57,101,49]
[-24,81,18];[41,65,107]
[-23,58,29];[95,68,41]
[-20,109,-6];[66,105,49]
[-26,99,-23];[49,81,41]
[-35,73,3];[82,89,99]
[-13,87,-4];[87,86,87]
[-33,55,-11];[49,40,16]
[-16,91,-12];[101,111,117]
[-39,3,-6];[74,44,33]
[-33,31,-14];[162,176,189]
[-16,65,25];[74,48,33]
[-21,103,-21];[41,60,33]
[-12,91,-8];[189,154,115]
[-11,72,-16];[33,64,24]
[-31,29,-3];[115,134,148]
[-11,82,-1];[24,60,16]
[-14,80,21];[82,77,74]
[-34,75,-1];[30,57,21]
[-15,78,26];[33,44,74]
[-8,53,-24];[60,26,18]
[-9,61,-12];[66,77,82]
[-6,101,-1];[104,70,24]
[-24,63,-7];[99,61,35]
[-23,104,-21];[49,77,33]
[-35,100,-20];[49,77,33]
[-4,48,-1];[165,182,189]
[-13,85,-3];[165,182,189]
[-23,68,23];[74,60,49]
[-26,79,-13];[57,93,41]
[-38,64,21];[74,65,66]
[-33,96,-19];[41,69,33]
[-19,108,-2];[66,105,49]
[-10,100,-13];[41,60,33]
[-11,59,-23];[54,25,16]
[-25,73,-3];[24,50,18]
[-22,56,1];[79,90,99]
[-17,89,-14];[57,93,41]
[-38,95,-23];[57,97,41]
[-12,89,-8];[140,150,156]
[-11,89,-10];[65,76,82]
[-25,64,15];[82,40,24]
[-8,78,-19];[24,56,24]
[-43,2,-6];[66,38,24]
[-29,49,-6];[123,134,148]
[-34,72,13];[112,126,137]
[-25,102,-23];[49,73,33]
[-5,85,-19];[71,114,54]
[-33,35,-6];[145,162,175]
[-11,58,1];[49,89,41]
[-17,90,-13];[33,69,33]
[-23,44,1];[148,166,173]
[-25,51,-12];[54,94,41]
[-31,78,13];[90,81,74]
[-22,96,-10];[24,36,16]
[-22,71,29];[107,81,24]
[-10,72,-18];[43,52,54]
[-30,98,-24];[41,69,33]
[-18,73,-16];[115,101,49]
[-21,104,-21];[41,69,33]
[-14,110,-10];[66,105,49]
[-17,98,-16];[49,77,33]
[-27,84,2];[49,81,33]
[-21,67,-13];[63,97,46]
[-29,83,5];[63,101,46]
[-30,48,-6];[35,67,27]
[-10,103,-2];[33,48,24]
[-27,65,15];[57,20,16]
[-26,69,9];[49,32,24]
[-10,107,-8];[49,81,41]
[-14,76,-18];[24,32,49]
[10,37,-16];[80,78,79]
[-36,70,11];[156,167,178]
[-13,61,-1];[84,98,107]
[-7,98,-9];[140,105,33]
[1,2,6];[68,40,30]
[-31,77,13];[57,44,33]
[-26,75,-3];[30,56,21]
[-22,73,-14];[90,77,41]
[-14,109,-12];[66,101,49]
[-1,35,-3];[150,168,183]
[-14,51,-17];[60,99,43]
[1,0,2];[110,67,46]
[12,0,10];[107,67,43]
[-25,96,-16];[41,69,33]
[-18,105,-18];[41,60,33]
[-23,65,-2];[33,65,24]
[-34,22,-8];[71,41,21]
[-31,36,-8];[156,170,181]
[-3,8,0];[41,32,24]
[-18,105,-19];[33,56,24]
[-18,80,2];[76,121,57]
[-20,104,-20];[49,77,33]
[-18,71,2];[18,45,16]
[-20,103,-21];[41,60,33]
[-23,96,-17];[41,60,33]
[-5,47,-12];[123,138,148]
[-19,96,-11];[33,48,24]
[7,4,-3];[66,36,24]
[-5,81,-11];[46,82,38]
[-23,77,26];[175,148,54]
[-6,20,-1];[57,32,16]
[-29,22,-11];[132,89,49]
[-35,19,-10];[74,48,33]
[-4,46,-10];[140,154,165]
[-14,92,0];[181,150,107]
[-8,62,-30];[123,77,49]
[-22,96,-6];[49,73,33]
[-36,96,-19];[49,73,33]
[-2,44,-22];[33,32,66]
[-21,102,0];[33,60,33]
[-3,30,-6];[115,77,41]
[-9,61,-13];[33,65,24]
[-11,71,0];[54,91,38]
[-32,27,-8];[115,69,33]
[-6,69,-8];[30,63,21]
[4,2,1];[87,54,35]
[6,6,10];[104,63,35]
[-35,22,-7];[57,32,16]
[-11,45,-33];[49,48,90]
[-19,47,5];[38,73,27]
[-23,67,23];[38,29,18]
[-16,105,-17];[41,60,33]
[-16,108,-14];[49,89,41]
[-41,27,-8];[132,89,49]
[-5,16,-3];[66,40,24]
[-1,30,3];[140,158,173]
[-9,102,-7];[41,73,33]
[-33,68,10];[101,115,123]
[-27,52,-7];[93,107,117]
[-34,98,-19];[49,73,33]
[-12,67,29];[82,77,74]
[-16,85,1];[57,101,49]
[-23,99,-2];[115,85,57]
[-12,105,-14];[41,65,33]
[-9,102,-11];[49,81,41]
[-33,97,-24];[49,73,33]
[-16,48,3];[38,73,24]
[-18,70,2];[21,41,16]
[-27,71,-7];[84,49,30]
[-2,45,-24];[33,32,66]
[-25,70,28];[165,65,74]
[-35,96,-19];[49,77,33]
[-16,67,32];[90,82,79]
[-18,101,0];[41,69,33]
[-12,88,-5];[173,182,189]
[-20,96,-12];[33,60,33]
[10,2,12];[63,38,24]
[-36,32,-8];[156,172,186]
[-22,105,-4];[41,77,33]
[-13,66,-23];[112,125,134]
[-25,73,18];[84,42,27]
[-26,52,-11];[54,93,38]
[-40,4,-6];[82,48,33]
[-37,92,-22];[49,81,41]
[-25,70,-10];[90,50,27]
[-25,67,17];[71,34,24]
[-6,86,-5];[74,119,51]
[-20,89,-7];[132,97,74]
[-8,51,1];[35,69,27]
[-8,76,-24];[33,60,24]
[-14,100,-1];[33,60,33]
[8,0,2];[106,67,43]
[-25,107,-15];[49,81,41]
[-25,76,-1];[33,66,30]
[-36,43,-7];[41,32,8]
[-35,72,12];[148,154,165]
[-24,107,-15];[49,81,41]
[-6,46,-30];[41,28,24]
[-36,11,-20];[66,36,24]
[-35,74,9];[170,180,187]
[-24,69,18];[57,40,33]
[-16,99,-15];[33,60,33]
[-8,82,-2];[76,45,24]
[-11,68,-20];[101,114,123]
[-16,108,-2];[74,125,57]
[-35,100,-23];[57,93,41]
[-23,108,-14];[57,97,41]
[-18,70,3];[90,53,33]
[-13,109,-3];[90,142,66]
[-30,75,11];[71,36,21]
[-21,108,-16];[57,97,41]
[12,40,-14];[79,79,79]
[-22,108,-16];[57,97,49]
[-47,0,-16];[120,71,46]
[-10,87,-18];[41,73,33]
[-39,22,-7];[109,66,30]
[-4,46,-31];[82,56,33]
[-21,76,-18];[148,130,57]
[-16,60,1];[74,85,90]
[-9,63,-22];[73,83,90]
[-7,50,-26];[46,28,16]
[-30,42,-2];[156,170,181]
[-15,73,-22];[41,73,33]
[-17,56,-13];[74,85,90]
[-15,69,20];[107,73,41]
[-10,79,-18];[27,54,18]
[-2,45,-22];[41,32,66]
[-10,75,29];[140,125,123]
[-35,69,15];[98,75,49]
[-24,103,-7];[33,56,24]
[-18,91,-4];[189,154,115]
[-5,35,1];[123,140,156]
[-41,92,-19];[57,93,41]
[-20,82,0];[66,109,49]
[-4,49,-29];[82,52,33]
[-17,83,-16];[255,255,156]
[-35,93,-22];[49,77,33]
[-12,81,1];[68,105,51]
[-15,76,-17];[8,8,0]
[-7,73,-24];[71,85,93]
[-35,75,17];[90,81,82]
[-32,73,1];[49,60,66]
[-46,8,-16];[68,38,27]
[-23,107,-16];[49,81,41]
[-6,55,-11];[82,93,99]
[-21,96,-11];[41,60,33]
[-8,42,1];[143,159,173]
[-16,94,0];[44,38,32]
[-17,49,-1];[84,98,107]
[-4,61,-28];[112,67,46]
[-18,96,-13];[33,60,33]
[-7,82,-6];[35,67,27]
[-11,100,-3];[49,77,33]
[-33,98,-18];[33,60,33]
[-11,62,-25];[54,64,71]
[-8,67,-23];[140,150,156]
[-2,39,3];[140,158,173]
[3,29,-3];[140,162,173]
[-29,78,21];[134,120,115]
[-14,55,-17];[63,105,46]
[-18,68,19];[79,49,33]
[-3,75,-20];[54,86,38]
[-35,32,-12];[107,65,33]
[-4,35,-2];[134,152,167]
[-32,66,14];[84,42,27]
[-17,110,-12];[66,109,49]
[-11,45,-30];[74,65,123]
[-26,88,-5];[57,93,41]
[-28,86,-9];[49,83,38]
[-23,68,-13];[33,36,57]
[-26,97,-22];[33,48,24]
[-17,48,-1];[82,97,107]
[2,28,0];[156,174,186]
[-22,103,-22];[41,60,33]
[-17,68,26];[68,60,60]
[-38,0,-6];[132,85,57]
[-26,98,-14];[33,56,24]
[-11,95,1];[198,158,123]
[-39,94,-22];[57,97,49]
[-6,30,0];[140,155,167]
[-33,59,27];[8,32,74]
[-36,32,-10];[156,170,181]
[-24,88,-7];[66,105,49]
[6,8,-6];[63,34,21]
[-15,100,4];[115,81,24]
[-32,31,-15];[148,103,57]
[-21,42,1];[150,164,175]
[2,2,3];[87,54,35]
[-19,98,-2];[101,67,24]
[-29,29,-13];[99,60,33]
[-33,68,9];[123,137,148]
[-9,42,-8];[153,168,181]
[-14,65,25];[107,73,41]
[-3,3,-3];[68,41,30]
[-29,96,-22];[41,69,33]
[-8,55,-30];[98,34,27]
[-30,22,-11];[134,89,43]
[-6,56,-10];[79,90,99]
[-30,50,-6];[43,79,33]
[-6,81,-23];[57,97,41]
[-29,101,-15];[41,60,33]
[-9,41,-7];[156,174,181]
[-5,46,1];[165,179,189]
[-24,72,18];[49,20,16]
[-35,28,-17];[63,38,24]
[-21,95,-10];[49,73,33]
[6,12,3];[109,71,43]
[-8,57,-13];[74,81,90]
[-18,66,26];[204,204,204]
[-3,52,-9];[49,83,35]
[-22,69,23];[84,71,68]
[-26,41,1];[175,191,200]
[-25,65,-9];[33,65,24]
[-29,62,24];[62,41,32]
[-41,2,-18];[99,65,41]
[-14,58,-16];[60,103,43]
[-22,98,-21];[33,60,33]
[-14,70,1];[32,71,27]
[-30,73,2];[41,52,57]
[-38,4,-22];[115,69,41]
[-36,31,-11];[115,65,33]
[-42,25,-15];[66,36,24]
[4,10,-8];[71,41,30]
[-27,45,-9];[156,170,181]
[-33,77,0];[30,57,21]
[-19,100,1];[120,86,24]
[-2,48,-2];[167,183,192]
[-11,59,1];[66,111,49]
[-22,55,-14];[60,97,43]
[-20,42,-8];[140,155,167]
[-25,64,17];[60,26,18]
[-16,53,3];[43,75,27]
[-12,61,-26];[65,36,21]
[-10,42,-1];[142,158,170]
[-5,51,-3];[142,159,167]
[-13,69,28];[132,121,115]
[6,28,-2];[142,99,51]
[-24,100,-23];[41,60,33]
[-1,42,1];[173,190,198]
[-25,104,-9];[41,60,33]
[-17,88,-4];[148,158,165]
[-24,102,-7];[41,65,33]
[-6,58,-8];[79,87,96]
[-24,98,-21];[41,60,33]
[-31,58,-11];[24,24,33]
[-1,29,3];[109,68,38]
[-20,71,-14];[24,24,0]
[-9,54,-15];[74,89,99]
[-30,38,-1];[159,176,189]
[-15,109,-13];[57,101,49]
[-3,27,3];[71,40,21]
[-15,74,-20];[33,65,24]
[-30,103,-19];[49,73,33]
[-27,75,-9];[51,83,35]
[-27,73,10];[60,30,18]
[-22,51,-10];[84,98,107]
[-33,16,-17];[66,36,24]
[-17,107,-1];[66,117,49]
[-19,100,-19];[33,52,24]
[-6,74,-25];[30,56,21]
[-8,95,-5];[165,134,82]
[-26,103,-23];[49,73,33]
[0,0,-4];[82,49,29]
[-8,67,-26];[181,192,197]
[0,26,-9];[123,81,41]
[-32,42,-3];[148,170,181]
[-39,30,-12];[120,79,38]
[-6,26,1];[128,85,43]
[-13,79,-19];[49,36,8]
[-35,56,23];[57,48,49]
[-19,89,-5];[164,176,187]
[-22,96,-8];[49,81,41]
[4,50,-17];[66,60,115]
[-20,104,0];[41,60,33]
[-13,103,6];[173,146,49]
[-22,95,-9];[49,73,33]
[5,0,9];[107,70,46]
[-32,19,-16];[60,34,18]
[-13,74,-23];[41,48,57]
[-7,55,-14];[54,97,46]
[-19,108,-17];[49,89,41]
[-20,94,-10];[49,77,33]
[-7,81,-6];[38,74,30]
[-6,24,-4];[38,22,13]
[-22,109,-7];[57,97,41]
[-26,99,-12];[33,56,24]
[-27,79,-12];[60,95,43]
[0,29,-3];[99,60,33]
[-5,85,-18];[71,117,54]
[-13,74,-26];[30,57,21]
[-6,102,-1];[107,69,24]
[-24,107,-18];[49,85,41]
[-36,77,5];[82,89,99]
[-40,26,-17];[74,44,33]
[-28,78,4];[33,60,24]
[-26,40,0];[173,190,198]
[-29,49,0];[46,82,35]
[-39,90,-22];[49,85,41]
[-23,106,-6];[49,81,41]
[-31,102,-18];[49,81,41]
[-27,70,20];[71,64,62]
[-13,79,-22];[35,67,27]
[-26,46,-10];[145,163,170]
[-8,101,-8];[159,127,49]
[-18,83,17];[71,66,63]
[-11,51,-3];[96,106,117]
[-13,104,1];[33,48,24]
[-17,100,-1];[41,69,33]
[-1,44,-7];[150,167,183]
[-5,23,3];[112,70,32]
[-18,87,1];[46,83,38]
[-28,43,-9];[165,180,189]
[-47,14,-21];[66,37,27]
[-25,101,-8];[33,56,24]
[-22,59,-9];[74,81,90]
[-34,72,0];[41,73,33]
[-1,25,-9];[140,97,49]
[-14,92,-12];[109,73,24]
[-37,28,-9];[104,109,115]
[-12,88,-16];[93,56,35]
[-9,55,-4];[84,98,107]
[-9,51,-15];[87,99,107]
[-21,50,-11];[90,102,109]
[-24,65,20];[74,32,24]
[-2,34,-4];[178,194,203]
[-5,52,-3];[134,148,159]
[-37,23,-7];[90,56,33]
[-13,82,-1];[161,175,186]
[-29,76,5];[49,60,66]
[-34,69,15];[132,81,57]
[-24,97,-12];[24,44,24]
[-8,99,-12];[189,162,132]
[-7,53,-28];[74,40,24]
[-29,100,-15];[41,60,33]
[-21,98,-19];[33,60,33]
[-20,96,-13];[33,48,24]
[-21,88,-1];[66,109,49]
[-21,68,-12];[57,89,41]
[-12,100,-13];[24,40,16]
[-40,11,-25];[90,52,33]
[-11,104,-12];[49,77,33]
[-16,97,-14];[49,77,33]
[-8,86,-7];[68,45,35]
[-1,46,-28];[74,48,33]
[-34,78,1];[30,56,21]
[-9,88,-8];[33,68,30]
[-1,1,1];[120,74,46]
[-19,90,-10];[107,117,123]
[-21,43,-9];[142,155,167]
[-12,89,-12];[35,71,27]
[-17,86,-19];[24,20,8]
[-21,89,-12];[57,93,41]
[-16,86,-2];[165,186,198]
[-44,2,-19];[107,69,41]
[-17,84,-16];[16,16,8]
[-31,28,-3];[123,142,156]
[-12,52,-15];[79,91,99]
[-25,60,-4];[51,89,43]
[-13,103,-15];[33,60,24]
[-32,99,-17];[49,77,33]
[-47,4,-10];[68,40,27]
[-22,96,-18];[41,60,33]
[-20,94,-8];[104,74,27]
[-24,73,-15];[74,60,24]
[-7,100,-3];[107,69,24]
[-10,60,-14];[43,77,35]
[-14,63,2];[71,42,24]
[-21,104,-1];[33,48,24]
[-26,76,5];[41,77,33]
[-2,31,-6];[165,182,195]
[-18,93,-2];[49,36,33]
[-13,98,-14];[24,40,16]
[-27,46,-9];[150,167,175]
[-31,72,1];[30,57,21]
[-27,104,-15];[41,69,33]
[-5,79,-16];[38,66,30]
[-6,47,-13];[117,128,140]
[-31,99,-24];[49,73,33]
[-9,75,-25];[60,68,74]
[-14,86,-19];[33,20,8]
[-23,96,-6];[33,60,33]
[-13,48,-16];[51,87,35]
[-23,63,-1];[93,61,35]
[-21,41,-6];[140,156,170]
[-35,99,-19];[49,77,33]
[-25,66,-5];[27,56,18]
[-29,97,-17];[33,48,24]
[-12,77,24];[82,73,74]
[-11,73,-16];[30,57,21]
[-12,61,0];[82,83,82]
[-29,74,4];[46,56,62]
[-27,82,15];[90,79,79]
[-44,3,-23];[84,49,30]
[-21,48,-10];[96,110,120]
[-16,85,19];[198,182,173]
[-23,72,-13];[140,121,57]
[-7,83,-8];[38,69,27]
[-9,75,-17];[33,65,24]
[-26,69,-6];[82,46,27]
[-26,105,-10];[41,69,33]
[-24,56,-11];[60,97,43]
[-23,97,-12];[33,60,33]
[-2,47,-2];[173,186,198]
[-38,5,-10];[99,56,33]
[-12,56,-16];[60,97,46]
[-6,42,-27];[173,134,90]
[-29,73,1];[30,56,21]
[-6,52,-29];[96,32,30]
[-32,31,-14];[165,180,192]
[-21,72,3];[90,56,33]
[-32,96,-23];[49,77,33]
[-22,101,-22];[41,60,33]
[-15,88,-20];[66,52,24]
[-8,37,-1];[132,151,165]
[-20,107,-17];[49,77,33]
[-30,97,-24];[41,60,33]
[-10,53,-26];[71,37,24]
[-40,88,-20];[57,93,41]
[-7,49,-24];[46,22,18]
[-13,65,-15];[24,52,21]
[3,29,-1];[156,172,186]
[-20,110,-10];[66,109,49]
[-9,104,-10];[49,73,33]
[-41,17,-24];[90,52,33]
[-24,56,1];[43,75,33]
[-19,103,1];[33,60,33]
[-15,84,0];[41,73,33]
[-36,96,-24];[49,81,41]
[-24,36,-2];[156,174,189]
[-22,45,1];[145,160,170]
[-21,102,-22];[33,60,33]
[-7,24,0];[132,89,49]
[-21,109,-12];[57,101,49]
[-16,73,4];[107,65,41]
[-32,20,-9];[123,81,33]
[-14,97,1];[140,101,66]
[-34,47,-11];[140,117,41]
[-12,66,0];[115,89,33]
[-45,8,-26];[132,85,57]
[-8,80,-3];[41,73,33]
[-11,99,-12];[33,60,33]
[-19,85,17];[189,174,173]
[-16,54,-17];[60,99,43]
[-19,110,-7];[66,113,49]
[-20,57,3];[66,105,49]
[-11,43,-3];[140,155,167]
[-5,63,-26];[77,42,29]
[-30,73,10];[71,38,27]
[-13,100,4];[99,67,24]
[-14,88,-4];[231,231,239]
[-23,108,-7];[57,93,41]
[-13,43,-7];[140,154,165]
[-40,89,-19];[57,93,41]
[-5,47,-14];[43,77,33]
[-27,100,-14];[33,60,33]
[0,1,3];[123,77,49]
[-32,83,4];[57,93,41]
[-34,58,27];[71,67,68]
[-10,105,0];[33,56,24]
[-31,79,7];[30,60,21]
[8,8,-1];[68,38,27]
[-30,62,30];[132,105,41]
[-4,86,-8];[60,97,40]
[-18,46,3];[46,86,33]
[-36,33,-13];[132,89,49]
[-8,70,-18];[33,60,24]
[-21,64,-12];[99,65,41]
[-38,32,-12];[117,75,35]
[-15,47,-2];[90,101,115]
[-11,101,-2];[33,48,24]
[-17,100,-17];[33,60,33]
[2,51,-18];[41,40,82]
[-26,56,-7];[76,90,99]
[-9,72,-1];[41,73,33]
[-31,77,0];[30,57,21]
[-8,107,-5];[66,105,49]
[-22,81,-15];[60,95,43]
[-28,98,-23];[49,81,41]
[0,37,-23];[66,60,132]
[-40,27,-16];[66,38,24]
[-2,25,-7];[41,36,33]
[-24,62,-5];[21,49,18]
[-29,74,25];[132,105,41]
[-39,26,-17];[79,49,33]
[-7,79,-16];[30,57,21]
[-26,74,14];[74,36,24]
[-29,44,-1];[148,166,181]
[-7,43,-30];[173,134,82]
[-6,69,-5];[33,69,24]
[-26,68,-7];[38,22,13]
[-6,101,-2];[104,69,24]
[-12,102,-14];[41,60,33]
[-4,52,-6];[129,146,153]
[-20,110,-11];[66,105,49]
[-14,75,-18];[54,90,38]
[9,40,-14];[74,74,74]
[-29,65,16];[148,56,41]
[-28,72,15];[123,73,49]
[-10,72,29];[84,77,76]
[-46,4,-21];[117,71,43]
[-20,42,-6];[140,154,165]
[-14,73,-21];[24,52,16]
[-20,89,-13];[57,93,41]
[-25,53,1];[41,77,33]
[-17,47,-3];[84,95,106]
[-23,38,-8];[142,159,173]
[-27,75,3];[33,60,24]
[-5,36,-4];[159,176,189]
[-22,79,1];[51,87,35]
[-35,16,-20];[63,34,21]
[-7,74,-25];[76,85,93]
[-10,79,0];[24,56,21]
[-30,33,-1];[186,204,211]
[-40,30,-11];[120,79,41]
[4,27,2];[115,77,41]
[-38,3,-21];[115,69,41]
[-19,65,32];[33,56,90]
[-12,50,1];[49,85,33]
[-4,54,-25];[71,36,27]
[-27,30,-7];[123,142,156]
[-37,27,-17];[82,52,33]
[-27,49,-12];[49,85,33]
[-12,106,-13];[49,77,33]
[-20,49,1];[107,121,132]
[1,39,-2];[156,171,183]
[-23,108,-13];[57,93,41]
[-42,23,-18];[68,38,27]
[-45,10,-26];[74,44,33]
[1,29,-2];[107,65,33]
[-14,96,-13];[41,69,33]
[-19,109,-3];[66,113,49]
[-27,105,-19];[49,77,33]
[-23,61,-8];[66,81,82]
[-13,82,-21];[41,36,16]
[-36,98,-19];[49,77,33]
[-22,106,-3];[57,97,41]
[-18,97,-15];[49,77,33]
[-5,79,-10];[51,82,35]
[-10,67,0];[71,117,54]
[-16,104,2];[134,101,33]
[-4,43,-30];[65,38,27]
[-25,100,-10];[33,60,33]
[-8,104,-9];[33,56,24]
[-27,57,-7];[49,86,35]
[-37,97,-23];[57,97,41]
[-33,82,11];[198,182,173]
[1,33,-5];[156,172,181]
[-12,44,-3];[140,154,165]
[-7,77,-26];[51,83,35]
[-7,73,-20];[82,85,82]
[-35,95,-19];[49,73,33]
[-28,97,-17];[33,56,24]
[-33,52,26];[43,36,35]
[-6,86,-7];[107,65,33]
[-19,107,-17];[49,81,41]
[-30,44,-8];[156,170,181]
[-22,46,1];[140,150,165]
[-28,44,0];[165,179,189]
[-21,65,-13];[35,66,27]
[-36,75,-1];[51,87,38]
[-4,34,-3];[178,196,203]
[-42,3,-23];[79,49,30]
[-5,36,2];[129,147,162]
[-9,47,-12];[107,125,132]
[-12,100,2];[198,158,115]
[-26,99,-24];[49,81,41]
[-35,13,-18];[57,34,21]
[-7,71,-25];[104,114,120]
[-29,65,12];[71,37,24]
[-36,26,-8];[156,174,186]
[-36,80,2];[57,98,41]
[-26,96,-18];[33,56,24]
[-30,48,-3];[137,152,165]
[-25,45,1];[156,172,181]
[-12,64,-25];[115,122,131]
[-9,64,-12];[63,46,24]
[-13,67,-26];[137,147,154]
[2,30,1];[159,175,183]
[-22,68,17];[41,24,16]
[-12,82,-20];[74,60,33]
[2,31,1];[162,175,186]
[-23,66,24];[82,59,41]
[-17,53,0];[87,99,112]
[-14,109,-5];[82,130,57]
[-7,80,-3];[107,65,33]
[-31,69,10];[77,42,29]
[-28,25,-11];[120,78,38]
[-11,55,-15];[74,87,96]
[-17,47,-2];[90,105,115]
[-13,110,-6];[74,130,57]
[-6,73,-17];[38,73,27]
[-25,62,25];[132,97,66]
[-31,74,11];[82,97,107]
[6,26,0];[145,99,54]
[-14,63,21];[181,150,115]
[-33,74,9];[132,146,148]
[-3,8,-1];[63,34,21]
[-38,96,-19];[57,93,41]
[-17,67,22];[71,42,27]
[-11,62,-22];[57,65,74]
[-21,78,19];[123,113,107]
[-9,79,0];[76,45,21]
[-8,74,-16];[24,52,16]
[-17,97,-14];[41,69,33]
[-46,0,-7];[129,81,54]
[-19,106,-1];[57,97,49]
[-46,2,-9];[66,38,24]
[-28,104,-21];[49,85,41]
[-18,110,-10];[66,109,49]
[-24,96,-14];[33,56,24]
[-36,31,-6];[156,170,181]
[-17,73,2];[24,52,16]
[-10,108,-3];[82,130,57]
[-32,102,-21];[57,93,41]
[-14,110,-9];[66,113,49]
[-26,105,-17];[49,77,33]
[-13,109,-4];[82,130,57]
[-12,63,-25];[104,114,120]
[-14,49,-1];[90,99,109]
[-25,106,-19];[49,81,41]
[-11,72,1];[54,90,43]
[-26,105,-18];[49,81,41]
[-14,75,2];[21,50,16]
[-22,69,20];[49,22,16]
[-18,71,-16];[132,109,49]
[-10,56,-27];[99,56,41]
[-19,72,2];[43,75,33]
[-41,2,-6];[63,38,24]
[-17,101,-19];[33,52,24]
[-24,103,-22];[41,65,33]
[2,46,-20];[74,65,115]
[-12,102,-1];[33,60,24]
[-23,82,0];[43,79,35]
[-41,8,-14];[87,50,33]
[-9,100,-7];[107,69,24]
[-30,30,-15];[142,95,51]
[0,37,-3];[156,174,181]
[-35,80,-1];[38,73,27]
[-11,51,0];[35,71,27]
[-10,72,-26];[107,121,128]
[-9,40,-6];[156,174,189]
[-22,39,-4];[145,160,173]
[-28,98,-16];[33,60,33]
[-4,25,-8];[145,99,54]
[-22,59,-10];[74,81,90]
[-31,72,3];[57,69,74]
[-16,48,-10];[87,102,112]
[-26,96,-20];[33,60,33]
[-34,41,-9];[41,32,8]
[-3,9,-7];[99,65,41]
[-35,76,8];[165,178,189]
[-33,84,-2];[51,89,35]
[-23,53,-10];[79,91,99]
[-38,26,-7];[57,32,16]
[-21,101,-22];[41,60,33]
[-24,42,-9];[150,167,181]
[-13,96,-13];[49,73,33]
[-13,53,-17];[57,98,46]
[14,37,-12];[143,144,145]
[-5,81,-12];[46,81,38]
[-32,75,0];[33,60,24]
[-23,109,-11];[57,97,41]
[-25,50,3];[60,98,41]
[-36,80,6];[16,44,8]
[-13,91,-11];[120,133,143]
[-13,73,-18];[24,52,16]
[-6,39,3];[142,158,167]
[-27,97,-16];[33,60,33]
[-34,75,17];[33,52,82]
[-9,66,-28];[184,190,195]
[-22,96,-14];[24,44,24]
[-29,102,-16];[41,69,33]
[-36,97,-24];[57,93,41]
[-17,68,21];[66,40,24]
[-33,27,-5];[165,182,198]
[-42,26,-9];[112,70,32]
[-33,95,-19];[49,73,33]
[-29,68,9];[60,29,18]
[-31,25,-7];[156,170,181]
[-29,83,4];[57,89,41]
[-39,6,-11];[101,57,35]
[-32,34,-10];[189,203,214]
[-13,75,-22];[30,57,21]
[-23,100,-2];[198,166,140]
[-9,53,-4];[99,113,123]
[-28,100,-14];[33,56,24]
[-13,68,-23];[107,121,132]
[-15,89,-13];[38,73,30]
[-16,59,-15];[60,99,43]
[-17,101,0];[41,69,33]
[-31,22,-9];[71,38,21]
[-7,46,-29];[33,28,57]
[-11,101,-13];[33,56,24]
[-9,77,1];[68,49,21]
[-9,107,-7];[33,56,24]
[-32,72,2];[57,69,74]
[-4,53,-22];[84,26,21]
[-20,76,2];[57,95,41]
[-9,50,-1];[123,138,148]
[-34,73,13];[33,24,24]
[-7,77,-13];[24,52,16]
[6,10,-6];[66,37,24]
[-30,96,-20];[49,77,33]
[-21,70,1];[27,53,18]
[-7,51,-2];[126,142,150]
[7,0,-1];[90,55,35]
[-5,82,-12];[38,73,29]
[-22,70,22];[66,56,57]
[-23,73,29];[132,105,41]
[-7,86,-4];[57,101,49]
[-33,23,-7];[71,40,21]
[-20,78,2];[66,105,49]
[-25,79,3];[33,69,24]
[-9,70,-15];[27,57,18]
[-22,96,-7];[41,69,33]
[-36,75,7];[167,174,183]
[-33,83,1];[49,81,35]
[-9,101,-8];[104,67,24]
[-27,76,2];[33,60,24]
[-25,71,-2];[51,29,24]
[-27,50,-1];[115,125,140]
[-24,107,-11];[49,77,33]
[-16,99,-16];[41,69,33]
[-6,55,-12];[57,97,41]
[-29,78,-6];[24,54,18]
[-22,97,-10];[41,60,33]
[-5,86,-16];[66,109,49]
[-5,38,3];[134,152,167]
[-27,74,-7];[33,65,24]
[-34,74,11];[173,178,189]
[-33,100,-19];[49,73,33]
[-6,78,-10];[46,81,35]
[-33,52,-9];[99,81,33]
[1,35,-24];[49,48,90]
[-24,98,-12];[24,44,16]
[-25,107,-14];[49,81,41]
[-6,70,-11];[38,75,30]
[-23,100,-23];[41,60,33]
[-20,70,23];[66,60,57]
[-27,105,-15];[49,77,33]
[-15,90,-3];[198,207,214]
[2,44,-24];[115,113,189]
[-26,100,-13];[33,56,24]
[-33,82,-6];[41,77,33]
[-15,69,27];[68,59,54]
[-11,65,-27];[137,150,159]
[-14,84,-2];[159,175,184]
[-20,55,-15];[60,95,43]
[-28,65,15];[74,36,24]
[-13,73,-19];[35,63,27]
[-23,81,1];[49,89,41]
[3,10,-8];[74,44,33]
[-16,110,-11];[66,105,49]
[-21,109,-14];[57,97,41]
[-13,97,-14];[41,69,33]
[-27,31,-8];[132,150,165]
[-23,108,-16];[49,89,41]
[-36,76,4];[90,101,107]
[-46,5,-11];[79,46,33]
[0,20,3];[68,38,27]
[10,0,8];[123,77,49]
[-33,72,22];[49,73,115]
[-25,102,-9];[41,60,33]
[-5,46,-27];[33,32,74]
[-10,65,-14];[30,57,21]
[-28,78,8];[49,85,41]
[-12,49,-17];[51,91,35]
[-19,101,-20];[33,56,24]
[-32,25,-5];[123,81,38]
[-6,69,-6];[38,70,30]
[-20,108,-16];[66,101,49]
[-25,106,-13];[41,69,33]
[-36,26,-4];[115,73,41]
[-5,30,-4];[165,179,192]
[-23,83,-14];[63,102,46]
[-26,96,-17];[33,60,33]
[-36,93,-20];[49,77,33]
[-33,72,-1];[38,68,30]
[-18,102,1];[156,125,49]
[-23,51,2];[104,118,129]
[-21,51,-14];[54,89,38]
[-16,102,0];[49,73,33]
[-7,57,-8];[79,90,99]
[-23,58,-9];[74,85,90]
[0,35,-3];[156,170,181]
[-10,87,-8];[46,74,30]
[-38,62,18];[107,101,99]
[-10,46,-1];[142,156,167]
[-30,66,15];[107,60,41]
[4,30,0];[107,65,33]
[-21,70,20];[49,22,16]
[6,43,-18];[57,57,57]
[-13,104,-14];[33,60,24]
[-17,77,2];[66,105,49]
[-36,99,-20];[49,89,41]
[-12,105,5];[173,142,57]
[-25,71,0];[82,46,21]
[-17,71,2];[24,44,16]
[6,17,-1];[71,42,27]
[-11,63,-27];[115,130,140]
[-18,104,1];[49,73,33]
[-12,75,-21];[24,56,24]
[-28,96,-21];[41,60,33]
[-17,105,-19];[41,65,33]
[-13,66,-25];[115,130,132]
[-4,80,-16];[38,74,30]
[-13,88,-16];[96,60,38]
[-39,89,-20];[57,93,41]
[-12,82,-19];[41,36,16]
[3,30,-6];[120,78,38]
[-6,63,-28];[79,44,29]
[-14,48,-3];[87,102,112]
[-33,101,-20];[49,81,41]
[-7,72,-2];[43,78,35]
[-12,54,-15];[74,87,96]
[-41,90,-21];[66,105,49]
[-7,67,-24];[156,166,173]
[2,24,-7];[60,32,18]
[-13,67,20];[49,44,33]
[-9,104,5];[128,98,29]
[-31,45,-4];[145,160,178]
[-27,102,-12];[33,52,24]
[-40,91,-22];[57,93,41]
[-22,71,1];[38,71,30]
[-20,75,2];[57,101,41]
[-5,42,-28];[115,81,41]
[-23,56,-13];[60,98,43]
[-4,76,-23];[51,87,35]
[-36,25,-5];[117,74,35]
[-26,73,-10];[49,32,24]
[-27,49,0];[129,143,153]
[-26,104,-21];[49,81,41]
[-10,73,-25];[63,75,84]
[-29,74,-1];[33,60,24]
[-6,31,-1];[145,162,175]
[-6,50,1];[33,67,27]
[-34,98,-24];[49,81,41]
[-24,65,-4];[21,44,13]
[-17,87,0];[41,73,33]
[-13,82,0];[35,70,27]
[-1,41,-6];[156,174,186]
[-27,87,0];[60,101,43]
[-39,3,-23];[104,64,43]
[-28,65,22];[74,52,33]
[-24,66,13];[57,24,13]
[-7,86,-7];[110,68,38]
[-35,79,-2];[43,79,35]
[0,41,-23];[49,40,82]
[-31,71,7];[65,76,85]
[-27,56,-5];[51,87,41]
[-24,56,-12];[63,102,46]
[-16,47,-4];[90,103,112]
[-17,53,3];[46,82,38]
[-6,88,-10];[71,119,54]
[-22,40,-1];[156,174,189]
[-2,49,-4];[156,170,181]
[-16,107,1];[66,113,49]
[-13,66,-24];[120,133,142]
[-35,52,26];[54,46,46]
[-13,109,-1];[90,154,66]
[-5,44,3];[148,167,183]
[-10,100,-8];[41,65,24]
[-16,58,-14];[74,81,90]
[-15,75,-23];[35,70,27]
[-14,77,-21];[30,57,21]
[-24,54,-9];[82,94,101]
[-11,82,-21];[66,56,33]
[-30,34,-1];[178,196,203]
[-23,59,0];[71,81,90]
[-14,95,-12];[126,94,35]
[-7,64,-23];[107,121,132]
[-47,6,-15];[66,40,24]
[20,38,-5];[113,113,113]
[-9,103,-3];[24,44,16]
[-8,83,-5];[33,65,24]
[-14,106,-14];[49,77,33]
[-5,50,-24];[46,28,16]
[-25,105,-20];[49,85,41]
[-13,108,-1];[82,134,57]
[-24,49,1];[123,134,148]
[-23,102,-22];[41,60,33]
[1,25,4];[107,73,41]
[-23,90,-7];[68,107,51]
[-19,79,-16];[24,32,49]
[-29,50,-1];[57,99,41]
[11,5,5];[77,45,29]
[-6,46,-14];[35,67,27]
[-34,97,-19];[49,73,33]
[-8,74,-15];[24,52,16]
[-14,48,-12];[93,103,109]
[-22,104,-2];[41,69,33]
[-22,88,-7];[33,73,24]
[-6,66,-8];[29,57,21]
[12,38,-13];[90,90,90]
[-3,21,-7];[99,60,41]
[-20,90,-12];[71,118,54]
[-37,3,-9];[68,41,27]
[-18,99,-18];[33,48,24]
[1,41,-4];[156,170,181]
[-30,67,9];[49,26,18]
[-2,30,3];[134,152,167]
[-37,22,-8];[51,29,16]
[-27,74,-10];[41,73,33]
[-23,80,-14];[57,93,41]
[-34,32,-14];[159,113,63]
[-27,74,13];[82,44,33]
[0,38,-4];[148,167,181]
[-9,89,-8];[46,82,38]
[-13,109,-8];[66,109,49]
[-17,75,28];[41,73,115]
[-8,105,-5];[41,37,27]
[-28,75,4];[30,63,27]
[-21,69,23];[82,73,74]
[-9,102,-5];[49,77,33]
[-24,104,-7];[33,60,24]
[-17,84,-18];[24,24,8]
[-13,89,-10];[132,97,74]
[-32,29,-12];[41,36,33]
[-21,100,-2];[104,67,24]
[-30,64,28];[66,60,57]
[5,2,4];[115,71,46]
[-38,6,-10];[104,62,38]
[-24,35,-6];[132,150,165]
[-26,56,-3];[74,86,96]
[-22,69,2];[68,38,24]
[-14,99,-14];[41,60,33]
[-9,108,-5];[57,97,49]
[-20,109,-15];[57,97,41]
[-40,3,-23];[82,52,33]
[-28,30,-6];[120,136,153]
[-24,64,15];[74,36,24]
[-38,30,-7];[156,105,57]
[-38,96,-22];[66,105,49]
[-17,107,1];[66,109,49]
[-24,105,-21];[49,77,33]
[-11,106,0];[109,77,21]
[-17,100,-18];[33,52,24]
[-6,78,-23];[63,98,46]
[-28,78,-11];[51,85,35]
[-13,89,-11];[132,97,74]
[-22,57,1];[74,87,96]
[-17,81,-17];[49,36,8]
[0,10,-8];[87,53,33]
[-2,23,-7];[87,50,33]
[-16,104,1];[57,97,49]
[-24,61,-2];[57,93,41]
[-27,98,-23];[49,77,33]
[-16,101,-18];[33,60,33]
[-31,79,-6];[33,65,24]
[-8,54,-15];[51,83,35]
[-23,56,-9];[74,85,93]
[-17,54,-13];[74,86,93]
[-32,84,-6];[54,93,38]
[4,30,2];[123,81,41]
[-22,98,-3];[173,138,99]
[-28,85,-10];[51,86,38]
[-22,67,18];[46,28,18]
[-9,105,-10];[24,40,16]
[-26,50,0];[115,130,140]
[-18,106,1];[57,93,41]
[-36,69,15];[65,57,57]
[-6,51,1];[49,93,41]
[-10,108,-4];[74,121,57]
[-8,105,-3];[33,48,24]
[-10,103,-11];[41,60,33]
[-15,74,-21];[33,65,24]
[-22,103,-2];[49,77,33]
[-6,75,-21];[24,48,16]
[-21,65,25];[204,204,204]
[-23,80,16];[123,93,57]
[-25,42,1];[165,182,189]
[-26,48,3];[54,97,38]
[-16,95,-13];[49,77,33]
[-17,49,-11];[82,95,104]
[-31,28,-12];[99,56,24]
[-9,106,-9];[33,48,24]
[-47,5,-17];[66,40,24]
[4,29,2];[161,117,68]
[-5,43,-24];[145,110,57]
[-30,81,1];[30,57,21]
[-15,94,-12];[107,69,24]
[-6,86,-12];[87,52,30]
[-30,101,-17];[49,77,33]
[-3,18,2];[66,38,24]
[-23,107,-18];[49,77,33]
[-21,43,1];[148,162,173]
[-15,54,-14];[74,82,90]
[-9,53,0];[38,73,30]
[-15,90,-12];[115,125,132]
[-24,61,-5];[68,79,82]
[-30,69,10];[68,36,21]
[-27,77,-5];[30,60,21]
[-16,49,-1];[90,103,112]
[-27,97,-17];[33,56,24]
[-28,34,-9];[137,154,167]
[-21,104,0];[57,93,41]
[-15,93,1];[173,142,99]
[-36,3,-11];[71,42,27]
[-14,54,-14];[74,83,90]
[-29,50,-6];[43,73,33]
[-2,2,0];[140,93,66]
[-38,60,21];[106,95,93]
[-41,25,-16];[66,40,24]
[-24,89,-9];[41,77,24]
[-24,97,-14];[33,56,24]
[-17,110,-7];[74,125,49]
[-12,107,1];[90,150,66]
[-19,108,-3];[66,109,49]
[-21,53,-14];[63,98,46]
[-20,90,-8];[132,97,74]
[-12,75,-24];[24,52,16]
[-19,106,-18];[41,60,33]
[-3,53,-7];[46,83,33]
[-31,86,-6];[51,91,35]
[-10,55,-15];[74,87,96]
[-20,71,30];[57,85,123]
[-10,54,-15];[79,89,99]
[-20,94,-9];[120,87,30]
[10,6,5];[82,51,29]
[-29,103,-22];[57,89,41]
[-21,83,0];[63,105,46]
[-23,61,0];[41,73,33]
[-7,40,-7];[170,187,195]
[-28,30,-5];[117,138,150]
[-35,18,-21];[66,36,24]
[-24,61,31];[24,28,57]
[-14,102,0];[49,77,33]
[-15,102,-16];[33,60,33]
[-24,100,-5];[24,44,24]
[0,29,3];[107,69,33]
[-17,109,-14];[57,97,41]
[-12,107,0];[90,150,66]
[-10,102,3];[123,89,33]
[-9,40,-1];[140,158,173]
[-25,59,-6];[74,81,90]
[-20,90,-6];[132,142,148]
[-15,47,-3];[90,102,112]
[-9,72,28];[79,74,71]
[-7,75,-16];[41,69,33]
[8,7,2];[76,45,33]
[-22,72,0];[38,66,30]
[-13,86,-4];[145,162,170]
[-14,69,-15];[41,77,33]
[-11,77,-18];[38,70,24]
[-6,33,1];[132,152,165]
[-10,89,-11];[43,82,35]
[-11,108,-1];[82,142,66]
[-20,89,-2];[46,82,38]
[-22,76,1];[46,81,38]
[-40,17,-24];[82,48,33]
[-8,103,-10];[33,60,33]
[-10,99,2];[206,174,132]
[-12,98,-14];[49,77,33]
[-10,44,-1];[142,159,175]
[-3,49,-12];[51,91,35]
[-11,80,0];[82,50,27]
[-24,50,-10];[99,113,123]
[-4,32,-4];[178,196,203]
[-4,45,-31];[85,49,35]
[-27,105,-17];[49,81,41]
[-27,78,15];[132,101,66]
[-15,109,-12];[57,97,41]
[-33,74,0];[30,57,21]
[-36,98,-23];[49,89,41]
[-28,53,-11];[66,52,24]
[4,2,10];[66,40,24]
[-1,29,-4];[107,60,33]
[-13,54,-14];[74,85,93]
[-20,51,-11];[79,91,99]
[-21,96,-12];[24,44,16]
[-28,102,-15];[41,69,33]
[-5,84,-18];[66,113,49]
[-31,84,3];[49,81,33]
[-23,104,-4];[33,56,24]
[-22,39,-6];[142,159,173]
[-37,97,-22];[57,93,41]
[-6,57,-8];[82,93,99]
[-9,58,-14];[74,81,90]
[-4,18,-7];[99,56,33]
[-12,49,-13];[87,101,109]
[-8,50,-2];[123,139,148]
[-35,78,5];[82,94,104]
[4,0,7];[101,64,38]
[-8,78,-20];[35,63,27]
[-20,106,-1];[49,73,33]
[-19,72,-13];[49,83,35]
[-12,68,-20];[90,101,107]
[-24,96,-16];[41,69,33]
[-37,96,-23];[57,97,41]
[5,7,7];[96,58,35]
[-9,71,-18];[54,62,71]
[-26,97,-21];[33,48,24]
[-8,48,-12];[109,119,134]
[-33,39,-5];[156,174,186]
[-28,74,-8];[38,70,27]
[-12,89,-15];[90,56,33]
[-32,32,-2];[148,166,181]
[-4,77,-23];[54,90,38]
[-6,53,-4];[112,127,137]
[-31,78,12];[79,73,71]
[-18,98,-16];[41,60,33]
[-10,106,-10];[49,81,33]
[-13,73,-17];[49,81,33]
[-38,25,-6];[134,90,43]
[-21,89,-10];[41,77,33]
[2,26,-7];[76,42,16]
[-5,103,-2];[148,113,38]
[-21,106,-2];[49,89,41]
[-24,73,-2];[24,56,24]
[-18,89,-12];[33,65,24]
[26,36,0];[116,116,117]
[-33,70,14];[57,65,74]
[-24,42,1];[159,175,183]
[-10,107,-9];[49,89,41]
[-8,106,-8];[49,81,41]
[-8,107,-6];[57,93,41]
[-1,28,-2];[115,65,33]
[-12,63,-23];[115,125,132]
[-28,29,-10];[140,155,173]
[-7,48,-13];[107,121,132]
[-29,40,-9];[173,186,198]
[-26,80,4];[38,75,27]
[-15,62,22];[49,44,33]
[-10,105,-11];[41,69,33]
[-8,40,-7];[162,180,189]
[-36,93,-23];[49,81,41]
[-11,76,-18];[38,73,27]
[-34,31,-15];[148,105,57]
[-5,25,-7];[145,101,51]
[-24,51,1];[104,118,129]
[-19,96,-15];[33,52,24]
[-21,106,-19];[49,77,33]
[-6,50,-28];[49,34,21]
[-20,96,-10];[33,52,24]
[-21,96,-17];[33,52,24]
[-20,92,-8];[104,70,24]
[-37,29,-7];[153,170,181]
[-4,85,-7];[74,117,57]
[-26,78,6];[51,87,38]
[-12,97,-13];[41,60,33]
[-9,54,-22];[49,40,33]
[-17,106,1];[57,97,41]
[3,28,3];[41,36,33]
[-7,66,-9];[33,65,24]
[-28,26,-10];[132,89,49]
[-4,50,-2];[156,170,181]
[-25,57,-8];[74,87,96]
[-25,70,0];[65,34,18]
[-24,68,1];[71,40,21]
[-10,88,-9];[33,68,30]
[6,0,11];[107,69,41]
[-33,68,12];[74,85,90]
[-21,70,22];[204,204,204]
[32,32,4];[140,141,141]
[-46,5,-23];[123,73,49]
[-23,70,12];[71,33,21]
[-31,69,8];[90,97,107]
[-37,31,-8];[156,170,181]
[-27,72,-7];[51,29,24]
[-22,89,-11];[57,98,46]
[-29,32,-1];[165,182,189]
[-19,98,-18];[33,52,24]
[-35,76,0];[24,60,24]
[-16,106,-16];[49,73,33]
[-9,74,28];[82,77,74]
[-13,55,-1];[82,94,101]
[-21,96,-10];[33,60,33]
[-21,90,-3];[38,74,33]
[-6,49,-1];[148,166,173]
[-24,104,-21];[49,73,33]
[-8,44,0];[153,171,181]
[-20,64,27];[90,79,71]
[-27,69,9];[49,32,24]
[-9,108,-6];[66,105,49]
[-26,96,-21];[33,60,33]
[-14,87,-4];[104,115,123]
[-34,64,25];[41,52,90]
[-11,102,-1];[33,56,24]
[1,45,-24];[66,56,107]
[-18,99,-17];[33,48,24]
[-20,68,24];[57,40,33]
[-19,71,-13];[24,52,16]
[-11,81,-19];[24,16,8]
[-31,100,-24];[49,77,33]
[-23,100,-3];[24,36,16]
[-22,96,-17];[41,60,33]
[-38,20,-22];[90,52,33]
[-10,108,-2];[82,130,57]
[-36,93,-22];[49,81,41]
[-4,40,3];[165,178,189]
[-37,79,5];[24,56,16]
[-12,108,-3];[49,89,41]
[-20,105,-1];[41,65,33]
[-20,96,-16];[24,44,16]
[-30,86,0];[63,105,46]
[-10,60,-4];[74,87,96]
[-28,96,-20];[49,77,33]
[-6,37,-3];[156,171,183]
[-36,80,0];[46,78,33]
[-37,97,-20];[57,93,41]
[-24,101,-7];[33,52,24]
[-17,50,0];[84,99,109]
[2,8,-9];[82,52,33]
[-9,101,-11];[33,56,24]
[-37,72,6];[140,154,165]
[26,37,-1];[134,134,134]
[-9,87,-5];[41,73,33]
[-1,48,-27];[65,40,27]
[-25,34,-2];[165,178,189]
[-11,67,0];[76,120,57]
[-20,109,-13];[66,105,49]
[-24,68,17];[66,28,24]
[-23,98,-7];[24,44,16]
[-26,72,-10];[82,48,24]
[-23,46,-14];[43,83,35]
[-9,96,-3];[206,174,140]
[-26,34,-2];[162,179,189]
[-31,33,-12];[178,193,203]
[-13,67,-25];[107,113,123]
[-11,78,-19];[35,64,21]
[-25,48,-10];[123,138,148]
[-37,95,-19];[49,77,33]
[-12,87,-6];[145,158,167]
[-28,30,-4];[123,142,156]
[-12,75,1];[24,52,16]
[-5,15,-3];[71,42,30]
[-15,110,-9];[74,113,49]
[-29,29,-12];[99,56,24]
[-11,99,-13];[41,69,33]
[-37,27,-5];[156,107,60]
[3,2,2];[84,50,33]
[-23,106,-19];[49,77,33]
[-22,38,-4];[142,160,175]
[-31,96,-20];[49,77,33]
[-42,25,-16];[68,38,27]
[-26,85,-12];[57,93,41]
[-22,69,21];[49,22,16]
[-21,46,-15];[46,81,38]
[-5,22,2];[49,28,16]
[-26,61,-15];[107,89,41]
[-11,105,0];[109,77,21]
[-21,80,-15];[60,98,46]
[-7,57,-7];[82,93,99]
[-13,67,21];[156,121,74]
[-13,73,3];[96,57,30]
[-16,110,-10];[66,105,49]
[-13,110,-7];[74,117,49]
[-12,74,-24];[49,56,66]
[-17,47,-8];[87,101,107]
[-20,69,22];[74,52,33]
[-28,104,-17];[49,77,33]
[-26,47,1];[148,164,173]
[-38,94,-19];[49,85,41]
[-29,81,7];[57,93,41]
[-2,29,-7];[165,178,189]
[-27,104,-13];[41,69,33]
[-9,63,-28];[74,87,95]
[-32,62,21];[79,63,38]
[-13,89,-12];[35,43,49]
[-13,62,0];[27,51,19]
[-40,93,-19];[49,89,41]
[-14,60,1];[51,93,38]
[-11,69,-16];[33,65,24]
[0,40,1];[161,178,192]
[-12,100,-2];[49,77,33]
[-27,103,-23];[41,69,33]
[-14,110,-11];[57,97,49]
[-36,74,0];[49,89,41]
[-10,77,1];[41,26,13]
[-19,87,2];[74,125,57]
[-28,47,-9];[140,155,165]
[-39,10,-14];[82,48,33]
[-24,59,0];[54,90,38]
[-34,31,-4];[140,158,173]
[-24,88,-5];[54,90,38]
[-33,101,-21];[49,85,41]
[-3,44,-30];[60,37,29]
[0,3,-6];[90,52,33]
[-10,101,-7];[49,73,33]
[-35,23,-20];[90,52,33]
[-39,95,-22];[57,97,49]
[-7,68,-5];[57,93,41]
[-24,104,-22];[49,77,33]
[-10,69,-16];[33,65,24]
[-20,69,24];[66,60,57]
[-31,73,8];[120,133,142]
[-18,61,1];[41,77,29]
[-20,80,-16];[16,24,33]
[-35,71,12];[156,170,173]
[-24,79,-13];[60,99,43]
[-21,62,1];[8,28,8]
[-19,109,-13];[57,97,49]
[-26,96,-16];[41,60,33]
[-8,74,-19];[24,56,24]
[-23,108,-12];[57,93,41]
[-21,82,1];[68,109,51]
[-16,89,-4];[132,101,74]
[-23,107,-6];[49,77,33]
[-26,88,-8];[57,93,41]
[-35,97,-24];[49,85,41]
[-14,72,-22];[49,56,66]
[-30,45,-1];[142,160,175]
[-14,109,-4];[82,134,57]
[-30,102,-17];[41,69,33]
[-30,75,5];[66,77,82]
[-8,101,-9];[181,146,57]
[-35,33,-10];[159,175,189]
[-18,51,4];[41,77,33]
[-21,89,-2];[57,97,41]
[-31,95,-22];[49,77,33]
[-14,96,1];[206,170,132]
[-13,47,-11];[99,113,123]
[-8,106,-3];[126,91,30]
[-9,76,-1];[33,20,8]
[5,30,1];[140,97,49]
[-14,95,-13];[49,73,33]
[-32,31,-2];[150,168,186]
[-6,29,-1];[99,56,24]
[-7,68,-4];[57,93,49]
[-1,29,2];[107,65,33]
[-8,103,-9];[49,77,33]
[-16,106,-17];[41,69,33]
[-30,71,8];[73,81,90]
[-7,59,-12];[60,99,43]
[-25,56,0];[49,82,35]
[-10,64,-1];[46,30,18]
[-29,46,-9];[145,160,170]
[-20,52,-11];[74,87,96]
[0,29,-7];[82,81,82]
[-18,89,-14];[57,93,41]
[-11,74,-18];[49,85,41]
[-37,92,-20];[49,77,33]
[-29,104,-17];[49,73,33]
[-16,50,-1];[90,103,112]
[-8,104,-4];[24,44,24]
[-13,68,-15];[46,79,38]
[-24,49,-14];[49,89,41]
[-16,86,-17];[57,48,24]
[-20,50,-15];[49,85,41]
[-10,79,-25];[46,81,33]
[-16,105,-18];[41,60,33]
[-2,50,-5];[145,159,170]
[-10,61,-1];[33,65,24]
[-24,68,-9];[46,79,38]
[-17,60,1];[74,85,90]
[-26,106,-17];[49,77,33]
[-22,69,-11];[43,78,35]
[-9,75,1];[115,89,24]
[-22,57,-13];[66,106,49]
[-3,29,-4];[115,77,41]
[-22,99,-2];[198,166,140]
[-22,56,-13];[60,99,43]
[-18,80,1];[74,125,57]
[-19,57,3];[63,105,46]
[-20,69,-12];[57,89,41]
[-36,74,4];[76,89,96]
[-14,90,-12];[131,146,156]
[-38,21,-22];[93,57,35]
[-12,55,-16];[60,97,43]
[-15,54,0];[82,93,104]
[-32,74,9];[126,139,148]
[-9,59,-6];[74,85,96]
[-28,79,8];[46,82,35]
[-5,34,1];[82,85,82]
[-24,76,-1];[35,63,27]
